dataset_id,run_id,dunn
img_fashion_mnist_2k,76c89cda5ca5,0.12060965410045876
img_fashion_mnist_2k,23861655ac34,0.11539377994710519
img_fashion_mnist_2k,a042255d7a7d,0.0640318046942434
img_fashion_mnist_2k,47980bf71ea8,0.0675748586196142
img_fashion_mnist_2k,79d9b0fb5f02,0.12886120348566935
img_fashion_mnist_2k,e511e76239fe,0.0693289616275029
img_fashion_mnist_2k,7741c3e44852,0.0931112431303574
img_fashion_mnist_2k,b2d6bf5f391d,0.07908155240271628
img_fashion_mnist_2k,3964e1ccb548,0.16195042807640597
img_fashion_mnist_2k,4c077151b389,0.11687878503282091
img_fashion_mnist_2k,f292f2a1db5b,0.12696437963000468
img_fashion_mnist_2k,a4dbad06fd4e,0.11159766526743542
img_fashion_mnist_2k,8eecd2798818,0.11900479973149188
img_fashion_mnist_2k,4d9c9acccd21,0.11038334046315557
img_fashion_mnist_2k,9381fbddb6c5,0.08224901798272091
img_fashion_mnist_2k,8ec393598948,0.09027618194878646
img_fashion_mnist_2k,77e145ffcc55,0.09900354913601704
img_fashion_mnist_2k,632568e85407,0.12887956753945867
img_fashion_mnist_2k,fa9612cfa871,0.12157623624256746
img_fashion_mnist_2k,3d72e70b09e3,0.10027720046242207
img_fashion_mnist_2k,45c510f16843,0.08407094805170391
img_fashion_mnist_2k,27a2752a569f,0.08951905195177001
img_fashion_mnist_2k,4ec824c366d4,
img_fashion_mnist_2k,4555573328fc,
img_fashion_mnist_2k,0f46e0814abc,
img_fashion_mnist_2k,759f97a6695c,
img_fashion_mnist_2k,9cd81f07f9eb,
img_fashion_mnist_2k,bb5d6442dae0,
img_fashion_mnist_2k,c610648f3a0b,
img_fashion_mnist_2k,d9a6e957a479,
img_fashion_mnist_2k,e0981ae1c5a2,
img_fashion_mnist_2k,08e381bd46b1,
img_fashion_mnist_2k,f7183f4c1fed,
img_fashion_mnist_2k,7c2e8cd4a56d,
img_fashion_mnist_2k,07ebbef7de3c,
img_fashion_mnist_2k,db49059653de,
img_fashion_mnist_2k,19967cb83e78,
img_fashion_mnist_2k,158a0277ed3c,
img_fashion_mnist_2k,d0fba6f03c0f,3.2956631031780548
img_fashion_mnist_2k,f10f8ff36baa,
img_fashion_mnist_2k,672c637760be,
img_fashion_mnist_2k,0cd896f527d5,
img_fashion_mnist_2k,4887a0323e21,0.3178139773279677
img_fashion_mnist_2k,3d795ce47578,0.2891567478535301
img_fashion_mnist_2k,639f74dd0e43,0.22265563652896989
img_fashion_mnist_2k,9c3ccb4fd98f,
img_fashion_mnist_2k,5647bbf0428d,0.3788456149927592
img_fashion_mnist_2k,389d4ccb0588,0.34128827021801544
img_fashion_mnist_2k,e34ce5984b64,0.4418975325596211
img_fashion_mnist_2k,63470ebdd53e,0.36479973490082357
img_fashion_mnist_2k,46814f50e13d,0.3325376150357283
img_fashion_mnist_2k,e597041814f5,0.4418975325596211
img_fashion_mnist_2k,024a1a8c54d1,0.2869838966821908
img_fashion_mnist_2k,bdcde80d6dbb,0.28134881686130214
img_fashion_mnist_2k,95475ce56089,0.4418975325596211
img_fashion_mnist_2k,5009193136b4,0.26377625085639733
img_fashion_mnist_2k,955728329102,0.28134881686130214
img_fashion_mnist_2k,1f1b6dfa46dc,
img_fashion_mnist_2k,272f18e90bd4,0.18481018514385258
img_fashion_mnist_2k,0cc00684cc3f,0.19300745472374792
img_fashion_mnist_2k,7203310ff7ba,0.15889683436327567
img_fashion_mnist_2k,a399ab5a112a,0.1620080493207525
img_fashion_mnist_2k,4d00158c440c,0.1620080493207525
img_fashion_mnist_2k,f028e3896d9e,0.15091297493000758
img_fashion_mnist_2k,bc0e2be21bfb,0.15091297493000758
img_fashion_mnist_2k,ae16e9272ff8,0.19719614573568217
img_fashion_mnist_2k,803c0d3403ff,0.20231494819335566
img_fashion_mnist_2k,579a8bd776f9,0.21952754573809136
img_fashion_mnist_2k,ccd2d07c7a4a,0.12639105130572198
img_fashion_mnist_2k,92f60358ba37,0.1303874921843213
img_fashion_mnist_2k,646357d2ae16,0.13858733719143934
img_fashion_mnist_2k,5773d7049286,0.14283064296503234
img_fashion_mnist_2k,a81f368f51bb,0.5550485843410609
img_fashion_mnist_2k,70969dd2d720,0.5595632878480981
img_fashion_mnist_2k,34b50b92b183,0.532268582897354
img_fashion_mnist_2k,48d260f98b0d,0.4748666287823849
img_fashion_mnist_2k,1134a806601d,0.3685911874629041
img_fashion_mnist_2k,0069693e350e,0.3963615179867649
img_fashion_mnist_2k,2fa0af8799c8,0.3549409463209329
img_fashion_mnist_5k,76c89cda5ca5,0.1395884217983942
img_fashion_mnist_5k,23861655ac34,0.07949492207405795
img_fashion_mnist_5k,a042255d7a7d,0.09983069599204936
img_fashion_mnist_5k,47980bf71ea8,0.12487020941366453
img_fashion_mnist_5k,79d9b0fb5f02,0.06513682509940502
img_fashion_mnist_5k,e511e76239fe,0.06499016021211175
img_fashion_mnist_5k,7741c3e44852,0.07133229277951561
img_fashion_mnist_5k,b2d6bf5f391d,0.08622800275964693
img_fashion_mnist_5k,3964e1ccb548,0.09965793743416823
img_fashion_mnist_5k,4c077151b389,0.12070371669949968
img_fashion_mnist_5k,f292f2a1db5b,0.11723255420216515
img_fashion_mnist_5k,a4dbad06fd4e,0.11290328460008889
img_fashion_mnist_5k,8eecd2798818,0.09965793743416823
img_fashion_mnist_5k,4d9c9acccd21,0.09965793743416823
img_fashion_mnist_5k,9381fbddb6c5,0.10485595739432517
img_fashion_mnist_5k,8ec393598948,0.07949492207405795
img_fashion_mnist_5k,77e145ffcc55,0.08270764987034249
img_fashion_mnist_5k,632568e85407,0.12346636169565212
img_fashion_mnist_5k,fa9612cfa871,0.10326826662516084
img_fashion_mnist_5k,3d72e70b09e3,0.10911387914475916
img_fashion_mnist_5k,45c510f16843,0.07949492207405795
img_fashion_mnist_5k,27a2752a569f,0.07742802848782424
img_fashion_mnist_5k,4ec824c366d4,
img_fashion_mnist_5k,4555573328fc,
img_fashion_mnist_5k,0f46e0814abc,
img_fashion_mnist_5k,759f97a6695c,
img_fashion_mnist_5k,9cd81f07f9eb,
img_fashion_mnist_5k,bb5d6442dae0,
img_fashion_mnist_5k,c610648f3a0b,
img_fashion_mnist_5k,d9a6e957a479,
img_fashion_mnist_5k,e0981ae1c5a2,
img_fashion_mnist_5k,08e381bd46b1,
img_fashion_mnist_5k,f7183f4c1fed,
img_fashion_mnist_5k,7c2e8cd4a56d,
img_fashion_mnist_5k,07ebbef7de3c,
img_fashion_mnist_5k,db49059653de,
img_fashion_mnist_5k,19967cb83e78,
img_fashion_mnist_5k,158a0277ed3c,
img_fashion_mnist_5k,d0fba6f03c0f,0.6998725834352223
img_fashion_mnist_5k,f10f8ff36baa,
img_fashion_mnist_5k,672c637760be,
img_fashion_mnist_5k,0cd896f527d5,
img_fashion_mnist_5k,4887a0323e21,0.30900629086869824
img_fashion_mnist_5k,3d795ce47578,0.19851771002109703
img_fashion_mnist_5k,639f74dd0e43,0.2469113147335842
img_fashion_mnist_5k,9c3ccb4fd98f,0.24300712137808983
img_fashion_mnist_5k,5647bbf0428d,0.36381593320755856
img_fashion_mnist_5k,389d4ccb0588,0.2716769841775786
img_fashion_mnist_5k,e34ce5984b64,0.35736725238284656
img_fashion_mnist_5k,63470ebdd53e,0.336557187176952
img_fashion_mnist_5k,46814f50e13d,0.25637506113339187
img_fashion_mnist_5k,e597041814f5,0.35736725238284656
img_fashion_mnist_5k,024a1a8c54d1,0.34801194951720316
img_fashion_mnist_5k,bdcde80d6dbb,0.23565441714635635
img_fashion_mnist_5k,95475ce56089,0.29365830740907356
img_fashion_mnist_5k,5009193136b4,0.26269050648404746
img_fashion_mnist_5k,955728329102,0.23565441714635635
img_fashion_mnist_5k,1f1b6dfa46dc,0.29365830740907356
img_fashion_mnist_5k,272f18e90bd4,0.1311739581034271
img_fashion_mnist_5k,0cc00684cc3f,0.1311739581034271
img_fashion_mnist_5k,7203310ff7ba,0.1311739581034271
img_fashion_mnist_5k,a399ab5a112a,0.1311739581034271
img_fashion_mnist_5k,4d00158c440c,0.1311739581034271
img_fashion_mnist_5k,f028e3896d9e,0.13254205409230443
img_fashion_mnist_5k,bc0e2be21bfb,0.13254205409230443
img_fashion_mnist_5k,ae16e9272ff8,0.0847493921555041
img_fashion_mnist_5k,803c0d3403ff,0.09185932251938711
img_fashion_mnist_5k,579a8bd776f9,0.09617170144128379
img_fashion_mnist_5k,ccd2d07c7a4a,0.09876358898361218
img_fashion_mnist_5k,92f60358ba37,0.10266392418784256
img_fashion_mnist_5k,646357d2ae16,0.10591176323718994
img_fashion_mnist_5k,5773d7049286,0.10926697122009721
img_fashion_mnist_5k,a81f368f51bb,
img_fashion_mnist_5k,70969dd2d720,0.4534824624645996
img_fashion_mnist_5k,34b50b92b183,0.3825332912847054
img_fashion_mnist_5k,48d260f98b0d,0.3825332912847054
img_fashion_mnist_5k,1134a806601d,0.3825332912847054
img_fashion_mnist_5k,0069693e350e,0.3623232931607677
img_fashion_mnist_5k,2fa0af8799c8,0.3163352358952399
img_mnist_digits_2k,76c89cda5ca5,0.20580537000296034
img_mnist_digits_2k,23861655ac34,0.22869627096789588
img_mnist_digits_2k,a042255d7a7d,0.11365063789484704
img_mnist_digits_2k,47980bf71ea8,0.18501657039464564
img_mnist_digits_2k,79d9b0fb5f02,0.09841190035217758
img_mnist_digits_2k,e511e76239fe,0.10330472213929193
img_mnist_digits_2k,7741c3e44852,0.13908707689734903
img_mnist_digits_2k,b2d6bf5f391d,0.09339640435411993
img_mnist_digits_2k,3964e1ccb548,0.21249318851605714
img_mnist_digits_2k,4c077151b389,0.22375274810180593
img_mnist_digits_2k,f292f2a1db5b,0.212996642267298
img_mnist_digits_2k,a4dbad06fd4e,0.19159667799635022
img_mnist_digits_2k,8eecd2798818,0.09942317452550674
img_mnist_digits_2k,4d9c9acccd21,0.12946249664416737
img_mnist_digits_2k,9381fbddb6c5,0.12340839565554625
img_mnist_digits_2k,8ec393598948,0.1284141494776264
img_mnist_digits_2k,77e145ffcc55,0.11579261959212118
img_mnist_digits_2k,632568e85407,0.11579261959212118
img_mnist_digits_2k,fa9612cfa871,0.1043557221543586
img_mnist_digits_2k,3d72e70b09e3,0.1043557221543586
img_mnist_digits_2k,45c510f16843,0.1043557221543586
img_mnist_digits_2k,27a2752a569f,0.128698422002435
img_mnist_digits_2k,4ec824c366d4,
img_mnist_digits_2k,4555573328fc,
img_mnist_digits_2k,0f46e0814abc,
img_mnist_digits_2k,759f97a6695c,
img_mnist_digits_2k,9cd81f07f9eb,
img_mnist_digits_2k,bb5d6442dae0,
img_mnist_digits_2k,c610648f3a0b,
img_mnist_digits_2k,d9a6e957a479,
img_mnist_digits_2k,e0981ae1c5a2,
img_mnist_digits_2k,08e381bd46b1,
img_mnist_digits_2k,f7183f4c1fed,
img_mnist_digits_2k,7c2e8cd4a56d,
img_mnist_digits_2k,07ebbef7de3c,
img_mnist_digits_2k,db49059653de,
img_mnist_digits_2k,19967cb83e78,
img_mnist_digits_2k,158a0277ed3c,
img_mnist_digits_2k,d0fba6f03c0f,0.4854305187770999
img_mnist_digits_2k,f10f8ff36baa,0.5788592773105724
img_mnist_digits_2k,672c637760be,
img_mnist_digits_2k,0cd896f527d5,
img_mnist_digits_2k,4887a0323e21,0.40258449679995717
img_mnist_digits_2k,3d795ce47578,0.3761034382464674
img_mnist_digits_2k,639f74dd0e43,0.3067755353193431
img_mnist_digits_2k,9c3ccb4fd98f,
img_mnist_digits_2k,5647bbf0428d,0.26419638026573367
img_mnist_digits_2k,389d4ccb0588,0.3461328800391215
img_mnist_digits_2k,e34ce5984b64,0.4214580317213998
img_mnist_digits_2k,63470ebdd53e,0.3390836846150654
img_mnist_digits_2k,46814f50e13d,0.3461328800391215
img_mnist_digits_2k,e597041814f5,0.4214580317213998
img_mnist_digits_2k,024a1a8c54d1,0.40123895613909627
img_mnist_digits_2k,bdcde80d6dbb,0.5170731829038541
img_mnist_digits_2k,95475ce56089,
img_mnist_digits_2k,5009193136b4,0.43768690293450263
img_mnist_digits_2k,955728329102,0.5170731829038541
img_mnist_digits_2k,1f1b6dfa46dc,
img_mnist_digits_2k,272f18e90bd4,0.12024630461537018
img_mnist_digits_2k,0cc00684cc3f,0.12024630461537018
img_mnist_digits_2k,7203310ff7ba,0.12024630461537018
img_mnist_digits_2k,a399ab5a112a,0.12024630461537018
img_mnist_digits_2k,4d00158c440c,0.12520461454366433
img_mnist_digits_2k,f028e3896d9e,0.12520461454366433
img_mnist_digits_2k,bc0e2be21bfb,0.13004421315350567
img_mnist_digits_2k,ae16e9272ff8,0.11356849478255956
img_mnist_digits_2k,803c0d3403ff,0.11574010299793869
img_mnist_digits_2k,579a8bd776f9,0.12019097947877067
img_mnist_digits_2k,ccd2d07c7a4a,0.12051759669931865
img_mnist_digits_2k,92f60358ba37,0.12512939425395547
img_mnist_digits_2k,646357d2ae16,0.12760785738687652
img_mnist_digits_2k,5773d7049286,0.13173600664494087
img_mnist_digits_2k,a81f368f51bb,0.49992982390335766
img_mnist_digits_2k,70969dd2d720,0.49992982390335766
img_mnist_digits_2k,34b50b92b183,0.49992982390335766
img_mnist_digits_2k,48d260f98b0d,0.4750047425273978
img_mnist_digits_2k,1134a806601d,0.47623934912007543
img_mnist_digits_2k,0069693e350e,0.3939283017175156
img_mnist_digits_2k,2fa0af8799c8,0.3939283017175156
img_mnist_digits_5k,76c89cda5ca5,0.1697764302093458
img_mnist_digits_5k,23861655ac34,0.07915917928712475
img_mnist_digits_5k,a042255d7a7d,0.09567667828815563
img_mnist_digits_5k,47980bf71ea8,0.12390288292726298
img_mnist_digits_5k,79d9b0fb5f02,0.12017077975107464
img_mnist_digits_5k,e511e76239fe,0.08577893212115194
img_mnist_digits_5k,7741c3e44852,0.09572457680730742
img_mnist_digits_5k,b2d6bf5f391d,0.10114754910602707
img_mnist_digits_5k,3964e1ccb548,0.13380473710684737
img_mnist_digits_5k,4c077151b389,0.09611560788744798
img_mnist_digits_5k,f292f2a1db5b,0.15910805574784748
img_mnist_digits_5k,a4dbad06fd4e,0.15910805574784748
img_mnist_digits_5k,8eecd2798818,0.09800693962074447
img_mnist_digits_5k,4d9c9acccd21,0.08441588709766136
img_mnist_digits_5k,9381fbddb6c5,0.10491628935515988
img_mnist_digits_5k,8ec393598948,0.09882683150378377
img_mnist_digits_5k,77e145ffcc55,0.1100563731848798
img_mnist_digits_5k,632568e85407,0.09882683150378377
img_mnist_digits_5k,fa9612cfa871,0.09882683150378377
img_mnist_digits_5k,3d72e70b09e3,0.09800229834986388
img_mnist_digits_5k,45c510f16843,0.09800693962074447
img_mnist_digits_5k,27a2752a569f,0.09611560788744798
img_mnist_digits_5k,4ec824c366d4,
img_mnist_digits_5k,4555573328fc,
img_mnist_digits_5k,0f46e0814abc,
img_mnist_digits_5k,759f97a6695c,
img_mnist_digits_5k,9cd81f07f9eb,
img_mnist_digits_5k,bb5d6442dae0,
img_mnist_digits_5k,c610648f3a0b,
img_mnist_digits_5k,d9a6e957a479,
img_mnist_digits_5k,e0981ae1c5a2,
img_mnist_digits_5k,08e381bd46b1,
img_mnist_digits_5k,f7183f4c1fed,
img_mnist_digits_5k,7c2e8cd4a56d,
img_mnist_digits_5k,07ebbef7de3c,
img_mnist_digits_5k,db49059653de,
img_mnist_digits_5k,19967cb83e78,
img_mnist_digits_5k,158a0277ed3c,
img_mnist_digits_5k,d0fba6f03c0f,0.2403081674880808
img_mnist_digits_5k,f10f8ff36baa,0.21254511825769223
img_mnist_digits_5k,672c637760be,0.6641140022243335
img_mnist_digits_5k,0cd896f527d5,
img_mnist_digits_5k,4887a0323e21,0.3745702707632203
img_mnist_digits_5k,3d795ce47578,0.3699545249180478
img_mnist_digits_5k,639f74dd0e43,0.3486399852404117
img_mnist_digits_5k,9c3ccb4fd98f,
img_mnist_digits_5k,5647bbf0428d,0.3222938366451863
img_mnist_digits_5k,389d4ccb0588,0.35126586164971285
img_mnist_digits_5k,e34ce5984b64,0.38714638022620396
img_mnist_digits_5k,63470ebdd53e,0.31036830276747046
img_mnist_digits_5k,46814f50e13d,0.35126586164971285
img_mnist_digits_5k,e597041814f5,0.38714638022620396
img_mnist_digits_5k,024a1a8c54d1,0.33298411574631614
img_mnist_digits_5k,bdcde80d6dbb,0.4242068257398111
img_mnist_digits_5k,95475ce56089,0.38714638022620396
img_mnist_digits_5k,5009193136b4,0.3649077732398838
img_mnist_digits_5k,955728329102,0.4242068257398111
img_mnist_digits_5k,1f1b6dfa46dc,0.38714638022620396
img_mnist_digits_5k,272f18e90bd4,0.2228733758195134
img_mnist_digits_5k,0cc00684cc3f,0.2228733758195134
img_mnist_digits_5k,7203310ff7ba,0.0939910110604837
img_mnist_digits_5k,a399ab5a112a,0.09584053566705418
img_mnist_digits_5k,4d00158c440c,0.09584053566705418
img_mnist_digits_5k,f028e3896d9e,0.09584053566705418
img_mnist_digits_5k,bc0e2be21bfb,0.097059767665065
img_mnist_digits_5k,ae16e9272ff8,0.23663696514786825
img_mnist_digits_5k,803c0d3403ff,0.2412934305367074
img_mnist_digits_5k,579a8bd776f9,0.18885689875724385
img_mnist_digits_5k,ccd2d07c7a4a,0.11395145459114817
img_mnist_digits_5k,92f60358ba37,0.11545716205863264
img_mnist_digits_5k,646357d2ae16,0.11756869456266517
img_mnist_digits_5k,5773d7049286,0.11991234994560472
img_mnist_digits_5k,a81f368f51bb,0.4691561761374257
img_mnist_digits_5k,70969dd2d720,0.46655246090208374
img_mnist_digits_5k,34b50b92b183,0.46655246090208374
img_mnist_digits_5k,48d260f98b0d,0.43558717846483663
img_mnist_digits_5k,1134a806601d,0.3851463461240685
img_mnist_digits_5k,0069693e350e,0.39272513090625133
img_mnist_digits_5k,2fa0af8799c8,0.38869477324900725
openml_1038,76c89cda5ca5,0.2516427841487602
openml_1038,23861655ac34,0.19142562663615012
openml_1038,a042255d7a7d,0.1655593808927895
openml_1038,47980bf71ea8,0.2076512661561613
openml_1038,79d9b0fb5f02,0.2099236409375805
openml_1038,e511e76239fe,0.15750995726430267
openml_1038,7741c3e44852,0.1815597872290162
openml_1038,b2d6bf5f391d,0.20231314873695025
openml_1038,3964e1ccb548,0.20373655019618236
openml_1038,4c077151b389,0.22209639339162524
openml_1038,f292f2a1db5b,0.20517750801082194
openml_1038,a4dbad06fd4e,0.2043765823558898
openml_1038,8eecd2798818,0.24138327471249
openml_1038,4d9c9acccd21,0.15750995726430267
openml_1038,9381fbddb6c5,0.16433605251128042
openml_1038,8ec393598948,0.21204550530472166
openml_1038,77e145ffcc55,0.2018266439376133
openml_1038,632568e85407,0.1619254363373075
openml_1038,fa9612cfa871,0.18908799032294546
openml_1038,3d72e70b09e3,0.20577662748324524
openml_1038,45c510f16843,0.16757103800513204
openml_1038,27a2752a569f,0.1653508613861616
openml_1038,4ec824c366d4,
openml_1038,4555573328fc,
openml_1038,0f46e0814abc,
openml_1038,759f97a6695c,
openml_1038,9cd81f07f9eb,
openml_1038,bb5d6442dae0,
openml_1038,c610648f3a0b,
openml_1038,d9a6e957a479,
openml_1038,e0981ae1c5a2,
openml_1038,08e381bd46b1,
openml_1038,f7183f4c1fed,
openml_1038,7c2e8cd4a56d,
openml_1038,07ebbef7de3c,
openml_1038,db49059653de,
openml_1038,19967cb83e78,
openml_1038,158a0277ed3c,
openml_1038,d0fba6f03c0f,
openml_1038,f10f8ff36baa,
openml_1038,672c637760be,
openml_1038,0cd896f527d5,
openml_1038,4887a0323e21,0.46257088922504364
openml_1038,3d795ce47578,0.4337507467869799
openml_1038,639f74dd0e43,0.44042277091173226
openml_1038,9c3ccb4fd98f,
openml_1038,5647bbf0428d,0.482638340221238
openml_1038,389d4ccb0588,0.5406472801668271
openml_1038,e34ce5984b64,
openml_1038,63470ebdd53e,0.46922919432487514
openml_1038,46814f50e13d,0.5406472801668271
openml_1038,e597041814f5,
openml_1038,024a1a8c54d1,0.4635698111005533
openml_1038,bdcde80d6dbb,
openml_1038,95475ce56089,
openml_1038,5009193136b4,
openml_1038,955728329102,
openml_1038,1f1b6dfa46dc,
openml_1038,272f18e90bd4,0.3428959344167648
openml_1038,0cc00684cc3f,0.3428959344167648
openml_1038,7203310ff7ba,0.2533816808645664
openml_1038,a399ab5a112a,0.2533816808645664
openml_1038,4d00158c440c,0.2533816808645664
openml_1038,f028e3896d9e,0.2533816808645664
openml_1038,bc0e2be21bfb,0.2533816808645664
openml_1038,ae16e9272ff8,0.3153295057510059
openml_1038,803c0d3403ff,0.3213281195407672
openml_1038,579a8bd776f9,0.22289116487715704
openml_1038,ccd2d07c7a4a,0.2276376154330679
openml_1038,92f60358ba37,0.23273361869440193
openml_1038,646357d2ae16,0.23615912452184754
openml_1038,5773d7049286,0.24028002747759025
openml_1038,a81f368f51bb,0.5285179519832994
openml_1038,70969dd2d720,0.5285179519832994
openml_1038,34b50b92b183,0.4879524154409636
openml_1038,48d260f98b0d,0.46127851304587725
openml_1038,1134a806601d,0.4584366048210093
openml_1038,0069693e350e,0.3765679302199284
openml_1038,2fa0af8799c8,0.3765679302199284
openml_1040,76c89cda5ca5,0.04113721973665536
openml_1040,23861655ac34,0.031823541486622954
openml_1040,a042255d7a7d,0.019990631768790616
openml_1040,47980bf71ea8,0.03324152492522091
openml_1040,79d9b0fb5f02,0.03324152492522091
openml_1040,e511e76239fe,0.03324152492522091
openml_1040,7741c3e44852,0.036556456507340254
openml_1040,b2d6bf5f391d,0.04317634491970924
openml_1040,8ec393598948,0.05265478178510071
openml_1040,77e145ffcc55,0.03767694087767216
openml_1040,4ec824c366d4,
openml_1040,4555573328fc,
openml_1040,0f46e0814abc,
openml_1040,759f97a6695c,
openml_1040,9cd81f07f9eb,
openml_1040,bb5d6442dae0,
openml_1040,c610648f3a0b,
openml_1040,d9a6e957a479,
openml_1040,e0981ae1c5a2,
openml_1040,08e381bd46b1,
openml_1040,f7183f4c1fed,
openml_1040,7c2e8cd4a56d,
openml_1040,07ebbef7de3c,
openml_1040,db49059653de,
openml_1040,19967cb83e78,
openml_1040,158a0277ed3c,
openml_1040,d0fba6f03c0f,0.43833305326795086
openml_1040,f10f8ff36baa,0.6021082375339784
openml_1040,672c637760be,
openml_1040,0cd896f527d5,
openml_1040,4887a0323e21,0.38013920996153
openml_1040,3d795ce47578,0.3033818732700036
openml_1040,639f74dd0e43,0.4060289797367915
openml_1040,9c3ccb4fd98f,0.4060289797367915
openml_1040,5647bbf0428d,0.20499967708810285
openml_1040,389d4ccb0588,0.23514661162355496
openml_1040,e34ce5984b64,0.24516007085770103
openml_1040,63470ebdd53e,0.21306656039166386
openml_1040,46814f50e13d,0.24516007085770103
openml_1040,e597041814f5,0.24516007085770103
openml_1040,024a1a8c54d1,0.21306656039166386
openml_1040,bdcde80d6dbb,0.24516007085770103
openml_1040,95475ce56089,0.24516007085770103
openml_1040,5009193136b4,0.24516007085770103
openml_1040,955728329102,0.24516007085770103
openml_1040,1f1b6dfa46dc,0.24516007085770103
openml_1049,76c89cda5ca5,0.017895525781927133
openml_1049,23861655ac34,0.007659743915079804
openml_1049,a042255d7a7d,0.009946410976894759
openml_1049,47980bf71ea8,0.0179263860900776
openml_1049,79d9b0fb5f02,0.006992135600561106
openml_1049,e511e76239fe,0.009195736304922559
openml_1049,7741c3e44852,0.010167102642208273
openml_1049,b2d6bf5f391d,0.01693126134857236
openml_1049,8eecd2798818,0.02493027046618292
openml_1049,4d9c9acccd21,0.020679804798363333
openml_1049,8ec393598948,0.0023875182142287007
openml_1049,77e145ffcc55,0.003608039776977743
openml_1049,632568e85407,0.006219852067258572
openml_1049,fa9612cfa871,0.005485874555042032
openml_1049,4ec824c366d4,1.055173126568544
openml_1049,4555573328fc,2.3081475348263467
openml_1049,0f46e0814abc,
openml_1049,759f97a6695c,
openml_1049,9cd81f07f9eb,0.5832579482179469
openml_1049,bb5d6442dae0,1.6578309391066364
openml_1049,c610648f3a0b,11.965466747130353
openml_1049,d9a6e957a479,
openml_1049,e0981ae1c5a2,0.33577216489105655
openml_1049,08e381bd46b1,0.34575402874533345
openml_1049,f7183f4c1fed,0.4803586412560324
openml_1049,7c2e8cd4a56d,7.685758829027029
openml_1049,07ebbef7de3c,0.17067044426934583
openml_1049,db49059653de,0.17712842508918616
openml_1049,19967cb83e78,0.1621047212160203
openml_1049,158a0277ed3c,0.7621987393478726
openml_1049,d0fba6f03c0f,0.18001823135926676
openml_1049,f10f8ff36baa,0.2067051934449245
openml_1049,672c637760be,0.24521857575818984
openml_1049,0cd896f527d5,0.32469794460092655
openml_1049,4887a0323e21,0.2723052359252299
openml_1049,3d795ce47578,0.2723052359252299
openml_1049,639f74dd0e43,
openml_1049,9c3ccb4fd98f,
openml_1049,5647bbf0428d,0.014305524252990752
openml_1049,389d4ccb0588,0.019896488878955662
openml_1049,e34ce5984b64,0.0
openml_1049,63470ebdd53e,0.05294356137475413
openml_1049,46814f50e13d,0.07363525876270331
openml_1049,e597041814f5,0.09614696244604946
openml_1049,024a1a8c54d1,0.15441054196783585
openml_1049,bdcde80d6dbb,0.21769962700026557
openml_1049,95475ce56089,0.21769962700026557
openml_1049,5009193136b4,0.1565254710449598
openml_1049,955728329102,0.260880671838478
openml_1049,1f1b6dfa46dc,0.31351987004861964
openml_1049,272f18e90bd4,0.022413657180348167
openml_1049,0cc00684cc3f,0.029461882198489112
openml_1049,7203310ff7ba,0.019937249915184065
openml_1049,a399ab5a112a,0.025440439027057064
openml_1049,4d00158c440c,0.023628859979161348
openml_1049,f028e3896d9e,0.037264957263156255
openml_1049,bc0e2be21bfb,0.026002160566887714
openml_1049,ae16e9272ff8,0.46534350969663285
openml_1049,803c0d3403ff,0.6075505753464959
openml_1049,579a8bd776f9,0.2313757597131724
openml_1049,ccd2d07c7a4a,0.1800699573660758
openml_1049,92f60358ba37,0.20770526217188268
openml_1049,646357d2ae16,0.10333271623046325
openml_1049,5773d7049286,0.12075314484773672
openml_1049,a81f368f51bb,0.7156397859713662
openml_1049,70969dd2d720,0.6075505753464959
openml_1049,34b50b92b183,0.2313757597131724
openml_1049,48d260f98b0d,0.2785970775069666
openml_1049,1134a806601d,0.3268180574425983
openml_1049,0069693e350e,0.3538410731089491
openml_1049,2fa0af8799c8,0.1541815828634602
openml_1050,76c89cda5ca5,1.2900200885337842
openml_1050,23861655ac34,0.01747402187058349
openml_1050,a042255d7a7d,0.01995239743059361
openml_1050,47980bf71ea8,0.01929754261520159
openml_1050,79d9b0fb5f02,0.018842082738590386
openml_1050,e511e76239fe,0.0032174844586451566
openml_1050,7741c3e44852,0.018943441849822076
openml_1050,b2d6bf5f391d,0.019041385124796518
openml_1050,8ec393598948,0.006292640609362505
openml_1050,77e145ffcc55,0.006384234426379176
openml_1050,4ec824c366d4,2.24452937146091
openml_1050,4555573328fc,3.0786256083635024
openml_1050,0f46e0814abc,
openml_1050,759f97a6695c,
openml_1050,9cd81f07f9eb,1.28110137645392
openml_1050,bb5d6442dae0,3.8112947320264787
openml_1050,c610648f3a0b,
openml_1050,d9a6e957a479,
openml_1050,e0981ae1c5a2,0.24608720673733797
openml_1050,08e381bd46b1,0.2982226801192637
openml_1050,f7183f4c1fed,6.519920314372024
openml_1050,7c2e8cd4a56d,
openml_1050,07ebbef7de3c,0.19742792656034633
openml_1050,db49059653de,0.20100913730973125
openml_1050,19967cb83e78,0.24615054323905017
openml_1050,158a0277ed3c,0.38034503603900416
openml_1050,d0fba6f03c0f,0.20662146599663586
openml_1050,f10f8ff36baa,0.20944152764843033
openml_1050,672c637760be,0.22989204284654274
openml_1050,0cd896f527d5,0.15116000951468755
openml_1050,4887a0323e21,0.26142914145460017
openml_1050,3d795ce47578,0.2898841850375656
openml_1050,639f74dd0e43,
openml_1050,9c3ccb4fd98f,
openml_1050,5647bbf0428d,0.01670540167702043
openml_1050,389d4ccb0588,0.02147997508849514
openml_1050,e34ce5984b64,0.02153468231299051
openml_1050,63470ebdd53e,0.19089471309927378
openml_1050,46814f50e13d,0.2608254344477761
openml_1050,e597041814f5,0.15119484536477817
openml_1050,024a1a8c54d1,0.22802583264040988
openml_1050,bdcde80d6dbb,0.2635272990108835
openml_1050,95475ce56089,0.15119484536477817
openml_1050,5009193136b4,0.22802583264040988
openml_1050,955728329102,0.2635272990108835
openml_1050,1f1b6dfa46dc,0.2734778480717464
openml_1050,272f18e90bd4,1.2900200885337842
openml_1050,0cc00684cc3f,0.04437833640111739
openml_1050,7203310ff7ba,0.03836742122045881
openml_1050,a399ab5a112a,0.023148271047388466
openml_1050,4d00158c440c,0.024087178748034357
openml_1050,f028e3896d9e,0.043457050254491765
openml_1050,bc0e2be21bfb,0.016935093312426777
openml_1050,ae16e9272ff8,1.2900200885337842
openml_1050,803c0d3403ff,0.6829216979809971
openml_1050,579a8bd776f9,0.4758838035500204
openml_1050,ccd2d07c7a4a,0.2625519670732153
openml_1050,92f60358ba37,0.09671807446157284
openml_1050,646357d2ae16,0.11728063907499847
openml_1050,5773d7049286,0.13251868562794603
openml_1050,a81f368f51bb,1.2900200885337842
openml_1050,70969dd2d720,0.6829216979809971
openml_1050,34b50b92b183,0.6016177616934193
openml_1050,48d260f98b0d,0.2625519670732153
openml_1050,1134a806601d,0.29080840785434625
openml_1050,0069693e350e,0.19595418799635259
openml_1050,2fa0af8799c8,0.22137262851176293
openml_1053,76c89cda5ca5,0.024287516490316696
openml_1053,23861655ac34,0.023039091082778084
openml_1053,a042255d7a7d,0.0033744484394189304
openml_1053,47980bf71ea8,0.003545904707635998
openml_1053,79d9b0fb5f02,0.0025410053109202134
openml_1053,e511e76239fe,0.0043400476417729
openml_1053,7741c3e44852,0.003448085807662398
openml_1053,b2d6bf5f391d,0.0017148937157227943
openml_1053,3964e1ccb548,0.0008006223246189017
openml_1053,8ec393598948,0.0030189406969622994
openml_1053,77e145ffcc55,0.0008288350015830703
openml_1053,632568e85407,0.001497056638823782
openml_1053,fa9612cfa871,0.0011094381198569864
openml_1053,3d72e70b09e3,0.0011972072375497685
openml_1053,45c510f16843,0.000547137395934434
openml_1053,27a2752a569f,0.0011890941431238098
openml_1053,4ec824c366d4,0.1366526261210939
openml_1053,4555573328fc,0.2182937023222898
openml_1053,0f46e0814abc,0.2182937023222898
openml_1053,759f97a6695c,0.2182937023222898
openml_1053,9cd81f07f9eb,0.0820300024629788
openml_1053,bb5d6442dae0,0.05212898429041554
openml_1053,c610648f3a0b,0.04220475914710401
openml_1053,d9a6e957a479,0.12719530185676625
openml_1053,e0981ae1c5a2,0.11269911541626017
openml_1053,08e381bd46b1,0.1008358162020958
openml_1053,f7183f4c1fed,0.11588566876343755
openml_1053,7c2e8cd4a56d,0.12218223224686826
openml_1053,07ebbef7de3c,0.11508223101350477
openml_1053,db49059653de,0.13210351273266754
openml_1053,19967cb83e78,0.1393523616378637
openml_1053,158a0277ed3c,
openml_1053,d0fba6f03c0f,0.17463686287158547
openml_1053,f10f8ff36baa,0.20132787355387283
openml_1053,672c637760be,
openml_1053,0cd896f527d5,
openml_1053,4887a0323e21,
openml_1053,3d795ce47578,
openml_1053,639f74dd0e43,
openml_1053,9c3ccb4fd98f,
openml_1053,5647bbf0428d,0.0021492818099259144
openml_1053,389d4ccb0588,0.005329474068875336
openml_1053,e34ce5984b64,0.0
openml_1053,63470ebdd53e,0.004914273675507562
openml_1053,46814f50e13d,0.005329474068889219
openml_1053,e597041814f5,0.007608196129961227
openml_1053,024a1a8c54d1,0.00492483674209601
openml_1053,bdcde80d6dbb,0.0053294862337220075
openml_1053,95475ce56089,0.00722619173165473
openml_1053,5009193136b4,0.023718191419182955
openml_1053,955728329102,0.023109955796665294
openml_1053,1f1b6dfa46dc,0.042432153100235806
openml_1053,272f18e90bd4,0.6180050071954755
openml_1053,0cc00684cc3f,0.033739296901481135
openml_1053,7203310ff7ba,0.005273922498918619
openml_1053,a399ab5a112a,0.003417624733298817
openml_1053,4d00158c440c,0.003417624733298817
openml_1053,f028e3896d9e,0.003933923779879708
openml_1053,bc0e2be21bfb,0.004311923011055389
openml_1053,ae16e9272ff8,0.6180050071954755
openml_1053,803c0d3403ff,0.6180050071954755
openml_1053,579a8bd776f9,0.6180050071954755
openml_1053,ccd2d07c7a4a,0.7762606691004074
openml_1053,92f60358ba37,0.902729175493947
openml_1053,646357d2ae16,0.11086546756865027
openml_1053,5773d7049286,0.10239507661887241
openml_1053,a81f368f51bb,
openml_1053,70969dd2d720,0.6180050071954755
openml_1053,34b50b92b183,0.586697200625896
openml_1053,48d260f98b0d,0.586697200625896
openml_1053,1134a806601d,0.27661970884611925
openml_1053,0069693e350e,0.3787049705839541
openml_1053,2fa0af8799c8,0.21882968740723027
openml_1063,76c89cda5ca5,0.2529385423533402
openml_1063,23861655ac34,0.011116638706178149
openml_1063,a042255d7a7d,0.010774548704562636
openml_1063,47980bf71ea8,0.01312034056627457
openml_1063,79d9b0fb5f02,0.014844673487472341
openml_1063,e511e76239fe,0.012971093961180463
openml_1063,7741c3e44852,0.038527958500657024
openml_1063,b2d6bf5f391d,0.019963502969885468
openml_1063,3964e1ccb548,1.1711580136661472
openml_1063,4c077151b389,0.008999416958659117
openml_1063,8eecd2798818,0.012425665721006805
openml_1063,4d9c9acccd21,0.025097322856939816
openml_1063,9381fbddb6c5,0.04812321726496553
openml_1063,8ec393598948,1.1711580136661472
openml_1063,77e145ffcc55,0.00863390652157633
openml_1063,632568e85407,0.004933769395397338
openml_1063,fa9612cfa871,0.0075769667068294
openml_1063,3d72e70b09e3,0.010075825681373482
openml_1063,45c510f16843,0.014427354048365294
openml_1063,27a2752a569f,0.01168478612647854
openml_1063,4ec824c366d4,0.6906306013304804
openml_1063,4555573328fc,0.6906306013304804
openml_1063,0f46e0814abc,13.221777359387284
openml_1063,759f97a6695c,
openml_1063,9cd81f07f9eb,0.2033902656121128
openml_1063,bb5d6442dae0,0.08886748767814354
openml_1063,c610648f3a0b,0.31617939736084616
openml_1063,d9a6e957a479,0.6541201604521437
openml_1063,e0981ae1c5a2,0.1689105030729808
openml_1063,08e381bd46b1,0.1762010608559239
openml_1063,f7183f4c1fed,0.14025953816069409
openml_1063,7c2e8cd4a56d,0.10478152404865915
openml_1063,07ebbef7de3c,0.17993465778176426
openml_1063,db49059653de,
openml_1063,19967cb83e78,0.11632849834850001
openml_1063,158a0277ed3c,
openml_1063,d0fba6f03c0f,
openml_1063,f10f8ff36baa,
openml_1063,672c637760be,
openml_1063,0cd896f527d5,
openml_1063,4887a0323e21,
openml_1063,3d795ce47578,
openml_1063,639f74dd0e43,
openml_1063,9c3ccb4fd98f,
openml_1063,5647bbf0428d,0.007409799940303048
openml_1063,389d4ccb0588,0.0441978977663549
openml_1063,e34ce5984b64,0.10090850723697195
openml_1063,63470ebdd53e,0.019612840220314055
openml_1063,46814f50e13d,0.0823265461042428
openml_1063,e597041814f5,0.10090850723697195
openml_1063,024a1a8c54d1,0.019612840220314055
openml_1063,bdcde80d6dbb,0.03203029397721533
openml_1063,95475ce56089,0.033172914621212524
openml_1063,5009193136b4,0.1541958397435861
openml_1063,955728329102,0.16780719960181606
openml_1063,1f1b6dfa46dc,0.17379340661611278
openml_1063,272f18e90bd4,0.2529385423533402
openml_1063,0cc00684cc3f,0.008279719287037338
openml_1063,7203310ff7ba,0.024961026646817968
openml_1063,a399ab5a112a,0.024382946148214873
openml_1063,4d00158c440c,0.029204185887775177
openml_1063,f028e3896d9e,0.0360170310329754
openml_1063,bc0e2be21bfb,0.04747269354541833
openml_1063,ae16e9272ff8,1.1711580136661472
openml_1063,803c0d3403ff,0.4109225819397448
openml_1063,579a8bd776f9,0.11717723627913873
openml_1063,ccd2d07c7a4a,0.025844052404366467
openml_1063,92f60358ba37,0.03577638047475655
openml_1063,646357d2ae16,0.04885689492581425
openml_1063,5773d7049286,0.05841945986737061
openml_1063,a81f368f51bb,1.1711580136661472
openml_1063,70969dd2d720,0.4109225819397448
openml_1063,34b50b92b183,0.4885894783206192
openml_1063,48d260f98b0d,0.151393857190522
openml_1063,1134a806601d,0.15539617503768718
openml_1063,0069693e350e,0.20564926160061647
openml_1063,2fa0af8799c8,0.0916059163749466
openml_1067,76c89cda5ca5,0.01564213470505712
openml_1067,23861655ac34,0.011879943659364007
openml_1067,a042255d7a7d,0.005055298161556564
openml_1067,47980bf71ea8,0.004028690523776947
openml_1067,79d9b0fb5f02,0.0024110620296331564
openml_1067,e511e76239fe,0.009105313879271134
openml_1067,7741c3e44852,0.00999485144187754
openml_1067,b2d6bf5f391d,0.013968964508143795
openml_1067,8eecd2798818,0.005333524238416112
openml_1067,4d9c9acccd21,0.00665353139913527
openml_1067,9381fbddb6c5,0.002275038975893714
openml_1067,8ec393598948,0.003948373295378478
openml_1067,632568e85407,0.002133692764179894
openml_1067,fa9612cfa871,0.00334064106336937
openml_1067,3d72e70b09e3,0.003902315631373427
openml_1067,4ec824c366d4,0.48275008879726444
openml_1067,4555573328fc,0.48275008879726444
openml_1067,0f46e0814abc,0.5102036374485863
openml_1067,759f97a6695c,0.6847315985575035
openml_1067,9cd81f07f9eb,0.15214997247025072
openml_1067,bb5d6442dae0,0.14863656444558807
openml_1067,c610648f3a0b,0.12873790239878422
openml_1067,d9a6e957a479,0.09427106722329107
openml_1067,e0981ae1c5a2,0.11612088714927082
openml_1067,08e381bd46b1,0.14180137456862435
openml_1067,f7183f4c1fed,0.060928504104847174
openml_1067,7c2e8cd4a56d,0.17325727434331897
openml_1067,07ebbef7de3c,0.1627861148333865
openml_1067,db49059653de,0.12609057450353267
openml_1067,19967cb83e78,0.1705796796621506
openml_1067,158a0277ed3c,0.18281013030661708
openml_1067,d0fba6f03c0f,0.16737225104567022
openml_1067,f10f8ff36baa,
openml_1067,672c637760be,
openml_1067,0cd896f527d5,
openml_1067,4887a0323e21,0.22565946688301758
openml_1067,3d795ce47578,0.18487327802450662
openml_1067,639f74dd0e43,
openml_1067,9c3ccb4fd98f,
openml_1067,5647bbf0428d,0.006650504603507293
openml_1067,389d4ccb0588,0.011578488277857698
openml_1067,e34ce5984b64,0.0
openml_1067,63470ebdd53e,0.011366061655008072
openml_1067,46814f50e13d,0.011578488277857698
openml_1067,e597041814f5,0.017525328215603826
openml_1067,024a1a8c54d1,0.011501201983077308
openml_1067,bdcde80d6dbb,0.011578488277857698
openml_1067,95475ce56089,0.01892845024846297
openml_1067,5009193136b4,0.01389045694861657
openml_1067,955728329102,0.015780613143110193
openml_1067,1f1b6dfa46dc,0.016432141262410934
openml_1067,272f18e90bd4,0.027302963233813305
openml_1067,0cc00684cc3f,0.0051454618399107985
openml_1067,7203310ff7ba,0.006228015355894418
openml_1067,a399ab5a112a,0.01047569900942807
openml_1067,4d00158c440c,0.01047569900942807
openml_1067,f028e3896d9e,0.01047569900942807
openml_1067,bc0e2be21bfb,0.015547308342347379
openml_1067,ae16e9272ff8,0.4956143090860095
openml_1067,803c0d3403ff,0.08632145405053289
openml_1067,579a8bd776f9,0.09582579318061725
openml_1067,ccd2d07c7a4a,0.11116040245163773
openml_1067,92f60358ba37,0.12786133314939815
openml_1067,646357d2ae16,0.050128045078576836
openml_1067,5773d7049286,0.05791447384637184
openml_1067,a81f368f51bb,0.4956143090860095
openml_1067,70969dd2d720,0.4956143090860095
openml_1067,34b50b92b183,0.1633649288059288
openml_1067,48d260f98b0d,0.1633649288059288
openml_1067,1134a806601d,0.1681671555562309
openml_1067,0069693e350e,0.09170886275897797
openml_1067,2fa0af8799c8,0.11941440171786773
openml_1068,76c89cda5ca5,0.023042954212161786
openml_1068,23861655ac34,0.010645160183514767
openml_1068,a042255d7a7d,0.011499984057682502
openml_1068,47980bf71ea8,0.004498459613431659
openml_1068,79d9b0fb5f02,0.009214482243664996
openml_1068,e511e76239fe,0.0163010817385862
openml_1068,7741c3e44852,0.011843025007160536
openml_1068,b2d6bf5f391d,0.013838367298781998
openml_1068,8eecd2798818,0.006244990091134444
openml_1068,4d9c9acccd21,0.004836011395389869
openml_1068,9381fbddb6c5,0.012547391881575424
openml_1068,8ec393598948,0.003117704671510797
openml_1068,77e145ffcc55,0.002294302766365537
openml_1068,632568e85407,0.002343105439584002
openml_1068,fa9612cfa871,0.004758267081102921
openml_1068,3d72e70b09e3,0.005343682708917921
openml_1068,45c510f16843,0.002338165877099292
openml_1068,27a2752a569f,0.0027426726827704494
openml_1068,4ec824c366d4,0.4919361766639611
openml_1068,4555573328fc,0.5940310311053218
openml_1068,0f46e0814abc,8.770811103610173
openml_1068,759f97a6695c,
openml_1068,9cd81f07f9eb,0.1526816429848447
openml_1068,bb5d6442dae0,0.11845733850978139
openml_1068,c610648f3a0b,0.19543220966079752
openml_1068,d9a6e957a479,0.26732201170207426
openml_1068,e0981ae1c5a2,0.13791961025259525
openml_1068,08e381bd46b1,0.13791961025259525
openml_1068,f7183f4c1fed,0.10253203275620036
openml_1068,7c2e8cd4a56d,0.23240879288507688
openml_1068,07ebbef7de3c,0.15771064676980243
openml_1068,db49059653de,0.09577079947638836
openml_1068,19967cb83e78,0.20255519387071882
openml_1068,158a0277ed3c,0.211522784017263
openml_1068,d0fba6f03c0f,0.2216303337045808
openml_1068,f10f8ff36baa,0.32728636151355944
openml_1068,672c637760be,
openml_1068,0cd896f527d5,
openml_1068,4887a0323e21,
openml_1068,3d795ce47578,
openml_1068,639f74dd0e43,
openml_1068,9c3ccb4fd98f,
openml_1068,5647bbf0428d,0.029760616182768627
openml_1068,389d4ccb0588,0.07843271695068536
openml_1068,e34ce5984b64,0.16042932515831673
openml_1068,63470ebdd53e,0.09795006440609051
openml_1068,46814f50e13d,0.15334657846471816
openml_1068,e597041814f5,0.16042932515831673
openml_1068,024a1a8c54d1,0.15582852841802147
openml_1068,bdcde80d6dbb,0.16819099679232224
openml_1068,95475ce56089,0.20398903869666976
openml_1068,5009193136b4,
openml_1068,955728329102,
openml_1068,1f1b6dfa46dc,
openml_1068,272f18e90bd4,0.03507282823700261
openml_1068,0cc00684cc3f,0.04781932044185502
openml_1068,7203310ff7ba,0.012840658338210537
openml_1068,a399ab5a112a,0.012840658338210537
openml_1068,4d00158c440c,0.017652090219693727
openml_1068,f028e3896d9e,0.015535278042827373
openml_1068,bc0e2be21bfb,0.016777581557541592
openml_1068,ae16e9272ff8,0.6326364940554224
openml_1068,803c0d3403ff,0.9701334606512774
openml_1068,579a8bd776f9,0.435410410978633
openml_1068,ccd2d07c7a4a,0.13184412916687005
openml_1068,92f60358ba37,0.06710142333516414
openml_1068,646357d2ae16,0.08743488341226148
openml_1068,5773d7049286,0.11501192451638463
openml_1068,a81f368f51bb,0.6326364940554224
openml_1068,70969dd2d720,0.9701334606512774
openml_1068,34b50b92b183,0.5564358158073943
openml_1068,48d260f98b0d,0.41597300630666034
openml_1068,1134a806601d,0.284683168872558
openml_1068,0069693e350e,0.18350150484709132
openml_1068,2fa0af8799c8,0.20876241145269356
openml_11,76c89cda5ca5,0.1386750490563073
openml_11,23861655ac34,0.14285714285714285
openml_11,a042255d7a7d,0.1643989873053573
openml_11,47980bf71ea8,0.1643989873053573
openml_11,79d9b0fb5f02,0.2
openml_11,e511e76239fe,0.22941573387056177
openml_11,7741c3e44852,0.26726124191242434
openml_11,b2d6bf5f391d,0.31622776601683794
openml_11,3964e1ccb548,0.1386750490563073
openml_11,4c077151b389,0.14285714285714285
openml_11,f292f2a1db5b,0.1543033499620919
openml_11,a4dbad06fd4e,0.1543033499620919
openml_11,8eecd2798818,0.19245008972987526
openml_11,4d9c9acccd21,0.21320071635561041
openml_11,9381fbddb6c5,0.14433756729740643
openml_11,8ec393598948,0.1386750490563073
openml_11,77e145ffcc55,0.14285714285714285
openml_11,632568e85407,0.1643989873053573
openml_11,3d72e70b09e3,0.2
openml_11,45c510f16843,0.22941573387056177
openml_11,4ec824c366d4,
openml_11,4555573328fc,
openml_11,0f46e0814abc,
openml_11,759f97a6695c,
openml_11,9cd81f07f9eb,
openml_11,bb5d6442dae0,
openml_11,c610648f3a0b,
openml_11,d9a6e957a479,
openml_11,e0981ae1c5a2,
openml_11,08e381bd46b1,
openml_11,f7183f4c1fed,
openml_11,7c2e8cd4a56d,
openml_11,07ebbef7de3c,
openml_11,db49059653de,
openml_11,19967cb83e78,
openml_11,158a0277ed3c,
openml_11,d0fba6f03c0f,
openml_11,f10f8ff36baa,
openml_11,672c637760be,
openml_11,0cd896f527d5,
openml_11,4887a0323e21,
openml_11,3d795ce47578,
openml_11,639f74dd0e43,
openml_11,9c3ccb4fd98f,
openml_11,5647bbf0428d,0.125
openml_11,389d4ccb0588,0.1386750490563073
openml_11,e34ce5984b64,0.125
openml_11,63470ebdd53e,0.125
openml_11,46814f50e13d,0.1386750490563073
openml_11,e597041814f5,0.125
openml_11,024a1a8c54d1,0.125
openml_11,bdcde80d6dbb,0.1386750490563073
openml_11,95475ce56089,0.125
openml_11,5009193136b4,0.125
openml_11,955728329102,0.1386750490563073
openml_11,1f1b6dfa46dc,0.125
openml_11,272f18e90bd4,0.1386750490563073
openml_11,0cc00684cc3f,0.14285714285714285
openml_11,7203310ff7ba,0.1643989873053573
openml_11,a399ab5a112a,0.17149858514250885
openml_11,4d00158c440c,0.2
openml_11,f028e3896d9e,0.22941573387056177
openml_11,bc0e2be21bfb,0.2773500981126146
openml_11,ae16e9272ff8,0.1386750490563073
openml_11,803c0d3403ff,0.14285714285714285
openml_11,579a8bd776f9,0.15811388300841897
openml_11,ccd2d07c7a4a,0.17149858514250885
openml_11,92f60358ba37,0.2
openml_11,646357d2ae16,0.22941573387056177
openml_11,5773d7049286,0.25
openml_11,a81f368f51bb,0.13245323570650439
openml_11,70969dd2d720,0.13245323570650439
openml_11,34b50b92b183,0.14907119849998596
openml_11,48d260f98b0d,0.15811388300841897
openml_11,1134a806601d,0.18257418583505539
openml_11,0069693e350e,0.2182178902359924
openml_11,2fa0af8799c8,0.23570226039551584
openml_1120,76c89cda5ca5,0.01873500768023309
openml_1120,23861655ac34,0.01920917430138717
openml_1120,a042255d7a7d,0.019991981603164188
openml_1120,47980bf71ea8,0.02022752103864644
openml_1120,79d9b0fb5f02,0.018007848491729626
openml_1120,e511e76239fe,0.014527225514369566
openml_1120,7741c3e44852,0.0198040467885595
openml_1120,8ec393598948,0.021422577160284825
openml_1120,77e145ffcc55,0.011805853875586136
openml_1120,632568e85407,0.015016073086580877
openml_1120,fa9612cfa871,0.017202566499915497
openml_1120,3d72e70b09e3,0.012582453155261613
openml_1120,45c510f16843,0.012582453155261613
openml_1120,27a2752a569f,0.010626004516776949
openml_1120,9cd81f07f9eb,1.0969718621105462
openml_1120,bb5d6442dae0,
openml_1120,c610648f3a0b,
openml_1120,e0981ae1c5a2,0.06407739951054446
openml_1120,08e381bd46b1,0.051587258560228236
openml_1120,f7183f4c1fed,0.07830935070156349
openml_1120,07ebbef7de3c,0.10670747683375871
openml_1120,db49059653de,0.10469785101507394
openml_1120,19967cb83e78,
openml_1120,d0fba6f03c0f,0.13995559501725652
openml_1120,f10f8ff36baa,0.15271894659747173
openml_1120,672c637760be,
openml_1169,76c89cda5ca5,0.013756432302415892
openml_1169,23861655ac34,0.011782432349134684
openml_1169,a042255d7a7d,0.013493682638083386
openml_1169,47980bf71ea8,0.015554484453303742
openml_1169,79d9b0fb5f02,0.01424367972685174
openml_1169,e511e76239fe,0.017832068354472094
openml_1169,7741c3e44852,0.018403712547121046
openml_1169,8ec393598948,0.012377847090590251
openml_1169,77e145ffcc55,0.009534327925537723
openml_1169,632568e85407,0.014914640362491134
openml_1169,fa9612cfa871,0.016723954639202118
openml_1169,3d72e70b09e3,0.006615330957962336
openml_1169,9cd81f07f9eb,0.05107186636489595
openml_1169,bb5d6442dae0,0.039570949105505314
openml_1169,c610648f3a0b,0.01875158597365428
openml_1169,e0981ae1c5a2,0.06976753850028655
openml_1169,08e381bd46b1,0.07294177208339916
openml_1169,f7183f4c1fed,0.07294177208339916
openml_1169,07ebbef7de3c,0.2019948073072927
openml_1169,db49059653de,
openml_1169,19967cb83e78,
openml_1169,d0fba6f03c0f,
openml_1169,f10f8ff36baa,
openml_1169,672c637760be,
openml_12,76c89cda5ca5,0.14699701193461534
openml_12,23861655ac34,0.15688700008610165
openml_12,a042255d7a7d,0.10934034424973708
openml_12,47980bf71ea8,0.11806349428864164
openml_12,79d9b0fb5f02,0.13869519291844956
openml_12,e511e76239fe,0.12605460511136124
openml_12,7741c3e44852,0.15364649609905615
openml_12,b2d6bf5f391d,0.15824046632569225
openml_12,3964e1ccb548,0.16742865529362636
openml_12,4c077151b389,0.15688700008610165
openml_12,f292f2a1db5b,0.10776954650436024
openml_12,a4dbad06fd4e,0.09915089353486622
openml_12,8ec393598948,0.14622527048659043
openml_12,77e145ffcc55,0.1544526102130546
openml_12,632568e85407,0.0969977138374299
openml_12,fa9612cfa871,0.1435441348846185
openml_12,3d72e70b09e3,0.12268313424299625
openml_12,45c510f16843,0.1364492955425575
openml_12,27a2752a569f,0.15059132041215076
openml_12,4ec824c366d4,
openml_12,4555573328fc,
openml_12,0f46e0814abc,
openml_12,759f97a6695c,
openml_12,9cd81f07f9eb,
openml_12,bb5d6442dae0,
openml_12,c610648f3a0b,
openml_12,d9a6e957a479,
openml_12,e0981ae1c5a2,
openml_12,08e381bd46b1,
openml_12,f7183f4c1fed,
openml_12,7c2e8cd4a56d,
openml_12,07ebbef7de3c,
openml_12,db49059653de,
openml_12,19967cb83e78,
openml_12,158a0277ed3c,
openml_12,d0fba6f03c0f,
openml_12,f10f8ff36baa,
openml_12,672c637760be,
openml_12,0cd896f527d5,
openml_12,4887a0323e21,0.3537545090190919
openml_12,3d795ce47578,0.3619250333985685
openml_12,639f74dd0e43,
openml_12,9c3ccb4fd98f,
openml_12,5647bbf0428d,0.20774255506895356
openml_12,389d4ccb0588,0.26604512921203405
openml_12,e34ce5984b64,0.26868662538103244
openml_12,63470ebdd53e,0.25467278034611973
openml_12,46814f50e13d,0.2734656940303477
openml_12,e597041814f5,0.2052670591656313
openml_12,024a1a8c54d1,0.25467278034611973
openml_12,bdcde80d6dbb,0.2734656940303477
openml_12,95475ce56089,0.2052670591656313
openml_12,5009193136b4,0.25467278034611973
openml_12,955728329102,0.2734656940303477
openml_12,1f1b6dfa46dc,0.2052670591656313
openml_12,272f18e90bd4,0.17919259669917542
openml_12,0cc00684cc3f,0.17919259669917542
openml_12,7203310ff7ba,0.15412054775759707
openml_12,a399ab5a112a,0.15412054775759707
openml_12,4d00158c440c,0.14995663953464017
openml_12,f028e3896d9e,0.14995663953464017
openml_12,bc0e2be21bfb,0.14559596277293338
openml_12,ae16e9272ff8,0.127753334005341
openml_12,803c0d3403ff,0.14402514236821076
openml_12,579a8bd776f9,0.14985878603405808
openml_12,ccd2d07c7a4a,0.16276278271786102
openml_12,92f60358ba37,0.16983130510350478
openml_12,646357d2ae16,0.18140891493397945
openml_12,5773d7049286,0.19433444895287758
openml_12,a81f368f51bb,0.40846304654401533
openml_12,70969dd2d720,0.26713222988904994
openml_12,34b50b92b183,0.2248627609229229
openml_12,48d260f98b0d,0.2248627609229229
openml_12,1134a806601d,0.16172885674209103
openml_12,0069693e350e,0.16396438232032381
openml_12,2fa0af8799c8,0.18312332714493143
openml_14,76c89cda5ca5,0.1399200080300411
openml_14,23861655ac34,0.18524875328875823
openml_14,a042255d7a7d,0.17105788471251668
openml_14,47980bf71ea8,0.14936544536859542
openml_14,79d9b0fb5f02,0.15233843405474723
openml_14,e511e76239fe,0.1701156814208014
openml_14,7741c3e44852,0.1374970095303927
openml_14,b2d6bf5f391d,0.16367660681962876
openml_14,3964e1ccb548,0.17809737279887844
openml_14,4c077151b389,0.1804928110160326
openml_14,f292f2a1db5b,0.1748490705712048
openml_14,a4dbad06fd4e,0.14936544536859542
openml_14,8eecd2798818,0.15233843405474723
openml_14,4d9c9acccd21,0.15233843405474723
openml_14,9381fbddb6c5,0.16542544987204794
openml_14,8ec393598948,0.16947959878321353
openml_14,77e145ffcc55,0.1748490705712048
openml_14,632568e85407,0.1662357041914363
openml_14,fa9612cfa871,0.17203184225854176
openml_14,3d72e70b09e3,0.1754559857706531
openml_14,45c510f16843,0.14636649367282437
openml_14,27a2752a569f,0.1567544153804367
openml_14,4ec824c366d4,
openml_14,4555573328fc,
openml_14,0f46e0814abc,
openml_14,759f97a6695c,
openml_14,9cd81f07f9eb,
openml_14,bb5d6442dae0,
openml_14,c610648f3a0b,
openml_14,d9a6e957a479,
openml_14,e0981ae1c5a2,
openml_14,08e381bd46b1,
openml_14,f7183f4c1fed,
openml_14,7c2e8cd4a56d,
openml_14,07ebbef7de3c,
openml_14,db49059653de,
openml_14,19967cb83e78,
openml_14,158a0277ed3c,
openml_14,d0fba6f03c0f,
openml_14,f10f8ff36baa,
openml_14,672c637760be,
openml_14,0cd896f527d5,
openml_14,4887a0323e21,0.3351896371608301
openml_14,3d795ce47578,0.26962794832937886
openml_14,639f74dd0e43,0.4202735471578677
openml_14,9c3ccb4fd98f,0.5303566173289391
openml_14,5647bbf0428d,0.33204241218659525
openml_14,389d4ccb0588,0.31266916960497115
openml_14,e34ce5984b64,0.43261123897205933
openml_14,63470ebdd53e,0.33204241218659525
openml_14,46814f50e13d,0.39725760542422167
openml_14,e597041814f5,0.39733725114331014
openml_14,024a1a8c54d1,0.36821389978966534
openml_14,bdcde80d6dbb,0.3872071849920039
openml_14,95475ce56089,0.39733725114331014
openml_14,5009193136b4,0.36821389978966534
openml_14,955728329102,0.3872071849920039
openml_14,1f1b6dfa46dc,0.39733725114331014
openml_14,272f18e90bd4,0.25194008660021044
openml_14,0cc00684cc3f,0.19657338698242866
openml_14,7203310ff7ba,0.19657338698242866
openml_14,a399ab5a112a,0.21011450199841064
openml_14,4d00158c440c,0.2147749400653974
openml_14,f028e3896d9e,0.2147749400653974
openml_14,bc0e2be21bfb,0.15634043377676166
openml_14,ae16e9272ff8,0.6774568213787733
openml_14,803c0d3403ff,0.20237580077304526
openml_14,579a8bd776f9,0.19459565434958928
openml_14,ccd2d07c7a4a,0.20477454584097468
openml_14,92f60358ba37,0.2122789387816718
openml_14,646357d2ae16,0.22586042144944782
openml_14,5773d7049286,0.23414394956095694
openml_14,a81f368f51bb,0.6774568213787733
openml_14,70969dd2d720,0.47659235042905973
openml_14,34b50b92b183,0.3787760503255661
openml_14,48d260f98b0d,0.3842296889784051
openml_14,1134a806601d,0.34651298275198
openml_14,0069693e350e,0.3013073939306215
openml_14,2fa0af8799c8,0.3013073939306215
openml_1457,76c89cda5ca5,0.16612613735552803
openml_1457,23861655ac34,0.221681181791803
openml_1457,a042255d7a7d,0.1708465033617677
openml_1457,47980bf71ea8,0.184356224046974
openml_1457,79d9b0fb5f02,0.1573545142811341
openml_1457,e511e76239fe,0.10823293300251442
openml_1457,7741c3e44852,0.22978943152736206
openml_1457,b2d6bf5f391d,0.19044561292390333
openml_1457,3964e1ccb548,0.1846853725781476
openml_1457,4c077151b389,0.23449376294247265
openml_1457,f292f2a1db5b,0.24715116339034177
openml_1457,a4dbad06fd4e,0.20416935936904146
openml_1457,8eecd2798818,0.19147689118274214
openml_1457,4d9c9acccd21,0.1790952434814053
openml_1457,9381fbddb6c5,0.21767768333479454
openml_1457,8ec393598948,0.17629088276306634
openml_1457,77e145ffcc55,0.0269143222668893
openml_1457,632568e85407,0.037982946618388275
openml_1457,fa9612cfa871,0.09999432686671757
openml_1457,3d72e70b09e3,0.06661560966379007
openml_1457,45c510f16843,0.11098601725350338
openml_1457,27a2752a569f,0.17531745115840539
openml_1457,4ec824c366d4,
openml_1457,4555573328fc,
openml_1457,0f46e0814abc,
openml_1457,759f97a6695c,
openml_1457,9cd81f07f9eb,
openml_1457,bb5d6442dae0,
openml_1457,c610648f3a0b,
openml_1457,d9a6e957a479,
openml_1457,e0981ae1c5a2,
openml_1457,08e381bd46b1,
openml_1457,f7183f4c1fed,
openml_1457,7c2e8cd4a56d,
openml_1457,07ebbef7de3c,
openml_1457,db49059653de,
openml_1457,19967cb83e78,
openml_1457,158a0277ed3c,
openml_1457,d0fba6f03c0f,
openml_1457,f10f8ff36baa,
openml_1457,672c637760be,
openml_1457,0cd896f527d5,
openml_1457,4887a0323e21,0.6668244588649936
openml_1457,3d795ce47578,
openml_1457,639f74dd0e43,
openml_1457,9c3ccb4fd98f,
openml_1457,5647bbf0428d,0.45025944533418455
openml_1457,389d4ccb0588,
openml_1457,e34ce5984b64,
openml_1457,63470ebdd53e,
openml_1457,46814f50e13d,
openml_1457,e597041814f5,
openml_1457,024a1a8c54d1,
openml_1457,bdcde80d6dbb,
openml_1457,95475ce56089,
openml_1457,5009193136b4,
openml_1457,955728329102,
openml_1457,1f1b6dfa46dc,
openml_1457,272f18e90bd4,0.3150398526445903
openml_1457,0cc00684cc3f,0.3150398526445903
openml_1457,7203310ff7ba,0.21401957668024374
openml_1457,a399ab5a112a,0.21401957668024374
openml_1457,4d00158c440c,0.2220211089533293
openml_1457,f028e3896d9e,0.2240252153341522
openml_1457,bc0e2be21bfb,0.2309989325283382
openml_1457,ae16e9272ff8,0.2724556153185459
openml_1457,803c0d3403ff,0.27638164741503074
openml_1457,579a8bd776f9,0.29260879865400286
openml_1457,ccd2d07c7a4a,0.30144948233464464
openml_1457,92f60358ba37,0.30964261510553726
openml_1457,646357d2ae16,0.3273640645071479
openml_1457,5773d7049286,0.33775087003945903
openml_1457,a81f368f51bb,0.5863473880350761
openml_1457,70969dd2d720,0.5467890192303508
openml_1457,34b50b92b183,0.4286737999170333
openml_1457,48d260f98b0d,0.4286737999170333
openml_1457,1134a806601d,0.4286737999170333
openml_1457,0069693e350e,0.4568380699512867
openml_1457,2fa0af8799c8,0.4335739739836367
openml_1461,76c89cda5ca5,0.0165623057193851
openml_1461,23861655ac34,0.006125481450402872
openml_1461,a042255d7a7d,0.006736323241000822
openml_1461,47980bf71ea8,0.0046503469690502355
openml_1461,79d9b0fb5f02,0.007842424962017138
openml_1461,e511e76239fe,0.0071507531525072075
openml_1461,7741c3e44852,0.009204949202886599
openml_1461,8ec393598948,0.01712528031005438
openml_1461,77e145ffcc55,0.021282440341282325
openml_1461,9cd81f07f9eb,0.06257358610352845
openml_1461,bb5d6442dae0,0.06257358610352845
openml_1461,c610648f3a0b,0.056785380752897414
openml_1461,e0981ae1c5a2,0.045432735620007825
openml_1461,08e381bd46b1,0.05670813382533708
openml_1461,f7183f4c1fed,0.06964048780781719
openml_1461,07ebbef7de3c,0.08471508040484638
openml_1461,db49059653de,0.07889754530550733
openml_1461,19967cb83e78,
openml_1461,d0fba6f03c0f,0.23129198548525878
openml_1461,f10f8ff36baa,
openml_1461,672c637760be,
openml_1462,76c89cda5ca5,0.007871923925446016
openml_1462,23861655ac34,0.012641715386027881
openml_1462,a042255d7a7d,0.02052212491545706
openml_1462,47980bf71ea8,0.024789667983725606
openml_1462,79d9b0fb5f02,0.017148815731015288
openml_1462,e511e76239fe,0.01635837425721473
openml_1462,7741c3e44852,0.0369060641158439
openml_1462,b2d6bf5f391d,0.025343626940777055
openml_1462,3964e1ccb548,0.013180053597025282
openml_1462,4c077151b389,0.006792840373025323
openml_1462,f292f2a1db5b,0.010558477079937165
openml_1462,a4dbad06fd4e,0.009160746051698762
openml_1462,8eecd2798818,0.019016667499258642
openml_1462,4d9c9acccd21,0.01658847427995432
openml_1462,9381fbddb6c5,0.015078107260495514
openml_1462,8ec393598948,0.009071203837819116
openml_1462,77e145ffcc55,0.006807128882150705
openml_1462,632568e85407,0.007008867755274788
openml_1462,fa9612cfa871,0.002866423896084168
openml_1462,3d72e70b09e3,0.00962801757182767
openml_1462,45c510f16843,0.011928819120813219
openml_1462,27a2752a569f,0.009924272201211809
openml_1462,3a9260f9550f,0.03296097658049836
openml_1462,0dfb18d06f3a,0.028087953456193245
openml_1462,c104b3d67121,0.01580413448747794
openml_1462,7f10ff06a55f,0.01116431883897166
openml_1462,afb4fe7d2eaa,0.026614307991039945
openml_1462,627cdef1f058,0.018930285510739414
openml_1462,c5dfd3221b79,0.0740291972970859
openml_1462,e3ae029f4d54,0.06022169175669226
openml_1462,98d2a79e4c00,0.06753454435022326
openml_1462,0481ef8f35a2,0.02159881555817886
openml_1462,9a585386bc6d,0.018172858914480495
openml_1462,971471268792,0.027582281820968405
openml_1462,4ec824c366d4,0.30606348958739044
openml_1462,4555573328fc,1.012400056481542
openml_1462,0f46e0814abc,
openml_1462,759f97a6695c,
openml_1462,9cd81f07f9eb,0.09202159165503716
openml_1462,bb5d6442dae0,0.03373192625496406
openml_1462,c610648f3a0b,0.043955318630605124
openml_1462,d9a6e957a479,0.42367652344060264
openml_1462,e0981ae1c5a2,0.08102572033149397
openml_1462,08e381bd46b1,0.07172788360104328
openml_1462,f7183f4c1fed,0.07927593858111512
openml_1462,7c2e8cd4a56d,0.03356943447661347
openml_1462,07ebbef7de3c,
openml_1462,db49059653de,
openml_1462,19967cb83e78,
openml_1462,158a0277ed3c,
openml_1462,d0fba6f03c0f,
openml_1462,f10f8ff36baa,
openml_1462,672c637760be,
openml_1462,0cd896f527d5,
openml_1462,4887a0323e21,
openml_1462,3d795ce47578,
openml_1462,639f74dd0e43,
openml_1462,9c3ccb4fd98f,
openml_1462,5647bbf0428d,0.08833951577581749
openml_1462,389d4ccb0588,0.035059647936558344
openml_1462,e34ce5984b64,0.09106554762124551
openml_1462,63470ebdd53e,0.09291647605499888
openml_1462,46814f50e13d,0.07841434288019102
openml_1462,e597041814f5,0.1152293204669218
openml_1462,024a1a8c54d1,0.06843009605195141
openml_1462,bdcde80d6dbb,0.118804507766063
openml_1462,95475ce56089,0.0542892184743397
openml_1462,5009193136b4,0.09202159165503716
openml_1462,955728329102,0.0749861622733379
openml_1462,1f1b6dfa46dc,0.0542892184743397
openml_1462,272f18e90bd4,0.023015732649728428
openml_1462,0cc00684cc3f,0.02495855525428037
openml_1462,7203310ff7ba,0.036541057222801696
openml_1462,a399ab5a112a,0.037975383121388324
openml_1462,4d00158c440c,0.04692223450844623
openml_1462,f028e3896d9e,0.044629714379508835
openml_1462,bc0e2be21bfb,0.050087711672647015
openml_1462,ae16e9272ff8,0.03790304046065567
openml_1462,803c0d3403ff,0.016987253523482324
openml_1462,579a8bd776f9,0.023643351963525877
openml_1462,ccd2d07c7a4a,0.02493541289670945
openml_1462,92f60358ba37,0.02790471296591738
openml_1462,646357d2ae16,0.036148708639724164
openml_1462,5773d7049286,0.042691389910858496
openml_1462,a81f368f51bb,0.03406248514095833
openml_1462,70969dd2d720,0.041073408842523404
openml_1462,34b50b92b183,0.04900608873900545
openml_1462,48d260f98b0d,0.04270664538133276
openml_1462,1134a806601d,0.057443324769771834
openml_1462,0069693e350e,0.057443324769771834
openml_1462,2fa0af8799c8,0.054854901491666955
openml_1464,76c89cda5ca5,0.01499142589654086
openml_1464,23861655ac34,0.007848886060085393
openml_1464,a042255d7a7d,0.010191557340599011
openml_1464,47980bf71ea8,0.008442304628822499
openml_1464,79d9b0fb5f02,0.01989168901068503
openml_1464,e511e76239fe,0.019891692621012085
openml_1464,7741c3e44852,0.027932625933830505
openml_1464,b2d6bf5f391d,0.02092495737374624
openml_1464,3964e1ccb548,0.006685739324272818
openml_1464,4c077151b389,0.0034160582261870956
openml_1464,f292f2a1db5b,0.00875180520199991
openml_1464,a4dbad06fd4e,0.0045516538236750675
openml_1464,8eecd2798818,0.006325351105836706
openml_1464,4d9c9acccd21,0.005803630116474817
openml_1464,9381fbddb6c5,0.009945837284688402
openml_1464,8ec393598948,0.006883296882485595
openml_1464,77e145ffcc55,0.02031867221615604
openml_1464,632568e85407,0.021380115690722314
openml_1464,fa9612cfa871,0.004276023448582412
openml_1464,3d72e70b09e3,0.04122902026070198
openml_1464,27a2752a569f,0.04118025333213634
openml_1464,4ec824c366d4,0.5999998257607504
openml_1464,4555573328fc,1.1807522093177527
openml_1464,0f46e0814abc,2.9518792374613234
openml_1464,759f97a6695c,
openml_1464,9cd81f07f9eb,0.10090914057183567
openml_1464,bb5d6442dae0,0.09414625386444773
openml_1464,c610648f3a0b,0.036867058481544174
openml_1464,d9a6e957a479,0.15133533751053685
openml_1464,e0981ae1c5a2,0.09566833964689223
openml_1464,08e381bd46b1,0.007742382283450006
openml_1464,f7183f4c1fed,0.019504961765654333
openml_1464,7c2e8cd4a56d,
openml_1464,07ebbef7de3c,0.25984394018491114
openml_1464,db49059653de,
openml_1464,19967cb83e78,
openml_1464,158a0277ed3c,
openml_1464,d0fba6f03c0f,
openml_1464,f10f8ff36baa,0.20247075677050605
openml_1464,672c637760be,
openml_1464,0cd896f527d5,
openml_1464,4887a0323e21,
openml_1464,3d795ce47578,
openml_1464,639f74dd0e43,
openml_1464,9c3ccb4fd98f,
openml_1464,5647bbf0428d,0.031557060647856405
openml_1464,389d4ccb0588,0.09057548558250873
openml_1464,e34ce5984b64,0.1334263859833737
openml_1464,63470ebdd53e,0.08349705986059262
openml_1464,46814f50e13d,0.12372920993518136
openml_1464,e597041814f5,0.1334263859833737
openml_1464,024a1a8c54d1,0.062236800616150265
openml_1464,bdcde80d6dbb,0.062236800616150265
openml_1464,95475ce56089,0.0765277480550401
openml_1464,5009193136b4,0.07144371968610518
openml_1464,955728329102,0.11580341118040595
openml_1464,1f1b6dfa46dc,0.14667335420574765
openml_1464,272f18e90bd4,0.010324945792220819
openml_1464,0cc00684cc3f,0.012828068599533804
openml_1464,7203310ff7ba,0.014285454206448563
openml_1464,a399ab5a112a,0.017828841572352677
openml_1464,4d00158c440c,0.027701847642554244
openml_1464,f028e3896d9e,0.029837533516027543
openml_1464,bc0e2be21bfb,0.04189893890074576
openml_1464,ae16e9272ff8,0.17817457974239903
openml_1464,803c0d3403ff,0.24563752998050295
openml_1464,579a8bd776f9,0.055291554552460334
openml_1464,ccd2d07c7a4a,0.05955428076133135
openml_1464,92f60358ba37,0.047800571904153
openml_1464,646357d2ae16,0.058352278276505486
openml_1464,5773d7049286,0.0738637590120197
openml_1464,a81f368f51bb,0.17817457974239903
openml_1464,70969dd2d720,0.24563752998050295
openml_1464,34b50b92b183,0.07576178224849577
openml_1464,48d260f98b0d,0.07576178224849577
openml_1464,1134a806601d,0.05580696050850349
openml_1464,0069693e350e,0.0729403557888023
openml_1464,2fa0af8799c8,0.0729403557888023
openml_1466,76c89cda5ca5,0.010967272105706116
openml_1466,23861655ac34,0.02203508053535639
openml_1466,a042255d7a7d,0.0137011957760785
openml_1466,47980bf71ea8,0.047834630389848594
openml_1466,79d9b0fb5f02,0.02571343025783547
openml_1466,e511e76239fe,0.04768910277571696
openml_1466,7741c3e44852,0.053112559124740014
openml_1466,b2d6bf5f391d,0.03728804640386209
openml_1466,4d9c9acccd21,0.04566771364284561
openml_1466,9381fbddb6c5,0.012719818581356575
openml_1466,8ec393598948,0.060144683623462016
openml_1466,77e145ffcc55,0.036144868164025075
openml_1466,632568e85407,0.03744266945896304
openml_1466,4ec824c366d4,139.5031754886464
openml_1466,4555573328fc,
openml_1466,0f46e0814abc,
openml_1466,759f97a6695c,
openml_1466,9cd81f07f9eb,7.180245520039842
openml_1466,bb5d6442dae0,
openml_1466,c610648f3a0b,
openml_1466,d9a6e957a479,
openml_1466,e0981ae1c5a2,1.12253507255111
openml_1466,08e381bd46b1,0.5097776122106071
openml_1466,f7183f4c1fed,
openml_1466,7c2e8cd4a56d,
openml_1466,07ebbef7de3c,0.489446377333092
openml_1466,db49059653de,0.6039015721548776
openml_1466,19967cb83e78,
openml_1466,158a0277ed3c,
openml_1466,d0fba6f03c0f,0.21091951338017814
openml_1466,f10f8ff36baa,0.15199996994204915
openml_1466,672c637760be,0.13809228813089486
openml_1466,0cd896f527d5,0.2582559484545407
openml_1466,4887a0323e21,0.3347026594180957
openml_1466,3d795ce47578,0.3347026594180957
openml_1466,639f74dd0e43,0.3820410094652728
openml_1466,9c3ccb4fd98f,0.4056376309150877
openml_1466,5647bbf0428d,0.1227319771019815
openml_1466,389d4ccb0588,0.2944579740606571
openml_1466,e34ce5984b64,0.3037127765188151
openml_1466,63470ebdd53e,0.2665290060003387
openml_1466,46814f50e13d,0.26665384980212725
openml_1466,e597041814f5,0.3037127765188151
openml_1466,024a1a8c54d1,0.26665384980212725
openml_1466,bdcde80d6dbb,0.26665384980212725
openml_1466,95475ce56089,0.3037127765188151
openml_1466,5009193136b4,0.26665384980212725
openml_1466,955728329102,0.26665384980212725
openml_1466,1f1b6dfa46dc,0.3037127765188151
openml_1466,272f18e90bd4,0.1178644456045375
openml_1466,0cc00684cc3f,0.1330454723965669
openml_1466,7203310ff7ba,0.1330454723965669
openml_1466,a399ab5a112a,0.1330454723965669
openml_1466,4d00158c440c,0.1330454723965669
openml_1466,f028e3896d9e,0.0630357480512967
openml_1466,bc0e2be21bfb,0.07397126364055466
openml_1466,ae16e9272ff8,0.8211997832708637
openml_1466,803c0d3403ff,0.33465940708309055
openml_1466,579a8bd776f9,0.08374519803215559
openml_1466,ccd2d07c7a4a,0.09191767950042481
openml_1466,92f60358ba37,0.07374690431964268
openml_1466,646357d2ae16,0.08081840819293348
openml_1466,5773d7049286,0.08557094481519881
openml_1466,a81f368f51bb,0.8211997832708637
openml_1466,70969dd2d720,0.239236585798682
openml_1466,34b50b92b183,0.19946775879442025
openml_1466,48d260f98b0d,0.1701730995635364
openml_1466,1134a806601d,0.18044261335412454
openml_1466,0069693e350e,0.1808043633345981
openml_1466,2fa0af8799c8,0.19084434464708075
openml_1468,76c89cda5ca5,0.07732833018918654
openml_1468,23861655ac34,0.09353454829687731
openml_1468,a042255d7a7d,0.028942910779995928
openml_1468,47980bf71ea8,0.07861540565583933
openml_1468,79d9b0fb5f02,0.0475377872797967
openml_1468,e511e76239fe,0.05303927476821909
openml_1468,7741c3e44852,0.02778971941194211
openml_1468,b2d6bf5f391d,0.059957234354189606
openml_1468,3964e1ccb548,0.004243855239627768
openml_1468,4c077151b389,0.00450055815621597
openml_1468,f292f2a1db5b,0.004243855239627768
openml_1468,a4dbad06fd4e,0.004243855239627768
openml_1468,8eecd2798818,0.004243855239627768
openml_1468,4d9c9acccd21,0.005207849881674669
openml_1468,8ec393598948,0.03815064274504416
openml_1468,77e145ffcc55,0.03877955669758284
openml_1468,632568e85407,0.015974460978745587
openml_1468,fa9612cfa871,0.015974460978745587
openml_1468,3d72e70b09e3,0.015974460978745587
openml_1468,45c510f16843,0.04028075815396486
openml_1468,27a2752a569f,0.02778971941194211
openml_1468,4ec824c366d4,
openml_1468,4555573328fc,
openml_1468,0f46e0814abc,
openml_1468,759f97a6695c,
openml_1468,9cd81f07f9eb,9.715647054640597
openml_1468,bb5d6442dae0,
openml_1468,c610648f3a0b,
openml_1468,d9a6e957a479,
openml_1468,e0981ae1c5a2,3.6312625861582433
openml_1468,08e381bd46b1,3.6312625861582433
openml_1468,f7183f4c1fed,
openml_1468,7c2e8cd4a56d,
openml_1468,07ebbef7de3c,0.7369271549944635
openml_1468,db49059653de,1.7563914028426828
openml_1468,19967cb83e78,
openml_1468,158a0277ed3c,
openml_1468,d0fba6f03c0f,0.3452103673339864
openml_1468,f10f8ff36baa,0.462430126937115
openml_1468,672c637760be,0.7136303835360747
openml_1468,0cd896f527d5,
openml_1468,4887a0323e21,0.2986857354802472
openml_1468,3d795ce47578,
openml_1468,639f74dd0e43,
openml_1468,9c3ccb4fd98f,
openml_1468,5647bbf0428d,0.16311613850210985
openml_1468,389d4ccb0588,0.37585500230160973
openml_1468,e34ce5984b64,0.38419209218430056
openml_1468,63470ebdd53e,0.2465811871705752
openml_1468,46814f50e13d,0.37585500230160973
openml_1468,e597041814f5,0.38419209218430056
openml_1468,024a1a8c54d1,0.30302113689110316
openml_1468,bdcde80d6dbb,0.4190921798773869
openml_1468,95475ce56089,0.4680650200716921
openml_1468,5009193136b4,
openml_1468,955728329102,
openml_1468,1f1b6dfa46dc,
openml_1468,272f18e90bd4,0.08728296644707843
openml_1468,0cc00684cc3f,0.08728296644707843
openml_1468,7203310ff7ba,0.044826326118914024
openml_1468,a399ab5a112a,0.044826326118914024
openml_1468,4d00158c440c,0.04821342408252098
openml_1468,f028e3896d9e,0.052884803027723803
openml_1468,bc0e2be21bfb,0.05837972218603691
openml_1468,ae16e9272ff8,0.5831777344475837
openml_1468,803c0d3403ff,0.6388421975682469
openml_1468,579a8bd776f9,0.367337923376366
openml_1468,ccd2d07c7a4a,0.3940204559168382
openml_1468,92f60358ba37,0.4268129218176964
openml_1468,646357d2ae16,0.1779993188434389
openml_1468,5773d7049286,0.14774563367493998
openml_1468,a81f368f51bb,0.5742508765218765
openml_1468,70969dd2d720,0.6388421975682469
openml_1468,34b50b92b183,0.4983351332683702
openml_1468,48d260f98b0d,0.5267923846224052
openml_1468,1134a806601d,0.5061915270182908
openml_1468,0069693e350e,0.4550798072304454
openml_1468,2fa0af8799c8,0.44836022980656787
openml_1471,76c89cda5ca5,
openml_1471,23861655ac34,
openml_1471,a042255d7a7d,17.99942124519185
openml_1471,47980bf71ea8,0.020234345045501895
openml_1471,79d9b0fb5f02,0.019921137086186366
openml_1471,e511e76239fe,0.03623449732801485
openml_1471,7741c3e44852,0.034978990558759415
openml_1471,b2d6bf5f391d,0.03467835123219121
openml_1471,3964e1ccb548,
openml_1471,4c077151b389,
openml_1471,f292f2a1db5b,17.99942124519185
openml_1471,a4dbad06fd4e,0.013968526084575258
openml_1471,8eecd2798818,0.013762407028066385
openml_1471,4d9c9acccd21,0.01894937514687336
openml_1471,9381fbddb6c5,0.016327698371800026
openml_1471,8ec393598948,
openml_1471,77e145ffcc55,
openml_1471,632568e85407,17.99942124519185
openml_1471,fa9612cfa871,0.008804831352036894
openml_1471,3d72e70b09e3,0.01776131513205215
openml_1471,45c510f16843,0.019060211334549562
openml_1471,27a2752a569f,0.018374585570606367
openml_1471,4ec824c366d4,
openml_1471,4555573328fc,
openml_1471,0f46e0814abc,
openml_1471,759f97a6695c,
openml_1471,9cd81f07f9eb,0.06590138681978855
openml_1471,bb5d6442dae0,0.0349078887475959
openml_1471,c610648f3a0b,0.0668774966180566
openml_1471,d9a6e957a479,0.14357682310801462
openml_1471,e0981ae1c5a2,0.05262313472327946
openml_1471,08e381bd46b1,0.05262313472327946
openml_1471,f7183f4c1fed,0.05203438961995554
openml_1471,7c2e8cd4a56d,0.06316343968123561
openml_1471,07ebbef7de3c,
openml_1471,db49059653de,
openml_1471,19967cb83e78,
openml_1471,158a0277ed3c,
openml_1471,d0fba6f03c0f,
openml_1471,f10f8ff36baa,
openml_1471,672c637760be,
openml_1471,0cd896f527d5,
openml_1471,4887a0323e21,
openml_1471,3d795ce47578,
openml_1471,639f74dd0e43,
openml_1471,9c3ccb4fd98f,
openml_1471,5647bbf0428d,0.11325104074238797
openml_1471,389d4ccb0588,0.09715795018430452
openml_1471,e34ce5984b64,0.11671071517574076
openml_1471,63470ebdd53e,0.11325104074238793
openml_1471,46814f50e13d,0.04934061460751975
openml_1471,e597041814f5,0.11671071517574076
openml_1471,024a1a8c54d1,0.11325104074238793
openml_1471,bdcde80d6dbb,0.11671071517574076
openml_1471,95475ce56089,0.10512081001173842
openml_1471,5009193136b4,0.071960373923662
openml_1471,955728329102,0.1009565363519766
openml_1471,1f1b6dfa46dc,0.10512081001173842
openml_1475,76c89cda5ca5,0.022233662803382938
openml_1475,23861655ac34,0.0071067504676269
openml_1475,a042255d7a7d,0.01228825673177051
openml_1475,47980bf71ea8,0.010352153001958858
openml_1475,79d9b0fb5f02,0.012665169034383243
openml_1475,e511e76239fe,0.009102678989243813
openml_1475,7741c3e44852,0.007397586875629763
openml_1475,b2d6bf5f391d,0.01205735644500027
openml_1475,8eecd2798818,0.004470786797939764
openml_1475,4d9c9acccd21,0.004492956008300788
openml_1475,8ec393598948,0.006277301636035208
openml_1475,77e145ffcc55,0.0012402566874989305
openml_1475,4ec824c366d4,0.20213907399729575
openml_1475,4555573328fc,0.20534865991569998
openml_1475,0f46e0814abc,0.22803423893215632
openml_1475,759f97a6695c,0.34375570653228094
openml_1475,9cd81f07f9eb,0.1902056756393465
openml_1475,bb5d6442dae0,0.15978844218536709
openml_1475,c610648f3a0b,0.2038248087826588
openml_1475,d9a6e957a479,0.14657079929568448
openml_1475,e0981ae1c5a2,0.21735880555586387
openml_1475,08e381bd46b1,0.1461300523362469
openml_1475,f7183f4c1fed,0.23921055669803118
openml_1475,7c2e8cd4a56d,0.3582450868730088
openml_1475,07ebbef7de3c,0.2532767469289129
openml_1475,db49059653de,0.2532767469289129
openml_1475,19967cb83e78,0.275834307840215
openml_1475,158a0277ed3c,0.32797009133175015
openml_1475,d0fba6f03c0f,0.24462574622264244
openml_1475,f10f8ff36baa,0.20803023413048888
openml_1475,672c637760be,0.1240427272544538
openml_1475,0cd896f527d5,0.2982187416225892
openml_1475,4887a0323e21,0.22189640512405695
openml_1475,3d795ce47578,0.22189640512405695
openml_1475,639f74dd0e43,0.2308633129794675
openml_1475,9c3ccb4fd98f,0.021573514831041044
openml_1475,5647bbf0428d,2.9466111178099244e-05
openml_1475,389d4ccb0588,3.907887787101488e-05
openml_1475,e34ce5984b64,0.0004996312755678083
openml_1475,63470ebdd53e,0.00036277353764040414
openml_1475,46814f50e13d,0.00036277353764040414
openml_1475,e597041814f5,0.0004996312755678083
openml_1475,024a1a8c54d1,0.0003627875676356722
openml_1475,bdcde80d6dbb,0.0003627875676356722
openml_1475,95475ce56089,0.005002091778808439
openml_1475,5009193136b4,0.009219722888899669
openml_1475,955728329102,0.012226143510268211
openml_1475,1f1b6dfa46dc,0.015594264205756492
openml_1475,272f18e90bd4,0.03468351374117148
openml_1475,0cc00684cc3f,0.03468351374117148
openml_1475,7203310ff7ba,0.01663309810635128
openml_1475,a399ab5a112a,0.027148329209626367
openml_1475,4d00158c440c,0.027148329209626367
openml_1475,f028e3896d9e,0.027148329209626367
openml_1475,bc0e2be21bfb,0.03640185377726777
openml_1475,ae16e9272ff8,1.0596866710888988
openml_1475,803c0d3403ff,1.0596866710888988
openml_1475,579a8bd776f9,0.05980412721913224
openml_1475,ccd2d07c7a4a,0.08574661274750792
openml_1475,92f60358ba37,0.11100550694143418
openml_1475,646357d2ae16,0.07947868216412213
openml_1475,5773d7049286,0.09281620841223105
openml_1475,a81f368f51bb,1.0596866710888988
openml_1475,70969dd2d720,1.0596866710888988
openml_1475,34b50b92b183,0.22278239263206975
openml_1475,48d260f98b0d,0.24872508583731479
openml_1475,1134a806601d,0.2725212769135404
openml_1475,0069693e350e,0.1430933056576456
openml_1475,2fa0af8799c8,0.1692938587782126
openml_1476,76c89cda5ca5,0.008707929301147001
openml_1476,23861655ac34,0.0026947149941275762
openml_1476,a042255d7a7d,0.0028311562952765415
openml_1476,47980bf71ea8,0.007888587229581698
openml_1476,79d9b0fb5f02,0.00875647490633407
openml_1476,e511e76239fe,0.005285554895043419
openml_1476,7741c3e44852,0.004781678264333021
openml_1476,b2d6bf5f391d,0.005147764752596929
openml_1476,8eecd2798818,0.006984316380461682
openml_1476,4d9c9acccd21,0.0066938760826131555
openml_1476,8ec393598948,0.0034908111018795104
openml_1476,77e145ffcc55,0.006225568412762125
openml_1476,632568e85407,0.004012188861252158
openml_1476,fa9612cfa871,0.00671720788622226
openml_1476,3d72e70b09e3,0.004365975172412461
openml_1476,45c510f16843,0.005583276200618793
openml_1476,27a2752a569f,0.005034650111790125
openml_1476,4ec824c366d4,
openml_1476,4555573328fc,
openml_1476,0f46e0814abc,
openml_1476,759f97a6695c,
openml_1476,9cd81f07f9eb,0.25017796699036743
openml_1476,bb5d6442dae0,0.30805432559377893
openml_1476,c610648f3a0b,0.5017361503611811
openml_1476,d9a6e957a479,0.6840195046421421
openml_1476,e0981ae1c5a2,0.11183695794338509
openml_1476,08e381bd46b1,0.09304628909315837
openml_1476,f7183f4c1fed,0.165559220709257
openml_1476,7c2e8cd4a56d,0.31811318067118527
openml_1476,07ebbef7de3c,0.06935159911864446
openml_1476,db49059653de,0.06935159911864446
openml_1476,19967cb83e78,0.06129010813968773
openml_1476,158a0277ed3c,0.05734490372421926
openml_1476,d0fba6f03c0f,0.06724518451892429
openml_1476,f10f8ff36baa,0.06724518451892429
openml_1476,672c637760be,0.06724518451892429
openml_1476,0cd896f527d5,0.06724518451892429
openml_1476,4887a0323e21,0.11546846224322098
openml_1476,3d795ce47578,0.13072718567685718
openml_1476,639f74dd0e43,0.15432915862344776
openml_1476,9c3ccb4fd98f,0.17735007711815418
openml_1476,5647bbf0428d,0.03212797587779536
openml_1476,389d4ccb0588,0.027260015072254562
openml_1476,e34ce5984b64,0.036052091747407165
openml_1476,63470ebdd53e,0.022760656420025813
openml_1476,46814f50e13d,0.020727192009313618
openml_1476,e597041814f5,0.036052091747407165
openml_1476,024a1a8c54d1,0.020727192009313618
openml_1476,bdcde80d6dbb,0.020727192009313618
openml_1476,95475ce56089,0.03213767804559995
openml_1476,5009193136b4,0.027497518348319247
openml_1476,955728329102,0.030166410525295794
openml_1476,1f1b6dfa46dc,0.0452815461079178
openml_1476,272f18e90bd4,0.01429293069043167
openml_1476,0cc00684cc3f,0.014934707968752445
openml_1476,7203310ff7ba,0.014934707968752445
openml_1476,a399ab5a112a,0.00922982308197827
openml_1476,4d00158c440c,0.013138898746316048
openml_1476,f028e3896d9e,0.013138898746316048
openml_1476,bc0e2be21bfb,0.014915795829682226
openml_1476,ae16e9272ff8,
openml_1476,803c0d3403ff,
openml_1476,579a8bd776f9,
openml_1476,ccd2d07c7a4a,
openml_1476,92f60358ba37,
openml_1476,646357d2ae16,0.06796732096923026
openml_1476,5773d7049286,0.016368898073014112
openml_1476,a81f368f51bb,
openml_1476,70969dd2d720,
openml_1476,34b50b92b183,
openml_1476,48d260f98b0d,
openml_1476,1134a806601d,
openml_1476,0069693e350e,0.1455345193451339
openml_1476,2fa0af8799c8,0.1712581286310994
openml_1478,76c89cda5ca5,0.23995987013842845
openml_1478,23861655ac34,0.22170174962920997
openml_1478,a042255d7a7d,0.19796194695822744
openml_1478,47980bf71ea8,0.14863526957700413
openml_1478,79d9b0fb5f02,0.18116681675051838
openml_1478,e511e76239fe,0.18057714988964
openml_1478,7741c3e44852,0.16614974627611828
openml_1478,b2d6bf5f391d,0.14353251101358636
openml_1478,3964e1ccb548,0.23995987013842845
openml_1478,4c077151b389,0.22411146097603662
openml_1478,f292f2a1db5b,0.12348592864499575
openml_1478,a4dbad06fd4e,0.12348592864499575
openml_1478,8eecd2798818,0.15701953478776565
openml_1478,4d9c9acccd21,0.1936823305840733
openml_1478,9381fbddb6c5,0.16094686782697162
openml_1478,8ec393598948,0.23306878674480677
openml_1478,77e145ffcc55,0.12606360552072018
openml_1478,632568e85407,0.12606360552072018
openml_1478,fa9612cfa871,0.1422066179833275
openml_1478,3d72e70b09e3,0.12163648636267392
openml_1478,45c510f16843,0.1223944186931297
openml_1478,27a2752a569f,0.1371664425334976
openml_1478,4ec824c366d4,
openml_1478,4555573328fc,
openml_1478,0f46e0814abc,
openml_1478,759f97a6695c,
openml_1478,9cd81f07f9eb,
openml_1478,bb5d6442dae0,
openml_1478,c610648f3a0b,
openml_1478,d9a6e957a479,
openml_1478,e0981ae1c5a2,
openml_1478,08e381bd46b1,
openml_1478,f7183f4c1fed,
openml_1478,7c2e8cd4a56d,
openml_1478,07ebbef7de3c,
openml_1478,db49059653de,
openml_1478,19967cb83e78,
openml_1478,158a0277ed3c,
openml_1478,d0fba6f03c0f,
openml_1478,f10f8ff36baa,
openml_1478,672c637760be,
openml_1478,0cd896f527d5,
openml_1478,4887a0323e21,0.380894420811399
openml_1478,3d795ce47578,0.28597529507798264
openml_1478,639f74dd0e43,0.41075123074253483
openml_1478,9c3ccb4fd98f,0.4642969823714239
openml_1478,5647bbf0428d,0.3734641391127243
openml_1478,389d4ccb0588,0.44680924476509765
openml_1478,e34ce5984b64,0.43587367641239066
openml_1478,63470ebdd53e,0.40333224008065877
openml_1478,46814f50e13d,0.44680924476509765
openml_1478,e597041814f5,0.45417360915304694
openml_1478,024a1a8c54d1,0.40333224008065877
openml_1478,bdcde80d6dbb,0.44680924476509765
openml_1478,95475ce56089,0.45417360915304694
openml_1478,5009193136b4,0.4207420317292668
openml_1478,955728329102,0.4392617968956002
openml_1478,1f1b6dfa46dc,0.47719901417043104
openml_1478,272f18e90bd4,0.23995987013842845
openml_1478,0cc00684cc3f,0.20447625498595387
openml_1478,7203310ff7ba,0.21119454134713417
openml_1478,a399ab5a112a,0.21119454134713417
openml_1478,4d00158c440c,0.18062548142745302
openml_1478,f028e3896d9e,0.17396580573232528
openml_1478,bc0e2be21bfb,0.18792059298012675
openml_1478,ae16e9272ff8,
openml_1478,803c0d3403ff,0.3190675874027966
openml_1478,579a8bd776f9,0.2481840358698745
openml_1478,ccd2d07c7a4a,0.25290596987690445
openml_1478,92f60358ba37,0.2661380336972389
openml_1478,646357d2ae16,0.2538721230715045
openml_1478,5773d7049286,0.2566430451052916
openml_1478,a81f368f51bb,
openml_1478,70969dd2d720,
openml_1478,34b50b92b183,0.36976024754704
openml_1478,48d260f98b0d,0.36976024754704
openml_1478,1134a806601d,0.3778310992542954
openml_1478,0069693e350e,0.3778310992542954
openml_1478,2fa0af8799c8,0.3530221081336212
openml_1480,76c89cda5ca5,0.04404199692609697
openml_1480,23861655ac34,0.012728512539127075
openml_1480,a042255d7a7d,0.013430469668729591
openml_1480,47980bf71ea8,0.018535369245689954
openml_1480,79d9b0fb5f02,0.027479226720967607
openml_1480,e511e76239fe,0.018535369245689954
openml_1480,7741c3e44852,0.044082914298271034
openml_1480,b2d6bf5f391d,0.040380943170933006
openml_1480,3964e1ccb548,0.02078925797507749
openml_1480,4c077151b389,0.014525285281960324
openml_1480,f292f2a1db5b,0.013413854494162063
openml_1480,a4dbad06fd4e,0.016017971272637203
openml_1480,8eecd2798818,0.016154372896809363
openml_1480,4d9c9acccd21,0.017890998493418034
openml_1480,9381fbddb6c5,0.02362069043859366
openml_1480,8ec393598948,0.02078925797507749
openml_1480,77e145ffcc55,0.012055544484947752
openml_1480,632568e85407,0.013413854494162063
openml_1480,fa9612cfa871,0.014187516065841769
openml_1480,3d72e70b09e3,0.010021247921295542
openml_1480,45c510f16843,0.016237275428460592
openml_1480,27a2752a569f,0.01291695806619666
openml_1480,4ec824c366d4,
openml_1480,4555573328fc,
openml_1480,0f46e0814abc,
openml_1480,759f97a6695c,
openml_1480,9cd81f07f9eb,0.40686951642386116
openml_1480,bb5d6442dae0,
openml_1480,c610648f3a0b,
openml_1480,d9a6e957a479,
openml_1480,e0981ae1c5a2,0.1186023933452288
openml_1480,08e381bd46b1,0.08244132875165805
openml_1480,f7183f4c1fed,0.2955733301089104
openml_1480,7c2e8cd4a56d,
openml_1480,07ebbef7de3c,0.1416009802302675
openml_1480,db49059653de,
openml_1480,19967cb83e78,
openml_1480,158a0277ed3c,
openml_1480,d0fba6f03c0f,0.21548156199936916
openml_1480,f10f8ff36baa,
openml_1480,672c637760be,
openml_1480,0cd896f527d5,
openml_1480,4887a0323e21,
openml_1480,3d795ce47578,
openml_1480,639f74dd0e43,
openml_1480,9c3ccb4fd98f,
openml_1480,5647bbf0428d,0.17134346413493706
openml_1480,389d4ccb0588,0.13379829606847543
openml_1480,e34ce5984b64,0.12544034000498758
openml_1480,63470ebdd53e,0.12957984619200913
openml_1480,46814f50e13d,0.1060743456043235
openml_1480,e597041814f5,0.3257102483793076
openml_1480,024a1a8c54d1,0.1235388766087535
openml_1480,bdcde80d6dbb,0.1060743456043235
openml_1480,95475ce56089,0.19817486319089556
openml_1480,5009193136b4,
openml_1480,955728329102,
openml_1480,1f1b6dfa46dc,
openml_1480,272f18e90bd4,0.05966303762617879
openml_1480,0cc00684cc3f,0.016155747211975702
openml_1480,7203310ff7ba,0.020645683958094952
openml_1480,a399ab5a112a,0.026774671339206624
openml_1480,4d00158c440c,0.027263234360555923
openml_1480,f028e3896d9e,0.04264230137886914
openml_1480,bc0e2be21bfb,0.04264230137886914
openml_1480,ae16e9272ff8,0.39143516773836434
openml_1480,803c0d3403ff,0.16439684492657422
openml_1480,579a8bd776f9,0.1872476220526193
openml_1480,ccd2d07c7a4a,0.038458174410075374
openml_1480,92f60358ba37,0.046604243975527496
openml_1480,646357d2ae16,0.06281597593152088
openml_1480,5773d7049286,0.055960354234227135
openml_1480,a81f368f51bb,0.5316799680522263
openml_1480,70969dd2d720,0.47881259131141596
openml_1480,34b50b92b183,0.31965064620537104
openml_1480,48d260f98b0d,0.31965064620537104
openml_1480,1134a806601d,0.12876242042505529
openml_1480,0069693e350e,0.15925456615971453
openml_1480,2fa0af8799c8,0.15925456615971453
openml_1485,76c89cda5ca5,0.7267574955094254
openml_1485,23861655ac34,0.7255395874642154
openml_1485,a042255d7a7d,0.7272977367276693
openml_1485,47980bf71ea8,0.7297986362868821
openml_1485,79d9b0fb5f02,0.7173304239842664
openml_1485,e511e76239fe,0.7318928688436471
openml_1485,7741c3e44852,0.7339466072912095
openml_1485,b2d6bf5f391d,0.7334995997439389
openml_1485,3964e1ccb548,0.7267574955094254
openml_1485,4c077151b389,0.7255395874642154
openml_1485,f292f2a1db5b,0.7285185960441394
openml_1485,a4dbad06fd4e,0.7297986362868821
openml_1485,8ec393598948,0.7255395874642154
openml_1485,77e145ffcc55,0.7255395874642154
openml_1485,632568e85407,0.7272977367276693
openml_1485,fa9612cfa871,0.7155963694246368
openml_1485,3d72e70b09e3,0.7325145425184889
openml_1485,45c510f16843,0.732307826985728
openml_1485,27a2752a569f,0.7173304239842664
openml_1485,4ec824c366d4,
openml_1485,4555573328fc,
openml_1485,0f46e0814abc,
openml_1485,759f97a6695c,
openml_1485,9cd81f07f9eb,
openml_1485,bb5d6442dae0,
openml_1485,c610648f3a0b,
openml_1485,d9a6e957a479,
openml_1485,e0981ae1c5a2,
openml_1485,08e381bd46b1,
openml_1485,f7183f4c1fed,
openml_1485,7c2e8cd4a56d,
openml_1485,07ebbef7de3c,
openml_1485,db49059653de,
openml_1485,19967cb83e78,
openml_1485,158a0277ed3c,
openml_1485,d0fba6f03c0f,
openml_1485,f10f8ff36baa,
openml_1485,672c637760be,
openml_1485,0cd896f527d5,
openml_1485,4887a0323e21,
openml_1485,3d795ce47578,
openml_1485,639f74dd0e43,
openml_1485,9c3ccb4fd98f,
openml_1485,5647bbf0428d,0.8215844803287775
openml_1485,389d4ccb0588,
openml_1485,e34ce5984b64,
openml_1485,63470ebdd53e,0.8166714270879187
openml_1485,46814f50e13d,
openml_1485,e597041814f5,
openml_1485,024a1a8c54d1,
openml_1485,bdcde80d6dbb,
openml_1485,95475ce56089,
openml_1485,5009193136b4,
openml_1485,955728329102,
openml_1485,1f1b6dfa46dc,
openml_1485,272f18e90bd4,0.727120505252346
openml_1485,0cc00684cc3f,0.723192287817568
openml_1485,7203310ff7ba,0.723192287817568
openml_1485,a399ab5a112a,0.723192287817568
openml_1485,4d00158c440c,0.723192287817568
openml_1485,f028e3896d9e,0.7217815879590024
openml_1485,bc0e2be21bfb,0.7217815879590024
openml_1485,ae16e9272ff8,0.727120505252346
openml_1485,803c0d3403ff,0.7322420838435885
openml_1485,579a8bd776f9,0.7385902943593817
openml_1485,ccd2d07c7a4a,0.7439232340773989
openml_1485,92f60358ba37,0.7505917373002587
openml_1485,646357d2ae16,0.7577718010909943
openml_1485,5773d7049286,0.7623456698180693
openml_1485,a81f368f51bb,0.7971439450608379
openml_1485,70969dd2d720,0.7971439450608379
openml_1485,34b50b92b183,0.7937982081174038
openml_1485,48d260f98b0d,0.7894009724103823
openml_1485,1134a806601d,0.7826205364061808
openml_1485,0069693e350e,0.7834019719968606
openml_1485,2fa0af8799c8,0.7808333262061447
openml_1486,76c89cda5ca5,0.005104222129205605
openml_1486,23861655ac34,0.005557114060394772
openml_1486,a042255d7a7d,0.0372771061939865
openml_1486,47980bf71ea8,0.019170605178487222
openml_1486,79d9b0fb5f02,0.02002533099981789
openml_1486,e511e76239fe,0.01750481376899401
openml_1486,7741c3e44852,0.017443282041803856
openml_1486,8ec393598948,0.013373211573935494
openml_1486,9cd81f07f9eb,0.2465249171388312
openml_1486,bb5d6442dae0,0.2465249171388312
openml_1486,c610648f3a0b,0.3183849782168843
openml_1486,e0981ae1c5a2,0.17676824520454099
openml_1486,08e381bd46b1,0.17730956250728436
openml_1486,f7183f4c1fed,0.1904245883830666
openml_1486,07ebbef7de3c,0.15651437194494217
openml_1486,db49059653de,0.1320985476005886
openml_1486,19967cb83e78,0.17212738719752743
openml_1486,d0fba6f03c0f,0.24659234991797369
openml_1486,f10f8ff36baa,0.2549891789110071
openml_1486,672c637760be,0.25834095592091794
openml_1487,76c89cda5ca5,0.08633356037292741
openml_1487,23861655ac34,0.07061659231757397
openml_1487,a042255d7a7d,0.08810615649588398
openml_1487,47980bf71ea8,0.062406663120973586
openml_1487,79d9b0fb5f02,0.05667858958810752
openml_1487,e511e76239fe,0.06918019713124947
openml_1487,7741c3e44852,0.07606420772852343
openml_1487,b2d6bf5f391d,0.0767327160461789
openml_1487,3964e1ccb548,0.06107340605842316
openml_1487,4c077151b389,0.0019033957562366094
openml_1487,f292f2a1db5b,0.04019675022308053
openml_1487,a4dbad06fd4e,0.0022200949113738667
openml_1487,8eecd2798818,0.0025042542843325003
openml_1487,4d9c9acccd21,0.09695589583671785
openml_1487,9381fbddb6c5,0.10214996389405083
openml_1487,8ec393598948,0.06361531233465925
openml_1487,77e145ffcc55,0.0795272031367974
openml_1487,632568e85407,0.08227508496520666
openml_1487,fa9612cfa871,0.07205897568353464
openml_1487,3d72e70b09e3,0.06988871147972073
openml_1487,45c510f16843,0.08074016447675232
openml_1487,27a2752a569f,0.07780415648232891
openml_1487,4ec824c366d4,
openml_1487,4555573328fc,
openml_1487,0f46e0814abc,
openml_1487,759f97a6695c,
openml_1487,9cd81f07f9eb,
openml_1487,bb5d6442dae0,
openml_1487,c610648f3a0b,
openml_1487,d9a6e957a479,
openml_1487,e0981ae1c5a2,
openml_1487,08e381bd46b1,
openml_1487,f7183f4c1fed,
openml_1487,7c2e8cd4a56d,
openml_1487,07ebbef7de3c,
openml_1487,db49059653de,
openml_1487,19967cb83e78,
openml_1487,158a0277ed3c,
openml_1487,d0fba6f03c0f,0.2919307002603438
openml_1487,f10f8ff36baa,0.4016113585315284
openml_1487,672c637760be,0.5790533396755722
openml_1487,0cd896f527d5,
openml_1487,4887a0323e21,0.1934626538250036
openml_1487,3d795ce47578,
openml_1487,639f74dd0e43,
openml_1487,9c3ccb4fd98f,
openml_1487,5647bbf0428d,0.26959914921930245
openml_1487,389d4ccb0588,0.3695270977632411
openml_1487,e34ce5984b64,0.24286294062925293
openml_1487,63470ebdd53e,0.22447896353506194
openml_1487,46814f50e13d,0.22265719404626902
openml_1487,e597041814f5,0.24286294062925293
openml_1487,024a1a8c54d1,0.2510562441150987
openml_1487,bdcde80d6dbb,0.2940707870894433
openml_1487,95475ce56089,0.29743807006648315
openml_1487,5009193136b4,0.2510562441150987
openml_1487,955728329102,0.2940707870894433
openml_1487,1f1b6dfa46dc,0.29743807006648315
openml_1487,272f18e90bd4,0.11153393046955497
openml_1487,0cc00684cc3f,0.0892466187152866
openml_1487,7203310ff7ba,0.1005796425133327
openml_1487,a399ab5a112a,0.1005796425133327
openml_1487,4d00158c440c,0.1005796425133327
openml_1487,f028e3896d9e,0.0988665640217294
openml_1487,bc0e2be21bfb,0.0988665640217294
openml_1487,ae16e9272ff8,0.14935581415305516
openml_1487,803c0d3403ff,0.04380602372701018
openml_1487,579a8bd776f9,0.048310652615799955
openml_1487,ccd2d07c7a4a,0.055404645601713404
openml_1487,92f60358ba37,0.0582721136203921
openml_1487,646357d2ae16,0.06572161688779016
openml_1487,5773d7049286,0.06931483920774151
openml_1487,a81f368f51bb,0.3177505444237443
openml_1487,70969dd2d720,0.17676246979989807
openml_1487,34b50b92b183,0.1785282978492684
openml_1487,48d260f98b0d,0.1785282978492684
openml_1487,1134a806601d,0.10872108219316098
openml_1487,0069693e350e,0.10985334733833456
openml_1487,2fa0af8799c8,0.10985334733833456
openml_1489,76c89cda5ca5,0.01146026521406912
openml_1489,23861655ac34,0.007252133383252898
openml_1489,a042255d7a7d,0.011377586477123081
openml_1489,47980bf71ea8,0.018910289445584125
openml_1489,79d9b0fb5f02,0.016709197524789776
openml_1489,e511e76239fe,0.009618947811378757
openml_1489,7741c3e44852,0.009763236358009795
openml_1489,b2d6bf5f391d,0.02177940206656258
openml_1489,3964e1ccb548,0.012061681565429055
openml_1489,4c077151b389,0.012544755064748253
openml_1489,f292f2a1db5b,0.006527361173952116
openml_1489,a4dbad06fd4e,0.009796059809141536
openml_1489,8eecd2798818,0.003076365180116771
openml_1489,4d9c9acccd21,0.005859793507765595
openml_1489,9381fbddb6c5,0.0180580018844359
openml_1489,8ec393598948,0.00926444751729497
openml_1489,77e145ffcc55,0.005750988531656034
openml_1489,632568e85407,0.011917265395349388
openml_1489,fa9612cfa871,0.008363176248876876
openml_1489,3d72e70b09e3,0.005194873112315771
openml_1489,45c510f16843,0.008429830022170104
openml_1489,27a2752a569f,0.006782979447754681
openml_1489,4ec824c366d4,0.27793151280478223
openml_1489,4555573328fc,0.34479987553387464
openml_1489,0f46e0814abc,
openml_1489,759f97a6695c,
openml_1489,9cd81f07f9eb,0.05567464108667539
openml_1489,bb5d6442dae0,0.03164796793976666
openml_1489,c610648f3a0b,0.01301521159385309
openml_1489,d9a6e957a479,0.041603557038410524
openml_1489,e0981ae1c5a2,0.07982598215651565
openml_1489,08e381bd46b1,0.05300303383627215
openml_1489,f7183f4c1fed,0.04431000742133938
openml_1489,7c2e8cd4a56d,0.011859181494025314
openml_1489,07ebbef7de3c,0.13479554393417748
openml_1489,db49059653de,0.13479554393417748
openml_1489,19967cb83e78,0.062104766272213216
openml_1489,158a0277ed3c,
openml_1489,d0fba6f03c0f,
openml_1489,f10f8ff36baa,
openml_1489,672c637760be,
openml_1489,0cd896f527d5,
openml_1489,4887a0323e21,
openml_1489,3d795ce47578,
openml_1489,639f74dd0e43,
openml_1489,9c3ccb4fd98f,
openml_1489,5647bbf0428d,0.0455539219851159
openml_1489,389d4ccb0588,0.0355183448869413
openml_1489,e34ce5984b64,0.04087908223036033
openml_1489,63470ebdd53e,0.0595261966611907
openml_1489,46814f50e13d,0.05138063042271908
openml_1489,e597041814f5,0.15485539004210838
openml_1489,024a1a8c54d1,0.06243811523346597
openml_1489,bdcde80d6dbb,0.02692448762373064
openml_1489,95475ce56089,0.048265137011329506
openml_1489,5009193136b4,0.07595652431110413
openml_1489,955728329102,0.0520264804011682
openml_1489,1f1b6dfa46dc,0.048265137011329506
openml_1489,272f18e90bd4,0.023588697349515547
openml_1489,0cc00684cc3f,0.01638768169607232
openml_1489,7203310ff7ba,0.019086982108687048
openml_1489,a399ab5a112a,0.019086982108687048
openml_1489,4d00158c440c,0.02436670921120551
openml_1489,f028e3896d9e,0.02895143949916131
openml_1489,bc0e2be21bfb,0.02895143949916131
openml_1489,ae16e9272ff8,0.021919493385229274
openml_1489,803c0d3403ff,0.021919493385229274
openml_1489,579a8bd776f9,0.025960626794719915
openml_1489,ccd2d07c7a4a,0.028911627052354855
openml_1489,92f60358ba37,0.03160105727614763
openml_1489,646357d2ae16,0.03598360685166265
openml_1489,5773d7049286,0.03176504744471703
openml_1489,a81f368f51bb,0.12426973142504069
openml_1489,70969dd2d720,0.08592793064507567
openml_1489,34b50b92b183,0.04280833637002477
openml_1489,48d260f98b0d,0.04280833637002477
openml_1489,1134a806601d,0.036445946609459365
openml_1489,0069693e350e,0.036445946609459365
openml_1489,2fa0af8799c8,0.038786282561194395
openml_1494,76c89cda5ca5,0.010715486526528713
openml_1494,23861655ac34,0.01019783775223797
openml_1494,a042255d7a7d,0.0034889838860313158
openml_1494,47980bf71ea8,0.014115424968353303
openml_1494,79d9b0fb5f02,0.01493262248645589
openml_1494,e511e76239fe,0.02521153762518491
openml_1494,7741c3e44852,0.03542903921814301
openml_1494,b2d6bf5f391d,0.03450574282080286
openml_1494,3964e1ccb548,0.035933437369525645
openml_1494,f292f2a1db5b,0.017700185672684433
openml_1494,a4dbad06fd4e,0.018150585497952246
openml_1494,8eecd2798818,0.018540998942745288
openml_1494,4d9c9acccd21,0.030951686592266797
openml_1494,9381fbddb6c5,0.02394669432817487
openml_1494,8ec393598948,0.029149628216834263
openml_1494,77e145ffcc55,0.01904492854815689
openml_1494,632568e85407,0.019291547903739045
openml_1494,fa9612cfa871,0.02285206013183948
openml_1494,27a2752a569f,0.020827904480022696
openml_1494,4ec824c366d4,33.50971372939544
openml_1494,4555573328fc,
openml_1494,0f46e0814abc,
openml_1494,759f97a6695c,
openml_1494,9cd81f07f9eb,3.8157906702191875
openml_1494,bb5d6442dae0,
openml_1494,c610648f3a0b,
openml_1494,d9a6e957a479,
openml_1494,e0981ae1c5a2,1.5118474275567955
openml_1494,08e381bd46b1,
openml_1494,f7183f4c1fed,
openml_1494,7c2e8cd4a56d,
openml_1494,07ebbef7de3c,0.38876662261596945
openml_1494,db49059653de,0.5850007352948519
openml_1494,19967cb83e78,
openml_1494,158a0277ed3c,
openml_1494,d0fba6f03c0f,0.16576962252497207
openml_1494,f10f8ff36baa,0.1176017993316596
openml_1494,672c637760be,0.1867229279696269
openml_1494,0cd896f527d5,0.2882981739249007
openml_1494,4887a0323e21,0.2750402021236001
openml_1494,3d795ce47578,0.2750402021236001
openml_1494,639f74dd0e43,0.29696877947865685
openml_1494,9c3ccb4fd98f,
openml_1494,5647bbf0428d,0.06501411573040211
openml_1494,389d4ccb0588,0.10443985267529206
openml_1494,e34ce5984b64,0.27353550593399817
openml_1494,63470ebdd53e,0.08934010251389629
openml_1494,46814f50e13d,0.18320685889786542
openml_1494,e597041814f5,0.27353550593399817
openml_1494,024a1a8c54d1,0.19358671703849564
openml_1494,bdcde80d6dbb,0.35299827020094576
openml_1494,95475ce56089,0.23462382229164894
openml_1494,5009193136b4,0.21690094312369934
openml_1494,955728329102,0.2556341285245453
openml_1494,1f1b6dfa46dc,0.2889679031513343
openml_1494,272f18e90bd4,0.0287447694236627
openml_1494,0cc00684cc3f,0.0287447694236627
openml_1494,7203310ff7ba,0.0287447694236627
openml_1494,a399ab5a112a,0.027200029727045452
openml_1494,4d00158c440c,0.05433825967022238
openml_1494,f028e3896d9e,0.05433825967022238
openml_1494,bc0e2be21bfb,0.05820472786284134
openml_1494,ae16e9272ff8,1.0299944877175757
openml_1494,803c0d3403ff,0.2844889786820116
openml_1494,579a8bd776f9,0.18979729592338268
openml_1494,ccd2d07c7a4a,0.1654877554977845
openml_1494,92f60358ba37,0.06034447596581873
openml_1494,646357d2ae16,0.06925806287632755
openml_1494,5773d7049286,0.08174732446643374
openml_1494,a81f368f51bb,1.0299944877175757
openml_1494,70969dd2d720,0.3364742459963855
openml_1494,34b50b92b183,0.23952696051261216
openml_1494,48d260f98b0d,0.2527822887255181
openml_1494,1134a806601d,0.22740632951578743
openml_1494,0069693e350e,0.25483944369875694
openml_1494,2fa0af8799c8,0.17950514823767522
openml_1497,76c89cda5ca5,0.004932011019173244
openml_1497,23861655ac34,0.03982625533115222
openml_1497,a042255d7a7d,0.03149019821852905
openml_1497,47980bf71ea8,0.03141029417981611
openml_1497,79d9b0fb5f02,0.01932186852360265
openml_1497,e511e76239fe,0.01932186852360265
openml_1497,7741c3e44852,0.055430798237875646
openml_1497,b2d6bf5f391d,0.0345091693936419
openml_1497,3964e1ccb548,0.01301832764149065
openml_1497,4c077151b389,0.00859433074549691
openml_1497,f292f2a1db5b,0.005589089862754428
openml_1497,a4dbad06fd4e,0.007843144197670763
openml_1497,8eecd2798818,0.008649408007935675
openml_1497,4d9c9acccd21,0.006165613726838011
openml_1497,9381fbddb6c5,0.0038844217880874754
openml_1497,8ec393598948,0.036315909294597826
openml_1497,77e145ffcc55,0.003255336521782206
openml_1497,632568e85407,0.010028724571117132
openml_1497,fa9612cfa871,0.01040595161177412
openml_1497,3d72e70b09e3,0.00932680341750383
openml_1497,45c510f16843,0.01030308495920746
openml_1497,4ec824c366d4,0.25297185634241304
openml_1497,4555573328fc,2.862873080051901
openml_1497,0f46e0814abc,
openml_1497,759f97a6695c,
openml_1497,9cd81f07f9eb,0.27941068821621334
openml_1497,bb5d6442dae0,0.3295208851689256
openml_1497,c610648f3a0b,0.4526800479185971
openml_1497,d9a6e957a479,10.42485022151306
openml_1497,e0981ae1c5a2,0.3543192938271635
openml_1497,08e381bd46b1,0.35618283868230155
openml_1497,f7183f4c1fed,0.40762428348743934
openml_1497,7c2e8cd4a56d,4.434272390775909
openml_1497,07ebbef7de3c,0.38202137597020247
openml_1497,db49059653de,0.38676838100136546
openml_1497,19967cb83e78,0.2518641262185581
openml_1497,158a0277ed3c,0.9333908077658132
openml_1497,d0fba6f03c0f,0.2150352613754187
openml_1497,f10f8ff36baa,0.17717056293981998
openml_1497,672c637760be,0.18986666693768042
openml_1497,0cd896f527d5,0.13336881493312497
openml_1497,4887a0323e21,
openml_1497,3d795ce47578,
openml_1497,639f74dd0e43,
openml_1497,9c3ccb4fd98f,
openml_1497,5647bbf0428d,0.0361624440714034
openml_1497,389d4ccb0588,0.03841358760238497
openml_1497,e34ce5984b64,0.18465176552455043
openml_1497,63470ebdd53e,0.03278896393068036
openml_1497,46814f50e13d,0.12764565324875973
openml_1497,e597041814f5,0.18465176552455043
openml_1497,024a1a8c54d1,0.12412823915833301
openml_1497,bdcde80d6dbb,0.12412823915833301
openml_1497,95475ce56089,0.1935149396084563
openml_1497,5009193136b4,0.19044931179560612
openml_1497,955728329102,0.21607257650753242
openml_1497,1f1b6dfa46dc,0.2411672851573732
openml_1497,272f18e90bd4,0.15906366955388027
openml_1497,0cc00684cc3f,0.12396884734301669
openml_1497,7203310ff7ba,0.12396884734301669
openml_1497,a399ab5a112a,0.12396884734301669
openml_1497,4d00158c440c,0.07481583498963267
openml_1497,f028e3896d9e,0.08463232137649375
openml_1497,bc0e2be21bfb,0.08463232137649375
openml_1497,ae16e9272ff8,0.1190000988908255
openml_1497,803c0d3403ff,0.12746331420992452
openml_1497,579a8bd776f9,0.08680007985213777
openml_1497,ccd2d07c7a4a,0.09080369531659849
openml_1497,92f60358ba37,0.10048258483080219
openml_1497,646357d2ae16,0.10563331367633158
openml_1497,5773d7049286,0.10285519988038005
openml_1497,a81f368f51bb,0.2478817208464719
openml_1497,70969dd2d720,0.19686792294644084
openml_1497,34b50b92b183,0.19686792294644084
openml_1497,48d260f98b0d,0.19686792294644084
openml_1497,1134a806601d,0.16706061387452661
openml_1497,0069693e350e,0.17445690837321015
openml_1497,2fa0af8799c8,0.16857234740995541
openml_15,76c89cda5ca5,0.11684094172085929
openml_15,23861655ac34,0.17824073905503637
openml_15,a042255d7a7d,0.16057084592798473
openml_15,47980bf71ea8,0.05157780106295281
openml_15,79d9b0fb5f02,0.06437400984968947
openml_15,e511e76239fe,0.06437400175251143
openml_15,7741c3e44852,0.06681991793546245
openml_15,b2d6bf5f391d,0.07452643144133701
openml_15,3964e1ccb548,0.027605172186662686
openml_15,4c077151b389,0.028885956317902854
openml_15,f292f2a1db5b,0.03682867313229244
openml_15,a4dbad06fd4e,0.03682867313229244
openml_15,8eecd2798818,0.03682867313229244
openml_15,4d9c9acccd21,0.04855950560578677
openml_15,9381fbddb6c5,0.03402172902842222
openml_15,8ec393598948,0.059726675041620374
openml_15,3a9260f9550f,0.14024047663855008
openml_15,0dfb18d06f3a,0.1540925434424942
openml_15,c104b3d67121,0.1705746959132512
openml_15,7f10ff06a55f,0.18055095571314003
openml_15,afb4fe7d2eaa,0.1811676452286606
openml_15,627cdef1f058,0.12377327481136395
openml_15,c5dfd3221b79,0.10609042219227163
openml_15,e3ae029f4d54,0.03637974177867405
openml_15,98d2a79e4c00,0.03562666895825831
openml_15,0481ef8f35a2,0.03660632354407968
openml_15,9a585386bc6d,0.03660632354407968
openml_15,971471268792,0.037841147880513765
openml_15,4ec824c366d4,10996230.0
openml_15,4555573328fc,11925266.0
openml_15,0f46e0814abc,
openml_15,759f97a6695c,
openml_15,9cd81f07f9eb,0.5930522438112118
openml_15,bb5d6442dae0,0.6431573147656565
openml_15,c610648f3a0b,0.6431573147656565
openml_15,d9a6e957a479,1.485392807455776
openml_15,e0981ae1c5a2,0.22998806867770008
openml_15,08e381bd46b1,0.2500456869359904
openml_15,f7183f4c1fed,
openml_15,7c2e8cd4a56d,
openml_15,07ebbef7de3c,0.3843359513433364
openml_15,db49059653de,
openml_15,19967cb83e78,
openml_15,158a0277ed3c,
openml_15,d0fba6f03c0f,0.20619823776085938
openml_15,f10f8ff36baa,
openml_15,672c637760be,
openml_15,0cd896f527d5,0.21656767073561614
openml_15,4887a0323e21,
openml_15,3d795ce47578,
openml_15,639f74dd0e43,
openml_15,9c3ccb4fd98f,
openml_15,5647bbf0428d,0.05180886089781565
openml_15,389d4ccb0588,0.06967600814571982
openml_15,e34ce5984b64,0.06453064610581988
openml_15,63470ebdd53e,0.054682384780509595
openml_15,46814f50e13d,0.06967600814571982
openml_15,e597041814f5,0.06453064610581988
openml_15,024a1a8c54d1,0.05468239165864351
openml_15,bdcde80d6dbb,0.06967601690980202
openml_15,95475ce56089,0.06998264102876454
openml_15,5009193136b4,0.25137392114416646
openml_15,955728329102,0.1744572800587289
openml_15,1f1b6dfa46dc,0.22658845113463685
openml_15,272f18e90bd4,0.11019551376918944
openml_15,0cc00684cc3f,0.1267532572125208
openml_15,7203310ff7ba,0.13610469947469708
openml_15,a399ab5a112a,0.04489655456169495
openml_15,4d00158c440c,0.05436343523906382
openml_15,f028e3896d9e,0.05829738755428239
openml_15,bc0e2be21bfb,0.061290817019270416
openml_15,ae16e9272ff8,0.07605151772352946
openml_15,803c0d3403ff,0.08998726499684255
openml_15,579a8bd776f9,0.10691815358283367
openml_15,ccd2d07c7a4a,0.11530258736578312
openml_15,92f60358ba37,0.12326193920069682
openml_15,646357d2ae16,0.13838950258044735
openml_15,5773d7049286,0.1462623105864412
openml_15,a81f368f51bb,0.1705746959132512
openml_15,70969dd2d720,0.18446252089182666
openml_15,34b50b92b183,0.19304870925842635
openml_15,48d260f98b0d,0.19304870925842635
openml_15,1134a806601d,0.19739809957535784
openml_15,0069693e350e,0.21599687857197092
openml_15,2fa0af8799c8,0.21669909201314055
openml_1501,76c89cda5ca5,0.37349019737664346
openml_1501,23861655ac34,0.3546309437435601
openml_1501,a042255d7a7d,0.34768509970650374
openml_1501,47980bf71ea8,0.39012858685772733
openml_1501,79d9b0fb5f02,0.3555238936488999
openml_1501,e511e76239fe,0.3116984298429012
openml_1501,7741c3e44852,0.3641665714801042
openml_1501,b2d6bf5f391d,0.35046288055859387
openml_1501,3964e1ccb548,0.3380707865683608
openml_1501,4c077151b389,0.3546309437435601
openml_1501,f292f2a1db5b,0.36383314976748415
openml_1501,a4dbad06fd4e,0.3655344535364807
openml_1501,8eecd2798818,0.2834514913448061
openml_1501,632568e85407,0.230886920354842
openml_1501,fa9612cfa871,0.3069223968368085
openml_1501,3d72e70b09e3,0.28601139064691605
openml_1501,27a2752a569f,0.29143586689672074
openml_1501,4ec824c366d4,
openml_1501,4555573328fc,
openml_1501,0f46e0814abc,
openml_1501,759f97a6695c,
openml_1501,9cd81f07f9eb,
openml_1501,bb5d6442dae0,
openml_1501,c610648f3a0b,
openml_1501,d9a6e957a479,
openml_1501,e0981ae1c5a2,
openml_1501,08e381bd46b1,
openml_1501,f7183f4c1fed,
openml_1501,7c2e8cd4a56d,
openml_1501,07ebbef7de3c,
openml_1501,db49059653de,
openml_1501,19967cb83e78,
openml_1501,158a0277ed3c,
openml_1501,d0fba6f03c0f,
openml_1501,f10f8ff36baa,
openml_1501,672c637760be,
openml_1501,0cd896f527d5,
openml_1501,4887a0323e21,
openml_1501,3d795ce47578,
openml_1501,639f74dd0e43,
openml_1501,9c3ccb4fd98f,
openml_1501,5647bbf0428d,0.4421885875331787
openml_1501,389d4ccb0588,0.5314486175220461
openml_1501,e34ce5984b64,0.44032995641841044
openml_1501,63470ebdd53e,0.5049419252396748
openml_1501,46814f50e13d,0.5314486175220461
openml_1501,e597041814f5,0.44032995641841044
openml_1501,024a1a8c54d1,0.5014925759027872
openml_1501,bdcde80d6dbb,0.5314486175220461
openml_1501,95475ce56089,0.44032995641841044
openml_1501,5009193136b4,0.5269530572426989
openml_1501,955728329102,0.5419381045852152
openml_1501,1f1b6dfa46dc,0.44032995641841044
openml_1501,272f18e90bd4,0.39748723148907955
openml_1501,0cc00684cc3f,0.36901250454635104
openml_1501,7203310ff7ba,0.3778648297262987
openml_1501,a399ab5a112a,0.3778648297262987
openml_1501,4d00158c440c,0.3355714290291072
openml_1501,f028e3896d9e,0.3507977759710613
openml_1501,bc0e2be21bfb,0.3507977759710613
openml_1501,ae16e9272ff8,0.3988315233285032
openml_1501,803c0d3403ff,0.3403745756807307
openml_1501,579a8bd776f9,0.34317018447492775
openml_1501,ccd2d07c7a4a,0.352481140316477
openml_1501,92f60358ba37,0.3583089849901687
openml_1501,646357d2ae16,0.36041813774979314
openml_1501,5773d7049286,0.3682622011668917
openml_1501,a81f368f51bb,0.5831729779650358
openml_1501,70969dd2d720,0.5831729779650358
openml_1501,34b50b92b183,0.5037430461820238
openml_1501,48d260f98b0d,0.45592510940543174
openml_1501,1134a806601d,0.4187943801295882
openml_1501,0069693e350e,0.4263648078322231
openml_1501,2fa0af8799c8,0.4263648078322231
openml_1504,76c89cda5ca5,0.007155657073923427
openml_1504,23861655ac34,0.007155657073923427
openml_1504,a042255d7a7d,0.03980469743661286
openml_1504,47980bf71ea8,0.0521643400096887
openml_1504,79d9b0fb5f02,0.05205716572212178
openml_1504,e511e76239fe,0.03901635366702578
openml_1504,7741c3e44852,0.06952608735462425
openml_1504,b2d6bf5f391d,0.05541555795012077
openml_1504,3964e1ccb548,0.00713875823643703
openml_1504,4c077151b389,0.007139286635248672
openml_1504,f292f2a1db5b,0.007139286635248672
openml_1504,a4dbad06fd4e,0.012038243574005495
openml_1504,8eecd2798818,0.0619293831764571
openml_1504,4d9c9acccd21,0.02368252141025978
openml_1504,9381fbddb6c5,0.04027206301583181
openml_1504,8ec393598948,0.007139286635248672
openml_1504,4ec824c366d4,
openml_1504,4555573328fc,
openml_1504,0f46e0814abc,
openml_1504,759f97a6695c,
openml_1504,9cd81f07f9eb,0.30812088406488114
openml_1504,bb5d6442dae0,0.4008726318325926
openml_1504,c610648f3a0b,
openml_1504,d9a6e957a479,
openml_1504,e0981ae1c5a2,0.21214571681749453
openml_1504,08e381bd46b1,0.2399356693431134
openml_1504,f7183f4c1fed,0.2865075753661464
openml_1504,7c2e8cd4a56d,
openml_1504,07ebbef7de3c,0.23500384845872296
openml_1504,db49059653de,0.22907224899870576
openml_1504,19967cb83e78,0.27284522508701287
openml_1504,158a0277ed3c,0.9185484267253764
openml_1504,d0fba6f03c0f,0.22242501220013866
openml_1504,f10f8ff36baa,0.17529568024191858
openml_1504,672c637760be,0.09341613302886338
openml_1504,0cd896f527d5,0.21740760646695015
openml_1504,4887a0323e21,0.2902148938668084
openml_1504,3d795ce47578,0.2902148938668084
openml_1504,639f74dd0e43,0.2931640693519458
openml_1504,9c3ccb4fd98f,0.31795316094122483
openml_1504,5647bbf0428d,0.05547496056899793
openml_1504,389d4ccb0588,0.12947468186880165
openml_1504,e34ce5984b64,0.23160791154369723
openml_1504,63470ebdd53e,0.12493005829250169
openml_1504,46814f50e13d,0.12947468186880165
openml_1504,e597041814f5,0.2273741108203387
openml_1504,024a1a8c54d1,0.18579224160365704
openml_1504,bdcde80d6dbb,0.1967956042906872
openml_1504,95475ce56089,0.2273741108203387
openml_1504,5009193136b4,0.18027015162079968
openml_1504,955728329102,0.22080879967778458
openml_1504,1f1b6dfa46dc,0.25511852599046303
openml_1504,272f18e90bd4,0.04497470822943494
openml_1504,0cc00684cc3f,0.16860149843873593
openml_1504,7203310ff7ba,0.0955978390128953
openml_1504,a399ab5a112a,0.0955978390128953
openml_1504,4d00158c440c,0.09890346209803448
openml_1504,f028e3896d9e,0.10411722412663832
openml_1504,bc0e2be21bfb,0.0938640875831561
openml_1504,ae16e9272ff8,2.8271649028094865
openml_1504,803c0d3403ff,0.10199042206424401
openml_1504,579a8bd776f9,0.03890254175278256
openml_1504,ccd2d07c7a4a,0.04021133369339498
openml_1504,92f60358ba37,0.04526443676812917
openml_1504,646357d2ae16,0.05020882661950532
openml_1504,5773d7049286,0.0541858001801167
openml_1504,a81f368f51bb,2.8271649028094865
openml_1504,70969dd2d720,0.21227333684376215
openml_1504,34b50b92b183,0.22890842513081944
openml_1504,48d260f98b0d,0.171133171733929
openml_1504,1134a806601d,0.171133171733929
openml_1504,0069693e350e,0.16375684558125253
openml_1504,2fa0af8799c8,0.16912995851789403
openml_151,76c89cda5ca5,0.009327218535387463
openml_151,23861655ac34,0.011873384543720243
openml_151,a042255d7a7d,0.013302041024993884
openml_151,47980bf71ea8,0.01766843973995233
openml_151,79d9b0fb5f02,0.010701648786739995
openml_151,e511e76239fe,0.009995898893287034
openml_151,7741c3e44852,0.011470537248021778
openml_151,8ec393598948,0.029211882887001377
openml_151,77e145ffcc55,0.020547351740599358
openml_151,9cd81f07f9eb,0.06274701087486206
openml_151,bb5d6442dae0,0.05514046193073044
openml_151,c610648f3a0b,0.07738656222375527
openml_151,e0981ae1c5a2,0.05660800611843904
openml_151,08e381bd46b1,0.06513007687194554
openml_151,f7183f4c1fed,0.033776271339949204
openml_151,07ebbef7de3c,0.11352573287710811
openml_151,db49059653de,0.11352573287710811
openml_151,19967cb83e78,0.12233401470113536
openml_151,d0fba6f03c0f,
openml_151,f10f8ff36baa,
openml_151,672c637760be,
openml_1510,76c89cda5ca5,0.060762987363711954
openml_1510,23861655ac34,0.06798371856545782
openml_1510,a042255d7a7d,0.05254761017590556
openml_1510,47980bf71ea8,0.06323235610799181
openml_1510,79d9b0fb5f02,0.07670429655757621
openml_1510,e511e76239fe,0.08303505798757248
openml_1510,7741c3e44852,0.07940097150950663
openml_1510,b2d6bf5f391d,0.09331362120652165
openml_1510,3964e1ccb548,0.05176128454566724
openml_1510,4c077151b389,0.07637845299064276
openml_1510,f292f2a1db5b,0.051546565821189674
openml_1510,a4dbad06fd4e,0.06536819192025578
openml_1510,8eecd2798818,0.06696851901313106
openml_1510,4d9c9acccd21,0.07344922634632503
openml_1510,9381fbddb6c5,0.0815150124974625
openml_1510,8ec393598948,0.05699383502560165
openml_1510,77e145ffcc55,0.05566498160417091
openml_1510,632568e85407,0.05501983148835961
openml_1510,fa9612cfa871,0.05597991426894463
openml_1510,3d72e70b09e3,0.05479342543393831
openml_1510,45c510f16843,0.06625375917788978
openml_1510,27a2752a569f,0.07268106192054846
openml_1510,4ec824c366d4,
openml_1510,4555573328fc,
openml_1510,0f46e0814abc,
openml_1510,759f97a6695c,
openml_1510,9cd81f07f9eb,
openml_1510,bb5d6442dae0,
openml_1510,c610648f3a0b,
openml_1510,d9a6e957a479,
openml_1510,e0981ae1c5a2,
openml_1510,08e381bd46b1,
openml_1510,f7183f4c1fed,
openml_1510,7c2e8cd4a56d,
openml_1510,07ebbef7de3c,
openml_1510,db49059653de,
openml_1510,19967cb83e78,
openml_1510,158a0277ed3c,
openml_1510,d0fba6f03c0f,0.3056642690747066
openml_1510,f10f8ff36baa,0.24208681608027602
openml_1510,672c637760be,
openml_1510,0cd896f527d5,
openml_1510,4887a0323e21,
openml_1510,3d795ce47578,
openml_1510,639f74dd0e43,
openml_1510,9c3ccb4fd98f,
openml_1510,5647bbf0428d,0.21729293957681464
openml_1510,389d4ccb0588,0.28290511062162976
openml_1510,e34ce5984b64,0.29654011208113845
openml_1510,63470ebdd53e,0.2844006672798721
openml_1510,46814f50e13d,0.28290511062162976
openml_1510,e597041814f5,
openml_1510,024a1a8c54d1,0.2033315794358978
openml_1510,bdcde80d6dbb,
openml_1510,95475ce56089,
openml_1510,5009193136b4,
openml_1510,955728329102,
openml_1510,1f1b6dfa46dc,
openml_1510,272f18e90bd4,0.0723879248520581
openml_1510,0cc00684cc3f,0.09381733149324062
openml_1510,7203310ff7ba,0.09666751729526445
openml_1510,a399ab5a112a,0.08860843773353905
openml_1510,4d00158c440c,0.08860843773353905
openml_1510,f028e3896d9e,0.09940775214251664
openml_1510,bc0e2be21bfb,0.09940775214251664
openml_1510,ae16e9272ff8,0.5184049741588308
openml_1510,803c0d3403ff,0.2624779819004922
openml_1510,579a8bd776f9,0.08348741528882665
openml_1510,ccd2d07c7a4a,0.09479786760307053
openml_1510,92f60358ba37,0.1105489088425282
openml_1510,646357d2ae16,0.12912228742590987
openml_1510,5773d7049286,0.14026780989720536
openml_1510,a81f368f51bb,0.3404622471871982
openml_1510,70969dd2d720,0.3825044962402978
openml_1510,34b50b92b183,0.3825044962402978
openml_1510,48d260f98b0d,0.17258553702382626
openml_1510,1134a806601d,0.1793090731823609
openml_1510,0069693e350e,0.1862640192533807
openml_1510,2fa0af8799c8,0.1862640192533807
openml_1515,76c89cda5ca5,0.5781374588707174
openml_1515,23861655ac34,0.09716324678324989
openml_1515,a042255d7a7d,0.06693824657577083
openml_1515,47980bf71ea8,0.050715786840644615
openml_1515,79d9b0fb5f02,0.03484895831691117
openml_1515,e511e76239fe,0.025324528052155154
openml_1515,7741c3e44852,0.03489092302830144
openml_1515,b2d6bf5f391d,0.028331573818353863
openml_1515,3964e1ccb548,0.18993961342055546
openml_1515,4c077151b389,0.0797403664067403
openml_1515,f292f2a1db5b,0.054990039636763396
openml_1515,a4dbad06fd4e,0.04463381917930145
openml_1515,8ec393598948,0.18993961342055546
openml_1515,77e145ffcc55,0.03135037749064363
openml_1515,632568e85407,0.015653800657921917
openml_1515,fa9612cfa871,0.015653800657921917
openml_1515,3d72e70b09e3,0.015653800657921917
openml_1515,45c510f16843,0.016108822795004273
openml_1515,27a2752a569f,0.017574387574348732
openml_1515,4ec824c366d4,
openml_1515,4555573328fc,
openml_1515,0f46e0814abc,
openml_1515,759f97a6695c,
openml_1515,9cd81f07f9eb,2.6431072275030547
openml_1515,bb5d6442dae0,
openml_1515,c610648f3a0b,
openml_1515,d9a6e957a479,
openml_1515,e0981ae1c5a2,0.44116451204304197
openml_1515,08e381bd46b1,
openml_1515,f7183f4c1fed,
openml_1515,7c2e8cd4a56d,
openml_1515,07ebbef7de3c,0.23349600064125894
openml_1515,db49059653de,
openml_1515,19967cb83e78,
openml_1515,158a0277ed3c,
openml_1515,d0fba6f03c0f,0.23822439269040394
openml_1515,f10f8ff36baa,0.3788659662264742
openml_1515,672c637760be,
openml_1515,0cd896f527d5,
openml_1515,4887a0323e21,0.29627043181563506
openml_1515,3d795ce47578,
openml_1515,639f74dd0e43,
openml_1515,9c3ccb4fd98f,
openml_1515,5647bbf0428d,0.03542602589579879
openml_1515,389d4ccb0588,0.20972443669991925
openml_1515,e34ce5984b64,
openml_1515,63470ebdd53e,0.23973795711115786
openml_1515,46814f50e13d,0.20972443669991925
openml_1515,e597041814f5,
openml_1515,024a1a8c54d1,
openml_1515,bdcde80d6dbb,
openml_1515,95475ce56089,
openml_1515,5009193136b4,
openml_1515,955728329102,
openml_1515,1f1b6dfa46dc,
openml_1515,272f18e90bd4,0.6478444842680643
openml_1515,0cc00684cc3f,0.6695061459210853
openml_1515,7203310ff7ba,0.10480282661335051
openml_1515,a399ab5a112a,0.10480282661335051
openml_1515,4d00158c440c,0.11392114000773071
openml_1515,f028e3896d9e,0.04903819064923765
openml_1515,bc0e2be21bfb,0.05077374293918867
openml_1515,ae16e9272ff8,0.6478444842680643
openml_1515,803c0d3403ff,0.6695061459210853
openml_1515,579a8bd776f9,0.616557344947123
openml_1515,ccd2d07c7a4a,0.5145144017393694
openml_1515,92f60358ba37,0.5022657654251044
openml_1515,646357d2ae16,0.15115359513613638
openml_1515,5773d7049286,0.1592120815820429
openml_1515,a81f368f51bb,0.6478444842680643
openml_1515,70969dd2d720,0.6695061459210853
openml_1515,34b50b92b183,0.616557344947123
openml_1515,48d260f98b0d,0.5145144017393694
openml_1515,1134a806601d,0.5022657654251044
openml_1515,0069693e350e,0.34780496902996516
openml_1515,2fa0af8799c8,0.2463223948830701
openml_1558,76c89cda5ca5,0.011693141757402886
openml_1558,23861655ac34,0.006603579772314488
openml_1558,a042255d7a7d,0.005797156675585635
openml_1558,47980bf71ea8,0.006318331025575585
openml_1558,79d9b0fb5f02,0.007043479960734741
openml_1558,e511e76239fe,0.007293985900994499
openml_1558,7741c3e44852,0.010599089472933778
openml_1558,b2d6bf5f391d,0.008748963954935783
openml_1558,3964e1ccb548,0.01028076202172888
openml_1558,4c077151b389,0.01028076202172888
openml_1558,f292f2a1db5b,0.009053881298281996
openml_1558,a4dbad06fd4e,0.003767634151331163
openml_1558,8eecd2798818,0.006535651484963852
openml_1558,4d9c9acccd21,0.0047145992615262025
openml_1558,9381fbddb6c5,0.0038233582654341285
openml_1558,8ec393598948,0.023213720122849443
openml_1558,fa9612cfa871,0.003767634151331163
openml_1558,4ec824c366d4,5.6187741815415135
openml_1558,4555573328fc,
openml_1558,0f46e0814abc,
openml_1558,759f97a6695c,
openml_1558,9cd81f07f9eb,0.0786243058966968
openml_1558,bb5d6442dae0,0.04649567450829187
openml_1558,c610648f3a0b,0.05325871080584828
openml_1558,d9a6e957a479,
openml_1558,e0981ae1c5a2,0.0990006144949556
openml_1558,08e381bd46b1,0.06908604338373982
openml_1558,f7183f4c1fed,0.07980355212441392
openml_1558,7c2e8cd4a56d,
openml_1558,07ebbef7de3c,0.11009422409891309
openml_1558,db49059653de,0.11291449729804282
openml_1558,19967cb83e78,
openml_1558,158a0277ed3c,0.09886406492252241
openml_1558,d0fba6f03c0f,0.22253131861585462
openml_1558,f10f8ff36baa,
openml_1558,672c637760be,
openml_1558,0cd896f527d5,
openml_1558,4887a0323e21,
openml_1558,3d795ce47578,
openml_1558,639f74dd0e43,
openml_1558,9c3ccb4fd98f,
openml_1558,5647bbf0428d,0.06829227061759735
openml_1558,389d4ccb0588,0.1637671938610976
openml_1558,e34ce5984b64,0.09979761814047164
openml_1558,63470ebdd53e,0.1035331048036405
openml_1558,46814f50e13d,0.1385772097419161
openml_1558,e597041814f5,0.09979761814047164
openml_1558,024a1a8c54d1,0.1035331048036405
openml_1558,bdcde80d6dbb,0.1385772097419161
openml_1558,95475ce56089,0.09979761814047164
openml_1558,5009193136b4,0.10429548624738263
openml_1558,955728329102,0.1385772097419161
openml_1558,1f1b6dfa46dc,0.15651093824999737
openml_1558,272f18e90bd4,0.029314745934828468
openml_1558,0cc00684cc3f,0.022494957697031172
openml_1558,7203310ff7ba,0.014944585760663138
openml_1558,a399ab5a112a,0.009365076501881972
openml_1558,4d00158c440c,0.009365076501881972
openml_1558,f028e3896d9e,0.009365076501881972
openml_1558,bc0e2be21bfb,0.014642359718560769
openml_1558,ae16e9272ff8,0.7024612696108908
openml_1558,803c0d3403ff,0.06419550355429483
openml_1558,579a8bd776f9,0.07978480306114241
openml_1558,ccd2d07c7a4a,0.023177152889822316
openml_1558,92f60358ba37,0.027498935179840523
openml_1558,646357d2ae16,0.023409652765543607
openml_1558,5773d7049286,0.026309295436748294
openml_1558,a81f368f51bb,0.7024612696108908
openml_1558,70969dd2d720,0.20274755563949706
openml_1558,34b50b92b183,0.08342746692628349
openml_1558,48d260f98b0d,0.08342746692628349
openml_1558,1134a806601d,0.0913638042330663
openml_1558,0069693e350e,0.07370835965208261
openml_1558,2fa0af8799c8,0.07370835965208261
openml_1590,76c89cda5ca5,0.09012091310380423
openml_1590,23861655ac34,0.0038796816522624917
openml_1590,a042255d7a7d,0.005142229117761023
openml_1590,47980bf71ea8,0.001713541811781123
openml_1590,79d9b0fb5f02,0.006237338093734339
openml_1590,e511e76239fe,0.0051055994174074035
openml_1590,7741c3e44852,0.0021178871215982104
openml_1590,8ec393598948,0.00538849116259608
openml_1590,9cd81f07f9eb,0.048172371702559634
openml_1590,bb5d6442dae0,0.048172371702559634
openml_1590,c610648f3a0b,0.05173814867032878
openml_1590,e0981ae1c5a2,0.08978264980539992
openml_1590,08e381bd46b1,0.09386167150779329
openml_1590,f7183f4c1fed,0.08330459929734933
openml_1590,07ebbef7de3c,0.1130992993876153
openml_1590,db49059653de,0.17427414631405772
openml_1590,19967cb83e78,0.19285185617993567
openml_1590,d0fba6f03c0f,0.1681289758151563
openml_1590,f10f8ff36baa,0.1681289758151563
openml_1590,672c637760be,0.8114666886029412
openml_1596,76c89cda5ca5,0.008388782389057145
openml_1596,23861655ac34,0.03477532142812159
openml_1596,a042255d7a7d,0.01642882931681278
openml_1596,47980bf71ea8,0.022086680366332913
openml_1596,79d9b0fb5f02,0.03541992793117314
openml_1596,e511e76239fe,0.03393376557928532
openml_1596,7741c3e44852,0.013343382921922971
openml_1596,9cd81f07f9eb,2.093041290055815
openml_1596,bb5d6442dae0,
openml_1596,c610648f3a0b,
openml_1596,e0981ae1c5a2,0.2888258680890822
openml_1596,08e381bd46b1,0.7047376313341799
openml_1596,f7183f4c1fed,
openml_1596,07ebbef7de3c,0.11667181888688605
openml_1596,db49059653de,0.10191962934937705
openml_1596,19967cb83e78,0.08296120522586581
openml_1596,d0fba6f03c0f,0.1936863893165158
openml_1596,f10f8ff36baa,0.20686322668229076
openml_1596,672c637760be,0.14861243867290916
openml_16,76c89cda5ca5,0.25671453902946056
openml_16,23861655ac34,0.23312529981745625
openml_16,a042255d7a7d,0.17415753595031336
openml_16,47980bf71ea8,0.1763870041223876
openml_16,79d9b0fb5f02,0.2640991404525576
openml_16,e511e76239fe,0.22082738170965951
openml_16,7741c3e44852,0.2237021342079544
openml_16,b2d6bf5f391d,0.2582457145602839
openml_16,3964e1ccb548,0.2611589330990328
openml_16,4c077151b389,0.2820493435694129
openml_16,f292f2a1db5b,0.23407432579524323
openml_16,a4dbad06fd4e,0.28591296962949697
openml_16,8eecd2798818,0.291787628130854
openml_16,4d9c9acccd21,0.21297530557417033
openml_16,9381fbddb6c5,0.21421216717922703
openml_16,8ec393598948,0.1645204230540149
openml_16,77e145ffcc55,0.26310947582938343
openml_16,632568e85407,0.1346789338528992
openml_16,fa9612cfa871,0.1346789338528992
openml_16,3d72e70b09e3,0.2480859048877803
openml_16,45c510f16843,0.21273450695122822
openml_16,27a2752a569f,0.1962728037356484
openml_16,4ec824c366d4,
openml_16,4555573328fc,
openml_16,0f46e0814abc,
openml_16,759f97a6695c,
openml_16,9cd81f07f9eb,
openml_16,bb5d6442dae0,
openml_16,c610648f3a0b,
openml_16,d9a6e957a479,
openml_16,e0981ae1c5a2,
openml_16,08e381bd46b1,
openml_16,f7183f4c1fed,
openml_16,7c2e8cd4a56d,
openml_16,07ebbef7de3c,
openml_16,db49059653de,
openml_16,19967cb83e78,
openml_16,158a0277ed3c,
openml_16,d0fba6f03c0f,
openml_16,f10f8ff36baa,
openml_16,672c637760be,
openml_16,0cd896f527d5,
openml_16,4887a0323e21,0.39124019599687815
openml_16,3d795ce47578,0.389960909115611
openml_16,639f74dd0e43,
openml_16,9c3ccb4fd98f,
openml_16,5647bbf0428d,0.38993047167557804
openml_16,389d4ccb0588,0.4400505292971022
openml_16,e34ce5984b64,0.38618546869986053
openml_16,63470ebdd53e,0.4129657442871453
openml_16,46814f50e13d,0.406245170273627
openml_16,e597041814f5,0.38618546869986053
openml_16,024a1a8c54d1,0.4129657442871453
openml_16,bdcde80d6dbb,0.3937164970961779
openml_16,95475ce56089,0.38618546869986053
openml_16,5009193136b4,0.4129657442871453
openml_16,955728329102,0.3937164970961779
openml_16,1f1b6dfa46dc,0.4072072848694934
openml_16,272f18e90bd4,0.33106325461830854
openml_16,0cc00684cc3f,0.30404394680087393
openml_16,7203310ff7ba,0.3067058432108825
openml_16,a399ab5a112a,0.32371708127961335
openml_16,4d00158c440c,0.2863378937195277
openml_16,f028e3896d9e,0.23687094293368668
openml_16,bc0e2be21bfb,0.2544549205726183
openml_16,ae16e9272ff8,0.25980993655680223
openml_16,803c0d3403ff,0.261731113958899
openml_16,579a8bd776f9,0.27024358894940353
openml_16,ccd2d07c7a4a,0.27576985548953736
openml_16,92f60358ba37,0.28300112794662546
openml_16,646357d2ae16,0.29211321503110516
openml_16,5773d7049286,0.29688476250886
openml_16,a81f368f51bb,0.527657643540201
openml_16,70969dd2d720,0.4885400910562843
openml_16,34b50b92b183,0.40562796715276317
openml_16,48d260f98b0d,0.31861158050420596
openml_16,1134a806601d,0.31861158050420596
openml_16,0069693e350e,0.3049986469128768
openml_16,2fa0af8799c8,0.3189667141962394
openml_18,76c89cda5ca5,0.012534358161201244
openml_18,23861655ac34,0.006540158653547087
openml_18,a042255d7a7d,0.015316700738366027
openml_18,47980bf71ea8,0.007335880116015511
openml_18,79d9b0fb5f02,0.0164395971827811
openml_18,e511e76239fe,0.009878044224373557
openml_18,7741c3e44852,0.011288389951960642
openml_18,b2d6bf5f391d,0.015960648499513758
openml_18,3964e1ccb548,0.19849058308264902
openml_18,4c077151b389,0.1169987744697547
openml_18,f292f2a1db5b,0.1169987744697547
openml_18,a4dbad06fd4e,0.1169987744697547
openml_18,8eecd2798818,0.004826518588981795
openml_18,4d9c9acccd21,0.00552244027487132
openml_18,9381fbddb6c5,0.0038737605819095626
openml_18,77e145ffcc55,0.012770574420142745
openml_18,4ec824c366d4,0.08273213353071822
openml_18,4555573328fc,0.05409965007594507
openml_18,0f46e0814abc,0.05289494012834919
openml_18,759f97a6695c,0.09951460874234913
openml_18,9cd81f07f9eb,0.04711651762142177
openml_18,bb5d6442dae0,0.0426826177614988
openml_18,c610648f3a0b,0.285243377164124
openml_18,d9a6e957a479,0.016873393395608966
openml_18,e0981ae1c5a2,0.11044231998539238
openml_18,08e381bd46b1,0.2471340189490472
openml_18,f7183f4c1fed,0.2471340189490472
openml_18,7c2e8cd4a56d,0.2644368057133004
openml_18,07ebbef7de3c,0.21002923899835477
openml_18,db49059653de,0.21002923899835477
openml_18,19967cb83e78,0.21002923899835477
openml_18,158a0277ed3c,0.21002923899835477
openml_18,d0fba6f03c0f,0.2864994091430553
openml_18,f10f8ff36baa,0.2864994091430553
openml_18,672c637760be,0.2864994091430553
openml_18,0cd896f527d5,0.2864994091430553
openml_18,4887a0323e21,
openml_18,3d795ce47578,
openml_18,639f74dd0e43,
openml_18,9c3ccb4fd98f,
openml_18,5647bbf0428d,0.014762193217764312
openml_18,389d4ccb0588,0.21002923899835477
openml_18,e34ce5984b64,0.21002923899835477
openml_18,63470ebdd53e,0.21002923899835477
openml_18,46814f50e13d,0.21002923899835477
openml_18,e597041814f5,0.21002923899835477
openml_18,024a1a8c54d1,0.21002923899835477
openml_18,bdcde80d6dbb,0.21002923899835477
openml_18,95475ce56089,0.21002923899835477
openml_18,5009193136b4,0.21002923899835477
openml_18,955728329102,0.21002923899835477
openml_18,1f1b6dfa46dc,0.21002923899835477
openml_18,272f18e90bd4,0.19849058308264902
openml_18,0cc00684cc3f,0.009198559053240674
openml_18,7203310ff7ba,0.012748831978250587
openml_18,a399ab5a112a,0.012748831978250587
openml_18,4d00158c440c,0.012748831978250587
openml_18,f028e3896d9e,0.0076789925685954614
openml_18,bc0e2be21bfb,0.014110168021971183
openml_18,ae16e9272ff8,0.011004519719615016
openml_18,803c0d3403ff,0.01394209401736781
openml_18,579a8bd776f9,0.016779984266549208
openml_18,ccd2d07c7a4a,0.020769626331685914
openml_18,92f60358ba37,0.023672653586951198
openml_18,646357d2ae16,0.021786274054044662
openml_18,5773d7049286,0.028008946632333533
openml_18,a81f368f51bb,0.22757175881538427
openml_18,70969dd2d720,0.22757175881538427
openml_18,34b50b92b183,0.11990734693388391
openml_18,48d260f98b0d,0.03096805887900579
openml_18,1134a806601d,0.03715148339778061
openml_18,0069693e350e,0.03999311859600211
openml_18,2fa0af8799c8,0.04647456923391883
openml_181,76c89cda5ca5,0.02620484746938034
openml_181,23861655ac34,0.020359288096323074
openml_181,a042255d7a7d,0.01455672042731539
openml_181,47980bf71ea8,0.02942619424769381
openml_181,79d9b0fb5f02,0.03465290012984071
openml_181,e511e76239fe,0.0228682645819151
openml_181,7741c3e44852,0.021224414096576043
openml_181,b2d6bf5f391d,0.03791548368831058
openml_181,3964e1ccb548,0.4063231722983718
openml_181,4c077151b389,0.15658203853800715
openml_181,f292f2a1db5b,0.02827081771501816
openml_181,a4dbad06fd4e,0.012701203269964139
openml_181,8eecd2798818,0.03312165245690257
openml_181,4d9c9acccd21,0.03894869418277523
openml_181,9381fbddb6c5,0.013430353615166004
openml_181,8ec393598948,0.4063231722983718
openml_181,77e145ffcc55,0.15658203853800715
openml_181,632568e85407,0.01986899953869855
openml_181,fa9612cfa871,0.02827081771501816
openml_181,3d72e70b09e3,0.03251289301011679
openml_181,45c510f16843,0.02798999756421085
openml_181,27a2752a569f,0.02137385556044702
openml_181,3a9260f9550f,0.658885923721809
openml_181,0dfb18d06f3a,0.47601656147273996
openml_181,c104b3d67121,0.17558037344660296
openml_181,7f10ff06a55f,0.14300355589329997
openml_181,afb4fe7d2eaa,0.13307022508751612
openml_181,627cdef1f058,0.06327970747868819
openml_181,c5dfd3221b79,0.658885923721809
openml_181,e3ae029f4d54,0.47601656147273996
openml_181,98d2a79e4c00,0.017242218999749342
openml_181,0481ef8f35a2,0.021093022486298064
openml_181,9a585386bc6d,0.027597144404878753
openml_181,971471268792,0.02858871385020097
openml_181,4ec824c366d4,
openml_181,4555573328fc,
openml_181,0f46e0814abc,
openml_181,759f97a6695c,
openml_181,9cd81f07f9eb,0.5119456081831619
openml_181,bb5d6442dae0,
openml_181,c610648f3a0b,
openml_181,d9a6e957a479,
openml_181,e0981ae1c5a2,0.17418719155462672
openml_181,08e381bd46b1,0.19388172025292003
openml_181,f7183f4c1fed,
openml_181,7c2e8cd4a56d,
openml_181,07ebbef7de3c,0.13566048327026295
openml_181,db49059653de,
openml_181,19967cb83e78,
openml_181,158a0277ed3c,0.0939529414051851
openml_181,d0fba6f03c0f,0.34272338801095203
openml_181,f10f8ff36baa,1.1004317596249806
openml_181,672c637760be,
openml_181,0cd896f527d5,
openml_181,4887a0323e21,0.47601656147273996
openml_181,3d795ce47578,0.47601656147273996
openml_181,639f74dd0e43,0.47601656147273996
openml_181,9c3ccb4fd98f,
openml_181,5647bbf0428d,0.47601656147274
openml_181,389d4ccb0588,0.4999287661156648
openml_181,e34ce5984b64,0.4999287661156648
openml_181,63470ebdd53e,0.47601656147274
openml_181,46814f50e13d,0.4999287661156648
openml_181,e597041814f5,0.4999287661156648
openml_181,024a1a8c54d1,0.12895263678697994
openml_181,bdcde80d6dbb,
openml_181,95475ce56089,
openml_181,5009193136b4,
openml_181,955728329102,
openml_181,1f1b6dfa46dc,
openml_181,272f18e90bd4,0.658885923721809
openml_181,0cc00684cc3f,0.47601656147273996
openml_181,7203310ff7ba,0.03494289154099568
openml_181,a399ab5a112a,0.03965038067058896
openml_181,4d00158c440c,0.02723227138720326
openml_181,f028e3896d9e,0.03204341971211326
openml_181,bc0e2be21bfb,0.03204341971211326
openml_181,ae16e9272ff8,0.15658203853800715
openml_181,803c0d3403ff,0.18220561194674914
openml_181,579a8bd776f9,0.09361894125764895
openml_181,ccd2d07c7a4a,0.048220215655642086
openml_181,92f60358ba37,0.05967720904206103
openml_181,646357d2ae16,0.07167742161772221
openml_181,5773d7049286,0.074886789109941
openml_181,a81f368f51bb,0.658885923721809
openml_181,70969dd2d720,0.47601656147273996
openml_181,34b50b92b183,0.14240842288383
openml_181,48d260f98b0d,0.12917282561729726
openml_181,1134a806601d,0.12787999587922308
openml_181,0069693e350e,0.08432099880328363
openml_181,2fa0af8799c8,0.07558021180977949
openml_182,76c89cda5ca5,0.0407685301227233
openml_182,23861655ac34,0.06165283156620962
openml_182,a042255d7a7d,0.06254109800610469
openml_182,47980bf71ea8,0.04919495178089947
openml_182,79d9b0fb5f02,0.06376754416576987
openml_182,e511e76239fe,0.07905276989849447
openml_182,7741c3e44852,0.08567923800533594
openml_182,b2d6bf5f391d,0.09298534816361782
openml_182,3964e1ccb548,0.03754609223828454
openml_182,4c077151b389,0.04138380805940342
openml_182,f292f2a1db5b,0.04303293557447733
openml_182,a4dbad06fd4e,0.04625194225242264
openml_182,8eecd2798818,0.04410743495348037
openml_182,4d9c9acccd21,0.05112376787881496
openml_182,9381fbddb6c5,0.05048250478653625
openml_182,8ec393598948,0.05251054573910726
openml_182,77e145ffcc55,0.06384496713500666
openml_182,632568e85407,0.06325461907286578
openml_182,fa9612cfa871,0.05913468162672102
openml_182,3d72e70b09e3,0.05112570878585345
openml_182,45c510f16843,0.048793095999517366
openml_182,27a2752a569f,0.05628653220341335
openml_182,4ec824c366d4,
openml_182,4555573328fc,
openml_182,0f46e0814abc,
openml_182,759f97a6695c,
openml_182,9cd81f07f9eb,
openml_182,bb5d6442dae0,
openml_182,c610648f3a0b,
openml_182,d9a6e957a479,
openml_182,e0981ae1c5a2,
openml_182,08e381bd46b1,
openml_182,f7183f4c1fed,
openml_182,7c2e8cd4a56d,
openml_182,07ebbef7de3c,0.16596710564122705
openml_182,db49059653de,0.19914970456976672
openml_182,19967cb83e78,0.20278923769680454
openml_182,158a0277ed3c,0.3001701792332755
openml_182,d0fba6f03c0f,0.09001971241609319
openml_182,f10f8ff36baa,0.06416439963654634
openml_182,672c637760be,0.2659104017691034
openml_182,0cd896f527d5,0.29226798246724867
openml_182,4887a0323e21,
openml_182,3d795ce47578,
openml_182,639f74dd0e43,
openml_182,9c3ccb4fd98f,
openml_182,5647bbf0428d,0.07308269464936439
openml_182,389d4ccb0588,0.07775123880403052
openml_182,e34ce5984b64,0.18640397627085029
openml_182,63470ebdd53e,0.07308269464936439
openml_182,46814f50e13d,0.09783266408867133
openml_182,e597041814f5,0.18640397627085029
openml_182,024a1a8c54d1,0.08616373078487326
openml_182,bdcde80d6dbb,0.09783266408867133
openml_182,95475ce56089,0.18640397627085029
openml_182,5009193136b4,0.08616373078487326
openml_182,955728329102,0.09783266408867133
openml_182,1f1b6dfa46dc,0.18640397627085029
openml_182,272f18e90bd4,0.043534599038111764
openml_182,0cc00684cc3f,0.05576363401332689
openml_182,7203310ff7ba,0.0662895184506679
openml_182,a399ab5a112a,0.05533244394999728
openml_182,4d00158c440c,0.06284209740534444
openml_182,f028e3896d9e,0.06945981211160804
openml_182,bc0e2be21bfb,0.07787302803116002
openml_182,ae16e9272ff8,0.044937203277602575
openml_182,803c0d3403ff,0.056764292302148876
openml_182,579a8bd776f9,0.06484381408821975
openml_182,ccd2d07c7a4a,0.07619812472021402
openml_182,92f60358ba37,0.06774770734736708
openml_182,646357d2ae16,0.07619277201707074
openml_182,5773d7049286,0.08373578710186862
openml_182,a81f368f51bb,0.07557283169040058
openml_182,70969dd2d720,0.07557283169040058
openml_182,34b50b92b183,0.0763659266176739
openml_182,48d260f98b0d,0.0763659266176739
openml_182,1134a806601d,0.0770804839369216
openml_182,0069693e350e,0.0770804839369216
openml_182,2fa0af8799c8,0.08471924960236676
openml_188,76c89cda5ca5,0.03873422009235279
openml_188,23861655ac34,0.026920607214044073
openml_188,a042255d7a7d,0.051055722959916526
openml_188,47980bf71ea8,0.04556411748444613
openml_188,79d9b0fb5f02,0.10657413153022234
openml_188,e511e76239fe,0.1132395359113467
openml_188,7741c3e44852,0.16467186343838072
openml_188,b2d6bf5f391d,0.1690402830855447
openml_188,3964e1ccb548,0.03819717840958709
openml_188,4c077151b389,0.03819717840958709
openml_188,f292f2a1db5b,0.05215275258121214
openml_188,a4dbad06fd4e,0.05215275258121214
openml_188,8eecd2798818,0.033060254906100074
openml_188,4d9c9acccd21,0.08222196466877223
openml_188,9381fbddb6c5,0.10580333648194072
openml_188,4ec824c366d4,
openml_188,4555573328fc,
openml_188,0f46e0814abc,
openml_188,759f97a6695c,
openml_188,9cd81f07f9eb,1.4235350085785157
openml_188,bb5d6442dae0,2.150403954373851
openml_188,c610648f3a0b,
openml_188,d9a6e957a479,
openml_188,e0981ae1c5a2,0.31752343996540855
openml_188,08e381bd46b1,0.7342511558028946
openml_188,f7183f4c1fed,
openml_188,7c2e8cd4a56d,
openml_188,07ebbef7de3c,0.30248604815789776
openml_188,db49059653de,0.30248604815789776
openml_188,19967cb83e78,
openml_188,158a0277ed3c,
openml_188,d0fba6f03c0f,0.23756802560852158
openml_188,f10f8ff36baa,0.20617562250594745
openml_188,672c637760be,0.2819582600276077
openml_188,0cd896f527d5,0.3693416319798471
openml_188,4887a0323e21,
openml_188,3d795ce47578,
openml_188,639f74dd0e43,
openml_188,9c3ccb4fd98f,
openml_188,5647bbf0428d,0.08731638748054366
openml_188,389d4ccb0588,0.31818806399428995
openml_188,e34ce5984b64,0.3312246158260224
openml_188,63470ebdd53e,0.2351655005856978
openml_188,46814f50e13d,0.2882597517593814
openml_188,e597041814f5,0.3312246158260224
openml_188,024a1a8c54d1,0.2351655005856978
openml_188,bdcde80d6dbb,0.2882597517593814
openml_188,95475ce56089,0.3241780628573404
openml_188,5009193136b4,0.2351655005856978
openml_188,955728329102,0.2776330333322683
openml_188,1f1b6dfa46dc,0.2937148510536002
openml_188,272f18e90bd4,0.045544878362759784
openml_188,0cc00684cc3f,0.05340758312997953
openml_188,7203310ff7ba,0.06348270852538798
openml_188,a399ab5a112a,0.06348270852538798
openml_188,4d00158c440c,0.15079670866345618
openml_188,f028e3896d9e,0.15079670866345618
openml_188,bc0e2be21bfb,0.16700585482936392
openml_188,ae16e9272ff8,1.3102519506118222
openml_188,803c0d3403ff,1.2909298964354097
openml_188,579a8bd776f9,0.12927870370331715
openml_188,ccd2d07c7a4a,0.14077069443877727
openml_188,92f60358ba37,0.16043972835512407
openml_188,646357d2ae16,0.18401551304020622
openml_188,5773d7049286,0.17028429527076255
openml_188,a81f368f51bb,1.3102519506118222
openml_188,70969dd2d720,1.2909298964354097
openml_188,34b50b92b183,0.18077747090471283
openml_188,48d260f98b0d,0.18077747090471283
openml_188,1134a806601d,0.15579347915295133
openml_188,0069693e350e,0.18346884423003856
openml_188,2fa0af8799c8,0.18527833827804804
openml_22,76c89cda5ca5,0.08973965336072003
openml_22,23861655ac34,0.0885067459790735
openml_22,a042255d7a7d,0.09332822381659596
openml_22,47980bf71ea8,0.10405477176276583
openml_22,79d9b0fb5f02,0.08700593010054632
openml_22,e511e76239fe,0.09449865272774076
openml_22,7741c3e44852,0.10356108309801766
openml_22,b2d6bf5f391d,0.11641060810637417
openml_22,3964e1ccb548,0.08913554154699745
openml_22,4c077151b389,0.09112316645719609
openml_22,f292f2a1db5b,0.09257430091679215
openml_22,a4dbad06fd4e,0.09866819505052073
openml_22,8eecd2798818,0.08339467953054502
openml_22,4d9c9acccd21,0.11102167665431502
openml_22,9381fbddb6c5,0.12444116935184854
openml_22,8ec393598948,0.09399755880429178
openml_22,77e145ffcc55,0.0859868584320239
openml_22,632568e85407,0.0885067459790735
openml_22,fa9612cfa871,0.08611227769659192
openml_22,3d72e70b09e3,0.08611227769659192
openml_22,45c510f16843,0.08984120877069032
openml_22,27a2752a569f,0.1138342234730708
openml_22,4ec824c366d4,
openml_22,4555573328fc,
openml_22,0f46e0814abc,
openml_22,759f97a6695c,
openml_22,9cd81f07f9eb,
openml_22,bb5d6442dae0,
openml_22,c610648f3a0b,
openml_22,d9a6e957a479,
openml_22,e0981ae1c5a2,
openml_22,08e381bd46b1,
openml_22,f7183f4c1fed,
openml_22,7c2e8cd4a56d,
openml_22,07ebbef7de3c,
openml_22,db49059653de,
openml_22,19967cb83e78,
openml_22,158a0277ed3c,
openml_22,d0fba6f03c0f,1.1489178312430641
openml_22,f10f8ff36baa,
openml_22,672c637760be,
openml_22,0cd896f527d5,
openml_22,4887a0323e21,
openml_22,3d795ce47578,
openml_22,639f74dd0e43,
openml_22,9c3ccb4fd98f,
openml_22,5647bbf0428d,0.2194256521614378
openml_22,389d4ccb0588,0.20954001686297727
openml_22,e34ce5984b64,0.23564743956430367
openml_22,63470ebdd53e,0.21911142726957564
openml_22,46814f50e13d,0.20954001686297727
openml_22,e597041814f5,0.2524264254806408
openml_22,024a1a8c54d1,0.18574999665309994
openml_22,bdcde80d6dbb,0.20483664847031471
openml_22,95475ce56089,0.20271399011521227
openml_22,5009193136b4,0.1868693964284931
openml_22,955728329102,0.20483664847031471
openml_22,1f1b6dfa46dc,0.20271399011521227
openml_22,272f18e90bd4,0.11163924205569346
openml_22,0cc00684cc3f,0.11484663602731399
openml_22,7203310ff7ba,0.1261047294939598
openml_22,a399ab5a112a,0.141749475485674
openml_22,4d00158c440c,0.14493059268078595
openml_22,f028e3896d9e,0.14571290760934746
openml_22,bc0e2be21bfb,0.12459128244561685
openml_22,ae16e9272ff8,0.11425738366683551
openml_22,803c0d3403ff,0.12505048177476172
openml_22,579a8bd776f9,0.13671570774939817
openml_22,ccd2d07c7a4a,0.14270706531349428
openml_22,92f60358ba37,0.14693243945085996
openml_22,646357d2ae16,0.15958385835027764
openml_22,5773d7049286,0.1747320988837608
openml_22,a81f368f51bb,0.2625730191196566
openml_22,70969dd2d720,0.1786720165557629
openml_22,34b50b92b183,0.15487027726070582
openml_22,48d260f98b0d,0.1392668589999388
openml_22,1134a806601d,0.15590899043230083
openml_22,0069693e350e,0.15590899043230083
openml_22,2fa0af8799c8,0.1405838802862672
openml_23,76c89cda5ca5,0.041833397850312724
openml_23,23861655ac34,0.014311765759935107
openml_23,a042255d7a7d,0.02529433742936027
openml_23,47980bf71ea8,0.029060867837035483
openml_23,79d9b0fb5f02,0.016171705735551406
openml_23,e511e76239fe,0.017619628196412464
openml_23,7741c3e44852,0.017619628196412992
openml_23,b2d6bf5f391d,0.018616612350826282
openml_23,3964e1ccb548,0.3973585942411822
openml_23,4c077151b389,0.24795061676511446
openml_23,f292f2a1db5b,0.25332270638958465
openml_23,a4dbad06fd4e,0.05478652994989497
openml_23,8eecd2798818,0.04970197671238862
openml_23,4d9c9acccd21,0.015620792732280099
openml_23,9381fbddb6c5,0.12523060234938824
openml_23,4ec824c366d4,1442440.5579712808
openml_23,4555573328fc,
openml_23,0f46e0814abc,
openml_23,759f97a6695c,
openml_23,9cd81f07f9eb,0.14999996445937575
openml_23,bb5d6442dae0,0.13333332461839092
openml_23,c610648f3a0b,1.0052361631632971
openml_23,d9a6e957a479,
openml_23,e0981ae1c5a2,0.12279895545101643
openml_23,08e381bd46b1,0.08943349841472986
openml_23,f7183f4c1fed,0.24164057942983672
openml_23,7c2e8cd4a56d,
openml_23,07ebbef7de3c,0.188757102674133
openml_23,db49059653de,0.13820873959668534
openml_23,19967cb83e78,0.21798460213664797
openml_23,158a0277ed3c,0.22495105063216547
openml_23,d0fba6f03c0f,0.2195333431812989
openml_23,f10f8ff36baa,0.25332270638958465
openml_23,672c637760be,0.2860301959505595
openml_23,0cd896f527d5,0.2860301959505595
openml_23,4887a0323e21,
openml_23,3d795ce47578,
openml_23,639f74dd0e43,
openml_23,9c3ccb4fd98f,
openml_23,5647bbf0428d,0.03234341147110281
openml_23,389d4ccb0588,0.0156207999112383
openml_23,e34ce5984b64,0.3069501320367211
openml_23,63470ebdd53e,0.03234341147110281
openml_23,46814f50e13d,0.2860301959505595
openml_23,e597041814f5,0.3069501320367211
openml_23,024a1a8c54d1,0.1266175658419087
openml_23,bdcde80d6dbb,0.2860301959505595
openml_23,95475ce56089,0.3069501320367211
openml_23,5009193136b4,0.25332270638958465
openml_23,955728329102,0.2860301959505595
openml_23,1f1b6dfa46dc,0.3069501320367211
openml_23,272f18e90bd4,0.3973585942411822
openml_23,0cc00684cc3f,0.16604173137561568
openml_23,7203310ff7ba,0.04411668418798297
openml_23,a399ab5a112a,0.025294340529279608
openml_23,4d00158c440c,0.025294340529279608
openml_23,f028e3896d9e,0.03207742745943673
openml_23,bc0e2be21bfb,0.03207742745943673
openml_23,ae16e9272ff8,0.3973585942411822
openml_23,803c0d3403ff,0.05984763203194265
openml_23,579a8bd776f9,0.06397859816825315
openml_23,ccd2d07c7a4a,0.06333987917513988
openml_23,92f60358ba37,0.06539050790608403
openml_23,646357d2ae16,0.02108232989589878
openml_23,5773d7049286,0.02203108007870691
openml_23,a81f368f51bb,0.17970306905823497
openml_23,70969dd2d720,0.2058629744272033
openml_23,34b50b92b183,0.18226204568945917
openml_23,48d260f98b0d,0.18226204568945917
openml_23,1134a806601d,0.18914298403131985
openml_23,0069693e350e,0.05313292446402061
openml_23,2fa0af8799c8,0.05313292446402061
openml_23381,76c89cda5ca5,1.0
openml_23381,23861655ac34,0.0666666374776973
openml_23381,a042255d7a7d,0.0909090514349023
openml_23381,47980bf71ea8,0.14285716418025338
openml_23381,79d9b0fb5f02,0.49999977610733953
openml_23381,e511e76239fe,0.4999997901006249
openml_23381,7741c3e44852,
openml_23381,b2d6bf5f391d,
openml_23381,3964e1ccb548,1.0
openml_23381,4c077151b389,0.03333332835794088
openml_23381,f292f2a1db5b,0.03703702045239552
openml_23381,a4dbad06fd4e,0.1428570788878113
openml_23381,8eecd2798818,0.5000000886241805
openml_23381,4d9c9acccd21,0.9999994029529945
openml_23381,9381fbddb6c5,
openml_23381,8ec393598948,1.0
openml_23381,77e145ffcc55,0.03333332835794088
openml_23381,632568e85407,0.03703702045239552
openml_23381,45c510f16843,0.9999994029529945
openml_23381,27a2752a569f,
openml_23381,4ec824c366d4,0.3
openml_23381,4555573328fc,3.999999910442936
openml_23381,0f46e0814abc,3.999999910442936
openml_23381,759f97a6695c,3.999999910442936
openml_23381,9cd81f07f9eb,1.499999955221468
openml_23381,bb5d6442dae0,1.499999955221468
openml_23381,c610648f3a0b,1.499999955221468
openml_23381,d9a6e957a479,1.499999955221468
openml_23381,e0981ae1c5a2,1.0
openml_23381,08e381bd46b1,1.0
openml_23381,f7183f4c1fed,1.0
openml_23381,7c2e8cd4a56d,1.0
openml_23381,07ebbef7de3c,
openml_23381,db49059653de,
openml_23381,19967cb83e78,
openml_23381,158a0277ed3c,
openml_23381,d0fba6f03c0f,
openml_23381,f10f8ff36baa,
openml_23381,672c637760be,
openml_23381,0cd896f527d5,
openml_23381,4887a0323e21,
openml_23381,3d795ce47578,
openml_23381,639f74dd0e43,
openml_23381,9c3ccb4fd98f,
openml_23381,5647bbf0428d,0.09999996417717111
openml_23381,389d4ccb0588,0.09999996417717111
openml_23381,e34ce5984b64,0.09999996417717111
openml_23381,63470ebdd53e,0.09999996417717111
openml_23381,46814f50e13d,0.09999996417717111
openml_23381,e597041814f5,0.09999996417717111
openml_23381,024a1a8c54d1,0.09999996417717111
openml_23381,bdcde80d6dbb,0.09999996417717111
openml_23381,95475ce56089,0.09999996417717111
openml_23381,5009193136b4,0.10000002388188592
openml_23381,955728329102,0.10000002388188592
openml_23381,1f1b6dfa46dc,0.10000002388188592
openml_23381,272f18e90bd4,1.0
openml_23381,0cc00684cc3f,0.07142858361320627
openml_23381,7203310ff7ba,0.10000002388188592
openml_23381,a399ab5a112a,0.14285716418025338
openml_23381,4d00158c440c,0.49999977610733953
openml_23381,f028e3896d9e,0.4999997901006249
openml_23381,bc0e2be21bfb,
openml_23381,ae16e9272ff8,1.0
openml_23381,803c0d3403ff,0.3
openml_23381,579a8bd776f9,0.14285716418025338
openml_23381,ccd2d07c7a4a,0.2500000559731693
openml_23381,92f60358ba37,0.500000074630898
openml_23381,646357d2ae16,1.0000002985236809
openml_23381,5773d7049286,
openml_23381,a81f368f51bb,1.0
openml_23381,70969dd2d720,0.3
openml_23381,34b50b92b183,0.3
openml_23381,48d260f98b0d,0.20000002388188307
openml_23381,1134a806601d,0.500000074630898
openml_23381,0069693e350e,1.0000002985236809
openml_23381,2fa0af8799c8,
openml_23517,76c89cda5ca5,0.10888367954954162
openml_23517,23861655ac34,0.10315628898046149
openml_23517,a042255d7a7d,0.10835623898948557
openml_23517,47980bf71ea8,0.14361380404573626
openml_23517,79d9b0fb5f02,0.07762381483239152
openml_23517,e511e76239fe,0.1129868637684731
openml_23517,7741c3e44852,0.11167062497605605
openml_23517,8ec393598948,0.1118365326402257
openml_23517,77e145ffcc55,0.09431322272611814
openml_23517,632568e85407,0.10456077991083078
openml_23517,fa9612cfa871,0.10672766699884494
openml_23517,3d72e70b09e3,0.09201710300705208
openml_23517,45c510f16843,0.08104754382582151
openml_23517,27a2752a569f,0.10897722476951402
openml_23517,9cd81f07f9eb,
openml_23517,bb5d6442dae0,
openml_23517,c610648f3a0b,
openml_23517,e0981ae1c5a2,
openml_23517,08e381bd46b1,
openml_23517,f7183f4c1fed,
openml_23517,07ebbef7de3c,1.4340695383270634
openml_23517,db49059653de,
openml_23517,19967cb83e78,
openml_23517,d0fba6f03c0f,0.1440262691724173
openml_23517,f10f8ff36baa,0.12469757187654189
openml_23517,672c637760be,0.13677085850032236
openml_28,76c89cda5ca5,0.02991977247612689
openml_28,23861655ac34,0.03526917033259966
openml_28,a042255d7a7d,0.0312566909701564
openml_28,47980bf71ea8,0.03058616938597469
openml_28,79d9b0fb5f02,0.03519852679360141
openml_28,e511e76239fe,0.03247643290745293
openml_28,7741c3e44852,0.02457715583428927
openml_28,b2d6bf5f391d,0.039636911175029536
openml_28,3964e1ccb548,0.03282317865676353
openml_28,4c077151b389,0.03201055203199712
openml_28,f292f2a1db5b,0.028635575532498805
openml_28,a4dbad06fd4e,0.02256331962976279
openml_28,8eecd2798818,0.03058616938597469
openml_28,4d9c9acccd21,0.028793121522803188
openml_28,9381fbddb6c5,0.03437819125370542
openml_28,8ec393598948,0.028139928026430002
openml_28,77e145ffcc55,0.03201055203199712
openml_28,632568e85407,0.028153770055256364
openml_28,fa9612cfa871,0.03852085212595255
openml_28,45c510f16843,0.024485806150358384
openml_28,4ec824c366d4,
openml_28,4555573328fc,
openml_28,0f46e0814abc,
openml_28,759f97a6695c,
openml_28,9cd81f07f9eb,
openml_28,bb5d6442dae0,
openml_28,c610648f3a0b,
openml_28,d9a6e957a479,
openml_28,e0981ae1c5a2,
openml_28,08e381bd46b1,
openml_28,f7183f4c1fed,
openml_28,7c2e8cd4a56d,
openml_28,07ebbef7de3c,
openml_28,db49059653de,
openml_28,19967cb83e78,
openml_28,158a0277ed3c,
openml_28,d0fba6f03c0f,0.35766903461344696
openml_28,f10f8ff36baa,
openml_28,672c637760be,
openml_28,0cd896f527d5,
openml_28,4887a0323e21,0.18965558210137012
openml_28,3d795ce47578,0.22474113877619026
openml_28,639f74dd0e43,0.2525763048881188
openml_28,9c3ccb4fd98f,
openml_28,5647bbf0428d,0.2680803202892791
openml_28,389d4ccb0588,0.4423555975380352
openml_28,e34ce5984b64,0.3305575883476339
openml_28,63470ebdd53e,0.4204662856089326
openml_28,46814f50e13d,0.2286776376735425
openml_28,e597041814f5,0.3305575883476339
openml_28,024a1a8c54d1,0.2093048023512187
openml_28,bdcde80d6dbb,0.2286776376735425
openml_28,95475ce56089,0.3305575883476339
openml_28,5009193136b4,0.2093048023512187
openml_28,955728329102,0.28840969679447964
openml_28,1f1b6dfa46dc,0.30765711410143876
openml_28,272f18e90bd4,0.036383371418938895
openml_28,0cc00684cc3f,0.036383371418938895
openml_28,7203310ff7ba,0.036383371418938895
openml_28,a399ab5a112a,0.036383371418938895
openml_28,4d00158c440c,0.042856510077734104
openml_28,f028e3896d9e,0.04550509600019855
openml_28,bc0e2be21bfb,0.061417494898917416
openml_28,ae16e9272ff8,0.4872695490718044
openml_28,803c0d3403ff,0.4872695490718044
openml_28,579a8bd776f9,0.6048762563369109
openml_28,ccd2d07c7a4a,0.277710802485773
openml_28,92f60358ba37,0.13357587876260632
openml_28,646357d2ae16,0.1229671738832336
openml_28,5773d7049286,0.13476982826406358
openml_28,a81f368f51bb,
openml_28,70969dd2d720,0.741651863120324
openml_28,34b50b92b183,0.42911465102410246
openml_28,48d260f98b0d,0.5499615005559727
openml_28,1134a806601d,0.32286033964888694
openml_28,0069693e350e,0.13722892426300623
openml_28,2fa0af8799c8,0.20648307547861713
openml_29,76c89cda5ca5,0.011764911875129107
openml_29,23861655ac34,0.01839731796261594
openml_29,a042255d7a7d,0.010166729010128977
openml_29,47980bf71ea8,0.01036571186136249
openml_29,79d9b0fb5f02,0.014071665347963296
openml_29,e511e76239fe,0.018533545784381936
openml_29,7741c3e44852,0.017998797050377765
openml_29,b2d6bf5f391d,0.020969501228343203
openml_29,3964e1ccb548,0.002476759208436777
openml_29,4c077151b389,0.0027186614535298875
openml_29,f292f2a1db5b,0.0039724432949730624
openml_29,a4dbad06fd4e,0.004193334182341459
openml_29,8eecd2798818,0.004158994591315161
openml_29,4d9c9acccd21,0.007076717416888952
openml_29,9381fbddb6c5,0.00768358444880067
openml_29,8ec393598948,0.002476759208436777
openml_29,77e145ffcc55,0.002476759208436777
openml_29,632568e85407,0.0039724432949730624
openml_29,fa9612cfa871,0.0038730189531443753
openml_29,3d72e70b09e3,0.003032290307063306
openml_29,45c510f16843,0.006210406826174651
openml_29,27a2752a569f,0.006898521622633155
openml_29,4ec824c366d4,
openml_29,4555573328fc,
openml_29,0f46e0814abc,
openml_29,759f97a6695c,
openml_29,9cd81f07f9eb,0.12991077391944722
openml_29,bb5d6442dae0,0.1339586486829291
openml_29,c610648f3a0b,0.36738463522967507
openml_29,d9a6e957a479,
openml_29,e0981ae1c5a2,0.13517734615194152
openml_29,08e381bd46b1,0.10799605721390343
openml_29,f7183f4c1fed,0.12408574759869118
openml_29,7c2e8cd4a56d,0.40122723312817743
openml_29,07ebbef7de3c,0.1822837602324917
openml_29,db49059653de,0.16001626687322357
openml_29,19967cb83e78,
openml_29,158a0277ed3c,
openml_29,d0fba6f03c0f,
openml_29,f10f8ff36baa,0.20191285539704062
openml_29,672c637760be,
openml_29,0cd896f527d5,
openml_29,4887a0323e21,
openml_29,3d795ce47578,
openml_29,639f74dd0e43,
openml_29,9c3ccb4fd98f,
openml_29,5647bbf0428d,0.16907072805373888
openml_29,389d4ccb0588,0.057675159581389863
openml_29,e34ce5984b64,0.19949688649511083
openml_29,63470ebdd53e,0.13366213856528555
openml_29,46814f50e13d,0.057675159581389863
openml_29,e597041814f5,0.19949688649511083
openml_29,024a1a8c54d1,0.14094607857072666
openml_29,bdcde80d6dbb,0.057675159581389863
openml_29,95475ce56089,0.19949688649511083
openml_29,5009193136b4,
openml_29,955728329102,
openml_29,1f1b6dfa46dc,
openml_29,272f18e90bd4,0.03927567689824749
openml_29,0cc00684cc3f,0.06299376976918357
openml_29,7203310ff7ba,0.022428263896334785
openml_29,a399ab5a112a,0.016363609305214438
openml_29,4d00158c440c,0.016683877272697278
openml_29,f028e3896d9e,0.014843117984666742
openml_29,bc0e2be21bfb,0.0234878242007945
openml_29,ae16e9272ff8,0.5928887911237305
openml_29,803c0d3403ff,0.4636659742713978
openml_29,579a8bd776f9,0.2251342222100932
openml_29,ccd2d07c7a4a,0.09360135230239494
openml_29,92f60358ba37,0.07609763695230298
openml_29,646357d2ae16,0.08331440220906262
openml_29,5773d7049286,0.05707375846797957
openml_29,a81f368f51bb,0.5928887911237305
openml_29,70969dd2d720,0.4636659742713978
openml_29,34b50b92b183,0.4304755456195226
openml_29,48d260f98b0d,0.24376985012908253
openml_29,1134a806601d,0.10641625978792082
openml_29,0069693e350e,0.07848298485481381
openml_29,2fa0af8799c8,0.09454979775524534
openml_300,76c89cda5ca5,0.2576693864389582
openml_300,23861655ac34,0.22663830357438522
openml_300,a042255d7a7d,0.21310900768480914
openml_300,47980bf71ea8,0.17284588270189752
openml_300,79d9b0fb5f02,0.22141494503164114
openml_300,e511e76239fe,0.18549448458126772
openml_300,7741c3e44852,0.21860203918041388
openml_300,b2d6bf5f391d,0.18549448458126772
openml_300,3964e1ccb548,0.19854351555267463
openml_300,4c077151b389,0.2449488921145223
openml_300,f292f2a1db5b,0.2361559056665306
openml_300,a4dbad06fd4e,0.24136597920425457
openml_300,8eecd2798818,0.21064895009669268
openml_300,4d9c9acccd21,0.2470794385130335
openml_300,9381fbddb6c5,0.2148649688915287
openml_300,8ec393598948,0.1943588340705605
openml_300,77e145ffcc55,0.193977990057462
openml_300,632568e85407,0.21605585287276696
openml_300,fa9612cfa871,0.1943588340705605
openml_300,3d72e70b09e3,0.16578489223034104
openml_300,45c510f16843,0.24351793987965567
openml_300,27a2752a569f,0.21600836502417695
openml_300,4ec824c366d4,
openml_300,4555573328fc,
openml_300,0f46e0814abc,
openml_300,759f97a6695c,
openml_300,9cd81f07f9eb,
openml_300,bb5d6442dae0,
openml_300,c610648f3a0b,
openml_300,d9a6e957a479,
openml_300,e0981ae1c5a2,
openml_300,08e381bd46b1,
openml_300,f7183f4c1fed,
openml_300,7c2e8cd4a56d,
openml_300,07ebbef7de3c,
openml_300,db49059653de,
openml_300,19967cb83e78,
openml_300,158a0277ed3c,
openml_300,d0fba6f03c0f,
openml_300,f10f8ff36baa,
openml_300,672c637760be,
openml_300,0cd896f527d5,
openml_300,4887a0323e21,0.37844967690478093
openml_300,3d795ce47578,0.3550620560192561
openml_300,639f74dd0e43,0.42658602614022
openml_300,9c3ccb4fd98f,0.482413059710373
openml_300,5647bbf0428d,0.47924653864274325
openml_300,389d4ccb0588,0.5391596989968978
openml_300,e34ce5984b64,0.534318989306557
openml_300,63470ebdd53e,0.47924653864274325
openml_300,46814f50e13d,0.5391596989968978
openml_300,e597041814f5,0.534318989306557
openml_300,024a1a8c54d1,0.47924653864274325
openml_300,bdcde80d6dbb,0.5391596989968978
openml_300,95475ce56089,0.534318989306557
openml_300,5009193136b4,0.47924653864274325
openml_300,955728329102,0.5391596989968978
openml_300,1f1b6dfa46dc,0.534318989306557
openml_300,272f18e90bd4,0.29832652579299257
openml_300,0cc00684cc3f,0.2774327482552866
openml_300,7203310ff7ba,0.2646181668048004
openml_300,a399ab5a112a,0.2708820368555314
openml_300,4d00158c440c,0.2708820368555314
openml_300,f028e3896d9e,0.24967537996876663
openml_300,bc0e2be21bfb,0.24967537996876663
openml_300,ae16e9272ff8,0.44184826405631483
openml_300,803c0d3403ff,0.44184826405631483
openml_300,579a8bd776f9,0.22010082078671853
openml_300,ccd2d07c7a4a,0.22529768601936737
openml_300,92f60358ba37,0.23657126309092197
openml_300,646357d2ae16,0.24161408779537247
openml_300,5773d7049286,0.25247316420600996
openml_300,a81f368f51bb,0.5490846687690557
openml_300,70969dd2d720,0.5096177189193353
openml_300,34b50b92b183,0.44184826405631483
openml_300,48d260f98b0d,0.42394924458527217
openml_300,1134a806601d,0.42394924458527217
openml_300,0069693e350e,0.43436040706652496
openml_300,2fa0af8799c8,0.435383155053036
openml_307,76c89cda5ca5,0.03196855917761124
openml_307,23861655ac34,0.03227667052950989
openml_307,a042255d7a7d,0.02453444608866019
openml_307,47980bf71ea8,0.05491718057059639
openml_307,79d9b0fb5f02,0.01691242456687836
openml_307,e511e76239fe,0.061529781402221345
openml_307,7741c3e44852,0.057635468913424207
openml_307,b2d6bf5f391d,0.06915775967048404
openml_307,3964e1ccb548,0.04429876496958224
openml_307,4c077151b389,0.035215380992925704
openml_307,f292f2a1db5b,0.05288642749448078
openml_307,a4dbad06fd4e,0.054487269037771034
openml_307,8eecd2798818,0.055131632390006464
openml_307,4d9c9acccd21,0.06540776992045151
openml_307,9381fbddb6c5,0.09671836758998764
openml_307,8ec393598948,0.059370521754380644
openml_307,77e145ffcc55,0.046233543816266195
openml_307,632568e85407,0.01376783545260991
openml_307,fa9612cfa871,0.03848050053267358
openml_307,3d72e70b09e3,0.04462706416510393
openml_307,45c510f16843,0.0658261370790128
openml_307,27a2752a569f,0.051846316393956524
openml_307,3a9260f9550f,0.246878465156848
openml_307,0dfb18d06f3a,0.16432630955648497
openml_307,c104b3d67121,0.07259366667593296
openml_307,7f10ff06a55f,0.08414326196218583
openml_307,afb4fe7d2eaa,0.05147764155373721
openml_307,627cdef1f058,0.025479204867298082
openml_307,c5dfd3221b79,0.06291985767487633
openml_307,e3ae029f4d54,0.03422419458829771
openml_307,98d2a79e4c00,0.04782681642681774
openml_307,0481ef8f35a2,0.055034147299807726
openml_307,9a585386bc6d,0.03312451800631742
openml_307,971471268792,0.043136881074855374
openml_307,4ec824c366d4,
openml_307,4555573328fc,
openml_307,0f46e0814abc,
openml_307,759f97a6695c,
openml_307,9cd81f07f9eb,0.763157308410132
openml_307,bb5d6442dae0,
openml_307,c610648f3a0b,
openml_307,d9a6e957a479,
openml_307,e0981ae1c5a2,0.43266048787655775
openml_307,08e381bd46b1,2.8215761330810554
openml_307,f7183f4c1fed,
openml_307,7c2e8cd4a56d,
openml_307,07ebbef7de3c,0.2817279593914101
openml_307,db49059653de,0.17359078212127124
openml_307,19967cb83e78,1.70590028414399
openml_307,158a0277ed3c,
openml_307,d0fba6f03c0f,0.2228120083032239
openml_307,f10f8ff36baa,0.2228120083032239
openml_307,672c637760be,0.07179735628898944
openml_307,0cd896f527d5,0.07259562674258756
openml_307,4887a0323e21,
openml_307,3d795ce47578,
openml_307,639f74dd0e43,
openml_307,9c3ccb4fd98f,
openml_307,5647bbf0428d,0.1828069555305143
openml_307,389d4ccb0588,0.1513696027321775
openml_307,e34ce5984b64,0.18769320006886497
openml_307,63470ebdd53e,0.246878465156848
openml_307,46814f50e13d,0.246878465156848
openml_307,e597041814f5,0.18769320006886497
openml_307,024a1a8c54d1,0.22090660175158466
openml_307,bdcde80d6dbb,0.1848359910019355
openml_307,95475ce56089,0.1251837455874282
openml_307,5009193136b4,0.16595932579548303
openml_307,955728329102,0.23343518373770641
openml_307,1f1b6dfa46dc,0.21617736440370794
openml_307,272f18e90bd4,0.113021931822942
openml_307,0cc00684cc3f,0.11575172398519278
openml_307,7203310ff7ba,0.08206794216077803
openml_307,a399ab5a112a,0.1095923310575638
openml_307,4d00158c440c,0.1095923310575638
openml_307,f028e3896d9e,0.13315212520084113
openml_307,bc0e2be21bfb,0.13315212520084113
openml_307,ae16e9272ff8,0.08125002141809679
openml_307,803c0d3403ff,0.0835736556676526
openml_307,579a8bd776f9,0.10099030367360712
openml_307,ccd2d07c7a4a,0.10524632920361505
openml_307,92f60358ba37,0.10926804072815426
openml_307,646357d2ae16,0.12462225787221276
openml_307,5773d7049286,0.1324533170161493
openml_307,a81f368f51bb,0.09378416756447636
openml_307,70969dd2d720,0.09604931452694188
openml_307,34b50b92b183,0.11454311314528152
openml_307,48d260f98b0d,0.11454311314528152
openml_307,1134a806601d,0.11454311314528152
openml_307,0069693e350e,0.13476939775723218
openml_307,2fa0af8799c8,0.13476939775723218
openml_31,76c89cda5ca5,0.021283161657705142
openml_31,23861655ac34,0.03618661063765275
openml_31,a042255d7a7d,0.03161516057872398
openml_31,47980bf71ea8,0.037398871362889094
openml_31,79d9b0fb5f02,0.04164106955093947
openml_31,e511e76239fe,0.043434072336087495
openml_31,7741c3e44852,0.039889378107259656
openml_31,b2d6bf5f391d,0.029148934666115095
openml_31,3964e1ccb548,0.2861117443472135
openml_31,4c077151b389,0.010809439015186063
openml_31,f292f2a1db5b,0.020908194608311555
openml_31,a4dbad06fd4e,0.031164148774710045
openml_31,8eecd2798818,0.03258278336662468
openml_31,4d9c9acccd21,0.022641162285080934
openml_31,9381fbddb6c5,0.001180745726238975
openml_31,8ec393598948,0.024131705777162896
openml_31,77e145ffcc55,0.018071408107639974
openml_31,4ec824c366d4,6.319301916443826
openml_31,4555573328fc,
openml_31,0f46e0814abc,
openml_31,759f97a6695c,
openml_31,9cd81f07f9eb,0.28972106317686436
openml_31,bb5d6442dae0,0.6017727304108442
openml_31,c610648f3a0b,
openml_31,d9a6e957a479,
openml_31,e0981ae1c5a2,0.18367071115834246
openml_31,08e381bd46b1,0.19339009896245254
openml_31,f7183f4c1fed,0.0650980361486329
openml_31,7c2e8cd4a56d,
openml_31,07ebbef7de3c,0.15756979294656304
openml_31,db49059653de,0.17018407179040476
openml_31,19967cb83e78,0.3070718911362558
openml_31,158a0277ed3c,0.06266016208628442
openml_31,d0fba6f03c0f,0.22814688109695894
openml_31,f10f8ff36baa,0.2861117443472135
openml_31,672c637760be,0.3026626484620088
openml_31,0cd896f527d5,0.32141669747613066
openml_31,4887a0323e21,
openml_31,3d795ce47578,
openml_31,639f74dd0e43,
openml_31,9c3ccb4fd98f,
openml_31,5647bbf0428d,0.06247913004958189
openml_31,389d4ccb0588,0.2502359522930193
openml_31,e34ce5984b64,0.27567025155871144
openml_31,63470ebdd53e,0.09019179768682781
openml_31,46814f50e13d,0.2502359522930193
openml_31,e597041814f5,0.27567025155871144
openml_31,024a1a8c54d1,0.20557273941102297
openml_31,bdcde80d6dbb,0.2502359522930193
openml_31,95475ce56089,0.27567025155871144
openml_31,5009193136b4,0.20557273941102297
openml_31,955728329102,0.2502359522930193
openml_31,1f1b6dfa46dc,0.27567025155871144
openml_31,272f18e90bd4,0.2861117443472135
openml_31,0cc00684cc3f,0.05819545249282947
openml_31,7203310ff7ba,0.06242084812724951
openml_31,a399ab5a112a,0.06242084812724951
openml_31,4d00158c440c,0.06991852646017524
openml_31,f028e3896d9e,0.07412937035747101
openml_31,bc0e2be21bfb,0.0752146605581928
openml_31,ae16e9272ff8,0.07321000074287824
openml_31,803c0d3403ff,0.06831199500808685
openml_31,579a8bd776f9,0.039581379099841434
openml_31,ccd2d07c7a4a,0.04078979638216285
openml_31,92f60358ba37,0.045140296002053104
openml_31,646357d2ae16,0.05064943012988742
openml_31,5773d7049286,0.05037776455638529
openml_31,a81f368f51bb,0.3063083320447129
openml_31,70969dd2d720,0.26487408926477507
openml_31,34b50b92b183,0.13014614494078586
openml_31,48d260f98b0d,0.13194588305506422
openml_31,1134a806601d,0.08702560300204117
openml_31,0069693e350e,0.0958728858640165
openml_31,2fa0af8799c8,0.09121935414394566
openml_32,76c89cda5ca5,0.046840608281569204
openml_32,23861655ac34,0.033081489226327705
openml_32,a042255d7a7d,0.02810771959179099
openml_32,47980bf71ea8,0.04680278052826902
openml_32,79d9b0fb5f02,0.05882619944205543
openml_32,e511e76239fe,0.03859084096314295
openml_32,7741c3e44852,0.030271288150108013
openml_32,b2d6bf5f391d,0.033512231809869106
openml_32,3964e1ccb548,0.10928614347121149
openml_32,4c077151b389,0.04419188865283155
openml_32,f292f2a1db5b,0.028640134562283388
openml_32,a4dbad06fd4e,0.039219879829752946
openml_32,8eecd2798818,0.038651796661970536
openml_32,4d9c9acccd21,0.030613772526540056
openml_32,9381fbddb6c5,0.03823470317927852
openml_32,8ec393598948,0.06646261180892458
openml_32,77e145ffcc55,0.040746403602760016
openml_32,632568e85407,0.041735952327005395
openml_32,4ec824c366d4,
openml_32,4555573328fc,
openml_32,0f46e0814abc,
openml_32,759f97a6695c,
openml_32,9cd81f07f9eb,3.30430438904905
openml_32,bb5d6442dae0,
openml_32,c610648f3a0b,
openml_32,d9a6e957a479,
openml_32,e0981ae1c5a2,0.13020862379635967
openml_32,08e381bd46b1,0.09576512672005189
openml_32,f7183f4c1fed,0.2786544058611615
openml_32,7c2e8cd4a56d,
openml_32,07ebbef7de3c,0.1004410043700699
openml_32,db49059653de,0.08904148516499183
openml_32,19967cb83e78,0.08343566025391781
openml_32,158a0277ed3c,0.1054904595941832
openml_32,d0fba6f03c0f,0.22463116505759217
openml_32,f10f8ff36baa,0.22463116505759217
openml_32,672c637760be,0.22463116505759217
openml_32,0cd896f527d5,0.2278172431073623
openml_32,4887a0323e21,
openml_32,3d795ce47578,
openml_32,639f74dd0e43,
openml_32,9c3ccb4fd98f,
openml_32,5647bbf0428d,0.04888988896375851
openml_32,389d4ccb0588,0.08872508256384988
openml_32,e34ce5984b64,0.12288218495002631
openml_32,63470ebdd53e,0.07328839098987605
openml_32,46814f50e13d,0.08872508256384988
openml_32,e597041814f5,0.12288218495002631
openml_32,024a1a8c54d1,0.07328839098987605
openml_32,bdcde80d6dbb,0.08694505720731799
openml_32,95475ce56089,0.12288218495002631
openml_32,5009193136b4,0.08052749002804509
openml_32,955728329102,0.08694505720731799
openml_32,1f1b6dfa46dc,0.12288218495002631
openml_32,272f18e90bd4,0.10487936073497338
openml_32,0cc00684cc3f,0.098093413093587
openml_32,7203310ff7ba,0.098093413093587
openml_32,a399ab5a112a,0.06178073326291463
openml_32,4d00158c440c,0.0640460061112097
openml_32,f028e3896d9e,0.0640460061112097
openml_32,bc0e2be21bfb,0.056806849065928665
openml_32,ae16e9272ff8,0.042297851921103906
openml_32,803c0d3403ff,0.039423515535901156
openml_32,579a8bd776f9,0.042193044183730585
openml_32,ccd2d07c7a4a,0.04294039981810787
openml_32,92f60358ba37,0.046850278259227586
openml_32,646357d2ae16,0.052283707519165064
openml_32,5773d7049286,0.05417312039806236
openml_32,a81f368f51bb,0.18825588449304656
openml_32,70969dd2d720,0.18825588449304656
openml_32,34b50b92b183,0.07622980395400904
openml_32,48d260f98b0d,0.07622980395400904
openml_32,1134a806601d,0.07622980395400904
openml_32,0069693e350e,0.07622980395400904
openml_32,2fa0af8799c8,0.08689783207677762
openml_36,76c89cda5ca5,0.008161971460744927
openml_36,23861655ac34,0.007394487625355245
openml_36,a042255d7a7d,0.002676529417981776
openml_36,47980bf71ea8,0.012321536458320922
openml_36,79d9b0fb5f02,0.011477271302626007
openml_36,e511e76239fe,0.009837949846654474
openml_36,7741c3e44852,0.009134726641617238
openml_36,b2d6bf5f391d,0.010746242687508555
openml_36,3964e1ccb548,0.0034977865796602366
openml_36,4c077151b389,0.004825170628910006
openml_36,f292f2a1db5b,0.00913288163483984
openml_36,a4dbad06fd4e,0.00907761927648231
openml_36,8eecd2798818,0.008541184418804906
openml_36,4d9c9acccd21,0.008540547974309065
openml_36,9381fbddb6c5,0.008239395340618693
openml_36,8ec393598948,0.009602477614331473
openml_36,77e145ffcc55,0.006838175007459867
openml_36,632568e85407,0.008380686959538001
openml_36,3d72e70b09e3,0.00658728373278204
openml_36,4ec824c366d4,1.1645685159137318
openml_36,4555573328fc,5.214285909025551
openml_36,0f46e0814abc,
openml_36,759f97a6695c,
openml_36,9cd81f07f9eb,0.22354219360159355
openml_36,bb5d6442dae0,0.22254854738079752
openml_36,c610648f3a0b,0.3211926076645301
openml_36,d9a6e957a479,
openml_36,e0981ae1c5a2,0.145080783378533
openml_36,08e381bd46b1,0.08969805020573726
openml_36,f7183f4c1fed,0.09311790269899277
openml_36,7c2e8cd4a56d,0.09796133294285606
openml_36,07ebbef7de3c,0.13380088947341542
openml_36,db49059653de,0.10684056485077076
openml_36,19967cb83e78,0.14236234709466178
openml_36,158a0277ed3c,0.059278546157615415
openml_36,d0fba6f03c0f,0.2507130636598395
openml_36,f10f8ff36baa,0.21014306815379888
openml_36,672c637760be,0.2248148076573834
openml_36,0cd896f527d5,0.2801079403500696
openml_36,4887a0323e21,0.3547185235193378
openml_36,3d795ce47578,0.29697623680789226
openml_36,639f74dd0e43,
openml_36,9c3ccb4fd98f,
openml_36,5647bbf0428d,0.02011628164312221
openml_36,389d4ccb0588,0.04450101189023224
openml_36,e34ce5984b64,0.082478904786306
openml_36,63470ebdd53e,0.030641227378233667
openml_36,46814f50e13d,0.06572872787825886
openml_36,e597041814f5,0.082478904786306
openml_36,024a1a8c54d1,0.047183558923425926
openml_36,bdcde80d6dbb,0.0964504544193658
openml_36,95475ce56089,0.082478904786306
openml_36,5009193136b4,0.2075122196769117
openml_36,955728329102,0.22840327648697095
openml_36,1f1b6dfa46dc,0.22840327648697095
openml_36,272f18e90bd4,0.06649435271990127
openml_36,0cc00684cc3f,0.018472283911049832
openml_36,7203310ff7ba,0.02377515431687024
openml_36,a399ab5a112a,0.02377515431687024
openml_36,4d00158c440c,0.012428716197277355
openml_36,f028e3896d9e,0.014411875675134623
openml_36,bc0e2be21bfb,0.022747467235258983
openml_36,ae16e9272ff8,0.5436566864046452
openml_36,803c0d3403ff,0.2804762944501803
openml_36,579a8bd776f9,0.12281209452535151
openml_36,ccd2d07c7a4a,0.13618803440971897
openml_36,92f60358ba37,0.1569559386432842
openml_36,646357d2ae16,0.1296705213396758
openml_36,5773d7049286,0.05184426300306725
openml_36,a81f368f51bb,0.5436566864046452
openml_36,70969dd2d720,0.2494013509335535
openml_36,34b50b92b183,0.3570002119614385
openml_36,48d260f98b0d,0.3547185235193378
openml_36,1134a806601d,0.1555995970453845
openml_36,0069693e350e,0.11135676866578662
openml_36,2fa0af8799c8,0.1422495493700726
openml_37,76c89cda5ca5,0.053321704833056253
openml_37,23861655ac34,0.051682519177261854
openml_37,a042255d7a7d,0.051068935828909326
openml_37,47980bf71ea8,0.06787471576984291
openml_37,79d9b0fb5f02,0.051194185976817214
openml_37,e511e76239fe,0.05705006031402393
openml_37,7741c3e44852,0.07028200063162948
openml_37,b2d6bf5f391d,0.07888654795014367
openml_37,3964e1ccb548,0.037929456504283275
openml_37,4c077151b389,0.039148258924374096
openml_37,f292f2a1db5b,0.04875931428012457
openml_37,a4dbad06fd4e,0.06179810588554509
openml_37,8eecd2798818,0.04188338627652404
openml_37,4d9c9acccd21,0.05054392833369858
openml_37,9381fbddb6c5,0.04793132222246931
openml_37,8ec393598948,0.04122607143879031
openml_37,77e145ffcc55,0.043368199467636995
openml_37,632568e85407,0.043368199467636995
openml_37,45c510f16843,0.05316684351278822
openml_37,3a9260f9550f,0.24134681491598448
openml_37,0dfb18d06f3a,0.13199995435737366
openml_37,c104b3d67121,0.12403152854508914
openml_37,7f10ff06a55f,0.18157366348762938
openml_37,afb4fe7d2eaa,0.1491884926760339
openml_37,627cdef1f058,0.08658915643114351
openml_37,c5dfd3221b79,0.13199995435737366
openml_37,e3ae029f4d54,0.0712178716023336
openml_37,98d2a79e4c00,0.056328953800409635
openml_37,0481ef8f35a2,0.056700534575256326
openml_37,9a585386bc6d,0.057372736972757216
openml_37,971471268792,0.0428515684346214
openml_37,4ec824c366d4,
openml_37,4555573328fc,
openml_37,0f46e0814abc,
openml_37,759f97a6695c,
openml_37,9cd81f07f9eb,
openml_37,bb5d6442dae0,
openml_37,c610648f3a0b,
openml_37,d9a6e957a479,
openml_37,e0981ae1c5a2,2.644844877585924
openml_37,08e381bd46b1,
openml_37,f7183f4c1fed,
openml_37,7c2e8cd4a56d,
openml_37,07ebbef7de3c,0.17250469716253267
openml_37,db49059653de,0.20097931123662607
openml_37,19967cb83e78,0.2079966470880458
openml_37,158a0277ed3c,
openml_37,d0fba6f03c0f,0.24585950578581878
openml_37,f10f8ff36baa,0.21727131578880712
openml_37,672c637760be,0.2250089854426689
openml_37,0cd896f527d5,
openml_37,4887a0323e21,
openml_37,3d795ce47578,
openml_37,639f74dd0e43,
openml_37,9c3ccb4fd98f,
openml_37,5647bbf0428d,0.30065877169213584
openml_37,389d4ccb0588,0.2852226450448504
openml_37,e34ce5984b64,0.32053855329308417
openml_37,63470ebdd53e,0.21879644953238245
openml_37,46814f50e13d,0.2852226450448504
openml_37,e597041814f5,
openml_37,024a1a8c54d1,0.21879644953238245
openml_37,bdcde80d6dbb,
openml_37,95475ce56089,
openml_37,5009193136b4,
openml_37,955728329102,
openml_37,1f1b6dfa46dc,
openml_37,272f18e90bd4,0.06771964072312879
openml_37,0cc00684cc3f,0.06771964072312879
openml_37,7203310ff7ba,0.07414219825404497
openml_37,a399ab5a112a,0.06827460182165349
openml_37,4d00158c440c,0.08532677312565448
openml_37,f028e3896d9e,0.09178402258679617
openml_37,bc0e2be21bfb,0.08895743738854792
openml_37,ae16e9272ff8,0.06036569739596747
openml_37,803c0d3403ff,0.0670034449920525
openml_37,579a8bd776f9,0.07738905917540659
openml_37,ccd2d07c7a4a,0.08435405576190715
openml_37,92f60358ba37,0.09409832626937668
openml_37,646357d2ae16,0.10617326251037866
openml_37,5773d7049286,0.1198373447083044
openml_37,a81f368f51bb,0.18867911278219027
openml_37,70969dd2d720,0.18867911278219027
openml_37,34b50b92b183,0.18867911278219027
openml_37,48d260f98b0d,0.12732913219452133
openml_37,1134a806601d,0.17379007857366544
openml_37,0069693e350e,0.14827632466830323
openml_37,2fa0af8799c8,0.10258633067044652
openml_375,76c89cda5ca5,0.05033616145770982
openml_375,23861655ac34,0.04319135969443907
openml_375,a042255d7a7d,0.045931898765292405
openml_375,47980bf71ea8,0.04590397920712904
openml_375,79d9b0fb5f02,0.05321982407420678
openml_375,e511e76239fe,0.0667954362886443
openml_375,7741c3e44852,0.06914086092151087
openml_375,b2d6bf5f391d,0.06811799649096538
openml_375,3964e1ccb548,0.04318143328639585
openml_375,4c077151b389,0.049571410449186365
openml_375,f292f2a1db5b,0.0437201401208423
openml_375,a4dbad06fd4e,0.04808626671166405
openml_375,8eecd2798818,0.04453471301394982
openml_375,4d9c9acccd21,0.06207008889352669
openml_375,9381fbddb6c5,0.05539538007570019
openml_375,8ec393598948,0.051567008786664946
openml_375,77e145ffcc55,0.0472583857558292
openml_375,632568e85407,0.0487939012315303
openml_375,fa9612cfa871,0.04750787434938563
openml_375,3d72e70b09e3,0.05784420701101089
openml_375,45c510f16843,0.05320008463225551
openml_375,27a2752a569f,0.06622236285775518
openml_375,4ec824c366d4,
openml_375,4555573328fc,
openml_375,0f46e0814abc,
openml_375,759f97a6695c,
openml_375,9cd81f07f9eb,
openml_375,bb5d6442dae0,
openml_375,c610648f3a0b,
openml_375,d9a6e957a479,
openml_375,e0981ae1c5a2,0.3336016751894058
openml_375,08e381bd46b1,
openml_375,f7183f4c1fed,
openml_375,7c2e8cd4a56d,
openml_375,07ebbef7de3c,0.11860590438143545
openml_375,db49059653de,0.08240364286509905
openml_375,19967cb83e78,0.3007983341922344
openml_375,158a0277ed3c,
openml_375,d0fba6f03c0f,
openml_375,f10f8ff36baa,
openml_375,672c637760be,0.22217839030131098
openml_375,0cd896f527d5,
openml_375,4887a0323e21,
openml_375,3d795ce47578,
openml_375,639f74dd0e43,
openml_375,9c3ccb4fd98f,
openml_375,5647bbf0428d,0.10433694707289225
openml_375,389d4ccb0588,
openml_375,e34ce5984b64,0.13313246493048778
openml_375,63470ebdd53e,0.09764884291655127
openml_375,46814f50e13d,0.16343499083076427
openml_375,e597041814f5,0.13313246493048778
openml_375,024a1a8c54d1,0.15799032428053333
openml_375,bdcde80d6dbb,0.16343499083076427
openml_375,95475ce56089,0.13313246493048778
openml_375,5009193136b4,0.12763511279362705
openml_375,955728329102,0.17665714723790577
openml_375,1f1b6dfa46dc,0.13313246493048778
openml_375,272f18e90bd4,0.055466515779696565
openml_375,0cc00684cc3f,0.057562642059488925
openml_375,7203310ff7ba,0.06293083995908881
openml_375,a399ab5a112a,0.06293083995908881
openml_375,4d00158c440c,0.0667043031756924
openml_375,f028e3896d9e,0.06892825088090208
openml_375,bc0e2be21bfb,0.07787862159278724
openml_375,ae16e9272ff8,0.07259845492955792
openml_375,803c0d3403ff,0.061501156135216346
openml_375,579a8bd776f9,0.05479095003454537
openml_375,ccd2d07c7a4a,0.05512429086228671
openml_375,92f60358ba37,0.058602733820253244
openml_375,646357d2ae16,0.06380282515193067
openml_375,5773d7049286,0.06811230616011682
openml_375,a81f368f51bb,0.2736234338384785
openml_375,70969dd2d720,0.10761216887396512
openml_375,34b50b92b183,0.05129199147435259
openml_375,48d260f98b0d,0.05129199147435259
openml_375,1134a806601d,0.05129199147435259
openml_375,0069693e350e,0.06134379582155997
openml_375,2fa0af8799c8,0.06134379582155997
openml_38,76c89cda5ca5,0.005038016330395742
openml_38,23861655ac34,0.00849442288660467
openml_38,a042255d7a7d,0.002317259723136419
openml_38,47980bf71ea8,0.0023899464915725236
openml_38,79d9b0fb5f02,0.00243349906398376
openml_38,e511e76239fe,0.005457542894399593
openml_38,7741c3e44852,0.0036948920279751803
openml_38,b2d6bf5f391d,0.005361764420010108
openml_38,3964e1ccb548,0.007349384478133775
openml_38,4c077151b389,0.005706320668233946
openml_38,f292f2a1db5b,0.00281577873715334
openml_38,a4dbad06fd4e,0.00281577873715334
openml_38,8eecd2798818,0.0005672169088133016
openml_38,4d9c9acccd21,0.0017168301843410504
openml_38,9381fbddb6c5,0.004773442587987038
openml_38,8ec393598948,0.007349384478133775
openml_38,77e145ffcc55,0.0069565216999508605
openml_38,632568e85407,0.0028300934402244932
openml_38,fa9612cfa871,0.003319780110548223
openml_38,3d72e70b09e3,0.0012926265519432524
openml_38,45c510f16843,0.0007273545624311297
openml_38,27a2752a569f,0.0016554898858634406
openml_38,4ec824c366d4,0.03799777937228358
openml_38,4555573328fc,0.03799777937228358
openml_38,0f46e0814abc,0.13333332734912634
openml_38,759f97a6695c,1.4999999438980594
openml_38,9cd81f07f9eb,0.07248846981253938
openml_38,bb5d6442dae0,0.03518820823229308
openml_38,c610648f3a0b,0.04585110187879339
openml_38,d9a6e957a479,
openml_38,e0981ae1c5a2,0.08561957147693125
openml_38,08e381bd46b1,0.05000350470358485
openml_38,f7183f4c1fed,0.07000636489190797
openml_38,7c2e8cd4a56d,
openml_38,07ebbef7de3c,0.10389807547477868
openml_38,db49059653de,0.05851025188807348
openml_38,19967cb83e78,
openml_38,158a0277ed3c,
openml_38,d0fba6f03c0f,0.6406463848469934
openml_38,f10f8ff36baa,
openml_38,672c637760be,0.10709779328651306
openml_38,0cd896f527d5,
openml_38,4887a0323e21,0.3354332232944517
openml_38,3d795ce47578,0.3354332232944517
openml_38,639f74dd0e43,
openml_38,9c3ccb4fd98f,
openml_38,5647bbf0428d,0.008373945544948167
openml_38,389d4ccb0588,0.008373945544948167
openml_38,e34ce5984b64,0.08335760080304018
openml_38,63470ebdd53e,0.011253108840125942
openml_38,46814f50e13d,0.011763912947070725
openml_38,e597041814f5,0.12499999999999999
openml_38,024a1a8c54d1,0.11091338787269071
openml_38,bdcde80d6dbb,0.16129031977846697
openml_38,95475ce56089,0.12499999999999999
openml_38,5009193136b4,0.14285714133055935
openml_38,955728329102,0.16129031977846697
openml_38,1f1b6dfa46dc,0.12499999999999999
openml_38,272f18e90bd4,0.00888671782557462
openml_38,0cc00684cc3f,0.011774278019528467
openml_38,7203310ff7ba,0.004330186940902228
openml_38,a399ab5a112a,0.0044546059239096575
openml_38,4d00158c440c,0.0044546059239096575
openml_38,f028e3896d9e,0.006741450709347934
openml_38,bc0e2be21bfb,0.006741450709347925
openml_38,ae16e9272ff8,0.2910566433574591
openml_38,803c0d3403ff,0.3354332232944517
openml_38,579a8bd776f9,0.011182956223384107
openml_38,ccd2d07c7a4a,0.0130336038861452
openml_38,92f60358ba37,0.01663048937827237
openml_38,646357d2ae16,0.020993612694960813
openml_38,5773d7049286,0.023500706535296092
openml_38,a81f368f51bb,0.2910566433574591
openml_38,70969dd2d720,0.3354332232944517
openml_38,34b50b92b183,0.10202875013192322
openml_38,48d260f98b0d,0.10457124678457874
openml_38,1134a806601d,0.10457124678457874
openml_38,0069693e350e,0.04765067511946408
openml_38,2fa0af8799c8,0.04906437094899994
openml_40478,76c89cda5ca5,0.05837044635858372
openml_40478,23861655ac34,0.006341336119418098
openml_40478,a042255d7a7d,0.0032499418930813464
openml_40478,47980bf71ea8,0.005457871908410524
openml_40478,79d9b0fb5f02,0.011945279596516688
openml_40478,e511e76239fe,0.016901807809998132
openml_40478,7741c3e44852,0.01532863541020075
openml_40478,b2d6bf5f391d,0.01038332555142723
openml_40478,3964e1ccb548,0.05837044635858372
openml_40478,4c077151b389,0.05837044635858372
openml_40478,f292f2a1db5b,0.015215833322107207
openml_40478,a4dbad06fd4e,0.023535588679708234
openml_40478,8eecd2798818,0.014975562193395289
openml_40478,4d9c9acccd21,0.015538996531117387
openml_40478,9381fbddb6c5,0.01911872702665312
openml_40478,4ec824c366d4,0.10714283692744879
openml_40478,4555573328fc,0.07142858697889697
openml_40478,0f46e0814abc,0.12500010953251942
openml_40478,759f97a6695c,
openml_40478,9cd81f07f9eb,0.11115783804160086
openml_40478,bb5d6442dae0,0.7644604831545339
openml_40478,c610648f3a0b,
openml_40478,d9a6e957a479,0.14285713041689949
openml_40478,e0981ae1c5a2,0.11524755064496002
openml_40478,08e381bd46b1,0.09573604337243367
openml_40478,f7183f4c1fed,0.06520076226177107
openml_40478,7c2e8cd4a56d,
openml_40478,07ebbef7de3c,0.11847527560801048
openml_40478,db49059653de,0.11529100921313822
openml_40478,19967cb83e78,0.34005390783482675
openml_40478,158a0277ed3c,0.38348620842535436
openml_40478,d0fba6f03c0f,0.16305981048276538
openml_40478,f10f8ff36baa,0.17427803848891987
openml_40478,672c637760be,0.17427803848891987
openml_40478,0cd896f527d5,0.21571855015584515
openml_40478,4887a0323e21,0.2821456314571566
openml_40478,3d795ce47578,0.2821456314571566
openml_40478,639f74dd0e43,0.2823309593107529
openml_40478,9c3ccb4fd98f,0.2823309593107529
openml_40478,5647bbf0428d,0.007037291414980322
openml_40478,389d4ccb0588,0.004159092592763224
openml_40478,e34ce5984b64,0.18440886188290967
openml_40478,63470ebdd53e,0.01407458711969919
openml_40478,46814f50e13d,0.01663637544157655
openml_40478,e597041814f5,0.18440886188290967
openml_40478,024a1a8c54d1,0.012543811577922174
openml_40478,bdcde80d6dbb,0.1844275328229191
openml_40478,95475ce56089,0.1844275328229191
openml_40478,5009193136b4,0.13905818786284296
openml_40478,955728329102,0.18939913415546888
openml_40478,1f1b6dfa46dc,0.20520362986316862
openml_40478,272f18e90bd4,0.059426712795088474
openml_40478,0cc00684cc3f,0.059426712795088474
openml_40478,7203310ff7ba,0.10824310225540959
openml_40478,a399ab5a112a,0.10824310225540959
openml_40478,4d00158c440c,0.10824310225540959
openml_40478,f028e3896d9e,0.024253566931158953
openml_40478,bc0e2be21bfb,0.033929345866837636
openml_40478,ae16e9272ff8,1.6428573097058872
openml_40478,803c0d3403ff,0.518535818003614
openml_40478,579a8bd776f9,0.07535903710631098
openml_40478,ccd2d07c7a4a,0.08155668944249007
openml_40478,92f60358ba37,0.04088005190550146
openml_40478,646357d2ae16,0.026049492414184413
openml_40478,5773d7049286,0.03016724109379622
openml_40478,a81f368f51bb,1.6428573097058872
openml_40478,70969dd2d720,0.518535818003614
openml_40478,34b50b92b183,0.5922892560772595
openml_40478,48d260f98b0d,0.23864808358535186
openml_40478,1134a806601d,0.262842804246476
openml_40478,0069693e350e,0.2699135967671715
openml_40478,2fa0af8799c8,0.16217300230980386
openml_40496,76c89cda5ca5,0.3709722065679502
openml_40496,23861655ac34,0.3880307490649418
openml_40496,a042255d7a7d,0.38803074906494167
openml_40496,47980bf71ea8,0.38803074906494167
openml_40496,79d9b0fb5f02,0.42101909949697536
openml_40496,e511e76239fe,0.46827055970941345
openml_40496,7741c3e44852,0.4753568416889267
openml_40496,b2d6bf5f391d,0.5412030420521532
openml_40496,3964e1ccb548,0.39056617082752404
openml_40496,4c077151b389,0.405872574581222
openml_40496,f292f2a1db5b,0.4058725745812221
openml_40496,a4dbad06fd4e,0.42101909949697547
openml_40496,8eecd2798818,0.4302294767705128
openml_40496,4d9c9acccd21,0.4539717976618012
openml_40496,9381fbddb6c5,0.4731764599092035
openml_40496,27a2752a569f,0.4731764599092035
openml_40496,4ec824c366d4,
openml_40496,4555573328fc,
openml_40496,0f46e0814abc,
openml_40496,759f97a6695c,
openml_40496,9cd81f07f9eb,
openml_40496,bb5d6442dae0,
openml_40496,c610648f3a0b,
openml_40496,d9a6e957a479,
openml_40496,e0981ae1c5a2,
openml_40496,08e381bd46b1,
openml_40496,f7183f4c1fed,
openml_40496,7c2e8cd4a56d,
openml_40496,07ebbef7de3c,
openml_40496,db49059653de,
openml_40496,19967cb83e78,
openml_40496,158a0277ed3c,
openml_40496,d0fba6f03c0f,
openml_40496,f10f8ff36baa,
openml_40496,672c637760be,
openml_40496,0cd896f527d5,
openml_40496,4887a0323e21,
openml_40496,3d795ce47578,
openml_40496,639f74dd0e43,
openml_40496,9c3ccb4fd98f,
openml_40496,5647bbf0428d,0.48873504946222335
openml_40496,389d4ccb0588,0.48873504946222335
openml_40496,e34ce5984b64,0.0
openml_40496,63470ebdd53e,0.4302294767705128
openml_40496,46814f50e13d,0.48873504946222335
openml_40496,e597041814f5,0.567465032053595
openml_40496,024a1a8c54d1,0.3880307490649418
openml_40496,bdcde80d6dbb,0.3880307490649418
openml_40496,95475ce56089,0.4214434532573824
openml_40496,5009193136b4,0.4433516078146755
openml_40496,955728329102,0.494620074022652
openml_40496,1f1b6dfa46dc,0.38354562658666413
openml_40496,272f18e90bd4,0.34781050247385664
openml_40496,0cc00684cc3f,0.34781050247385664
openml_40496,7203310ff7ba,0.3772268223255821
openml_40496,a399ab5a112a,0.3772268223255821
openml_40496,4d00158c440c,0.38803074906494167
openml_40496,f028e3896d9e,0.38803074906494167
openml_40496,bc0e2be21bfb,0.42101909949697536
openml_40496,ae16e9272ff8,0.34977966460030013
openml_40496,803c0d3403ff,0.3733643455725062
openml_40496,579a8bd776f9,0.4171698791803098
openml_40496,ccd2d07c7a4a,0.43266526173189335
openml_40496,92f60358ba37,0.49150206926875945
openml_40496,646357d2ae16,0.5633698921855986
openml_40496,5773d7049286,0.5718748198059244
openml_40496,a81f368f51bb,0.494620074022652
openml_40496,70969dd2d720,0.4034565103946026
openml_40496,34b50b92b183,0.3902276219296753
openml_40496,48d260f98b0d,0.42647882440582174
openml_40496,1134a806601d,0.42647882440582174
openml_40496,0069693e350e,0.4326652617318934
openml_40496,2fa0af8799c8,0.49150206926875956
openml_40499,76c89cda5ca5,0.014655600031233274
openml_40499,23861655ac34,0.018534561540662634
openml_40499,a042255d7a7d,0.020216474890971423
openml_40499,47980bf71ea8,0.023516557897045206
openml_40499,79d9b0fb5f02,0.021709315448030096
openml_40499,e511e76239fe,0.021628175718609945
openml_40499,7741c3e44852,0.027269781523257337
openml_40499,b2d6bf5f391d,0.03700772132217815
openml_40499,3964e1ccb548,0.01817900040162467
openml_40499,4c077151b389,0.014870924022627385
openml_40499,f292f2a1db5b,0.021714851693065224
openml_40499,a4dbad06fd4e,0.014103325058147962
openml_40499,8eecd2798818,0.020396358279812062
openml_40499,4d9c9acccd21,0.019356970133350356
openml_40499,9381fbddb6c5,0.023661739349659767
openml_40499,8ec393598948,0.014232683826261711
openml_40499,77e145ffcc55,0.016380777226524517
openml_40499,632568e85407,0.021355190747382596
openml_40499,fa9612cfa871,0.02024565331682006
openml_40499,3d72e70b09e3,0.01684937961034421
openml_40499,45c510f16843,0.018153336921343015
openml_40499,27a2752a569f,0.0289006149129736
openml_40499,4ec824c366d4,
openml_40499,4555573328fc,
openml_40499,0f46e0814abc,
openml_40499,759f97a6695c,
openml_40499,9cd81f07f9eb,
openml_40499,bb5d6442dae0,
openml_40499,c610648f3a0b,
openml_40499,d9a6e957a479,
openml_40499,e0981ae1c5a2,0.4921411679098831
openml_40499,08e381bd46b1,1.0226560133416036
openml_40499,f7183f4c1fed,
openml_40499,7c2e8cd4a56d,
openml_40499,07ebbef7de3c,0.07370592889115384
openml_40499,db49059653de,0.058516592422242386
openml_40499,19967cb83e78,0.07418601393746457
openml_40499,158a0277ed3c,0.10800751805865859
openml_40499,d0fba6f03c0f,0.07445700250464703
openml_40499,f10f8ff36baa,0.07736824882410687
openml_40499,672c637760be,0.07925675893082264
openml_40499,0cd896f527d5,0.09061836445958915
openml_40499,4887a0323e21,
openml_40499,3d795ce47578,
openml_40499,639f74dd0e43,
openml_40499,9c3ccb4fd98f,
openml_40499,5647bbf0428d,0.06529760946287125
openml_40499,389d4ccb0588,0.0806184627888802
openml_40499,e34ce5984b64,0.08096833979630724
openml_40499,63470ebdd53e,0.09070792659663919
openml_40499,46814f50e13d,0.07779470349177071
openml_40499,e597041814f5,0.08309878754791186
openml_40499,024a1a8c54d1,0.06340452370969392
openml_40499,bdcde80d6dbb,0.06996652303398594
openml_40499,95475ce56089,0.08309878754791186
openml_40499,5009193136b4,0.0671257123541108
openml_40499,955728329102,0.06996652303398594
openml_40499,1f1b6dfa46dc,0.08309878754791186
openml_40499,272f18e90bd4,0.021091771992035734
openml_40499,0cc00684cc3f,0.024681123632713926
openml_40499,7203310ff7ba,0.029626843525053154
openml_40499,a399ab5a112a,0.029626843525053154
openml_40499,4d00158c440c,0.03903655595169293
openml_40499,f028e3896d9e,0.03586065827006731
openml_40499,bc0e2be21bfb,0.03237782833296184
openml_40499,ae16e9272ff8,0.06493820838258751
openml_40499,803c0d3403ff,0.037291970496479504
openml_40499,579a8bd776f9,0.046693923886041995
openml_40499,ccd2d07c7a4a,0.038080778690169785
openml_40499,92f60358ba37,0.0511035238866251
openml_40499,646357d2ae16,0.05983897111211942
openml_40499,5773d7049286,0.06702326963276524
openml_40499,a81f368f51bb,0.06752338289810757
openml_40499,70969dd2d720,0.0675233828981077
openml_40499,34b50b92b183,0.0508296561400391
openml_40499,48d260f98b0d,0.0508296561400391
openml_40499,1134a806601d,0.06844550776482725
openml_40499,0069693e350e,0.06844550776482725
openml_40499,2fa0af8799c8,0.06844550776482725
openml_40536,76c89cda5ca5,0.074086092718346
openml_40536,23861655ac34,0.07455805520131588
openml_40536,a042255d7a7d,0.062342197102689616
openml_40536,47980bf71ea8,0.06271063916897696
openml_40536,79d9b0fb5f02,0.0754263329755369
openml_40536,e511e76239fe,0.1151651198394194
openml_40536,7741c3e44852,0.074141261984169
openml_40536,b2d6bf5f391d,0.13205124982823216
openml_40536,3964e1ccb548,0.09695479340914037
openml_40536,4c077151b389,0.09892933903573072
openml_40536,f292f2a1db5b,0.1030861564324988
openml_40536,a4dbad06fd4e,0.11366753996610794
openml_40536,8eecd2798818,0.12929277599765407
openml_40536,4d9c9acccd21,0.12098987077410345
openml_40536,9381fbddb6c5,0.12146795173028639
openml_40536,8ec393598948,0.10464178798297812
openml_40536,77e145ffcc55,0.07344655783356614
openml_40536,4ec824c366d4,
openml_40536,4555573328fc,
openml_40536,0f46e0814abc,
openml_40536,759f97a6695c,
openml_40536,9cd81f07f9eb,
openml_40536,bb5d6442dae0,
openml_40536,c610648f3a0b,
openml_40536,d9a6e957a479,
openml_40536,e0981ae1c5a2,
openml_40536,08e381bd46b1,
openml_40536,f7183f4c1fed,
openml_40536,7c2e8cd4a56d,
openml_40536,07ebbef7de3c,
openml_40536,db49059653de,
openml_40536,19967cb83e78,
openml_40536,158a0277ed3c,
openml_40536,d0fba6f03c0f,2.637714686184188
openml_40536,f10f8ff36baa,
openml_40536,672c637760be,
openml_40536,0cd896f527d5,
openml_40536,4887a0323e21,0.3843064554206149
openml_40536,3d795ce47578,0.3409375332393917
openml_40536,639f74dd0e43,0.3367631169686134
openml_40536,9c3ccb4fd98f,0.5758614386190659
openml_40536,5647bbf0428d,0.35138148034094085
openml_40536,389d4ccb0588,0.37700671117238505
openml_40536,e34ce5984b64,0.5027969742873627
openml_40536,63470ebdd53e,0.3507169702507847
openml_40536,46814f50e13d,0.37700671117238505
openml_40536,e597041814f5,0.5027969742873627
openml_40536,024a1a8c54d1,0.37088113565729663
openml_40536,bdcde80d6dbb,0.4180231124071042
openml_40536,95475ce56089,0.42946823852596555
openml_40536,5009193136b4,0.3749495747808973
openml_40536,955728329102,0.4718960901670618
openml_40536,1f1b6dfa46dc,
openml_40536,272f18e90bd4,0.14871936043244835
openml_40536,0cc00684cc3f,0.15431012264570537
openml_40536,7203310ff7ba,0.15431012264570537
openml_40536,a399ab5a112a,0.13349111476554745
openml_40536,4d00158c440c,0.19037396930912684
openml_40536,f028e3896d9e,0.19037396930912684
openml_40536,bc0e2be21bfb,0.19037396930912684
openml_40536,ae16e9272ff8,0.7342338108304262
openml_40536,803c0d3403ff,0.13410087318943384
openml_40536,579a8bd776f9,0.14007282635000448
openml_40536,ccd2d07c7a4a,0.148147226227446
openml_40536,92f60358ba37,0.15362744338788148
openml_40536,646357d2ae16,0.16251848582674822
openml_40536,5773d7049286,0.1655117925464283
openml_40536,a81f368f51bb,0.7342338108304262
openml_40536,70969dd2d720,0.7342338108304262
openml_40536,34b50b92b183,0.5595186068929128
openml_40536,48d260f98b0d,0.47587977455957303
openml_40536,1134a806601d,0.28947170137801065
openml_40536,0069693e350e,0.29002727752117974
openml_40536,2fa0af8799c8,0.29002727752117974
openml_40668,76c89cda5ca5,0.02945533174153372
openml_40668,23861655ac34,0.028388798866157118
openml_40668,a042255d7a7d,0.032090919158305344
openml_40668,47980bf71ea8,0.03695287400494803
openml_40668,79d9b0fb5f02,0.037404010084415296
openml_40668,e511e76239fe,0.04436140923213381
openml_40668,7741c3e44852,0.037499022915795745
openml_40668,8ec393598948,0.04134891923722277
openml_40668,77e145ffcc55,0.03755436536355732
openml_40668,632568e85407,0.030216808463632748
openml_40668,fa9612cfa871,0.03729110907747042
openml_40668,3d72e70b09e3,0.037974676179766215
openml_40668,9cd81f07f9eb,
openml_40668,bb5d6442dae0,
openml_40668,c610648f3a0b,
openml_40668,e0981ae1c5a2,
openml_40668,08e381bd46b1,
openml_40668,f7183f4c1fed,
openml_40668,07ebbef7de3c,
openml_40668,db49059653de,
openml_40668,19967cb83e78,
openml_40668,d0fba6f03c0f,0.23770383219986027
openml_40668,f10f8ff36baa,0.20081997646106303
openml_40668,672c637760be,0.2358111741814194
openml_40670,76c89cda5ca5,0.24119361387850619
openml_40670,23861655ac34,0.2523037199843482
openml_40670,a042255d7a7d,0.37498207745697915
openml_40670,47980bf71ea8,0.17668369914732313
openml_40670,79d9b0fb5f02,0.24464251966864978
openml_40670,e511e76239fe,0.36957577829142174
openml_40670,7741c3e44852,0.17668369914732313
openml_40670,b2d6bf5f391d,0.1828632374998802
openml_40670,3964e1ccb548,0.39372250304790773
openml_40670,4c077151b389,0.4017749909889252
openml_40670,f292f2a1db5b,0.3180839659882842
openml_40670,a4dbad06fd4e,0.3590906871997702
openml_40670,8eecd2798818,0.17668369914732313
openml_40670,4d9c9acccd21,0.18132933510777574
openml_40670,77e145ffcc55,0.25002332900809876
openml_40670,632568e85407,0.2582820835252353
openml_40670,fa9612cfa871,0.14916481658900443
openml_40670,45c510f16843,0.19386113230738128
openml_40670,4ec824c366d4,13602022.226896962
openml_40670,4555573328fc,
openml_40670,0f46e0814abc,
openml_40670,759f97a6695c,
openml_40670,9cd81f07f9eb,13602022.226896962
openml_40670,bb5d6442dae0,
openml_40670,c610648f3a0b,
openml_40670,d9a6e957a479,
openml_40670,e0981ae1c5a2,13602022.226896962
openml_40670,08e381bd46b1,
openml_40670,f7183f4c1fed,
openml_40670,7c2e8cd4a56d,
openml_40670,07ebbef7de3c,13602022.226896962
openml_40670,db49059653de,
openml_40670,19967cb83e78,
openml_40670,158a0277ed3c,
openml_40670,d0fba6f03c0f,13602022.226896962
openml_40670,f10f8ff36baa,
openml_40670,672c637760be,
openml_40670,0cd896f527d5,
openml_40670,4887a0323e21,0.8116305617649557
openml_40670,3d795ce47578,2.521805449748732
openml_40670,639f74dd0e43,
openml_40670,9c3ccb4fd98f,
openml_40670,5647bbf0428d,0.5314048247551809
openml_40670,389d4ccb0588,0.7146853569029585
openml_40670,e34ce5984b64,0.8779623565426508
openml_40670,63470ebdd53e,0.7019824234663691
openml_40670,46814f50e13d,0.7287527685172102
openml_40670,e597041814f5,0.7999920279386283
openml_40670,024a1a8c54d1,0.6405818077207216
openml_40670,bdcde80d6dbb,0.6922587440193352
openml_40670,95475ce56089,
openml_40670,5009193136b4,0.6809252072200999
openml_40670,955728329102,
openml_40670,1f1b6dfa46dc,
openml_40670,272f18e90bd4,0.5033911330712221
openml_40670,0cc00684cc3f,0.5033911330712221
openml_40670,7203310ff7ba,0.5156189179639487
openml_40670,a399ab5a112a,0.5156189179639487
openml_40670,4d00158c440c,0.5246793742797613
openml_40670,f028e3896d9e,0.5246793742797613
openml_40670,bc0e2be21bfb,0.5285644597347061
openml_40670,ae16e9272ff8,0.6051303791006402
openml_40670,803c0d3403ff,0.5980019411149873
openml_40670,579a8bd776f9,0.6021548298572849
openml_40670,ccd2d07c7a4a,0.5914854316341172
openml_40670,92f60358ba37,0.5874923806942447
openml_40670,646357d2ae16,0.5937588351404063
openml_40670,5773d7049286,0.5983878535146584
openml_40670,a81f368f51bb,0.664395539070214
openml_40670,70969dd2d720,0.629195107737473
openml_40670,34b50b92b183,0.629195107737473
openml_40670,48d260f98b0d,0.629195107737473
openml_40670,1134a806601d,0.629195107737473
openml_40670,0069693e350e,0.629195107737473
openml_40670,2fa0af8799c8,0.615330783401255
openml_40685,76c89cda5ca5,0.0020334621463554375
openml_40685,23861655ac34,0.001498369978530497
openml_40685,a042255d7a7d,0.0020520782136761303
openml_40685,47980bf71ea8,0.0030887611671129266
openml_40685,79d9b0fb5f02,0.0017218097360149462
openml_40685,e511e76239fe,0.003763872179057319
openml_40685,7741c3e44852,0.00652515100249136
openml_40685,8ec393598948,0.00045854217750760284
openml_40685,77e145ffcc55,0.00023145038025787937
openml_40685,632568e85407,0.00012315461521318502
openml_40685,fa9612cfa871,0.00012315461521318502
openml_40685,9cd81f07f9eb,0.07245232751581653
openml_40685,bb5d6442dae0,0.07245232751581653
openml_40685,c610648f3a0b,0.07245232751581653
openml_40685,e0981ae1c5a2,0.10484486541269691
openml_40685,08e381bd46b1,0.10484486541269691
openml_40685,f7183f4c1fed,0.07245232751581653
openml_40685,07ebbef7de3c,0.2684413735235029
openml_40685,db49059653de,0.2684413735235029
openml_40685,19967cb83e78,0.2841825846561909
openml_40685,d0fba6f03c0f,0.7719263176533089
openml_40685,f10f8ff36baa,
openml_40685,672c637760be,
openml_40701,76c89cda5ca5,0.20426888215535985
openml_40701,23861655ac34,0.1064106644350105
openml_40701,a042255d7a7d,0.10761114766675539
openml_40701,47980bf71ea8,0.1137479321813339
openml_40701,79d9b0fb5f02,0.10627340096040334
openml_40701,e511e76239fe,0.12840011525432496
openml_40701,7741c3e44852,0.13424788156229603
openml_40701,b2d6bf5f391d,0.1415140988878604
openml_40701,3964e1ccb548,0.20426888215535985
openml_40701,4c077151b389,0.2099819240204752
openml_40701,f292f2a1db5b,0.16923207112826844
openml_40701,a4dbad06fd4e,0.11883349487426668
openml_40701,8eecd2798818,0.11157508174885253
openml_40701,4d9c9acccd21,0.11356581074906734
openml_40701,9381fbddb6c5,0.11157508174885253
openml_40701,77e145ffcc55,0.2099819240204752
openml_40701,4ec824c366d4,
openml_40701,4555573328fc,
openml_40701,0f46e0814abc,
openml_40701,759f97a6695c,
openml_40701,9cd81f07f9eb,
openml_40701,bb5d6442dae0,
openml_40701,c610648f3a0b,
openml_40701,d9a6e957a479,
openml_40701,e0981ae1c5a2,
openml_40701,08e381bd46b1,
openml_40701,f7183f4c1fed,
openml_40701,7c2e8cd4a56d,
openml_40701,07ebbef7de3c,
openml_40701,db49059653de,
openml_40701,19967cb83e78,
openml_40701,158a0277ed3c,
openml_40701,d0fba6f03c0f,0.2850201171383385
openml_40701,f10f8ff36baa,0.32124518496273546
openml_40701,672c637760be,
openml_40701,0cd896f527d5,
openml_40701,4887a0323e21,
openml_40701,3d795ce47578,
openml_40701,639f74dd0e43,
openml_40701,9c3ccb4fd98f,
openml_40701,5647bbf0428d,0.2957769740700977
openml_40701,389d4ccb0588,0.32224775653713833
openml_40701,e34ce5984b64,0.34647292130751645
openml_40701,63470ebdd53e,0.2957769740700977
openml_40701,46814f50e13d,0.32224775653713833
openml_40701,e597041814f5,0.36249215039327043
openml_40701,024a1a8c54d1,0.2957769740700977
openml_40701,bdcde80d6dbb,0.32224775653713833
openml_40701,95475ce56089,0.36249215039327043
openml_40701,5009193136b4,0.26296614845968486
openml_40701,955728329102,0.344059368537785
openml_40701,1f1b6dfa46dc,0.36249215039327043
openml_40701,272f18e90bd4,0.1652170538683299
openml_40701,0cc00684cc3f,0.1652170538683299
openml_40701,7203310ff7ba,0.1203989952056112
openml_40701,a399ab5a112a,0.1203989952056112
openml_40701,4d00158c440c,0.1203989952056112
openml_40701,f028e3896d9e,0.13165939875932633
openml_40701,bc0e2be21bfb,0.13472853840805515
openml_40701,ae16e9272ff8,0.13644396194251657
openml_40701,803c0d3403ff,0.13644396194251657
openml_40701,579a8bd776f9,0.12593054672246723
openml_40701,ccd2d07c7a4a,0.13227790032652223
openml_40701,92f60358ba37,0.13593500067142608
openml_40701,646357d2ae16,0.1428477112333295
openml_40701,5773d7049286,0.14749565759417724
openml_40701,a81f368f51bb,
openml_40701,70969dd2d720,0.3966241797564987
openml_40701,34b50b92b183,0.33645545204600996
openml_40701,48d260f98b0d,0.2866720577766521
openml_40701,1134a806601d,0.21116260815315588
openml_40701,0069693e350e,0.21116260815315588
openml_40701,2fa0af8799c8,0.21567838588315827
openml_40900,76c89cda5ca5,0.05049310255997823
openml_40900,23861655ac34,0.05351890377262859
openml_40900,a042255d7a7d,0.05586470308485891
openml_40900,47980bf71ea8,0.06093168044009303
openml_40900,79d9b0fb5f02,0.07234054973892856
openml_40900,e511e76239fe,0.06450523445741312
openml_40900,7741c3e44852,0.06951785413385092
openml_40900,b2d6bf5f391d,0.0787315046326899
openml_40900,3964e1ccb548,0.04977659947331086
openml_40900,4c077151b389,0.047580633130226035
openml_40900,f292f2a1db5b,0.04664443488826122
openml_40900,a4dbad06fd4e,0.045037715713328416
openml_40900,8eecd2798818,0.04571433218010141
openml_40900,4d9c9acccd21,0.05610370857711073
openml_40900,9381fbddb6c5,0.05382887105214893
openml_40900,8ec393598948,0.046030325374640205
openml_40900,77e145ffcc55,0.044863222511800346
openml_40900,632568e85407,0.04526401260792213
openml_40900,fa9612cfa871,0.04526401260792213
openml_40900,3d72e70b09e3,0.037062940376024166
openml_40900,45c510f16843,0.05585548788821444
openml_40900,27a2752a569f,0.04002615403318508
openml_40900,4ec824c366d4,
openml_40900,4555573328fc,
openml_40900,0f46e0814abc,
openml_40900,759f97a6695c,
openml_40900,9cd81f07f9eb,
openml_40900,bb5d6442dae0,
openml_40900,c610648f3a0b,
openml_40900,d9a6e957a479,
openml_40900,e0981ae1c5a2,
openml_40900,08e381bd46b1,
openml_40900,f7183f4c1fed,
openml_40900,7c2e8cd4a56d,
openml_40900,07ebbef7de3c,0.33221684339565766
openml_40900,db49059653de,0.42505368865805304
openml_40900,19967cb83e78,
openml_40900,158a0277ed3c,
openml_40900,d0fba6f03c0f,0.0902441013989576
openml_40900,f10f8ff36baa,0.08955726010596939
openml_40900,672c637760be,0.08165802426439989
openml_40900,0cd896f527d5,0.1350755088973289
openml_40900,4887a0323e21,0.25643352853285417
openml_40900,3d795ce47578,0.36632581792679836
openml_40900,639f74dd0e43,0.36632581792679836
openml_40900,9c3ccb4fd98f,
openml_40900,5647bbf0428d,0.2953187461162928
openml_40900,389d4ccb0588,0.3339958653159855
openml_40900,e34ce5984b64,0.3339958653159855
openml_40900,63470ebdd53e,0.2953187461162928
openml_40900,46814f50e13d,0.3339958653159855
openml_40900,e597041814f5,0.3339958653159855
openml_40900,024a1a8c54d1,0.2953187461162928
openml_40900,bdcde80d6dbb,0.3339958653159855
openml_40900,95475ce56089,0.3339958653159855
openml_40900,5009193136b4,0.08955726010596939
openml_40900,955728329102,0.12086995086443275
openml_40900,1f1b6dfa46dc,0.09826414341049922
openml_40900,272f18e90bd4,0.047680420995325726
openml_40900,0cc00684cc3f,0.04909497251616348
openml_40900,7203310ff7ba,0.05221432830720543
openml_40900,a399ab5a112a,0.06960007712153846
openml_40900,4d00158c440c,0.0607758500191416
openml_40900,f028e3896d9e,0.0607758500191416
openml_40900,bc0e2be21bfb,0.0607758500191416
openml_40900,ae16e9272ff8,0.2953187461162928
openml_40900,803c0d3403ff,0.06427547700736021
openml_40900,579a8bd776f9,0.07979002696549845
openml_40900,ccd2d07c7a4a,0.08837573906431108
openml_40900,92f60358ba37,0.09112819601212864
openml_40900,646357d2ae16,0.07769953170207139
openml_40900,5773d7049286,0.0863275126855559
openml_40900,a81f368f51bb,0.2953187461162928
openml_40900,70969dd2d720,0.2953187461162928
openml_40900,34b50b92b183,0.1370293773381112
openml_40900,48d260f98b0d,0.08468454718655807
openml_40900,1134a806601d,0.08468454718655807
openml_40900,0069693e350e,0.08742406964719958
openml_40900,2fa0af8799c8,0.09612488397844543
openml_40927,76c89cda5ca5,0.08510186557682624
openml_40927,23861655ac34,0.09567209896165478
openml_40927,a042255d7a7d,0.11774245476550305
openml_40927,47980bf71ea8,0.09211744192140581
openml_40927,79d9b0fb5f02,0.09254167091168493
openml_40927,e511e76239fe,0.09517605211452543
openml_40927,7741c3e44852,0.10759830771577127
openml_40927,8ec393598948,0.15320509220687845
openml_40927,77e145ffcc55,0.16292017443997597
openml_40927,632568e85407,0.16292017443997597
openml_40927,fa9612cfa871,0.1434545929935918
openml_40927,3d72e70b09e3,0.1275651623890609
openml_40927,45c510f16843,0.10510371514057185
openml_40927,27a2752a569f,0.10510371514057185
openml_40927,9cd81f07f9eb,
openml_40927,bb5d6442dae0,
openml_40927,c610648f3a0b,
openml_40927,e0981ae1c5a2,
openml_40927,08e381bd46b1,
openml_40927,f7183f4c1fed,
openml_40927,07ebbef7de3c,
openml_40927,db49059653de,
openml_40927,19967cb83e78,
openml_40927,d0fba6f03c0f,1.0500773496469147
openml_40927,f10f8ff36baa,
openml_40927,672c637760be,
openml_40966,76c89cda5ca5,0.052626184393361204
openml_40966,23861655ac34,0.05136147720976533
openml_40966,a042255d7a7d,0.06515576862629108
openml_40966,47980bf71ea8,0.07245335523388838
openml_40966,79d9b0fb5f02,0.07258561691034461
openml_40966,e511e76239fe,0.07016013143138959
openml_40966,7741c3e44852,0.06684961431395967
openml_40966,b2d6bf5f391d,0.07711184160843322
openml_40966,3964e1ccb548,0.07325542490285292
openml_40966,4c077151b389,0.075807952582836
openml_40966,f292f2a1db5b,0.06555298039674062
openml_40966,a4dbad06fd4e,0.06717427570312422
openml_40966,8eecd2798818,0.07257713591271762
openml_40966,4d9c9acccd21,0.07325103164612301
openml_40966,9381fbddb6c5,0.09589975447054347
openml_40966,8ec393598948,0.04901535626400949
openml_40966,77e145ffcc55,0.06933212739212467
openml_40966,632568e85407,0.06659288027265271
openml_40966,fa9612cfa871,0.06436764515062277
openml_40966,3d72e70b09e3,0.07504283299073616
openml_40966,45c510f16843,0.07256512680134537
openml_40966,27a2752a569f,0.06761746539403235
openml_40966,4ec824c366d4,
openml_40966,4555573328fc,
openml_40966,0f46e0814abc,
openml_40966,759f97a6695c,
openml_40966,9cd81f07f9eb,
openml_40966,bb5d6442dae0,
openml_40966,c610648f3a0b,
openml_40966,d9a6e957a479,
openml_40966,e0981ae1c5a2,
openml_40966,08e381bd46b1,
openml_40966,f7183f4c1fed,
openml_40966,7c2e8cd4a56d,
openml_40966,07ebbef7de3c,
openml_40966,db49059653de,
openml_40966,19967cb83e78,
openml_40966,158a0277ed3c,
openml_40966,d0fba6f03c0f,0.8486857095628257
openml_40966,f10f8ff36baa,
openml_40966,672c637760be,
openml_40966,0cd896f527d5,
openml_40966,4887a0323e21,0.23997837844246117
openml_40966,3d795ce47578,0.23997837844246117
openml_40966,639f74dd0e43,0.10883641166397953
openml_40966,9c3ccb4fd98f,0.4165886657196192
openml_40966,5647bbf0428d,0.1742129627575686
openml_40966,389d4ccb0588,0.32180326403398823
openml_40966,e34ce5984b64,0.34975375310190343
openml_40966,63470ebdd53e,0.2958680506013573
openml_40966,46814f50e13d,0.3407734987317786
openml_40966,e597041814f5,0.2800385119849733
openml_40966,024a1a8c54d1,0.1963697456725477
openml_40966,bdcde80d6dbb,0.20724392017883672
openml_40966,95475ce56089,0.2800385119849733
openml_40966,5009193136b4,0.21777126491526644
openml_40966,955728329102,0.22983057032931298
openml_40966,1f1b6dfa46dc,0.18164598784400998
openml_40966,272f18e90bd4,0.09080383054981009
openml_40966,0cc00684cc3f,0.10152639802629196
openml_40966,7203310ff7ba,0.10152639802629196
openml_40966,a399ab5a112a,0.10739750243420182
openml_40966,4d00158c440c,0.10824634762248272
openml_40966,f028e3896d9e,0.10824634762248272
openml_40966,bc0e2be21bfb,0.10824634762248272
openml_40966,ae16e9272ff8,0.08150946462260321
openml_40966,803c0d3403ff,0.09254906138614923
openml_40966,579a8bd776f9,0.0980022279595682
openml_40966,ccd2d07c7a4a,0.1083135825109534
openml_40966,92f60358ba37,0.1179457209910495
openml_40966,646357d2ae16,0.13056618513418702
openml_40966,5773d7049286,0.14490051503148987
openml_40966,a81f368f51bb,0.4551768305722657
openml_40966,70969dd2d720,0.2958680506013573
openml_40966,34b50b92b183,0.18177462801018396
openml_40966,48d260f98b0d,0.17628262643216844
openml_40966,1134a806601d,0.17666097039986048
openml_40966,0069693e350e,0.17666097039986048
openml_40966,2fa0af8799c8,0.15213394319180756
openml_40975,76c89cda5ca5,0.3973597250236342
openml_40975,23861655ac34,0.5
openml_40975,a042255d7a7d,0.8660254501220278
openml_40975,47980bf71ea8,1.0
openml_40975,79d9b0fb5f02,
openml_40975,e511e76239fe,
openml_40975,7741c3e44852,
openml_40975,b2d6bf5f391d,
openml_40975,3964e1ccb548,0.3973597250236342
openml_40975,4c077151b389,0.5
openml_40975,f292f2a1db5b,0.5
openml_40975,a4dbad06fd4e,1.0
openml_40975,8eecd2798818,
openml_40975,4d9c9acccd21,
openml_40975,9381fbddb6c5,
openml_40975,4ec824c366d4,
openml_40975,4555573328fc,
openml_40975,0f46e0814abc,
openml_40975,759f97a6695c,
openml_40975,9cd81f07f9eb,
openml_40975,bb5d6442dae0,
openml_40975,c610648f3a0b,
openml_40975,d9a6e957a479,
openml_40975,e0981ae1c5a2,
openml_40975,08e381bd46b1,
openml_40975,f7183f4c1fed,
openml_40975,7c2e8cd4a56d,
openml_40975,07ebbef7de3c,
openml_40975,db49059653de,
openml_40975,19967cb83e78,
openml_40975,158a0277ed3c,
openml_40975,d0fba6f03c0f,
openml_40975,f10f8ff36baa,
openml_40975,672c637760be,
openml_40975,0cd896f527d5,
openml_40975,4887a0323e21,
openml_40975,3d795ce47578,
openml_40975,639f74dd0e43,
openml_40975,9c3ccb4fd98f,
openml_40975,5647bbf0428d,
openml_40975,389d4ccb0588,
openml_40975,e34ce5984b64,
openml_40975,63470ebdd53e,
openml_40975,46814f50e13d,
openml_40975,e597041814f5,
openml_40975,024a1a8c54d1,
openml_40975,bdcde80d6dbb,
openml_40975,95475ce56089,
openml_40975,5009193136b4,
openml_40975,955728329102,
openml_40975,1f1b6dfa46dc,
openml_40975,272f18e90bd4,0.3973597250236342
openml_40975,0cc00684cc3f,0.3973597250236342
openml_40975,7203310ff7ba,0.8660254501220278
openml_40975,a399ab5a112a,1.0
openml_40975,4d00158c440c,
openml_40975,f028e3896d9e,
openml_40975,bc0e2be21bfb,
openml_40975,ae16e9272ff8,0.49999997993523604
openml_40975,803c0d3403ff,0.5
openml_40975,579a8bd776f9,0.6546536907239335
openml_40975,ccd2d07c7a4a,1.0
openml_40975,92f60358ba37,
openml_40975,646357d2ae16,
openml_40975,5773d7049286,
openml_40975,a81f368f51bb,0.32732684536196677
openml_40975,70969dd2d720,0.4330127250610139
openml_40975,34b50b92b183,0.6546536907239335
openml_40975,48d260f98b0d,1.0
openml_40975,1134a806601d,
openml_40975,0069693e350e,
openml_40975,2fa0af8799c8,
openml_40979,76c89cda5ca5,0.2095946909061196
openml_40979,23861655ac34,0.2232857805120182
openml_40979,a042255d7a7d,0.19054717395278897
openml_40979,47980bf71ea8,0.2263039864961687
openml_40979,79d9b0fb5f02,0.162481168601957
openml_40979,e511e76239fe,0.25170165889098334
openml_40979,7741c3e44852,0.2544160731980134
openml_40979,b2d6bf5f391d,0.268376300070761
openml_40979,3964e1ccb548,0.2095946909061196
openml_40979,4c077151b389,0.2232857805120182
openml_40979,f292f2a1db5b,0.21604970559612674
openml_40979,8ec393598948,0.2031805086338119
openml_40979,4ec824c366d4,
openml_40979,4555573328fc,
openml_40979,0f46e0814abc,
openml_40979,759f97a6695c,
openml_40979,9cd81f07f9eb,
openml_40979,bb5d6442dae0,
openml_40979,c610648f3a0b,
openml_40979,d9a6e957a479,
openml_40979,e0981ae1c5a2,
openml_40979,08e381bd46b1,
openml_40979,f7183f4c1fed,
openml_40979,7c2e8cd4a56d,
openml_40979,07ebbef7de3c,
openml_40979,db49059653de,
openml_40979,19967cb83e78,
openml_40979,158a0277ed3c,
openml_40979,d0fba6f03c0f,
openml_40979,f10f8ff36baa,
openml_40979,672c637760be,
openml_40979,0cd896f527d5,
openml_40979,4887a0323e21,
openml_40979,3d795ce47578,
openml_40979,639f74dd0e43,
openml_40979,9c3ccb4fd98f,
openml_40979,5647bbf0428d,0.3077658363573228
openml_40979,389d4ccb0588,0.36799424163251465
openml_40979,e34ce5984b64,0.304205044522399
openml_40979,63470ebdd53e,0.37749565015308706
openml_40979,46814f50e13d,0.36799424163251465
openml_40979,e597041814f5,0.304205044522399
openml_40979,024a1a8c54d1,0.37749565015308706
openml_40979,bdcde80d6dbb,0.36799424163251465
openml_40979,95475ce56089,0.304205044522399
openml_40979,5009193136b4,0.37749565015308706
openml_40979,955728329102,0.36799424163251465
openml_40979,1f1b6dfa46dc,0.3475565833885317
openml_40979,272f18e90bd4,0.34155975858711457
openml_40979,0cc00684cc3f,0.21948615468171184
openml_40979,7203310ff7ba,0.2222149325456923
openml_40979,a399ab5a112a,0.2222149325456923
openml_40979,4d00158c440c,0.2222149325456923
openml_40979,f028e3896d9e,0.24781641020011672
openml_40979,bc0e2be21bfb,0.24781641020011672
openml_40979,ae16e9272ff8,0.21606811992617164
openml_40979,803c0d3403ff,0.21822055472293886
openml_40979,579a8bd776f9,0.22472551285190456
openml_40979,ccd2d07c7a4a,0.23521194316091837
openml_40979,92f60358ba37,0.2416845005111716
openml_40979,646357d2ae16,0.25279409316472584
openml_40979,5773d7049286,0.26277235094130474
openml_40979,a81f368f51bb,0.5517599476088809
openml_40979,70969dd2d720,0.5517599476088809
openml_40979,34b50b92b183,0.29093567618337424
openml_40979,48d260f98b0d,0.23652223235663877
openml_40979,1134a806601d,0.23652223235663877
openml_40979,0069693e350e,0.2485811670325041
openml_40979,2fa0af8799c8,0.26358320180585054
openml_40982,76c89cda5ca5,0.0080256440412797
openml_40982,23861655ac34,0.010160408884441694
openml_40982,a042255d7a7d,0.01517814049979698
openml_40982,47980bf71ea8,0.03622140546319634
openml_40982,79d9b0fb5f02,0.038530184931786254
openml_40982,e511e76239fe,0.07172075868577905
openml_40982,7741c3e44852,0.05070169336793053
openml_40982,b2d6bf5f391d,0.06523714902333277
openml_40982,3964e1ccb548,0.004438582209342689
openml_40982,4c077151b389,0.01705897043279618
openml_40982,f292f2a1db5b,0.008545459913816762
openml_40982,a4dbad06fd4e,0.008545459913816762
openml_40982,8eecd2798818,0.04249887694517287
openml_40982,4d9c9acccd21,0.03536504764104453
openml_40982,9381fbddb6c5,0.04692866741030379
openml_40982,8ec393598948,0.004438582209342689
openml_40982,4ec824c366d4,
openml_40982,4555573328fc,
openml_40982,0f46e0814abc,
openml_40982,759f97a6695c,
openml_40982,9cd81f07f9eb,0.30812088406488114
openml_40982,bb5d6442dae0,0.4008726318325926
openml_40982,c610648f3a0b,
openml_40982,d9a6e957a479,
openml_40982,e0981ae1c5a2,0.21214571681749442
openml_40982,08e381bd46b1,0.23993566934311317
openml_40982,f7183f4c1fed,0.28650757536614657
openml_40982,7c2e8cd4a56d,
openml_40982,07ebbef7de3c,0.2350038484587225
openml_40982,db49059653de,0.22907224899870574
openml_40982,19967cb83e78,0.27284522508701387
openml_40982,158a0277ed3c,0.9185484267253763
openml_40982,d0fba6f03c0f,0.19309605819365463
openml_40982,f10f8ff36baa,0.14895901693332067
openml_40982,672c637760be,0.14164623400712653
openml_40982,0cd896f527d5,0.09116147668983314
openml_40982,4887a0323e21,
openml_40982,3d795ce47578,
openml_40982,639f74dd0e43,
openml_40982,9c3ccb4fd98f,
openml_40982,5647bbf0428d,0.05748936469411428
openml_40982,389d4ccb0588,0.10915496134568267
openml_40982,e34ce5984b64,0.2133733288952148
openml_40982,63470ebdd53e,0.042201713219083926
openml_40982,46814f50e13d,0.11657672823014693
openml_40982,e597041814f5,0.1665998191358005
openml_40982,024a1a8c54d1,0.1610459162330022
openml_40982,bdcde80d6dbb,0.18246857281658363
openml_40982,95475ce56089,0.1665998191358005
openml_40982,5009193136b4,0.1611069849996568
openml_40982,955728329102,0.17010239468046498
openml_40982,1f1b6dfa46dc,0.2054729998104043
openml_40982,272f18e90bd4,0.042675952203290304
openml_40982,0cc00684cc3f,0.16146437654650703
openml_40982,7203310ff7ba,0.06728041303353048
openml_40982,a399ab5a112a,0.06728041303353048
openml_40982,4d00158c440c,0.06728041303353048
openml_40982,f028e3896d9e,0.09422935171638498
openml_40982,bc0e2be21bfb,0.09422935171638498
openml_40982,ae16e9272ff8,2.8245923857326107
openml_40982,803c0d3403ff,0.10300617444249029
openml_40982,579a8bd776f9,0.04033549107095892
openml_40982,ccd2d07c7a4a,0.04428598826202051
openml_40982,92f60358ba37,0.04975430402978196
openml_40982,646357d2ae16,0.05583209869191113
openml_40982,5773d7049286,0.05946727183723049
openml_40982,a81f368f51bb,2.8245923857326107
openml_40982,70969dd2d720,0.17532637814805985
openml_40982,34b50b92b183,0.20314472859489618
openml_40982,48d260f98b0d,0.18470763128713175
openml_40982,1134a806601d,0.18470763128713175
openml_40982,0069693e350e,0.16654139133559187
openml_40982,2fa0af8799c8,0.08774796843852353
openml_40983,76c89cda5ca5,0.01759731395940423
openml_40983,23861655ac34,0.00398804060137549
openml_40983,a042255d7a7d,0.003874921671420112
openml_40983,47980bf71ea8,0.002987167725791857
openml_40983,79d9b0fb5f02,0.0056156252223828525
openml_40983,e511e76239fe,0.006855999177798467
openml_40983,7741c3e44852,0.00935398259668595
openml_40983,b2d6bf5f391d,0.01325573407882535
openml_40983,3964e1ccb548,0.0025871527224736656
openml_40983,4c077151b389,0.00350001873595455
openml_40983,f292f2a1db5b,0.002124572748480849
openml_40983,a4dbad06fd4e,0.003792634228997652
openml_40983,8eecd2798818,0.004034989984902282
openml_40983,4d9c9acccd21,0.005061574696935893
openml_40983,9381fbddb6c5,0.004538211256167943
openml_40983,8ec393598948,0.006101305676711295
openml_40983,77e145ffcc55,0.0018135630691595984
openml_40983,632568e85407,0.0030203342374447296
openml_40983,fa9612cfa871,0.0035758116151936884
openml_40983,3d72e70b09e3,0.003247281953394202
openml_40983,45c510f16843,0.0040974049407032035
openml_40983,27a2752a569f,0.004888287577170749
openml_40983,4ec824c366d4,0.9093971196935778
openml_40983,4555573328fc,
openml_40983,0f46e0814abc,
openml_40983,759f97a6695c,
openml_40983,9cd81f07f9eb,0.05595626180871528
openml_40983,bb5d6442dae0,0.0417267058839727
openml_40983,c610648f3a0b,0.0343924572227723
openml_40983,d9a6e957a479,0.028230323225012
openml_40983,e0981ae1c5a2,0.08330628530300808
openml_40983,08e381bd46b1,0.06448696777210898
openml_40983,f7183f4c1fed,0.05206516486601214
openml_40983,7c2e8cd4a56d,
openml_40983,07ebbef7de3c,0.1250663978340426
openml_40983,db49059653de,0.12597434423154985
openml_40983,19967cb83e78,
openml_40983,158a0277ed3c,
openml_40983,d0fba6f03c0f,0.20059601158586818
openml_40983,f10f8ff36baa,0.4468606540023267
openml_40983,672c637760be,
openml_40983,0cd896f527d5,
openml_40983,4887a0323e21,
openml_40983,3d795ce47578,
openml_40983,639f74dd0e43,
openml_40983,9c3ccb4fd98f,
openml_40983,5647bbf0428d,0.19477902961959026
openml_40983,389d4ccb0588,0.12432602579274697
openml_40983,e34ce5984b64,0.3779810426077164
openml_40983,63470ebdd53e,0.12459326652842775
openml_40983,46814f50e13d,0.04508786184779242
openml_40983,e597041814f5,0.1069456189006242
openml_40983,024a1a8c54d1,0.06484981232125578
openml_40983,bdcde80d6dbb,0.04508786184779242
openml_40983,95475ce56089,0.11981162345002858
openml_40983,5009193136b4,0.05174239893966519
openml_40983,955728329102,0.05028700442149967
openml_40983,1f1b6dfa46dc,0.12289120368072719
openml_40983,272f18e90bd4,0.018903142150454445
openml_40983,0cc00684cc3f,0.004780393328367066
openml_40983,7203310ff7ba,0.005337196892008648
openml_40983,a399ab5a112a,0.005337196892008648
openml_40983,4d00158c440c,0.014034391226500263
openml_40983,f028e3896d9e,0.014263230637110593
openml_40983,bc0e2be21bfb,0.01908233114409442
openml_40983,ae16e9272ff8,1.0639933618984971
openml_40983,803c0d3403ff,0.11941769193171294
openml_40983,579a8bd776f9,0.052958681449820154
openml_40983,ccd2d07c7a4a,0.08318408187597427
openml_40983,92f60358ba37,0.018442233470660388
openml_40983,646357d2ae16,0.018346842014235785
openml_40983,5773d7049286,0.01983083896942721
openml_40983,a81f368f51bb,1.0639933618984971
openml_40983,70969dd2d720,0.2589538305173312
openml_40983,34b50b92b183,0.18715805701546184
openml_40983,48d260f98b0d,0.06074859142068111
openml_40983,1134a806601d,0.0719711594267406
openml_40983,0069693e350e,0.07871772603250299
openml_40983,2fa0af8799c8,0.07871772603250299
openml_40984,76c89cda5ca5,0.007389104324721883
openml_40984,23861655ac34,0.0039112994493548285
openml_40984,a042255d7a7d,0.0077882412813863
openml_40984,47980bf71ea8,0.005438257045327673
openml_40984,79d9b0fb5f02,0.003182973865321714
openml_40984,e511e76239fe,0.009292321964803424
openml_40984,7741c3e44852,0.007214589196904939
openml_40984,b2d6bf5f391d,0.009182954395778162
openml_40984,3964e1ccb548,0.005624160225158572
openml_40984,4c077151b389,0.00549677499384064
openml_40984,f292f2a1db5b,0.006405859714129288
openml_40984,a4dbad06fd4e,0.003960647895074842
openml_40984,8eecd2798818,0.0044989230271295895
openml_40984,4d9c9acccd21,0.004488121811393732
openml_40984,9381fbddb6c5,0.0034494540831427668
openml_40984,8ec393598948,0.005038395408206019
openml_40984,77e145ffcc55,0.0030309820617811143
openml_40984,632568e85407,0.005674838797510796
openml_40984,fa9612cfa871,0.006081422764388743
openml_40984,4ec824c366d4,0.18348733224188307
openml_40984,4555573328fc,0.17406913687790648
openml_40984,0f46e0814abc,4.703863242869251
openml_40984,759f97a6695c,16.039461663606367
openml_40984,9cd81f07f9eb,0.11912870077179132
openml_40984,bb5d6442dae0,0.09566384000587518
openml_40984,c610648f3a0b,0.13840810674856463
openml_40984,d9a6e957a479,0.39475570106148805
openml_40984,e0981ae1c5a2,0.0745723657803687
openml_40984,08e381bd46b1,0.07046615117556856
openml_40984,f7183f4c1fed,0.018112081160981754
openml_40984,7c2e8cd4a56d,0.0664307026911437
openml_40984,07ebbef7de3c,0.1420734721664452
openml_40984,db49059653de,0.1876165248761443
openml_40984,19967cb83e78,0.08312529035840638
openml_40984,158a0277ed3c,0.14969679431340324
openml_40984,d0fba6f03c0f,0.19599965314862391
openml_40984,f10f8ff36baa,0.19599965314862391
openml_40984,672c637760be,0.21550497430782461
openml_40984,0cd896f527d5,0.13816716642682217
openml_40984,4887a0323e21,0.32062312111877894
openml_40984,3d795ce47578,0.2559118661971545
openml_40984,639f74dd0e43,
openml_40984,9c3ccb4fd98f,
openml_40984,5647bbf0428d,0.015353501027110809
openml_40984,389d4ccb0588,0.03447848771246364
openml_40984,e34ce5984b64,0.048853695309104175
openml_40984,63470ebdd53e,0.03896125857663104
openml_40984,46814f50e13d,0.022144042764262024
openml_40984,e597041814f5,0.033135180627595455
openml_40984,024a1a8c54d1,0.04063898594086645
openml_40984,bdcde80d6dbb,0.014176161191441234
openml_40984,95475ce56089,0.033135180627595455
openml_40984,5009193136b4,0.04181191731152569
openml_40984,955728329102,0.03879726387709425
openml_40984,1f1b6dfa46dc,0.038436393737048435
openml_40984,272f18e90bd4,0.05982986248539778
openml_40984,0cc00684cc3f,0.00810404802974149
openml_40984,7203310ff7ba,0.010468750548532581
openml_40984,a399ab5a112a,0.010468750548532581
openml_40984,4d00158c440c,0.010468750548532581
openml_40984,f028e3896d9e,0.019300579816355398
openml_40984,bc0e2be21bfb,0.019300579816355398
openml_40984,ae16e9272ff8,0.5436642001053439
openml_40984,803c0d3403ff,0.2739552995504255
openml_40984,579a8bd776f9,0.20467376298332154
openml_40984,ccd2d07c7a4a,0.22723433975242088
openml_40984,92f60358ba37,0.0411778556670391
openml_40984,646357d2ae16,0.047085369577085756
openml_40984,5773d7049286,0.058290475142541466
openml_40984,a81f368f51bb,0.5436642001053439
openml_40984,70969dd2d720,0.27243057869328013
openml_40984,34b50b92b183,0.3676599745705942
openml_40984,48d260f98b0d,0.32106378317465495
openml_40984,1134a806601d,0.32106378317465495
openml_40984,0069693e350e,0.07521263474817394
openml_40984,2fa0af8799c8,0.07988932196632592
openml_40994,76c89cda5ca5,0.28316222551639025
openml_40994,23861655ac34,0.26399981868266764
openml_40994,a042255d7a7d,0.26773206140611944
openml_40994,47980bf71ea8,0.3078899809025427
openml_40994,79d9b0fb5f02,0.27516741934377803
openml_40994,e511e76239fe,0.3206063158869502
openml_40994,7741c3e44852,0.29915581761643834
openml_40994,b2d6bf5f391d,0.35035318348382993
openml_40994,3964e1ccb548,0.2683484147279855
openml_40994,4c077151b389,0.2839360365438192
openml_40994,f292f2a1db5b,0.2960186803660867
openml_40994,a4dbad06fd4e,0.3092281840486015
openml_40994,8eecd2798818,0.30701037832728983
openml_40994,4d9c9acccd21,0.3269263204797066
openml_40994,9381fbddb6c5,0.3386903018112111
openml_40994,8ec393598948,0.28316222551639025
openml_40994,77e145ffcc55,0.2914199834020146
openml_40994,632568e85407,0.25477909397644416
openml_40994,fa9612cfa871,0.27713542808701486
openml_40994,3d72e70b09e3,0.3019760378326049
openml_40994,45c510f16843,0.32287203186138924
openml_40994,27a2752a569f,0.29168843940450573
openml_40994,4ec824c366d4,
openml_40994,4555573328fc,
openml_40994,0f46e0814abc,
openml_40994,759f97a6695c,
openml_40994,9cd81f07f9eb,
openml_40994,bb5d6442dae0,
openml_40994,c610648f3a0b,
openml_40994,d9a6e957a479,
openml_40994,e0981ae1c5a2,
openml_40994,08e381bd46b1,
openml_40994,f7183f4c1fed,
openml_40994,7c2e8cd4a56d,
openml_40994,07ebbef7de3c,
openml_40994,db49059653de,
openml_40994,19967cb83e78,
openml_40994,158a0277ed3c,
openml_40994,d0fba6f03c0f,
openml_40994,f10f8ff36baa,
openml_40994,672c637760be,
openml_40994,0cd896f527d5,
openml_40994,4887a0323e21,
openml_40994,3d795ce47578,
openml_40994,639f74dd0e43,
openml_40994,9c3ccb4fd98f,
openml_40994,5647bbf0428d,0.4142904638207463
openml_40994,389d4ccb0588,0.4803908916742749
openml_40994,e34ce5984b64,0.6516587712961257
openml_40994,63470ebdd53e,0.42173723991931245
openml_40994,46814f50e13d,
openml_40994,e597041814f5,
openml_40994,024a1a8c54d1,0.42173723991931245
openml_40994,bdcde80d6dbb,
openml_40994,95475ce56089,
openml_40994,5009193136b4,
openml_40994,955728329102,
openml_40994,1f1b6dfa46dc,
openml_40994,272f18e90bd4,0.3293781935766651
openml_40994,0cc00684cc3f,0.3323734992847599
openml_40994,7203310ff7ba,0.32571845956457973
openml_40994,a399ab5a112a,0.32571845956457973
openml_40994,4d00158c440c,0.32571845956457973
openml_40994,f028e3896d9e,0.32571845956457973
openml_40994,bc0e2be21bfb,0.34918616457144785
openml_40994,ae16e9272ff8,0.3173786512782217
openml_40994,803c0d3403ff,0.3224159764313468
openml_40994,579a8bd776f9,0.32637631847469395
openml_40994,ccd2d07c7a4a,0.3442179171796541
openml_40994,92f60358ba37,0.347751608108903
openml_40994,646357d2ae16,0.3614669821309909
openml_40994,5773d7049286,0.3790018435121401
openml_40994,a81f368f51bb,0.42666236960114284
openml_40994,70969dd2d720,0.4130031852163537
openml_40994,34b50b92b183,0.40650022556014503
openml_40994,48d260f98b0d,0.37747103414986677
openml_40994,1134a806601d,0.36497675914529715
openml_40994,0069693e350e,0.3413351635819926
openml_40994,2fa0af8799c8,0.3648449229341633
openml_41026,76c89cda5ca5,0.1934161740753009
openml_41026,23861655ac34,0.19941035972070387
openml_41026,a042255d7a7d,0.1920369015979297
openml_41026,47980bf71ea8,0.1800962323577449
openml_41026,79d9b0fb5f02,0.18150585330140107
openml_41026,e511e76239fe,0.12651663895874524
openml_41026,7741c3e44852,0.1760171053819551
openml_41026,b2d6bf5f391d,0.1760171053819551
openml_41026,3964e1ccb548,0.16055804728736459
openml_41026,4c077151b389,0.1599860293353379
openml_41026,f292f2a1db5b,0.16322230127169726
openml_41026,a4dbad06fd4e,0.1599860293353379
openml_41026,8eecd2798818,0.1598543225120742
openml_41026,4d9c9acccd21,0.1709801691699734
openml_41026,9381fbddb6c5,0.1683795297637126
openml_41026,8ec393598948,0.175193684911991
openml_41026,77e145ffcc55,0.17534825271629426
openml_41026,632568e85407,0.15579351541759268
openml_41026,fa9612cfa871,0.1691057162395782
openml_41026,3d72e70b09e3,0.15579351541759268
openml_41026,45c510f16843,0.15835945890652395
openml_41026,27a2752a569f,0.15579351541759268
openml_41026,4ec824c366d4,
openml_41026,4555573328fc,
openml_41026,0f46e0814abc,
openml_41026,759f97a6695c,
openml_41026,9cd81f07f9eb,
openml_41026,bb5d6442dae0,
openml_41026,c610648f3a0b,
openml_41026,d9a6e957a479,
openml_41026,e0981ae1c5a2,
openml_41026,08e381bd46b1,
openml_41026,f7183f4c1fed,
openml_41026,7c2e8cd4a56d,
openml_41026,07ebbef7de3c,
openml_41026,db49059653de,
openml_41026,19967cb83e78,
openml_41026,158a0277ed3c,
openml_41026,d0fba6f03c0f,
openml_41026,f10f8ff36baa,
openml_41026,672c637760be,
openml_41026,0cd896f527d5,
openml_41026,4887a0323e21,0.3782602091748539
openml_41026,3d795ce47578,0.3162431687823265
openml_41026,639f74dd0e43,
openml_41026,9c3ccb4fd98f,
openml_41026,5647bbf0428d,0.5522158455719677
openml_41026,389d4ccb0588,0.48286540199758826
openml_41026,e34ce5984b64,
openml_41026,63470ebdd53e,0.41498934803398924
openml_41026,46814f50e13d,
openml_41026,e597041814f5,
openml_41026,024a1a8c54d1,0.38473720981722864
openml_41026,bdcde80d6dbb,
openml_41026,95475ce56089,
openml_41026,5009193136b4,
openml_41026,955728329102,
openml_41026,1f1b6dfa46dc,
openml_41026,272f18e90bd4,0.1647007351588338
openml_41026,0cc00684cc3f,0.1647007351588338
openml_41026,7203310ff7ba,0.1647007351588338
openml_41026,a399ab5a112a,0.16698736284205837
openml_41026,4d00158c440c,0.16698736284205837
openml_41026,f028e3896d9e,0.16698736284205837
openml_41026,bc0e2be21bfb,0.16698736284205837
openml_41026,ae16e9272ff8,0.26354580049879767
openml_41026,803c0d3403ff,0.23423037153766435
openml_41026,579a8bd776f9,0.23423037153766435
openml_41026,ccd2d07c7a4a,0.2419067650303878
openml_41026,92f60358ba37,0.24612085005574072
openml_41026,646357d2ae16,0.24257774123954237
openml_41026,5773d7049286,0.21337099249029473
openml_41026,a81f368f51bb,
openml_41026,70969dd2d720,0.49799033039538754
openml_41026,34b50b92b183,0.42236097494442626
openml_41026,48d260f98b0d,0.42236097494442626
openml_41026,1134a806601d,0.36499213769502603
openml_41026,0069693e350e,0.35256692191916505
openml_41026,2fa0af8799c8,0.35256692191916505
openml_41027,76c89cda5ca5,0.2329640362116844
openml_41027,23861655ac34,0.06109729223826308
openml_41027,a042255d7a7d,0.061097285779175635
openml_41027,47980bf71ea8,0.06432147213703049
openml_41027,79d9b0fb5f02,0.06551519708979331
openml_41027,e511e76239fe,0.06551519708979331
openml_41027,7741c3e44852,0.06551519708979353
openml_41027,8ec393598948,0.07650605134771259
openml_41027,77e145ffcc55,0.05959893414860825
openml_41027,632568e85407,0.059708507569836526
openml_41027,9cd81f07f9eb,
openml_41027,bb5d6442dae0,
openml_41027,c610648f3a0b,
openml_41027,e0981ae1c5a2,0.12668275705648832
openml_41027,08e381bd46b1,0.12668275705648832
openml_41027,f7183f4c1fed,0.06712800352481284
openml_41027,07ebbef7de3c,0.253365518013896
openml_41027,db49059653de,0.253365518013896
openml_41027,19967cb83e78,0.253365518013896
openml_41027,d0fba6f03c0f,
openml_41027,f10f8ff36baa,
openml_41027,672c637760be,
openml_41143,76c89cda5ca5,0.08501158945680046
openml_41143,23861655ac34,0.10015286717254973
openml_41143,a042255d7a7d,0.09728055807484509
openml_41143,47980bf71ea8,0.08501158945680046
openml_41143,79d9b0fb5f02,0.08501158945680046
openml_41143,e511e76239fe,0.09974955780757357
openml_41143,7741c3e44852,0.09666316806959842
openml_41143,b2d6bf5f391d,0.1298125460959005
openml_41143,8ec393598948,0.10463679215839891
openml_41143,77e145ffcc55,0.08309683243743111
openml_41143,4ec824c366d4,
openml_41143,4555573328fc,
openml_41143,0f46e0814abc,
openml_41143,759f97a6695c,
openml_41143,9cd81f07f9eb,
openml_41143,bb5d6442dae0,
openml_41143,c610648f3a0b,
openml_41143,d9a6e957a479,
openml_41143,e0981ae1c5a2,
openml_41143,08e381bd46b1,
openml_41143,f7183f4c1fed,
openml_41143,7c2e8cd4a56d,
openml_41143,07ebbef7de3c,
openml_41143,db49059653de,
openml_41143,19967cb83e78,
openml_41143,158a0277ed3c,
openml_41143,d0fba6f03c0f,
openml_41143,f10f8ff36baa,
openml_41143,672c637760be,
openml_41143,0cd896f527d5,
openml_41143,4887a0323e21,0.6820022043160846
openml_41143,3d795ce47578,
openml_41143,639f74dd0e43,
openml_41143,9c3ccb4fd98f,
openml_41143,5647bbf0428d,0.6613663732118066
openml_41143,389d4ccb0588,0.6150961681596923
openml_41143,e34ce5984b64,0.6699162432453633
openml_41143,63470ebdd53e,0.4732727766302081
openml_41143,46814f50e13d,0.560050310830481
openml_41143,e597041814f5,0.6699162432453633
openml_41143,024a1a8c54d1,0.4837943542772288
openml_41143,bdcde80d6dbb,0.6035120772095109
openml_41143,95475ce56089,0.6699162432453633
openml_41143,5009193136b4,0.5302020808654244
openml_41143,955728329102,0.6035120772095109
openml_41143,1f1b6dfa46dc,
openml_41143,272f18e90bd4,0.12155168085933887
openml_41143,0cc00684cc3f,0.08856743474170943
openml_41143,7203310ff7ba,0.10295088980803714
openml_41143,a399ab5a112a,0.09978702180852143
openml_41143,4d00158c440c,0.16416930253083759
openml_41143,f028e3896d9e,0.18064052013145945
openml_41143,bc0e2be21bfb,0.2023094961476053
openml_41143,ae16e9272ff8,1.003213024210136
openml_41143,803c0d3403ff,1.0078655064563131
openml_41143,579a8bd776f9,0.6505900913626217
openml_41143,ccd2d07c7a4a,0.4809051709606253
openml_41143,92f60358ba37,0.31229895565763993
openml_41143,646357d2ae16,0.3310984806638109
openml_41143,5773d7049286,0.27555405667946437
openml_41143,a81f368f51bb,1.003213024210136
openml_41143,70969dd2d720,1.0078655064563131
openml_41143,34b50b92b183,0.6350832939208481
openml_41143,48d260f98b0d,0.6068571706112901
openml_41143,1134a806601d,0.6516914626378498
openml_41143,0069693e350e,0.4885444712509392
openml_41143,2fa0af8799c8,0.4972507387093192
openml_41147,76c89cda5ca5,0.10676590356119421
openml_41147,23861655ac34,0.10069474829939969
openml_41147,a042255d7a7d,0.11225171845490037
openml_41147,47980bf71ea8,0.10935763277502626
openml_41147,79d9b0fb5f02,0.10133959782492086
openml_41147,e511e76239fe,0.12636754287163804
openml_41147,7741c3e44852,0.12806624631520452
openml_41147,8ec393598948,0.09022202116049247
openml_41147,77e145ffcc55,0.10925622662109173
openml_41147,9cd81f07f9eb,
openml_41147,bb5d6442dae0,
openml_41147,c610648f3a0b,
openml_41147,e0981ae1c5a2,
openml_41147,08e381bd46b1,
openml_41147,f7183f4c1fed,
openml_41147,07ebbef7de3c,
openml_41147,db49059653de,
openml_41147,19967cb83e78,
openml_41147,d0fba6f03c0f,
openml_41147,f10f8ff36baa,
openml_41147,672c637760be,
openml_4135,76c89cda5ca5,0.01984855945072063
openml_4135,23861655ac34,0.02401503948679593
openml_4135,a042255d7a7d,0.026069182683021348
openml_4135,47980bf71ea8,0.007840114172070072
openml_4135,79d9b0fb5f02,0.009427401463788268
openml_4135,e511e76239fe,0.012166270971217558
openml_4135,7741c3e44852,0.01113726619642054
openml_4135,8ec393598948,0.002212529605565542
openml_4135,77e145ffcc55,0.0012116654252635178
openml_4135,632568e85407,0.0013606616283128158
openml_4135,fa9612cfa871,0.0013790648318343004
openml_4135,45c510f16843,0.0008221021888038748
openml_4135,9cd81f07f9eb,0.06913844162516551
openml_4135,bb5d6442dae0,0.07016243402941712
openml_4135,c610648f3a0b,0.07510871935297322
openml_4135,e0981ae1c5a2,0.09310447274953301
openml_4135,08e381bd46b1,0.09447857798749829
openml_4135,f7183f4c1fed,0.08056958210952221
openml_4135,07ebbef7de3c,0.12324144972861091
openml_4135,db49059653de,0.1272680392607272
openml_4135,19967cb83e78,0.20847973048499888
openml_4135,d0fba6f03c0f,0.14882621989976455
openml_4135,f10f8ff36baa,0.19716703468339608
openml_4135,672c637760be,0.19716703468339608
openml_44,76c89cda5ca5,0.07132885002653079
openml_44,23861655ac34,0.007346474241278932
openml_44,a042255d7a7d,0.010774166724293563
openml_44,47980bf71ea8,0.007710252724254217
openml_44,79d9b0fb5f02,0.00881355617763166
openml_44,e511e76239fe,0.015554027441720077
openml_44,7741c3e44852,0.005408482372541988
openml_44,b2d6bf5f391d,0.006129980787916121
openml_44,8ec393598948,0.008160526862552631
openml_44,77e145ffcc55,0.005897111932264517
openml_44,632568e85407,0.004905497048363038
openml_44,fa9612cfa871,0.004905497048363038
openml_44,3d72e70b09e3,0.004771127579251865
openml_44,4ec824c366d4,0.9157879345289328
openml_44,4555573328fc,5.086293654591776
openml_44,0f46e0814abc,5.086293654591767
openml_44,759f97a6695c,30.456845309486727
openml_44,9cd81f07f9eb,0.4079026221729992
openml_44,bb5d6442dae0,0.40869263293448244
openml_44,c610648f3a0b,2.6789971623988054
openml_44,d9a6e957a479,16.041897637206514
openml_44,e0981ae1c5a2,0.2358126577806099
openml_44,08e381bd46b1,0.4789535941433066
openml_44,f7183f4c1fed,0.8727240604567784
openml_44,7c2e8cd4a56d,5.22589207628685
openml_44,07ebbef7de3c,0.13093730650338095
openml_44,db49059653de,0.13777014181160355
openml_44,19967cb83e78,0.25482879404892106
openml_44,158a0277ed3c,0.3533910925686356
openml_44,d0fba6f03c0f,0.15945080962304797
openml_44,f10f8ff36baa,0.18640091198977257
openml_44,672c637760be,0.11950075956823371
openml_44,0cd896f527d5,0.1386285504095211
openml_44,4887a0323e21,0.1256884109870901
openml_44,3d795ce47578,0.17884292654999304
openml_44,639f74dd0e43,0.212699923845059
openml_44,9c3ccb4fd98f,0.4910545691128792
openml_44,5647bbf0428d,0.00011483782880861905
openml_44,389d4ccb0588,0.00018073375499192
openml_44,e34ce5984b64,0.00023788109122589206
openml_44,63470ebdd53e,0.00011483782880861905
openml_44,46814f50e13d,0.00018073375499192
openml_44,e597041814f5,0.00023788109122589206
openml_44,024a1a8c54d1,0.040166411684291616
openml_44,bdcde80d6dbb,0.1228634611597465
openml_44,95475ce56089,0.146880062940655
openml_44,5009193136b4,0.1228634611597465
openml_44,955728329102,0.14547134793168928
openml_44,1f1b6dfa46dc,0.18846576775953336
openml_44,272f18e90bd4,0.07132885002653079
openml_44,0cc00684cc3f,0.01770728150434625
openml_44,7203310ff7ba,0.01770728150434625
openml_44,a399ab5a112a,0.01770728150434625
openml_44,4d00158c440c,0.0060320364763533155
openml_44,f028e3896d9e,0.00618339709151004
openml_44,bc0e2be21bfb,0.00618339709151004
openml_44,ae16e9272ff8,
openml_44,803c0d3403ff,0.32832178222555036
openml_44,579a8bd776f9,0.2216647544391272
openml_44,ccd2d07c7a4a,0.0804612948583295
openml_44,92f60358ba37,0.08672911852332252
openml_44,646357d2ae16,0.09788892732034207
openml_44,5773d7049286,0.10981747944110837
openml_44,a81f368f51bb,
openml_44,70969dd2d720,0.32832178222555036
openml_44,34b50b92b183,0.32832178222555036
openml_44,48d260f98b0d,0.275118866315638
openml_44,1134a806601d,0.22628267820290884
openml_44,0069693e350e,0.20644072196323365
openml_44,2fa0af8799c8,0.09161055881998154
openml_4534,76c89cda5ca5,0.21138016918339073
openml_4534,23861655ac34,0.21503495728195865
openml_4534,a042255d7a7d,0.08961417088399659
openml_4534,47980bf71ea8,0.09872561207974988
openml_4534,79d9b0fb5f02,0.09734896235136019
openml_4534,e511e76239fe,0.09224251922764488
openml_4534,7741c3e44852,0.09224251922764488
openml_4534,b2d6bf5f391d,0.11059508158763111
openml_4534,3964e1ccb548,0.19957529977436828
openml_4534,4c077151b389,0.21766466130154158
openml_4534,f292f2a1db5b,0.19099822957736823
openml_4534,a4dbad06fd4e,0.09847369358521074
openml_4534,8eecd2798818,0.17150387395403258
openml_4534,4d9c9acccd21,0.10978879997628983
openml_4534,9381fbddb6c5,0.10400834609966442
openml_4534,77e145ffcc55,0.2106331436997687
openml_4534,4ec824c366d4,4599768.5
openml_4534,4555573328fc,6505054.996476548
openml_4534,0f46e0814abc,20269783.49999998
openml_4534,759f97a6695c,
openml_4534,9cd81f07f9eb,4599768.5
openml_4534,bb5d6442dae0,6505054.996476548
openml_4534,c610648f3a0b,20269783.49999998
openml_4534,d9a6e957a479,
openml_4534,e0981ae1c5a2,4599768.5
openml_4534,08e381bd46b1,6505054.996476548
openml_4534,f7183f4c1fed,20269783.49999998
openml_4534,7c2e8cd4a56d,
openml_4534,07ebbef7de3c,4599768.5
openml_4534,db49059653de,6505054.996476548
openml_4534,19967cb83e78,20269783.49999998
openml_4534,158a0277ed3c,
openml_4534,d0fba6f03c0f,0.33069720732238955
openml_4534,f10f8ff36baa,0.293294631719913
openml_4534,672c637760be,0.20213163238517945
openml_4534,0cd896f527d5,0.20721095266879797
openml_4534,4887a0323e21,0.3486798566260855
openml_4534,3d795ce47578,0.3486798566260855
openml_4534,639f74dd0e43,0.3627895612590973
openml_4534,9c3ccb4fd98f,0.3749429130541225
openml_4534,5647bbf0428d,0.13261976327873978
openml_4534,389d4ccb0588,0.1409274685049159
openml_4534,e34ce5984b64,0.0
openml_4534,63470ebdd53e,0.14214971079196242
openml_4534,46814f50e13d,0.12483891219681435
openml_4534,e597041814f5,0.12936223834643373
openml_4534,024a1a8c54d1,0.1263988116976884
openml_4534,bdcde80d6dbb,0.13407627158867105
openml_4534,95475ce56089,0.1373841380654562
openml_4534,5009193136b4,0.16136166660779858
openml_4534,955728329102,0.1908007962516689
openml_4534,1f1b6dfa46dc,0.18566206542383287
openml_4534,272f18e90bd4,0.2097423875915076
openml_4534,0cc00684cc3f,0.22367397557166896
openml_4534,7203310ff7ba,0.09767632106417361
openml_4534,a399ab5a112a,0.10749809008903001
openml_4534,4d00158c440c,0.10749809008903001
openml_4534,f028e3896d9e,0.10749809008903001
openml_4534,bc0e2be21bfb,0.11172919411602487
openml_4534,ae16e9272ff8,0.3545620345931607
openml_4534,803c0d3403ff,0.3364847682219977
openml_4534,579a8bd776f9,0.25811825845266007
openml_4534,ccd2d07c7a4a,0.2664944223540482
openml_4534,92f60358ba37,0.2809502016357826
openml_4534,646357d2ae16,0.15946603921339214
openml_4534,5773d7049286,0.16122702376212072
openml_4534,a81f368f51bb,0.28319917442304465
openml_4534,70969dd2d720,0.30519344011982774
openml_4534,34b50b92b183,0.30519344011982774
openml_4534,48d260f98b0d,0.3328198544246014
openml_4534,1134a806601d,0.3328198544246014
openml_4534,0069693e350e,0.35446661925425454
openml_4534,2fa0af8799c8,0.35446661925425454
openml_4538,76c89cda5ca5,0.02149923904356579
openml_4538,23861655ac34,0.017163391142139894
openml_4538,a042255d7a7d,0.01327871201556327
openml_4538,47980bf71ea8,0.01257083936503961
openml_4538,79d9b0fb5f02,0.010125337127441953
openml_4538,e511e76239fe,0.02498583657509904
openml_4538,7741c3e44852,0.011430485587884228
openml_4538,b2d6bf5f391d,0.012681569206004193
openml_4538,3964e1ccb548,0.004130267869038004
openml_4538,4c077151b389,0.003338598466724893
openml_4538,f292f2a1db5b,0.00035000771515483547
openml_4538,a4dbad06fd4e,0.00035271921021188635
openml_4538,8eecd2798818,0.0011543906918079544
openml_4538,4d9c9acccd21,0.0008004618490789987
openml_4538,8ec393598948,0.004513713614751488
openml_4538,77e145ffcc55,0.003866996306934963
openml_4538,632568e85407,0.0010552044736556819
openml_4538,fa9612cfa871,0.0010633790983585391
openml_4538,3d72e70b09e3,0.0010633790983585391
openml_4538,45c510f16843,0.0010118823349227737
openml_4538,27a2752a569f,0.0002619114539099287
openml_4538,4ec824c366d4,0.2041207698614007
openml_4538,4555573328fc,0.382343803022596
openml_4538,0f46e0814abc,
openml_4538,759f97a6695c,
openml_4538,9cd81f07f9eb,0.1655677165514696
openml_4538,bb5d6442dae0,0.23226834684117773
openml_4538,c610648f3a0b,
openml_4538,d9a6e957a479,
openml_4538,e0981ae1c5a2,0.16014261651843933
openml_4538,08e381bd46b1,0.22424171087106062
openml_4538,f7183f4c1fed,
openml_4538,7c2e8cd4a56d,
openml_4538,07ebbef7de3c,0.15260636236770408
openml_4538,db49059653de,0.14184478588587462
openml_4538,19967cb83e78,0.20928212869623208
openml_4538,158a0277ed3c,0.15984655186990235
openml_4538,d0fba6f03c0f,0.20036388395798366
openml_4538,f10f8ff36baa,0.2543741672287513
openml_4538,672c637760be,
openml_4538,0cd896f527d5,
openml_4538,4887a0323e21,0.23239579696388493
openml_4538,3d795ce47578,0.19196144355929093
openml_4538,639f74dd0e43,
openml_4538,9c3ccb4fd98f,
openml_4538,5647bbf0428d,0.0033651088219662853
openml_4538,389d4ccb0588,0.27817879009147783
openml_4538,e34ce5984b64,0.29871574733054485
openml_4538,63470ebdd53e,0.0035769680948322677
openml_4538,46814f50e13d,0.08797808007017151
openml_4538,e597041814f5,0.2944762451664317
openml_4538,024a1a8c54d1,0.18567340937576227
openml_4538,bdcde80d6dbb,0.5659526010570943
openml_4538,95475ce56089,
openml_4538,5009193136b4,
openml_4538,955728329102,
openml_4538,1f1b6dfa46dc,
openml_4538,272f18e90bd4,0.006269793554215875
openml_4538,0cc00684cc3f,0.006318365381335357
openml_4538,7203310ff7ba,0.006533035901398467
openml_4538,a399ab5a112a,0.015291734581048912
openml_4538,4d00158c440c,0.015989734768488494
openml_4538,f028e3896d9e,0.016096469248590865
openml_4538,bc0e2be21bfb,0.016096469248590865
openml_4538,ae16e9272ff8,1.3124845014432902
openml_4538,803c0d3403ff,1.3124845014432902
openml_4538,579a8bd776f9,0.06337195775843715
openml_4538,ccd2d07c7a4a,0.06337195775843715
openml_4538,92f60358ba37,0.06603831901898741
openml_4538,646357d2ae16,0.06960812488649976
openml_4538,5773d7049286,0.07836421709693031
openml_4538,a81f368f51bb,1.3124845014432902
openml_4538,70969dd2d720,1.3124845014432902
openml_4538,34b50b92b183,0.5082233768382569
openml_4538,48d260f98b0d,0.4121056509135697
openml_4538,1134a806601d,0.4121056509135697
openml_4538,0069693e350e,0.22340381372147392
openml_4538,2fa0af8799c8,0.21828168925243915
openml_458,76c89cda5ca5,0.32895970021377646
openml_458,23861655ac34,0.3393813736430483
openml_458,a042255d7a7d,0.34004096667539807
openml_458,47980bf71ea8,0.294698544549117
openml_458,79d9b0fb5f02,0.3109969419791941
openml_458,e511e76239fe,0.3530707906258138
openml_458,7741c3e44852,0.3054859065156678
openml_458,b2d6bf5f391d,0.352895741162544
openml_458,3964e1ccb548,0.3335874989934187
openml_458,4c077151b389,0.33662840265139377
openml_458,f292f2a1db5b,0.3516443819947104
openml_458,a4dbad06fd4e,0.294698544549117
openml_458,8eecd2798818,0.3081851598655457
openml_458,4d9c9acccd21,0.3261065170745424
openml_458,9381fbddb6c5,0.3138143443504607
openml_458,8ec393598948,0.3335874989934187
openml_458,77e145ffcc55,0.3099866136178826
openml_458,632568e85407,0.3291183590953737
openml_458,fa9612cfa871,0.294698544549117
openml_458,3d72e70b09e3,0.3617378148335089
openml_458,45c510f16843,0.3261065170745424
openml_458,27a2752a569f,0.35094840921910225
openml_458,3a9260f9550f,0.575772893506755
openml_458,0dfb18d06f3a,0.49783758138908635
openml_458,c104b3d67121,0.4565125886827405
openml_458,7f10ff06a55f,0.4565125886827405
openml_458,afb4fe7d2eaa,0.3315001422569083
openml_458,627cdef1f058,0.37638767872496237
openml_458,c5dfd3221b79,0.4002663077217192
openml_458,e3ae029f4d54,0.35758077093779517
openml_458,98d2a79e4c00,0.34649896212568326
openml_458,0481ef8f35a2,0.34224227498857945
openml_458,9a585386bc6d,0.35094840921910225
openml_458,971471268792,0.33194317011690283
openml_458,4ec824c366d4,
openml_458,4555573328fc,
openml_458,0f46e0814abc,
openml_458,759f97a6695c,
openml_458,9cd81f07f9eb,
openml_458,bb5d6442dae0,
openml_458,c610648f3a0b,
openml_458,d9a6e957a479,
openml_458,e0981ae1c5a2,
openml_458,08e381bd46b1,
openml_458,f7183f4c1fed,
openml_458,7c2e8cd4a56d,
openml_458,07ebbef7de3c,
openml_458,db49059653de,
openml_458,19967cb83e78,
openml_458,158a0277ed3c,
openml_458,d0fba6f03c0f,
openml_458,f10f8ff36baa,
openml_458,672c637760be,
openml_458,0cd896f527d5,
openml_458,4887a0323e21,
openml_458,3d795ce47578,
openml_458,639f74dd0e43,
openml_458,9c3ccb4fd98f,
openml_458,5647bbf0428d,0.44575811297838647
openml_458,389d4ccb0588,0.49725283922100866
openml_458,e34ce5984b64,0.500424911496047
openml_458,63470ebdd53e,0.44575811297838647
openml_458,46814f50e13d,0.49725283922100866
openml_458,e597041814f5,0.500424911496047
openml_458,024a1a8c54d1,0.44575811297838647
openml_458,bdcde80d6dbb,0.49725283922100866
openml_458,95475ce56089,0.500424911496047
openml_458,5009193136b4,0.44575811297838647
openml_458,955728329102,0.4598624256398642
openml_458,1f1b6dfa46dc,
openml_458,272f18e90bd4,0.3268249467059796
openml_458,0cc00684cc3f,0.3268249467059796
openml_458,7203310ff7ba,0.3195763955480589
openml_458,a399ab5a112a,0.35263066294247064
openml_458,4d00158c440c,0.37213301474220967
openml_458,f028e3896d9e,0.3755042647342158
openml_458,bc0e2be21bfb,0.40149738159048726
openml_458,ae16e9272ff8,0.38782727832096786
openml_458,803c0d3403ff,0.32872600033085136
openml_458,579a8bd776f9,0.35759856898375564
openml_458,ccd2d07c7a4a,0.3807944170134739
openml_458,92f60358ba37,0.38843228515489275
openml_458,646357d2ae16,0.4137942257504471
openml_458,5773d7049286,0.4305166976294276
openml_458,a81f368f51bb,0.5206205710252911
openml_458,70969dd2d720,0.5223747549994593
openml_458,34b50b92b183,0.46203877881957467
openml_458,48d260f98b0d,0.37612503749521853
openml_458,1134a806601d,0.39058266870807484
openml_458,0069693e350e,0.40142523815118414
openml_458,2fa0af8799c8,0.40142523815118414
openml_469,76c89cda5ca5,0.08728894291565936
openml_469,23861655ac34,0.11693044046938855
openml_469,a042255d7a7d,0.14816333840017173
openml_469,47980bf71ea8,0.1481633270301077
openml_469,79d9b0fb5f02,0.16538267890427696
openml_469,e511e76239fe,0.2338608615087448
openml_469,7741c3e44852,0.3140635952751163
openml_469,b2d6bf5f391d,0.3140635952751163
openml_469,3964e1ccb548,0.08728895631277846
openml_469,4c077151b389,0.08728894961421892
openml_469,f292f2a1db5b,0.1379432818429038
openml_469,a4dbad06fd4e,0.12282697431162977
openml_469,8eecd2798818,0.12499998561123861
openml_469,4d9c9acccd21,0.12499998561123861
openml_469,9381fbddb6c5,0.16666664961331962
openml_469,8ec393598948,0.08728895631277846
openml_469,4ec824c366d4,
openml_469,4555573328fc,
openml_469,0f46e0814abc,
openml_469,759f97a6695c,
openml_469,9cd81f07f9eb,
openml_469,bb5d6442dae0,
openml_469,c610648f3a0b,
openml_469,d9a6e957a479,
openml_469,e0981ae1c5a2,0.18893500076567396
openml_469,08e381bd46b1,0.18893500076567396
openml_469,f7183f4c1fed,0.18893500076567396
openml_469,7c2e8cd4a56d,0.18893500076567396
openml_469,07ebbef7de3c,
openml_469,db49059653de,
openml_469,19967cb83e78,
openml_469,158a0277ed3c,
openml_469,d0fba6f03c0f,
openml_469,f10f8ff36baa,
openml_469,672c637760be,
openml_469,0cd896f527d5,
openml_469,4887a0323e21,
openml_469,3d795ce47578,
openml_469,639f74dd0e43,
openml_469,9c3ccb4fd98f,
openml_469,5647bbf0428d,0.4999999616299682
openml_469,389d4ccb0588,0.9999998465198844
openml_469,e34ce5984b64,0.0
openml_469,63470ebdd53e,0.24999997122247722
openml_469,46814f50e13d,0.33333329922663923
openml_469,e597041814f5,0.4999999232599422
openml_469,024a1a8c54d1,0.16666666240332992
openml_469,bdcde80d6dbb,0.16666666240332992
openml_469,95475ce56089,0.16666666240332992
openml_469,5009193136b4,0.12500000479625378
openml_469,955728329102,0.12500000479625378
openml_469,1f1b6dfa46dc,0.12500000479625378
openml_469,272f18e90bd4,0.10811400034673692
openml_469,0cc00684cc3f,0.10811400034673692
openml_469,7203310ff7ba,0.1169304307543724
openml_469,a399ab5a112a,0.17115085271756997
openml_469,4d00158c440c,0.17115085271756997
openml_469,f028e3896d9e,0.2758865521164319
openml_469,bc0e2be21bfb,0.2758865521164319
openml_469,ae16e9272ff8,0.10874632316797765
openml_469,803c0d3403ff,0.11693044870087117
openml_469,579a8bd776f9,0.18392438723824425
openml_469,ccd2d07c7a4a,0.20177884499720342
openml_469,92f60358ba37,0.2976853301345861
openml_469,646357d2ae16,0.33333332480665984
openml_469,5773d7049286,0.5517731401302143
openml_469,a81f368f51bb,0.12498632778725798
openml_469,70969dd2d720,0.10088942472688164
openml_469,34b50b92b183,0.1653826978919195
openml_469,48d260f98b0d,0.19944911755738243
openml_469,1134a806601d,0.19944911755738243
openml_469,0069693e350e,0.31406361937637844
openml_469,2fa0af8799c8,0.5
openml_54,76c89cda5ca5,0.06236954079410067
openml_54,23861655ac34,0.04596717383957995
openml_54,a042255d7a7d,0.07060590107359346
openml_54,47980bf71ea8,0.06588300489299358
openml_54,79d9b0fb5f02,0.07197948882104764
openml_54,e511e76239fe,0.07060590107359346
openml_54,7741c3e44852,0.08455077814893165
openml_54,b2d6bf5f391d,0.09567230209357522
openml_54,3964e1ccb548,0.05813517021417829
openml_54,4c077151b389,0.04259682120087132
openml_54,f292f2a1db5b,0.034796022920390614
openml_54,a4dbad06fd4e,0.06218337610245104
openml_54,8eecd2798818,0.06126892847256341
openml_54,4d9c9acccd21,0.08553269730438215
openml_54,9381fbddb6c5,0.07820188719301893
openml_54,8ec393598948,0.06236954079410067
openml_54,77e145ffcc55,0.04172900187788235
openml_54,632568e85407,0.0410650107375571
openml_54,fa9612cfa871,0.07775274517846929
openml_54,3d72e70b09e3,0.07748302693509225
openml_54,45c510f16843,0.0817905805195813
openml_54,27a2752a569f,0.06588300489299358
openml_54,3a9260f9550f,0.28805183701044434
openml_54,0dfb18d06f3a,0.3369692334306814
openml_54,c104b3d67121,0.11680899463768758
openml_54,7f10ff06a55f,0.10971390191302141
openml_54,afb4fe7d2eaa,0.09326016740878813
openml_54,627cdef1f058,0.12313693908512913
openml_54,c5dfd3221b79,0.05536024852577024
openml_54,e3ae029f4d54,0.040135637316941926
openml_54,98d2a79e4c00,0.039579296757062496
openml_54,0481ef8f35a2,0.03960730910753034
openml_54,9a585386bc6d,0.04493741458387181
openml_54,971471268792,0.038994860174808944
openml_54,4ec824c366d4,
openml_54,4555573328fc,
openml_54,0f46e0814abc,
openml_54,759f97a6695c,
openml_54,9cd81f07f9eb,
openml_54,bb5d6442dae0,
openml_54,c610648f3a0b,
openml_54,d9a6e957a479,
openml_54,e0981ae1c5a2,
openml_54,08e381bd46b1,
openml_54,f7183f4c1fed,
openml_54,7c2e8cd4a56d,
openml_54,07ebbef7de3c,0.2990275169950586
openml_54,db49059653de,0.2166093375718607
openml_54,19967cb83e78,
openml_54,158a0277ed3c,
openml_54,d0fba6f03c0f,
openml_54,f10f8ff36baa,
openml_54,672c637760be,0.12180284094654088
openml_54,0cd896f527d5,0.10707837699717276
openml_54,4887a0323e21,0.5133733637318509
openml_54,3d795ce47578,0.685045636925543
openml_54,639f74dd0e43,
openml_54,9c3ccb4fd98f,
openml_54,5647bbf0428d,0.5133733637318509
openml_54,389d4ccb0588,0.5133733637318509
openml_54,e34ce5984b64,0.12856429174850642
openml_54,63470ebdd53e,0.17636404024422028
openml_54,46814f50e13d,0.12682415834523939
openml_54,e597041814f5,0.21369664542746478
openml_54,024a1a8c54d1,0.1781952496743525
openml_54,bdcde80d6dbb,0.12682415834523939
openml_54,95475ce56089,0.1740312480603332
openml_54,5009193136b4,0.1837898393739558
openml_54,955728329102,0.1590669279106301
openml_54,1f1b6dfa46dc,0.1740312480603332
openml_54,272f18e90bd4,0.06441057001592503
openml_54,0cc00684cc3f,0.04935767680937709
openml_54,7203310ff7ba,0.0974009656097579
openml_54,a399ab5a112a,0.0974009656097579
openml_54,4d00158c440c,0.0974009656097579
openml_54,f028e3896d9e,0.09245286886555912
openml_54,bc0e2be21bfb,0.09245286886555912
openml_54,ae16e9272ff8,0.5133733637318509
openml_54,803c0d3403ff,0.09952284287475967
openml_54,579a8bd776f9,0.1122729856766315
openml_54,ccd2d07c7a4a,0.1353448309440056
openml_54,92f60358ba37,0.14988352057033824
openml_54,646357d2ae16,0.1690445413068702
openml_54,5773d7049286,0.160882032568395
openml_54,a81f368f51bb,0.5133733637318509
openml_54,70969dd2d720,0.29967358069061256
openml_54,34b50b92b183,0.11797438407279603
openml_54,48d260f98b0d,0.11797438407279603
openml_54,1134a806601d,0.11717914536440281
openml_54,0069693e350e,0.1286385898666865
openml_54,2fa0af8799c8,0.13622441763845253
openml_6,76c89cda5ca5,0.026148903932693555
openml_6,23861655ac34,0.05123731145432142
openml_6,a042255d7a7d,0.045323289000091825
openml_6,47980bf71ea8,0.03101586386287451
openml_6,79d9b0fb5f02,0.05305900253522802
openml_6,e511e76239fe,0.052003676251351875
openml_6,7741c3e44852,0.04960609974055504
openml_6,8ec393598948,0.03704565378028262
openml_6,77e145ffcc55,0.03821123071783123
openml_6,632568e85407,0.03947792294885406
openml_6,fa9612cfa871,0.03306520530212186
openml_6,3d72e70b09e3,0.054487351622259976
openml_6,9cd81f07f9eb,3590068.3784318785
openml_6,bb5d6442dae0,3590068.53311152
openml_6,c610648f3a0b,6356934.8716029
openml_6,e0981ae1c5a2,0.3246678513840356
openml_6,08e381bd46b1,0.4877250275211623
openml_6,f7183f4c1fed,0.4126315264525129
openml_6,07ebbef7de3c,0.14538459574966664
openml_6,db49059653de,0.13936623656720498
openml_6,19967cb83e78,0.10641179140794285
openml_6,d0fba6f03c0f,0.18331256567946777
openml_6,f10f8ff36baa,0.18331256567946777
openml_6,672c637760be,0.17323219695639927
openml_60,76c89cda5ca5,0.29458734440584483
openml_60,23861655ac34,0.3110250026689031
openml_60,a042255d7a7d,0.3272663235412803
openml_60,47980bf71ea8,0.32808219167434943
openml_60,79d9b0fb5f02,0.3254030667518788
openml_60,e511e76239fe,0.3336640898465833
openml_60,7741c3e44852,0.3304852858494056
openml_60,b2d6bf5f391d,0.3299802265333736
openml_60,3964e1ccb548,0.29458734440584483
openml_60,4c077151b389,0.3110250026689031
openml_60,f292f2a1db5b,0.2781260322328416
openml_60,a4dbad06fd4e,0.3032813685844347
openml_60,8eecd2798818,0.27199862676864983
openml_60,4d9c9acccd21,0.2922817850961849
openml_60,9381fbddb6c5,0.33526741983766956
openml_60,8ec393598948,0.3036844601352253
openml_60,77e145ffcc55,0.3117609000649933
openml_60,632568e85407,0.3272663235412803
openml_60,fa9612cfa871,0.32808219167434943
openml_60,3d72e70b09e3,0.32808219167434943
openml_60,45c510f16843,0.3354730106569735
openml_60,27a2752a569f,0.31713931608197543
openml_60,4ec824c366d4,
openml_60,4555573328fc,
openml_60,0f46e0814abc,
openml_60,759f97a6695c,
openml_60,9cd81f07f9eb,
openml_60,bb5d6442dae0,
openml_60,c610648f3a0b,
openml_60,d9a6e957a479,
openml_60,e0981ae1c5a2,
openml_60,08e381bd46b1,
openml_60,f7183f4c1fed,
openml_60,7c2e8cd4a56d,
openml_60,07ebbef7de3c,
openml_60,db49059653de,
openml_60,19967cb83e78,
openml_60,158a0277ed3c,
openml_60,d0fba6f03c0f,
openml_60,f10f8ff36baa,
openml_60,672c637760be,
openml_60,0cd896f527d5,
openml_60,4887a0323e21,0.36482917439631457
openml_60,3d795ce47578,0.37168619860317703
openml_60,639f74dd0e43,0.3638372027133864
openml_60,9c3ccb4fd98f,0.4204596329415211
openml_60,5647bbf0428d,0.35931539836436194
openml_60,389d4ccb0588,0.513999786297945
openml_60,e34ce5984b64,0.5052442478601212
openml_60,63470ebdd53e,0.3610823665582944
openml_60,46814f50e13d,0.5032766336007604
openml_60,e597041814f5,
openml_60,024a1a8c54d1,0.4305650835193416
openml_60,bdcde80d6dbb,0.5032766336007604
openml_60,95475ce56089,
openml_60,5009193136b4,0.4305650835193416
openml_60,955728329102,0.5032766336007604
openml_60,1f1b6dfa46dc,
openml_60,272f18e90bd4,0.27025570849110564
openml_60,0cc00684cc3f,0.27025570849110564
openml_60,7203310ff7ba,0.3106907514573063
openml_60,a399ab5a112a,0.3106907514573063
openml_60,4d00158c440c,0.3117609000649933
openml_60,f028e3896d9e,0.3117609000649933
openml_60,bc0e2be21bfb,0.32788210313806304
openml_60,ae16e9272ff8,0.3139930413159368
openml_60,803c0d3403ff,0.32489805169876645
openml_60,579a8bd776f9,0.32010829274630925
openml_60,ccd2d07c7a4a,0.3307704930207965
openml_60,92f60358ba37,0.34117939471773623
openml_60,646357d2ae16,0.3500066645162893
openml_60,5773d7049286,0.358541876307565
openml_60,a81f368f51bb,0.37903447313961286
openml_60,70969dd2d720,0.37903447313961286
openml_60,34b50b92b183,0.37903447313961286
openml_60,48d260f98b0d,0.35418105573437253
openml_60,1134a806601d,0.35418105573437253
openml_60,0069693e350e,0.3121666987364191
openml_60,2fa0af8799c8,0.3121666987364191
openml_61,76c89cda5ca5,0.2667130015354233
openml_61,23861655ac34,0.0263724452731617
openml_61,a042255d7a7d,0.08421610310630132
openml_61,47980bf71ea8,0.08421610310630132
openml_61,79d9b0fb5f02,0.06157674907092409
openml_61,e511e76239fe,0.13527771553896334
openml_61,7741c3e44852,0.08821641068596044
openml_61,b2d6bf5f391d,0.10968598265803094
openml_61,3964e1ccb548,0.2667130015354233
openml_61,4c077151b389,0.07360928473937184
openml_61,f292f2a1db5b,0.04241150348040647
openml_61,a4dbad06fd4e,0.0347359011186564
openml_61,8eecd2798818,0.04531958656273131
openml_61,4d9c9acccd21,0.07961431499979667
openml_61,9381fbddb6c5,0.08304601751879002
openml_61,8ec393598948,0.2667130015354233
openml_61,77e145ffcc55,0.0527448958620474
openml_61,632568e85407,0.04279746522178349
openml_61,fa9612cfa871,0.04796065533464439
openml_61,3d72e70b09e3,0.04279746522178349
openml_61,45c510f16843,0.06403343916676635
openml_61,27a2752a569f,0.03995791423685051
openml_61,4ec824c366d4,
openml_61,4555573328fc,
openml_61,0f46e0814abc,
openml_61,759f97a6695c,
openml_61,9cd81f07f9eb,0.26010742464759007
openml_61,bb5d6442dae0,0.4947351654855645
openml_61,c610648f3a0b,
openml_61,d9a6e957a479,
openml_61,e0981ae1c5a2,0.15064094176130263
openml_61,08e381bd46b1,0.5482853851054168
openml_61,f7183f4c1fed,0.6590394840551971
openml_61,7c2e8cd4a56d,
openml_61,07ebbef7de3c,0.31496575526874926
openml_61,db49059653de,0.35492452137470626
openml_61,19967cb83e78,0.38731535164673525
openml_61,158a0277ed3c,0.4234056806967855
openml_61,d0fba6f03c0f,
openml_61,f10f8ff36baa,
openml_61,672c637760be,
openml_61,0cd896f527d5,
openml_61,4887a0323e21,
openml_61,3d795ce47578,
openml_61,639f74dd0e43,
openml_61,9c3ccb4fd98f,
openml_61,5647bbf0428d,0.2667130015354233
openml_61,389d4ccb0588,0.3005500846706297
openml_61,e34ce5984b64,0.3005500846706297
openml_61,63470ebdd53e,0.2667130015354233
openml_61,46814f50e13d,0.3005500846706297
openml_61,e597041814f5,0.3005500846706297
openml_61,024a1a8c54d1,0.2667130015354233
openml_61,bdcde80d6dbb,0.3005500846706297
openml_61,95475ce56089,0.3005500846706297
openml_61,5009193136b4,0.2667130015354233
openml_61,955728329102,0.3005500846706297
openml_61,1f1b6dfa46dc,0.3005500846706297
openml_61,272f18e90bd4,0.2142759606020894
openml_61,0cc00684cc3f,0.09799834034198922
openml_61,7203310ff7ba,0.1169904928200307
openml_61,a399ab5a112a,0.1510505996365709
openml_61,4d00158c440c,0.1601558140534524
openml_61,f028e3896d9e,0.14464567972336242
openml_61,bc0e2be21bfb,0.17215554256542479
openml_61,ae16e9272ff8,0.041183124365679676
openml_61,803c0d3403ff,0.05815490909612664
openml_61,579a8bd776f9,0.07434548969990612
openml_61,ccd2d07c7a4a,0.09311836399465481
openml_61,92f60358ba37,0.11910049723441606
openml_61,646357d2ae16,0.15705007478565708
openml_61,5773d7049286,0.1881603607759947
openml_61,a81f368f51bb,0.2667130015354233
openml_61,70969dd2d720,0.18699468686540086
openml_61,34b50b92b183,0.06995803413667219
openml_61,48d260f98b0d,0.09788787503775898
openml_61,1134a806601d,0.09931769287109281
openml_61,0069693e350e,0.1345124721682618
openml_61,2fa0af8799c8,0.1345124721682618
openml_6332,76c89cda5ca5,0.10643419640995908
openml_6332,23861655ac34,0.10136687516813236
openml_6332,a042255d7a7d,0.12994589353970212
openml_6332,47980bf71ea8,0.16188057725047394
openml_6332,79d9b0fb5f02,0.15611897932046975
openml_6332,e511e76239fe,0.16563006585345183
openml_6332,7741c3e44852,0.15279913037274306
openml_6332,b2d6bf5f391d,0.17335262462114082
openml_6332,3964e1ccb548,0.7548591786177147
openml_6332,4c077151b389,0.17084490392467472
openml_6332,f292f2a1db5b,0.1458936364873812
openml_6332,a4dbad06fd4e,0.14679416258337763
openml_6332,8eecd2798818,0.13370747532465643
openml_6332,4d9c9acccd21,0.14872476546578606
openml_6332,9381fbddb6c5,0.18283219270695264
openml_6332,8ec393598948,0.1107777773069604
openml_6332,77e145ffcc55,0.1107777773069604
openml_6332,632568e85407,0.14918374589710037
openml_6332,3d72e70b09e3,0.12106897771219924
openml_6332,4ec824c366d4,
openml_6332,4555573328fc,
openml_6332,0f46e0814abc,
openml_6332,759f97a6695c,
openml_6332,9cd81f07f9eb,
openml_6332,bb5d6442dae0,
openml_6332,c610648f3a0b,
openml_6332,d9a6e957a479,
openml_6332,e0981ae1c5a2,
openml_6332,08e381bd46b1,
openml_6332,f7183f4c1fed,
openml_6332,7c2e8cd4a56d,
openml_6332,07ebbef7de3c,
openml_6332,db49059653de,
openml_6332,19967cb83e78,
openml_6332,158a0277ed3c,
openml_6332,d0fba6f03c0f,
openml_6332,f10f8ff36baa,
openml_6332,672c637760be,
openml_6332,0cd896f527d5,
openml_6332,4887a0323e21,
openml_6332,3d795ce47578,
openml_6332,639f74dd0e43,
openml_6332,9c3ccb4fd98f,
openml_6332,5647bbf0428d,0.4141888748593109
openml_6332,389d4ccb0588,0.4376084806732467
openml_6332,e34ce5984b64,
openml_6332,63470ebdd53e,0.3620650344684665
openml_6332,46814f50e13d,
openml_6332,e597041814f5,
openml_6332,024a1a8c54d1,0.383559495246258
openml_6332,bdcde80d6dbb,
openml_6332,95475ce56089,
openml_6332,5009193136b4,
openml_6332,955728329102,
openml_6332,1f1b6dfa46dc,
openml_6332,272f18e90bd4,0.14353842036447306
openml_6332,0cc00684cc3f,0.14353842036447306
openml_6332,7203310ff7ba,0.19675388952969874
openml_6332,a399ab5a112a,0.16987452714731283
openml_6332,4d00158c440c,0.17830573464107555
openml_6332,f028e3896d9e,0.2102203291557363
openml_6332,bc0e2be21bfb,0.21042796657571108
openml_6332,ae16e9272ff8,0.7548591786177147
openml_6332,803c0d3403ff,0.28021422902471765
openml_6332,579a8bd776f9,0.21031271280865946
openml_6332,ccd2d07c7a4a,0.2165079677511499
openml_6332,92f60358ba37,0.23880152875328714
openml_6332,646357d2ae16,0.2271231144750697
openml_6332,5773d7049286,0.24223840503922126
openml_6332,a81f368f51bb,0.7548591786177147
openml_6332,70969dd2d720,0.5633001332856904
openml_6332,34b50b92b183,0.40706473267775817
openml_6332,48d260f98b0d,0.3518081338054598
openml_6332,1134a806601d,0.3456310700879073
openml_6332,0069693e350e,0.30847014112362314
openml_6332,2fa0af8799c8,0.25536946897605695
openml_679,76c89cda5ca5,0.013207861935457768
openml_679,23861655ac34,0.01840556922642162
openml_679,a042255d7a7d,0.019288263610842515
openml_679,47980bf71ea8,0.023812406454315038
openml_679,79d9b0fb5f02,0.028821350660037874
openml_679,e511e76239fe,0.029580529121014984
openml_679,7741c3e44852,0.03637003277891594
openml_679,b2d6bf5f391d,0.039440865978318196
openml_679,3964e1ccb548,0.011413163225935392
openml_679,4c077151b389,0.014506623110420006
openml_679,f292f2a1db5b,0.019288263610842515
openml_679,a4dbad06fd4e,0.018405552626358283
openml_679,8eecd2798818,0.023629468109233404
openml_679,4d9c9acccd21,0.014705871040125332
openml_679,9381fbddb6c5,0.014705880987601333
openml_679,8ec393598948,0.011413163225935392
openml_679,77e145ffcc55,0.01692509718613832
openml_679,632568e85407,0.018405552626358283
openml_679,3d72e70b09e3,0.023629486756829375
openml_679,45c510f16843,0.014705871040125332
openml_679,4ec824c366d4,0.07407401716377694
openml_679,4555573328fc,0.04545451004920422
openml_679,0f46e0814abc,0.058823530582056
openml_679,759f97a6695c,0.43287484144332067
openml_679,9cd81f07f9eb,0.07420710546657466
openml_679,bb5d6442dae0,0.06250000176153223
openml_679,c610648f3a0b,0.017241373680144428
openml_679,d9a6e957a479,0.13333331729947617
openml_679,e0981ae1c5a2,
openml_679,08e381bd46b1,
openml_679,f7183f4c1fed,
openml_679,7c2e8cd4a56d,
openml_679,07ebbef7de3c,
openml_679,db49059653de,
openml_679,19967cb83e78,
openml_679,158a0277ed3c,
openml_679,d0fba6f03c0f,
openml_679,f10f8ff36baa,
openml_679,672c637760be,
openml_679,0cd896f527d5,
openml_679,4887a0323e21,
openml_679,3d795ce47578,
openml_679,639f74dd0e43,
openml_679,9c3ccb4fd98f,
openml_679,5647bbf0428d,0.06666661155028429
openml_679,389d4ccb0588,0.062499950677099146
openml_679,e34ce5984b64,0.0
openml_679,63470ebdd53e,0.025641028605866124
openml_679,46814f50e13d,0.041666674495699135
openml_679,e597041814f5,0.03571428916545073
openml_679,024a1a8c54d1,0.014285716494460025
openml_679,bdcde80d6dbb,0.016666669171956965
openml_679,95475ce56089,0.03511512116649154
openml_679,5009193136b4,0.014285716494460025
openml_679,955728329102,0.03333333082804304
openml_679,1f1b6dfa46dc,0.01851852161146955
openml_679,272f18e90bd4,0.026415723870915536
openml_679,0cc00684cc3f,0.029722821012820734
openml_679,7203310ff7ba,0.022944168833885333
openml_679,a399ab5a112a,0.022944168833885333
openml_679,4d00158c440c,0.02749304914891564
openml_679,f028e3896d9e,0.028095593402349586
openml_679,bc0e2be21bfb,0.028095571230250898
openml_679,ae16e9272ff8,0.012906106989440017
openml_679,803c0d3403ff,0.017241381455183075
openml_679,579a8bd776f9,0.019543491101053186
openml_679,ccd2d07c7a4a,0.023815212651979834
openml_679,92f60358ba37,0.02937912605378576
openml_679,646357d2ae16,0.03991309238135981
openml_679,5773d7049286,0.04623266468155685
openml_679,a81f368f51bb,0.07764894988921632
openml_679,70969dd2d720,0.02641571791480133
openml_679,34b50b92b183,0.03549665962848079
openml_679,48d260f98b0d,0.020250342487712864
openml_679,1134a806601d,0.025384216327871537
openml_679,0069693e350e,0.03207756877554244
openml_679,2fa0af8799c8,0.03902188630088141
synth_aniso_10d_6k,76c89cda5ca5,0.36589995556394783
synth_aniso_10d_6k,23861655ac34,0.1466081196899117
synth_aniso_10d_6k,a042255d7a7d,0.18168102508623313
synth_aniso_10d_6k,47980bf71ea8,0.0860564786420197
synth_aniso_10d_6k,79d9b0fb5f02,0.07326246470071401
synth_aniso_10d_6k,e511e76239fe,0.08384375793608334
synth_aniso_10d_6k,7741c3e44852,0.09082472898158331
synth_aniso_10d_6k,b2d6bf5f391d,0.10579468360716311
synth_aniso_10d_6k,3964e1ccb548,0.30576189803157994
synth_aniso_10d_6k,4c077151b389,0.32668548478932335
synth_aniso_10d_6k,f292f2a1db5b,0.2770736618860671
synth_aniso_10d_6k,a4dbad06fd4e,0.08192312711955066
synth_aniso_10d_6k,8eecd2798818,0.05957986616235405
synth_aniso_10d_6k,4d9c9acccd21,0.05957986616235405
synth_aniso_10d_6k,9381fbddb6c5,0.08371577835435386
synth_aniso_10d_6k,8ec393598948,0.12123500779910032
synth_aniso_10d_6k,77e145ffcc55,0.32668548478932335
synth_aniso_10d_6k,632568e85407,0.2770736618860671
synth_aniso_10d_6k,fa9612cfa871,0.08230332738492722
synth_aniso_10d_6k,3d72e70b09e3,0.0628218847514099
synth_aniso_10d_6k,45c510f16843,0.07334422889109582
synth_aniso_10d_6k,27a2752a569f,0.07462006111555661
synth_aniso_10d_6k,4ec824c366d4,
synth_aniso_10d_6k,4555573328fc,
synth_aniso_10d_6k,0f46e0814abc,
synth_aniso_10d_6k,759f97a6695c,
synth_aniso_10d_6k,9cd81f07f9eb,
synth_aniso_10d_6k,bb5d6442dae0,
synth_aniso_10d_6k,c610648f3a0b,
synth_aniso_10d_6k,d9a6e957a479,
synth_aniso_10d_6k,e0981ae1c5a2,0.24091046450086037
synth_aniso_10d_6k,08e381bd46b1,0.28071274261816215
synth_aniso_10d_6k,f7183f4c1fed,
synth_aniso_10d_6k,7c2e8cd4a56d,
synth_aniso_10d_6k,07ebbef7de3c,0.46272097545935126
synth_aniso_10d_6k,db49059653de,0.46272097545935126
synth_aniso_10d_6k,19967cb83e78,0.46272097545935126
synth_aniso_10d_6k,158a0277ed3c,0.5342458611295603
synth_aniso_10d_6k,d0fba6f03c0f,0.3181284347075625
synth_aniso_10d_6k,f10f8ff36baa,0.3181284347075625
synth_aniso_10d_6k,672c637760be,0.3181284347075625
synth_aniso_10d_6k,0cd896f527d5,0.3181284347075625
synth_aniso_10d_6k,4887a0323e21,
synth_aniso_10d_6k,3d795ce47578,
synth_aniso_10d_6k,639f74dd0e43,
synth_aniso_10d_6k,9c3ccb4fd98f,
synth_aniso_10d_6k,5647bbf0428d,0.3385806380318102
synth_aniso_10d_6k,389d4ccb0588,0.3385806380318102
synth_aniso_10d_6k,e34ce5984b64,0.3385806380318102
synth_aniso_10d_6k,63470ebdd53e,0.3385806380318102
synth_aniso_10d_6k,46814f50e13d,0.3385806380318102
synth_aniso_10d_6k,e597041814f5,0.3385806380318102
synth_aniso_10d_6k,024a1a8c54d1,0.3385806380318102
synth_aniso_10d_6k,bdcde80d6dbb,0.3385806380318102
synth_aniso_10d_6k,95475ce56089,0.3385806380318102
synth_aniso_10d_6k,5009193136b4,0.3385806380318102
synth_aniso_10d_6k,955728329102,0.3385806380318102
synth_aniso_10d_6k,1f1b6dfa46dc,0.3385806380318102
synth_aniso_10d_6k,272f18e90bd4,0.33539134291945466
synth_aniso_10d_6k,0cc00684cc3f,0.32668548478932335
synth_aniso_10d_6k,7203310ff7ba,0.3181284347075625
synth_aniso_10d_6k,a399ab5a112a,0.0860564786420197
synth_aniso_10d_6k,4d00158c440c,0.10149387778861359
synth_aniso_10d_6k,f028e3896d9e,0.09514699294077268
synth_aniso_10d_6k,bc0e2be21bfb,0.10810008426206051
synth_aniso_10d_6k,ae16e9272ff8,0.28371037286304646
synth_aniso_10d_6k,803c0d3403ff,0.3181284347075625
synth_aniso_10d_6k,579a8bd776f9,0.3086360185540522
synth_aniso_10d_6k,ccd2d07c7a4a,0.08989452148981641
synth_aniso_10d_6k,92f60358ba37,0.09804076086900702
synth_aniso_10d_6k,646357d2ae16,0.11323165980756592
synth_aniso_10d_6k,5773d7049286,0.10682054590897197
synth_aniso_10d_6k,a81f368f51bb,0.36589995556394783
synth_aniso_10d_6k,70969dd2d720,0.3221891834287812
synth_aniso_10d_6k,34b50b92b183,0.3181284347075625
synth_aniso_10d_6k,48d260f98b0d,0.18945277213710762
synth_aniso_10d_6k,1134a806601d,0.1669403139209081
synth_aniso_10d_6k,0069693e350e,0.1680644582638236
synth_aniso_10d_6k,2fa0af8799c8,0.11044966479470672
synth_aniso_2d_4k,76c89cda5ca5,0.5841757391619111
synth_aniso_2d_4k,23861655ac34,0.4194776249111355
synth_aniso_2d_4k,a042255d7a7d,0.018745048111496056
synth_aniso_2d_4k,47980bf71ea8,0.02207611402653716
synth_aniso_2d_4k,79d9b0fb5f02,0.011059725715543743
synth_aniso_2d_4k,e511e76239fe,0.017206038474276195
synth_aniso_2d_4k,7741c3e44852,0.009890633139122838
synth_aniso_2d_4k,b2d6bf5f391d,0.023441084355368798
synth_aniso_2d_4k,3964e1ccb548,0.2993074077210554
synth_aniso_2d_4k,4c077151b389,0.4194776249111355
synth_aniso_2d_4k,f292f2a1db5b,0.02248457375007176
synth_aniso_2d_4k,a4dbad06fd4e,0.006534322994494093
synth_aniso_2d_4k,8eecd2798818,0.009704466718548983
synth_aniso_2d_4k,4d9c9acccd21,0.010535872311390141
synth_aniso_2d_4k,9381fbddb6c5,0.006760799497982934
synth_aniso_2d_4k,8ec393598948,0.2993074077210554
synth_aniso_2d_4k,77e145ffcc55,0.05244477252089617
synth_aniso_2d_4k,632568e85407,0.01013399279086087
synth_aniso_2d_4k,fa9612cfa871,0.011947134770499681
synth_aniso_2d_4k,3d72e70b09e3,0.012983667681771014
synth_aniso_2d_4k,45c510f16843,0.004778874214334089
synth_aniso_2d_4k,27a2752a569f,0.013919140832305306
synth_aniso_2d_4k,4ec824c366d4,0.1298542369972216
synth_aniso_2d_4k,4555573328fc,0.8659769568509392
synth_aniso_2d_4k,0f46e0814abc,1.146132263081343
synth_aniso_2d_4k,759f97a6695c,1.5201353230550145
synth_aniso_2d_4k,9cd81f07f9eb,0.7234317622809573
synth_aniso_2d_4k,bb5d6442dae0,0.7234317622809573
synth_aniso_2d_4k,c610648f3a0b,0.7234317622809573
synth_aniso_2d_4k,d9a6e957a479,0.7234317622809573
synth_aniso_2d_4k,e0981ae1c5a2,0.7234317622809573
synth_aniso_2d_4k,08e381bd46b1,0.7234317622809573
synth_aniso_2d_4k,f7183f4c1fed,0.7234317622809573
synth_aniso_2d_4k,7c2e8cd4a56d,0.7234317622809573
synth_aniso_2d_4k,07ebbef7de3c,0.5841757391619111
synth_aniso_2d_4k,db49059653de,0.5841757391619111
synth_aniso_2d_4k,19967cb83e78,0.5841757391619111
synth_aniso_2d_4k,158a0277ed3c,0.5841757391619111
synth_aniso_2d_4k,d0fba6f03c0f,
synth_aniso_2d_4k,f10f8ff36baa,
synth_aniso_2d_4k,672c637760be,
synth_aniso_2d_4k,0cd896f527d5,
synth_aniso_2d_4k,4887a0323e21,
synth_aniso_2d_4k,3d795ce47578,
synth_aniso_2d_4k,639f74dd0e43,
synth_aniso_2d_4k,9c3ccb4fd98f,
synth_aniso_2d_4k,5647bbf0428d,0.03220157302847575
synth_aniso_2d_4k,389d4ccb0588,0.7234317622809573
synth_aniso_2d_4k,e34ce5984b64,0.7234317622809573
synth_aniso_2d_4k,63470ebdd53e,0.7234317622809573
synth_aniso_2d_4k,46814f50e13d,0.7234317622809573
synth_aniso_2d_4k,e597041814f5,0.7234317622809573
synth_aniso_2d_4k,024a1a8c54d1,0.7234317622809573
synth_aniso_2d_4k,bdcde80d6dbb,0.7234317622809573
synth_aniso_2d_4k,95475ce56089,0.7234317622809573
synth_aniso_2d_4k,5009193136b4,0.7234317622809573
synth_aniso_2d_4k,955728329102,0.7234317622809573
synth_aniso_2d_4k,1f1b6dfa46dc,0.7234317622809573
synth_aniso_2d_4k,272f18e90bd4,0.5841757391619111
synth_aniso_2d_4k,0cc00684cc3f,0.4194776249111355
synth_aniso_2d_4k,7203310ff7ba,0.03700461117747995
synth_aniso_2d_4k,a399ab5a112a,0.02015615524792781
synth_aniso_2d_4k,4d00158c440c,0.02847864075902754
synth_aniso_2d_4k,f028e3896d9e,0.016257190341653013
synth_aniso_2d_4k,bc0e2be21bfb,0.016257190341653013
synth_aniso_2d_4k,ae16e9272ff8,0.2472455301670905
synth_aniso_2d_4k,803c0d3403ff,0.4194776249111355
synth_aniso_2d_4k,579a8bd776f9,0.07629588571131284
synth_aniso_2d_4k,ccd2d07c7a4a,0.046088432488676785
synth_aniso_2d_4k,92f60358ba37,0.026963565232969455
synth_aniso_2d_4k,646357d2ae16,0.03587632810170998
synth_aniso_2d_4k,5773d7049286,0.028988877402210574
synth_aniso_2d_4k,a81f368f51bb,0.5841757391619111
synth_aniso_2d_4k,70969dd2d720,0.4194776249111355
synth_aniso_2d_4k,34b50b92b183,0.0655791738845453
synth_aniso_2d_4k,48d260f98b0d,0.06732244391686011
synth_aniso_2d_4k,1134a806601d,0.0619069867586535
synth_aniso_2d_4k,0069693e350e,0.048829956588013125
synth_aniso_2d_4k,2fa0af8799c8,0.042256364417104966
synth_aniso_5d_3k,76c89cda5ca5,0.1106791509015537
synth_aniso_5d_3k,23861655ac34,0.03931005100307384
synth_aniso_5d_3k,a042255d7a7d,0.05908335010812514
synth_aniso_5d_3k,47980bf71ea8,0.04226356443657232
synth_aniso_5d_3k,79d9b0fb5f02,0.05573406005624928
synth_aniso_5d_3k,e511e76239fe,0.06374314677726133
synth_aniso_5d_3k,7741c3e44852,0.038448932795079944
synth_aniso_5d_3k,b2d6bf5f391d,0.05348887138522094
synth_aniso_5d_3k,3964e1ccb548,0.2109454562257027
synth_aniso_5d_3k,4c077151b389,0.21620925993174855
synth_aniso_5d_3k,f292f2a1db5b,0.03107425829384524
synth_aniso_5d_3k,a4dbad06fd4e,0.03499462554862334
synth_aniso_5d_3k,8eecd2798818,0.03719635790423459
synth_aniso_5d_3k,4d9c9acccd21,0.027447900116380215
synth_aniso_5d_3k,9381fbddb6c5,0.018265510672835845
synth_aniso_5d_3k,8ec393598948,0.2109454562257027
synth_aniso_5d_3k,77e145ffcc55,0.21620925993174855
synth_aniso_5d_3k,632568e85407,0.028762033746639378
synth_aniso_5d_3k,fa9612cfa871,0.04226356443657232
synth_aniso_5d_3k,3d72e70b09e3,0.0428818913017558
synth_aniso_5d_3k,45c510f16843,0.03710241153880702
synth_aniso_5d_3k,27a2752a569f,0.035004751442388064
synth_aniso_5d_3k,4ec824c366d4,
synth_aniso_5d_3k,4555573328fc,
synth_aniso_5d_3k,0f46e0814abc,
synth_aniso_5d_3k,759f97a6695c,
synth_aniso_5d_3k,9cd81f07f9eb,0.16039825501388766
synth_aniso_5d_3k,bb5d6442dae0,0.14087257614343457
synth_aniso_5d_3k,c610648f3a0b,0.4700367636437249
synth_aniso_5d_3k,d9a6e957a479,
synth_aniso_5d_3k,e0981ae1c5a2,0.14028094585182588
synth_aniso_5d_3k,08e381bd46b1,0.07596287438716214
synth_aniso_5d_3k,f7183f4c1fed,0.4383331653340724
synth_aniso_5d_3k,7c2e8cd4a56d,
synth_aniso_5d_3k,07ebbef7de3c,0.2238912525303979
synth_aniso_5d_3k,db49059653de,0.2238912525303979
synth_aniso_5d_3k,19967cb83e78,0.24423149088546037
synth_aniso_5d_3k,158a0277ed3c,0.2792205258578531
synth_aniso_5d_3k,d0fba6f03c0f,
synth_aniso_5d_3k,f10f8ff36baa,
synth_aniso_5d_3k,672c637760be,
synth_aniso_5d_3k,0cd896f527d5,
synth_aniso_5d_3k,4887a0323e21,
synth_aniso_5d_3k,3d795ce47578,
synth_aniso_5d_3k,639f74dd0e43,
synth_aniso_5d_3k,9c3ccb4fd98f,
synth_aniso_5d_3k,5647bbf0428d,0.21620925993174855
synth_aniso_5d_3k,389d4ccb0588,0.24423149088546037
synth_aniso_5d_3k,e34ce5984b64,0.2792205258578531
synth_aniso_5d_3k,63470ebdd53e,0.21620925993174855
synth_aniso_5d_3k,46814f50e13d,0.24423149088546037
synth_aniso_5d_3k,e597041814f5,0.2792205258578531
synth_aniso_5d_3k,024a1a8c54d1,0.21620925993174855
synth_aniso_5d_3k,bdcde80d6dbb,0.24423149088546037
synth_aniso_5d_3k,95475ce56089,0.2792205258578531
synth_aniso_5d_3k,5009193136b4,0.21620925993174855
synth_aniso_5d_3k,955728329102,0.24423149088546037
synth_aniso_5d_3k,1f1b6dfa46dc,0.2792205258578531
synth_aniso_5d_3k,272f18e90bd4,0.237458593243936
synth_aniso_5d_3k,0cc00684cc3f,0.21620925993174855
synth_aniso_5d_3k,7203310ff7ba,0.06560204956062896
synth_aniso_5d_3k,a399ab5a112a,0.0598975020988363
synth_aniso_5d_3k,4d00158c440c,0.06299468594706878
synth_aniso_5d_3k,f028e3896d9e,0.0741737013457148
synth_aniso_5d_3k,bc0e2be21bfb,0.09043172490503144
synth_aniso_5d_3k,ae16e9272ff8,0.03848836328462028
synth_aniso_5d_3k,803c0d3403ff,0.05127992482561202
synth_aniso_5d_3k,579a8bd776f9,0.045531141048986395
synth_aniso_5d_3k,ccd2d07c7a4a,0.05276758857108778
synth_aniso_5d_3k,92f60358ba37,0.062154771331039846
synth_aniso_5d_3k,646357d2ae16,0.07563115457732175
synth_aniso_5d_3k,5773d7049286,0.08539801186985012
synth_aniso_5d_3k,a81f368f51bb,0.19530461894218173
synth_aniso_5d_3k,70969dd2d720,0.20718319913729003
synth_aniso_5d_3k,34b50b92b183,0.20729053160145394
synth_aniso_5d_3k,48d260f98b0d,0.05318524050508218
synth_aniso_5d_3k,1134a806601d,0.05318524050508218
synth_aniso_5d_3k,0069693e350e,0.07515586985114814
synth_aniso_5d_3k,2fa0af8799c8,0.07515586985114814
synth_blobs_20d_15k,76c89cda5ca5,0.11153220041465203
synth_blobs_20d_15k,23861655ac34,0.15423034855250475
synth_blobs_20d_15k,a042255d7a7d,0.43411034536437804
synth_blobs_20d_15k,47980bf71ea8,0.43483122818576886
synth_blobs_20d_15k,79d9b0fb5f02,0.47926748280073966
synth_blobs_20d_15k,e511e76239fe,0.9152187282022675
synth_blobs_20d_15k,7741c3e44852,0.22013227592316073
synth_blobs_20d_15k,b2d6bf5f391d,0.24898036504923104
synth_blobs_20d_15k,3964e1ccb548,0.45907288403700813
synth_blobs_20d_15k,4c077151b389,0.29216974542160595
synth_blobs_20d_15k,f292f2a1db5b,0.3061641468884151
synth_blobs_20d_15k,a4dbad06fd4e,0.39636521568937544
synth_blobs_20d_15k,8eecd2798818,0.3782619328981816
synth_blobs_20d_15k,4d9c9acccd21,0.9152187282022675
synth_blobs_20d_15k,9381fbddb6c5,0.2835575776452174
synth_blobs_20d_15k,8ec393598948,0.11270089019589187
synth_blobs_20d_15k,77e145ffcc55,0.29216974542160595
synth_blobs_20d_15k,632568e85407,0.3061641468884151
synth_blobs_20d_15k,fa9612cfa871,0.39636521568937544
synth_blobs_20d_15k,3d72e70b09e3,0.3782619328981816
synth_blobs_20d_15k,45c510f16843,0.9152187282022675
synth_blobs_20d_15k,27a2752a569f,0.2427051107481789
synth_blobs_20d_15k,4ec824c366d4,
synth_blobs_20d_15k,4555573328fc,
synth_blobs_20d_15k,0f46e0814abc,
synth_blobs_20d_15k,759f97a6695c,
synth_blobs_20d_15k,9cd81f07f9eb,
synth_blobs_20d_15k,bb5d6442dae0,
synth_blobs_20d_15k,c610648f3a0b,
synth_blobs_20d_15k,d9a6e957a479,
synth_blobs_20d_15k,e0981ae1c5a2,
synth_blobs_20d_15k,08e381bd46b1,
synth_blobs_20d_15k,f7183f4c1fed,
synth_blobs_20d_15k,7c2e8cd4a56d,
synth_blobs_20d_15k,07ebbef7de3c,0.4856678575993844
synth_blobs_20d_15k,db49059653de,0.4290856387820868
synth_blobs_20d_15k,19967cb83e78,3.283738178827767
synth_blobs_20d_15k,158a0277ed3c,
synth_blobs_20d_15k,d0fba6f03c0f,0.9152187282022675
synth_blobs_20d_15k,f10f8ff36baa,0.9152187282022675
synth_blobs_20d_15k,672c637760be,0.9152187282022675
synth_blobs_20d_15k,0cd896f527d5,0.9152187282022675
synth_blobs_20d_15k,4887a0323e21,
synth_blobs_20d_15k,3d795ce47578,
synth_blobs_20d_15k,639f74dd0e43,
synth_blobs_20d_15k,9c3ccb4fd98f,
synth_blobs_20d_15k,5647bbf0428d,0.9152187282022675
synth_blobs_20d_15k,389d4ccb0588,0.9152187282022675
synth_blobs_20d_15k,e34ce5984b64,0.9152187282022675
synth_blobs_20d_15k,63470ebdd53e,0.9152187282022675
synth_blobs_20d_15k,46814f50e13d,0.9152187282022675
synth_blobs_20d_15k,e597041814f5,0.9152187282022675
synth_blobs_20d_15k,024a1a8c54d1,0.9152187282022675
synth_blobs_20d_15k,bdcde80d6dbb,0.9152187282022675
synth_blobs_20d_15k,95475ce56089,0.9152187282022675
synth_blobs_20d_15k,5009193136b4,0.9152187282022675
synth_blobs_20d_15k,955728329102,0.9152187282022675
synth_blobs_20d_15k,1f1b6dfa46dc,0.9152187282022675
synth_blobs_20d_15k,272f18e90bd4,0.4665477565921995
synth_blobs_20d_15k,0cc00684cc3f,0.4034016013715679
synth_blobs_20d_15k,7203310ff7ba,0.4036758559981306
synth_blobs_20d_15k,a399ab5a112a,0.4685967573722727
synth_blobs_20d_15k,4d00158c440c,0.47503041217562797
synth_blobs_20d_15k,f028e3896d9e,0.9152187282022675
synth_blobs_20d_15k,bc0e2be21bfb,0.2934639682034654
synth_blobs_20d_15k,ae16e9272ff8,0.39636521568937544
synth_blobs_20d_15k,803c0d3403ff,0.40675756592723766
synth_blobs_20d_15k,579a8bd776f9,0.44279574432615987
synth_blobs_20d_15k,ccd2d07c7a4a,0.46269374300156335
synth_blobs_20d_15k,92f60358ba37,0.4915116036927862
synth_blobs_20d_15k,646357d2ae16,0.9152187282022675
synth_blobs_20d_15k,5773d7049286,0.31537227064171053
synth_blobs_20d_15k,a81f368f51bb,0.4665477565921995
synth_blobs_20d_15k,70969dd2d720,0.45907288403700813
synth_blobs_20d_15k,34b50b92b183,0.5012804861156136
synth_blobs_20d_15k,48d260f98b0d,0.431062239343602
synth_blobs_20d_15k,1134a806601d,0.4685967573722727
synth_blobs_20d_15k,0069693e350e,0.9152187282022675
synth_blobs_20d_15k,2fa0af8799c8,0.4097166036747628
synth_blobs_30d_10k,76c89cda5ca5,0.45993164979500384
synth_blobs_30d_10k,23861655ac34,0.5474596528301063
synth_blobs_30d_10k,a042255d7a7d,0.5800960944992238
synth_blobs_30d_10k,47980bf71ea8,0.5578954631332727
synth_blobs_30d_10k,79d9b0fb5f02,1.3308044488541848
synth_blobs_30d_10k,e511e76239fe,0.3306162868246814
synth_blobs_30d_10k,7741c3e44852,0.3096039707487137
synth_blobs_30d_10k,b2d6bf5f391d,0.29863618062113684
synth_blobs_30d_10k,3964e1ccb548,0.43757987049853003
synth_blobs_30d_10k,4c077151b389,0.5474596528301063
synth_blobs_30d_10k,f292f2a1db5b,0.5149874389836837
synth_blobs_30d_10k,a4dbad06fd4e,0.6104898817778356
synth_blobs_30d_10k,8eecd2798818,1.3308044488541848
synth_blobs_30d_10k,4d9c9acccd21,0.32425403595149377
synth_blobs_30d_10k,9381fbddb6c5,0.3178452743876376
synth_blobs_30d_10k,8ec393598948,0.43757987049853003
synth_blobs_30d_10k,77e145ffcc55,0.5474596528301063
synth_blobs_30d_10k,632568e85407,0.5149874389836837
synth_blobs_30d_10k,fa9612cfa871,0.6104898817778356
synth_blobs_30d_10k,3d72e70b09e3,1.3308044488541848
synth_blobs_30d_10k,45c510f16843,0.3229110720662079
synth_blobs_30d_10k,27a2752a569f,0.29511271024006597
synth_blobs_30d_10k,4ec824c366d4,
synth_blobs_30d_10k,4555573328fc,
synth_blobs_30d_10k,0f46e0814abc,
synth_blobs_30d_10k,759f97a6695c,
synth_blobs_30d_10k,9cd81f07f9eb,
synth_blobs_30d_10k,bb5d6442dae0,
synth_blobs_30d_10k,c610648f3a0b,
synth_blobs_30d_10k,d9a6e957a479,
synth_blobs_30d_10k,e0981ae1c5a2,
synth_blobs_30d_10k,08e381bd46b1,
synth_blobs_30d_10k,f7183f4c1fed,
synth_blobs_30d_10k,7c2e8cd4a56d,
synth_blobs_30d_10k,07ebbef7de3c,
synth_blobs_30d_10k,db49059653de,
synth_blobs_30d_10k,19967cb83e78,
synth_blobs_30d_10k,158a0277ed3c,
synth_blobs_30d_10k,d0fba6f03c0f,1.3308044488541848
synth_blobs_30d_10k,f10f8ff36baa,1.3308044488541848
synth_blobs_30d_10k,672c637760be,1.3308044488541848
synth_blobs_30d_10k,0cd896f527d5,1.3308044488541848
synth_blobs_30d_10k,4887a0323e21,0.6494120776468867
synth_blobs_30d_10k,3d795ce47578,0.6494120776468867
synth_blobs_30d_10k,639f74dd0e43,0.6494120776468867
synth_blobs_30d_10k,9c3ccb4fd98f,0.6494120776468867
synth_blobs_30d_10k,5647bbf0428d,1.3308044488541848
synth_blobs_30d_10k,389d4ccb0588,1.3308044488541848
synth_blobs_30d_10k,e34ce5984b64,1.3308044488541848
synth_blobs_30d_10k,63470ebdd53e,1.3308044488541848
synth_blobs_30d_10k,46814f50e13d,1.3308044488541848
synth_blobs_30d_10k,e597041814f5,1.3308044488541848
synth_blobs_30d_10k,024a1a8c54d1,1.3308044488541848
synth_blobs_30d_10k,bdcde80d6dbb,1.3308044488541848
synth_blobs_30d_10k,95475ce56089,1.3308044488541848
synth_blobs_30d_10k,5009193136b4,1.3308044488541848
synth_blobs_30d_10k,955728329102,1.3308044488541848
synth_blobs_30d_10k,1f1b6dfa46dc,1.3308044488541848
synth_blobs_30d_10k,272f18e90bd4,0.5474596528301063
synth_blobs_30d_10k,0cc00684cc3f,0.5800960944992238
synth_blobs_30d_10k,7203310ff7ba,0.5993246155661834
synth_blobs_30d_10k,a399ab5a112a,0.5578954631332727
synth_blobs_30d_10k,4d00158c440c,1.3308044488541848
synth_blobs_30d_10k,f028e3896d9e,0.33518778712275893
synth_blobs_30d_10k,bc0e2be21bfb,0.3245932644946702
synth_blobs_30d_10k,ae16e9272ff8,0.557939589965747
synth_blobs_30d_10k,803c0d3403ff,0.4929173333417035
synth_blobs_30d_10k,579a8bd776f9,0.5333168607377359
synth_blobs_30d_10k,ccd2d07c7a4a,0.570867435759863
synth_blobs_30d_10k,92f60358ba37,1.3308044488541848
synth_blobs_30d_10k,646357d2ae16,0.34829203866068703
synth_blobs_30d_10k,5773d7049286,0.359467254296041
synth_blobs_30d_10k,a81f368f51bb,0.529171493833001
synth_blobs_30d_10k,70969dd2d720,0.5800960944992238
synth_blobs_30d_10k,34b50b92b183,0.5980835530697696
synth_blobs_30d_10k,48d260f98b0d,0.6104898817778356
synth_blobs_30d_10k,1134a806601d,1.3308044488541848
synth_blobs_30d_10k,0069693e350e,0.4825470551120153
synth_blobs_30d_10k,2fa0af8799c8,0.4671427767022114
synth_blobs_50d_20k,76c89cda5ca5,0.14623260077097874
synth_blobs_50d_20k,23861655ac34,0.584457660325445
synth_blobs_50d_20k,a042255d7a7d,0.15907242262849763
synth_blobs_50d_20k,47980bf71ea8,0.6254115612429259
synth_blobs_50d_20k,79d9b0fb5f02,0.6064739328019674
synth_blobs_50d_20k,e511e76239fe,0.7026726639017293
synth_blobs_50d_20k,7741c3e44852,1.751345871272323
synth_blobs_50d_20k,b2d6bf5f391d,0.4462589593403052
synth_blobs_50d_20k,3964e1ccb548,0.5004043390244804
synth_blobs_50d_20k,4c077151b389,0.5496604780650879
synth_blobs_50d_20k,f292f2a1db5b,0.576973604735385
synth_blobs_50d_20k,a4dbad06fd4e,0.576973604735385
synth_blobs_50d_20k,8eecd2798818,0.5874205091699426
synth_blobs_50d_20k,4d9c9acccd21,0.6623404800597584
synth_blobs_50d_20k,9381fbddb6c5,1.751345871272323
synth_blobs_50d_20k,8ec393598948,0.5004043390244804
synth_blobs_50d_20k,77e145ffcc55,0.5496604780650879
synth_blobs_50d_20k,632568e85407,0.576973604735385
synth_blobs_50d_20k,fa9612cfa871,0.576973604735385
synth_blobs_50d_20k,3d72e70b09e3,0.5874205091699426
synth_blobs_50d_20k,45c510f16843,0.6623404800597584
synth_blobs_50d_20k,27a2752a569f,1.751345871272323
synth_blobs_50d_20k,4ec824c366d4,
synth_blobs_50d_20k,4555573328fc,
synth_blobs_50d_20k,0f46e0814abc,
synth_blobs_50d_20k,759f97a6695c,
synth_blobs_50d_20k,9cd81f07f9eb,
synth_blobs_50d_20k,bb5d6442dae0,
synth_blobs_50d_20k,c610648f3a0b,
synth_blobs_50d_20k,d9a6e957a479,
synth_blobs_50d_20k,e0981ae1c5a2,
synth_blobs_50d_20k,08e381bd46b1,
synth_blobs_50d_20k,f7183f4c1fed,
synth_blobs_50d_20k,7c2e8cd4a56d,
synth_blobs_50d_20k,07ebbef7de3c,
synth_blobs_50d_20k,db49059653de,
synth_blobs_50d_20k,19967cb83e78,
synth_blobs_50d_20k,158a0277ed3c,
synth_blobs_50d_20k,d0fba6f03c0f,0.6263976926492866
synth_blobs_50d_20k,f10f8ff36baa,0.5977990627777804
synth_blobs_50d_20k,672c637760be,2.8105757294417884
synth_blobs_50d_20k,0cd896f527d5,
synth_blobs_50d_20k,4887a0323e21,1.751345871272323
synth_blobs_50d_20k,3d795ce47578,1.751345871272323
synth_blobs_50d_20k,639f74dd0e43,1.751345871272323
synth_blobs_50d_20k,9c3ccb4fd98f,1.751345871272323
synth_blobs_50d_20k,5647bbf0428d,1.751345871272323
synth_blobs_50d_20k,389d4ccb0588,1.751345871272323
synth_blobs_50d_20k,e34ce5984b64,1.751345871272323
synth_blobs_50d_20k,63470ebdd53e,1.751345871272323
synth_blobs_50d_20k,46814f50e13d,1.751345871272323
synth_blobs_50d_20k,e597041814f5,1.751345871272323
synth_blobs_50d_20k,024a1a8c54d1,1.751345871272323
synth_blobs_50d_20k,bdcde80d6dbb,1.751345871272323
synth_blobs_50d_20k,95475ce56089,1.751345871272323
synth_blobs_50d_20k,5009193136b4,1.751345871272323
synth_blobs_50d_20k,955728329102,1.751345871272323
synth_blobs_50d_20k,1f1b6dfa46dc,1.751345871272323
synth_blobs_50d_20k,272f18e90bd4,0.556927657785675
synth_blobs_50d_20k,0cc00684cc3f,0.5744410349576005
synth_blobs_50d_20k,7203310ff7ba,0.5921849010970762
synth_blobs_50d_20k,a399ab5a112a,0.6280825564093447
synth_blobs_50d_20k,4d00158c440c,0.6748513565985073
synth_blobs_50d_20k,f028e3896d9e,0.7042974674765191
synth_blobs_50d_20k,bc0e2be21bfb,1.751345871272323
synth_blobs_50d_20k,ae16e9272ff8,0.5744410349576005
synth_blobs_50d_20k,803c0d3403ff,0.5878719957476782
synth_blobs_50d_20k,579a8bd776f9,0.5969727355117996
synth_blobs_50d_20k,ccd2d07c7a4a,0.6336802623707284
synth_blobs_50d_20k,92f60358ba37,0.6636446087606338
synth_blobs_50d_20k,646357d2ae16,0.7042974674765191
synth_blobs_50d_20k,5773d7049286,1.751345871272323
synth_blobs_50d_20k,a81f368f51bb,0.6013224739410238
synth_blobs_50d_20k,70969dd2d720,0.582562551605933
synth_blobs_50d_20k,34b50b92b183,0.5789242683780723
synth_blobs_50d_20k,48d260f98b0d,0.6478085181365375
synth_blobs_50d_20k,1134a806601d,0.6754648432741461
synth_blobs_50d_20k,0069693e350e,0.6926163004888796
synth_blobs_50d_20k,2fa0af8799c8,1.751345871272323
synth_blobs_5d_k12,76c89cda5ca5,0.08267687695247516
synth_blobs_5d_k12,23861655ac34,0.2775094008338801
synth_blobs_5d_k12,a042255d7a7d,0.05398674608032955
synth_blobs_5d_k12,47980bf71ea8,0.37489260967065513
synth_blobs_5d_k12,79d9b0fb5f02,0.32810254986076387
synth_blobs_5d_k12,e511e76239fe,0.07114942846176248
synth_blobs_5d_k12,7741c3e44852,0.06950578553977516
synth_blobs_5d_k12,b2d6bf5f391d,0.06951433739157192
synth_blobs_5d_k12,3964e1ccb548,0.27227211044466043
synth_blobs_5d_k12,4c077151b389,0.08086928511973027
synth_blobs_5d_k12,f292f2a1db5b,0.34268475573355034
synth_blobs_5d_k12,a4dbad06fd4e,0.2965052358304032
synth_blobs_5d_k12,8eecd2798818,0.20633428395102935
synth_blobs_5d_k12,4d9c9acccd21,0.0702601267245769
synth_blobs_5d_k12,9381fbddb6c5,0.08510100714632073
synth_blobs_5d_k12,8ec393598948,0.04812213970623989
synth_blobs_5d_k12,77e145ffcc55,0.26671984700583784
synth_blobs_5d_k12,632568e85407,0.34268475573355034
synth_blobs_5d_k12,fa9612cfa871,0.2965052358304032
synth_blobs_5d_k12,3d72e70b09e3,0.20633428395102935
synth_blobs_5d_k12,45c510f16843,0.11016548965697788
synth_blobs_5d_k12,27a2752a569f,0.09308063170704492
synth_blobs_5d_k12,4ec824c366d4,38.847938642496565
synth_blobs_5d_k12,4555573328fc,
synth_blobs_5d_k12,0f46e0814abc,
synth_blobs_5d_k12,759f97a6695c,
synth_blobs_5d_k12,9cd81f07f9eb,0.256076679228657
synth_blobs_5d_k12,bb5d6442dae0,0.256076679228657
synth_blobs_5d_k12,c610648f3a0b,0.3969179741232784
synth_blobs_5d_k12,d9a6e957a479,0.5815913522285148
synth_blobs_5d_k12,e0981ae1c5a2,0.24869284498125788
synth_blobs_5d_k12,08e381bd46b1,0.24869284498125788
synth_blobs_5d_k12,f7183f4c1fed,0.24869284498125788
synth_blobs_5d_k12,7c2e8cd4a56d,0.24869284498125788
synth_blobs_5d_k12,07ebbef7de3c,0.4024415359259352
synth_blobs_5d_k12,db49059653de,0.4024415359259352
synth_blobs_5d_k12,19967cb83e78,0.4024415359259352
synth_blobs_5d_k12,158a0277ed3c,0.4024415359259352
synth_blobs_5d_k12,d0fba6f03c0f,
synth_blobs_5d_k12,f10f8ff36baa,
synth_blobs_5d_k12,672c637760be,
synth_blobs_5d_k12,0cd896f527d5,
synth_blobs_5d_k12,4887a0323e21,
synth_blobs_5d_k12,3d795ce47578,
synth_blobs_5d_k12,639f74dd0e43,
synth_blobs_5d_k12,9c3ccb4fd98f,
synth_blobs_5d_k12,5647bbf0428d,0.24869284498125788
synth_blobs_5d_k12,389d4ccb0588,0.24869284498125788
synth_blobs_5d_k12,e34ce5984b64,0.32810254986076387
synth_blobs_5d_k12,63470ebdd53e,0.24869284498125788
synth_blobs_5d_k12,46814f50e13d,0.24869284498125788
synth_blobs_5d_k12,e597041814f5,0.32810254986076387
synth_blobs_5d_k12,024a1a8c54d1,0.24869284498125788
synth_blobs_5d_k12,bdcde80d6dbb,0.24869284498125788
synth_blobs_5d_k12,95475ce56089,0.32810254986076387
synth_blobs_5d_k12,5009193136b4,0.24869284498125788
synth_blobs_5d_k12,955728329102,0.24869284498125788
synth_blobs_5d_k12,1f1b6dfa46dc,0.32810254986076387
synth_blobs_5d_k12,272f18e90bd4,0.23297531439742483
synth_blobs_5d_k12,0cc00684cc3f,0.2775094008338801
synth_blobs_5d_k12,7203310ff7ba,0.3135647974464011
synth_blobs_5d_k12,a399ab5a112a,0.3723047112735652
synth_blobs_5d_k12,4d00158c440c,0.32810254986076387
synth_blobs_5d_k12,f028e3896d9e,0.12168433965352561
synth_blobs_5d_k12,bc0e2be21bfb,0.11203661296105509
synth_blobs_5d_k12,ae16e9272ff8,0.24334134599748572
synth_blobs_5d_k12,803c0d3403ff,0.2569675477029517
synth_blobs_5d_k12,579a8bd776f9,0.3144412419244091
synth_blobs_5d_k12,ccd2d07c7a4a,0.37489260967065513
synth_blobs_5d_k12,92f60358ba37,0.32810254986076387
synth_blobs_5d_k12,646357d2ae16,0.09533231086988768
synth_blobs_5d_k12,5773d7049286,0.09676438917257661
synth_blobs_5d_k12,a81f368f51bb,0.31308453033630484
synth_blobs_5d_k12,70969dd2d720,0.25819438607798184
synth_blobs_5d_k12,34b50b92b183,0.35167685904925844
synth_blobs_5d_k12,48d260f98b0d,0.36614937467102004
synth_blobs_5d_k12,1134a806601d,0.32810254986076387
synth_blobs_5d_k12,0069693e350e,0.22629846498477027
synth_blobs_5d_k12,2fa0af8799c8,0.22629846498477027
synth_blobs_5d_k2,76c89cda5ca5,0.3423901576034613
synth_blobs_5d_k2,23861655ac34,0.04278156196754436
synth_blobs_5d_k2,a042255d7a7d,0.0659060087570398
synth_blobs_5d_k2,47980bf71ea8,0.06556848021830675
synth_blobs_5d_k2,79d9b0fb5f02,0.06019850338452058
synth_blobs_5d_k2,e511e76239fe,0.06875637699125689
synth_blobs_5d_k2,7741c3e44852,0.09787927298805582
synth_blobs_5d_k2,b2d6bf5f391d,0.10963627792601756
synth_blobs_5d_k2,3964e1ccb548,0.3423901576034613
synth_blobs_5d_k2,4c077151b389,0.02905186660042288
synth_blobs_5d_k2,f292f2a1db5b,0.025450869866894432
synth_blobs_5d_k2,a4dbad06fd4e,0.02447100318225533
synth_blobs_5d_k2,8eecd2798818,0.0320783568447536
synth_blobs_5d_k2,4d9c9acccd21,0.0415646864980138
synth_blobs_5d_k2,9381fbddb6c5,0.05610604248688763
synth_blobs_5d_k2,8ec393598948,0.3423901576034613
synth_blobs_5d_k2,77e145ffcc55,0.038080198476301355
synth_blobs_5d_k2,632568e85407,0.015000810054936342
synth_blobs_5d_k2,fa9612cfa871,0.03978278253342708
synth_blobs_5d_k2,3d72e70b09e3,0.042530391190698964
synth_blobs_5d_k2,45c510f16843,0.040080083020382386
synth_blobs_5d_k2,27a2752a569f,0.06052952627852785
synth_blobs_5d_k2,4ec824c366d4,
synth_blobs_5d_k2,4555573328fc,
synth_blobs_5d_k2,0f46e0814abc,
synth_blobs_5d_k2,759f97a6695c,
synth_blobs_5d_k2,9cd81f07f9eb,0.44215991438939917
synth_blobs_5d_k2,bb5d6442dae0,0.934267632774179
synth_blobs_5d_k2,c610648f3a0b,
synth_blobs_5d_k2,d9a6e957a479,
synth_blobs_5d_k2,e0981ae1c5a2,0.13924494715931646
synth_blobs_5d_k2,08e381bd46b1,0.11431646048460604
synth_blobs_5d_k2,f7183f4c1fed,0.09096487207992024
synth_blobs_5d_k2,7c2e8cd4a56d,3.567812870596431
synth_blobs_5d_k2,07ebbef7de3c,0.3964295891945209
synth_blobs_5d_k2,db49059653de,0.3964295891945209
synth_blobs_5d_k2,19967cb83e78,0.3964295891945209
synth_blobs_5d_k2,158a0277ed3c,0.45397515588482906
synth_blobs_5d_k2,d0fba6f03c0f,0.3423901576034613
synth_blobs_5d_k2,f10f8ff36baa,0.3423901576034613
synth_blobs_5d_k2,672c637760be,0.3423901576034613
synth_blobs_5d_k2,0cd896f527d5,0.3423901576034613
synth_blobs_5d_k2,4887a0323e21,
synth_blobs_5d_k2,3d795ce47578,
synth_blobs_5d_k2,639f74dd0e43,
synth_blobs_5d_k2,9c3ccb4fd98f,
synth_blobs_5d_k2,5647bbf0428d,0.3423901576034613
synth_blobs_5d_k2,389d4ccb0588,0.3423901576034613
synth_blobs_5d_k2,e34ce5984b64,0.3964295891945209
synth_blobs_5d_k2,63470ebdd53e,0.3423901576034613
synth_blobs_5d_k2,46814f50e13d,0.3423901576034613
synth_blobs_5d_k2,e597041814f5,0.3964295891945209
synth_blobs_5d_k2,024a1a8c54d1,0.3423901576034613
synth_blobs_5d_k2,bdcde80d6dbb,0.3423901576034613
synth_blobs_5d_k2,95475ce56089,0.3964295891945209
synth_blobs_5d_k2,5009193136b4,0.3423901576034613
synth_blobs_5d_k2,955728329102,0.3423901576034613
synth_blobs_5d_k2,1f1b6dfa46dc,0.3964295891945209
synth_blobs_5d_k2,272f18e90bd4,0.3423901576034613
synth_blobs_5d_k2,0cc00684cc3f,0.051525951223276314
synth_blobs_5d_k2,7203310ff7ba,0.08766801729043736
synth_blobs_5d_k2,a399ab5a112a,0.08374764098007324
synth_blobs_5d_k2,4d00158c440c,0.09398931831226157
synth_blobs_5d_k2,f028e3896d9e,0.08715770338584065
synth_blobs_5d_k2,bc0e2be21bfb,0.13076330903012853
synth_blobs_5d_k2,ae16e9272ff8,0.04636901236707465
synth_blobs_5d_k2,803c0d3403ff,0.057171010739816085
synth_blobs_5d_k2,579a8bd776f9,0.07742858367068713
synth_blobs_5d_k2,ccd2d07c7a4a,0.08403175222289182
synth_blobs_5d_k2,92f60358ba37,0.09887447893925971
synth_blobs_5d_k2,646357d2ae16,0.11170474361181193
synth_blobs_5d_k2,5773d7049286,0.1353414656842751
synth_blobs_5d_k2,a81f368f51bb,0.3423901576034613
synth_blobs_5d_k2,70969dd2d720,0.11014158817894738
synth_blobs_5d_k2,34b50b92b183,0.07614413991310541
synth_blobs_5d_k2,48d260f98b0d,0.07427837967564986
synth_blobs_5d_k2,1134a806601d,0.10309030501431048
synth_blobs_5d_k2,0069693e350e,0.1096469831696659
synth_blobs_5d_k2,2fa0af8799c8,0.11916570215938671
synth_blobs_5d_k20,76c89cda5ca5,0.034769182699498184
synth_blobs_5d_k20,23861655ac34,0.04755502663834271
synth_blobs_5d_k20,a042255d7a7d,0.0818009260940115
synth_blobs_5d_k20,47980bf71ea8,0.09199853654976463
synth_blobs_5d_k20,79d9b0fb5f02,0.09744091754688254
synth_blobs_5d_k20,e511e76239fe,0.08394862913459909
synth_blobs_5d_k20,7741c3e44852,0.15540201037514026
synth_blobs_5d_k20,b2d6bf5f391d,0.08956655915026283
synth_blobs_5d_k20,3964e1ccb548,0.06898323862802698
synth_blobs_5d_k20,4c077151b389,0.23470022043980948
synth_blobs_5d_k20,f292f2a1db5b,0.15942926269163793
synth_blobs_5d_k20,a4dbad06fd4e,0.2136128237589501
synth_blobs_5d_k20,8eecd2798818,0.08579391861110758
synth_blobs_5d_k20,4d9c9acccd21,0.15976402149428928
synth_blobs_5d_k20,9381fbddb6c5,0.053486529873128796
synth_blobs_5d_k20,8ec393598948,0.02084147189962538
synth_blobs_5d_k20,77e145ffcc55,0.038384615652273274
synth_blobs_5d_k20,632568e85407,0.15942926269163793
synth_blobs_5d_k20,fa9612cfa871,0.2136128237589501
synth_blobs_5d_k20,3d72e70b09e3,0.11470572024670732
synth_blobs_5d_k20,45c510f16843,0.1656216321409593
synth_blobs_5d_k20,27a2752a569f,0.03955285062760845
synth_blobs_5d_k20,4ec824c366d4,10.69275275584353
synth_blobs_5d_k20,4555573328fc,
synth_blobs_5d_k20,0f46e0814abc,
synth_blobs_5d_k20,759f97a6695c,
synth_blobs_5d_k20,9cd81f07f9eb,0.17841959504106666
synth_blobs_5d_k20,bb5d6442dae0,0.2249883264756058
synth_blobs_5d_k20,c610648f3a0b,0.24311626608984963
synth_blobs_5d_k20,d9a6e957a479,0.44943705541805096
synth_blobs_5d_k20,e0981ae1c5a2,0.21189209491780672
synth_blobs_5d_k20,08e381bd46b1,0.21189209491780672
synth_blobs_5d_k20,f7183f4c1fed,0.21189209491780672
synth_blobs_5d_k20,7c2e8cd4a56d,0.12885393725860836
synth_blobs_5d_k20,07ebbef7de3c,0.28073461765464586
synth_blobs_5d_k20,db49059653de,0.28073461765464586
synth_blobs_5d_k20,19967cb83e78,0.28073461765464586
synth_blobs_5d_k20,158a0277ed3c,0.28073461765464586
synth_blobs_5d_k20,d0fba6f03c0f,0.3591654216521122
synth_blobs_5d_k20,f10f8ff36baa,0.3591654216521122
synth_blobs_5d_k20,672c637760be,0.3591654216521122
synth_blobs_5d_k20,0cd896f527d5,0.3591654216521122
synth_blobs_5d_k20,4887a0323e21,
synth_blobs_5d_k20,3d795ce47578,
synth_blobs_5d_k20,639f74dd0e43,
synth_blobs_5d_k20,9c3ccb4fd98f,
synth_blobs_5d_k20,5647bbf0428d,0.21804644121108446
synth_blobs_5d_k20,389d4ccb0588,0.1775888621848519
synth_blobs_5d_k20,e34ce5984b64,0.14612318087730827
synth_blobs_5d_k20,63470ebdd53e,0.21804644121108446
synth_blobs_5d_k20,46814f50e13d,0.1775888621848519
synth_blobs_5d_k20,e597041814f5,0.14612318087730827
synth_blobs_5d_k20,024a1a8c54d1,0.21804644121108446
synth_blobs_5d_k20,bdcde80d6dbb,0.1775888621848519
synth_blobs_5d_k20,95475ce56089,0.14612318087730827
synth_blobs_5d_k20,5009193136b4,0.21804644121108446
synth_blobs_5d_k20,955728329102,0.1775888621848519
synth_blobs_5d_k20,1f1b6dfa46dc,0.14612318087730827
synth_blobs_5d_k20,272f18e90bd4,0.23470022043980948
synth_blobs_5d_k20,0cc00684cc3f,0.23470022043980948
synth_blobs_5d_k20,7203310ff7ba,0.2534680253250665
synth_blobs_5d_k20,a399ab5a112a,0.12014182614558383
synth_blobs_5d_k20,4d00158c440c,0.1615286487665986
synth_blobs_5d_k20,f028e3896d9e,0.17861056285929197
synth_blobs_5d_k20,bc0e2be21bfb,0.15540201037514026
synth_blobs_5d_k20,ae16e9272ff8,0.18327874707817213
synth_blobs_5d_k20,803c0d3403ff,0.19807286698822138
synth_blobs_5d_k20,579a8bd776f9,0.2227653739786521
synth_blobs_5d_k20,ccd2d07c7a4a,0.08455010126675372
synth_blobs_5d_k20,92f60358ba37,0.09918910352106734
synth_blobs_5d_k20,646357d2ae16,0.13113761020595366
synth_blobs_5d_k20,5773d7049286,0.12922757409137944
synth_blobs_5d_k20,a81f368f51bb,0.3591654216521122
synth_blobs_5d_k20,70969dd2d720,0.2530992478399286
synth_blobs_5d_k20,34b50b92b183,0.24586137522874227
synth_blobs_5d_k20,48d260f98b0d,0.1498538260085446
synth_blobs_5d_k20,1134a806601d,0.16347944582692275
synth_blobs_5d_k20,0069693e350e,0.16933359269010298
synth_blobs_5d_k20,2fa0af8799c8,0.15540201037514026
synth_blobs_5d_k4,76c89cda5ca5,0.43823327712009014
synth_blobs_5d_k4,23861655ac34,0.5263707849212368
synth_blobs_5d_k4,a042255d7a7d,0.06604698297025478
synth_blobs_5d_k4,47980bf71ea8,0.061635062268675274
synth_blobs_5d_k4,79d9b0fb5f02,0.07090945266142308
synth_blobs_5d_k4,e511e76239fe,0.05932222396390274
synth_blobs_5d_k4,7741c3e44852,0.08844167330419281
synth_blobs_5d_k4,b2d6bf5f391d,0.09609229404565221
synth_blobs_5d_k4,3964e1ccb548,0.4227158760102933
synth_blobs_5d_k4,4c077151b389,0.5263707849212368
synth_blobs_5d_k4,f292f2a1db5b,0.08898864898829609
synth_blobs_5d_k4,a4dbad06fd4e,0.04518083998577163
synth_blobs_5d_k4,8eecd2798818,0.03577448672994696
synth_blobs_5d_k4,4d9c9acccd21,0.05067313226458704
synth_blobs_5d_k4,9381fbddb6c5,0.06380026263848913
synth_blobs_5d_k4,8ec393598948,0.4227158760102933
synth_blobs_5d_k4,77e145ffcc55,0.5263707849212368
synth_blobs_5d_k4,632568e85407,0.07282685275077824
synth_blobs_5d_k4,fa9612cfa871,0.07559123832092345
synth_blobs_5d_k4,3d72e70b09e3,0.07892770796004411
synth_blobs_5d_k4,45c510f16843,0.08336449911909047
synth_blobs_5d_k4,27a2752a569f,0.06435552985900216
synth_blobs_5d_k4,4ec824c366d4,
synth_blobs_5d_k4,4555573328fc,
synth_blobs_5d_k4,0f46e0814abc,
synth_blobs_5d_k4,759f97a6695c,
synth_blobs_5d_k4,9cd81f07f9eb,0.15493635441106943
synth_blobs_5d_k4,bb5d6442dae0,0.16805906677328813
synth_blobs_5d_k4,c610648f3a0b,3.1304716649107545
synth_blobs_5d_k4,d9a6e957a479,
synth_blobs_5d_k4,e0981ae1c5a2,0.7252652415532169
synth_blobs_5d_k4,08e381bd46b1,0.7252652415532169
synth_blobs_5d_k4,f7183f4c1fed,0.7740122991048577
synth_blobs_5d_k4,7c2e8cd4a56d,0.8897281581097493
synth_blobs_5d_k4,07ebbef7de3c,0.5956781059159999
synth_blobs_5d_k4,db49059653de,0.5956781059159999
synth_blobs_5d_k4,19967cb83e78,0.5956781059159999
synth_blobs_5d_k4,158a0277ed3c,0.5956781059159999
synth_blobs_5d_k4,d0fba6f03c0f,0.5263707849212368
synth_blobs_5d_k4,f10f8ff36baa,0.5263707849212368
synth_blobs_5d_k4,672c637760be,0.5263707849212368
synth_blobs_5d_k4,0cd896f527d5,0.5263707849212368
synth_blobs_5d_k4,4887a0323e21,
synth_blobs_5d_k4,3d795ce47578,
synth_blobs_5d_k4,639f74dd0e43,
synth_blobs_5d_k4,9c3ccb4fd98f,
synth_blobs_5d_k4,5647bbf0428d,0.5956781059159999
synth_blobs_5d_k4,389d4ccb0588,0.5956781059159999
synth_blobs_5d_k4,e34ce5984b64,0.5956781059159999
synth_blobs_5d_k4,63470ebdd53e,0.5956781059159999
synth_blobs_5d_k4,46814f50e13d,0.5956781059159999
synth_blobs_5d_k4,e597041814f5,0.5956781059159999
synth_blobs_5d_k4,024a1a8c54d1,0.5956781059159999
synth_blobs_5d_k4,bdcde80d6dbb,0.5956781059159999
synth_blobs_5d_k4,95475ce56089,0.5956781059159999
synth_blobs_5d_k4,5009193136b4,0.5956781059159999
synth_blobs_5d_k4,955728329102,0.5956781059159999
synth_blobs_5d_k4,1f1b6dfa46dc,0.5956781059159999
synth_blobs_5d_k4,272f18e90bd4,0.43823327712009014
synth_blobs_5d_k4,0cc00684cc3f,0.5263707849212368
synth_blobs_5d_k4,7203310ff7ba,0.0733603918133482
synth_blobs_5d_k4,a399ab5a112a,0.08931962037975168
synth_blobs_5d_k4,4d00158c440c,0.09050456329546583
synth_blobs_5d_k4,f028e3896d9e,0.11259251819822513
synth_blobs_5d_k4,bc0e2be21bfb,0.13719223289049226
synth_blobs_5d_k4,ae16e9272ff8,0.43823327712009014
synth_blobs_5d_k4,803c0d3403ff,0.5263707849212368
synth_blobs_5d_k4,579a8bd776f9,0.12303887593126847
synth_blobs_5d_k4,ccd2d07c7a4a,0.08707461955886552
synth_blobs_5d_k4,92f60358ba37,0.0701792155292054
synth_blobs_5d_k4,646357d2ae16,0.0875708818247127
synth_blobs_5d_k4,5773d7049286,0.09777096249506027
synth_blobs_5d_k4,a81f368f51bb,0.43823327712009014
synth_blobs_5d_k4,70969dd2d720,0.5263707849212368
synth_blobs_5d_k4,34b50b92b183,0.3009573628859521
synth_blobs_5d_k4,48d260f98b0d,0.27062309425321984
synth_blobs_5d_k4,1134a806601d,0.1884396987233512
synth_blobs_5d_k4,0069693e350e,0.10971740111164525
synth_blobs_5d_k4,2fa0af8799c8,0.10971740111164525
synth_blobs_5d_k8,76c89cda5ca5,0.23044518225792815
synth_blobs_5d_k8,23861655ac34,0.25036343794507593
synth_blobs_5d_k8,a042255d7a7d,0.11942923843495552
synth_blobs_5d_k8,47980bf71ea8,0.4128605698457221
synth_blobs_5d_k8,79d9b0fb5f02,0.07576793332679807
synth_blobs_5d_k8,e511e76239fe,0.0801436633969233
synth_blobs_5d_k8,7741c3e44852,0.06761681698191735
synth_blobs_5d_k8,b2d6bf5f391d,0.09177595809510686
synth_blobs_5d_k8,3964e1ccb548,0.14653618146853106
synth_blobs_5d_k8,4c077151b389,0.16000570365677652
synth_blobs_5d_k8,f292f2a1db5b,0.1997545587048794
synth_blobs_5d_k8,a4dbad06fd4e,0.20875918920771797
synth_blobs_5d_k8,8eecd2798818,0.08104310258043666
synth_blobs_5d_k8,4d9c9acccd21,0.05068932417050192
synth_blobs_5d_k8,9381fbddb6c5,0.05448512981302007
synth_blobs_5d_k8,8ec393598948,0.0740422797077852
synth_blobs_5d_k8,77e145ffcc55,0.16000570365677652
synth_blobs_5d_k8,632568e85407,0.08322173180329655
synth_blobs_5d_k8,fa9612cfa871,0.20875918920771797
synth_blobs_5d_k8,3d72e70b09e3,0.07576793332679807
synth_blobs_5d_k8,45c510f16843,0.058069014544293564
synth_blobs_5d_k8,27a2752a569f,0.06243784991199935
synth_blobs_5d_k8,4ec824c366d4,
synth_blobs_5d_k8,4555573328fc,
synth_blobs_5d_k8,0f46e0814abc,
synth_blobs_5d_k8,759f97a6695c,
synth_blobs_5d_k8,9cd81f07f9eb,0.7138790104160117
synth_blobs_5d_k8,bb5d6442dae0,0.7221035263656828
synth_blobs_5d_k8,c610648f3a0b,0.12464511871702684
synth_blobs_5d_k8,d9a6e957a479,2.127288497390102
synth_blobs_5d_k8,e0981ae1c5a2,0.4223649410546827
synth_blobs_5d_k8,08e381bd46b1,0.4223649410546827
synth_blobs_5d_k8,f7183f4c1fed,0.4223649410546827
synth_blobs_5d_k8,7c2e8cd4a56d,0.4223649410546827
synth_blobs_5d_k8,07ebbef7de3c,0.4128605698457221
synth_blobs_5d_k8,db49059653de,0.4128605698457221
synth_blobs_5d_k8,19967cb83e78,0.4128605698457221
synth_blobs_5d_k8,158a0277ed3c,0.4128605698457221
synth_blobs_5d_k8,d0fba6f03c0f,0.34265738814833346
synth_blobs_5d_k8,f10f8ff36baa,0.34265738814833346
synth_blobs_5d_k8,672c637760be,0.34265738814833346
synth_blobs_5d_k8,0cd896f527d5,0.34265738814833346
synth_blobs_5d_k8,4887a0323e21,
synth_blobs_5d_k8,3d795ce47578,
synth_blobs_5d_k8,639f74dd0e43,
synth_blobs_5d_k8,9c3ccb4fd98f,
synth_blobs_5d_k8,5647bbf0428d,0.39777801457614903
synth_blobs_5d_k8,389d4ccb0588,0.39777801457614903
synth_blobs_5d_k8,e34ce5984b64,0.39777801457614903
synth_blobs_5d_k8,63470ebdd53e,0.39777801457614903
synth_blobs_5d_k8,46814f50e13d,0.39777801457614903
synth_blobs_5d_k8,e597041814f5,0.39777801457614903
synth_blobs_5d_k8,024a1a8c54d1,0.39777801457614903
synth_blobs_5d_k8,bdcde80d6dbb,0.39777801457614903
synth_blobs_5d_k8,95475ce56089,0.39777801457614903
synth_blobs_5d_k8,5009193136b4,0.39777801457614903
synth_blobs_5d_k8,955728329102,0.39777801457614903
synth_blobs_5d_k8,1f1b6dfa46dc,0.39777801457614903
synth_blobs_5d_k8,272f18e90bd4,0.2632057242427879
synth_blobs_5d_k8,0cc00684cc3f,0.281197486673832
synth_blobs_5d_k8,7203310ff7ba,0.3216516631328942
synth_blobs_5d_k8,a399ab5a112a,0.4128605698457221
synth_blobs_5d_k8,4d00158c440c,0.1119761136421714
synth_blobs_5d_k8,f028e3896d9e,0.12833992276256312
synth_blobs_5d_k8,bc0e2be21bfb,0.10294420931664139
synth_blobs_5d_k8,ae16e9272ff8,0.23044518225792815
synth_blobs_5d_k8,803c0d3403ff,0.25036343794507593
synth_blobs_5d_k8,579a8bd776f9,0.2833643619533402
synth_blobs_5d_k8,ccd2d07c7a4a,0.4128605698457221
synth_blobs_5d_k8,92f60358ba37,0.09128314824577713
synth_blobs_5d_k8,646357d2ae16,0.0961907179773758
synth_blobs_5d_k8,5773d7049286,0.11644859951027836
synth_blobs_5d_k8,a81f368f51bb,0.23044518225792815
synth_blobs_5d_k8,70969dd2d720,0.25036343794507593
synth_blobs_5d_k8,34b50b92b183,0.2833643619533402
synth_blobs_5d_k8,48d260f98b0d,0.4128605698457221
synth_blobs_5d_k8,1134a806601d,0.29040445754055355
synth_blobs_5d_k8,0069693e350e,0.12490529592000088
synth_blobs_5d_k8,2fa0af8799c8,0.12490529592000088
synth_blobs_easy_10d,76c89cda5ca5,0.5052851893109795
synth_blobs_easy_10d,23861655ac34,0.6597771094174829
synth_blobs_easy_10d,a042255d7a7d,0.09033564623595836
synth_blobs_easy_10d,47980bf71ea8,0.12736174043723003
synth_blobs_easy_10d,79d9b0fb5f02,0.09871247335524763
synth_blobs_easy_10d,e511e76239fe,0.0980392326791381
synth_blobs_easy_10d,7741c3e44852,0.12010189410388648
synth_blobs_easy_10d,b2d6bf5f391d,0.11245337974752383
synth_blobs_easy_10d,3964e1ccb548,0.5052851893109795
synth_blobs_easy_10d,4c077151b389,0.6597771094174829
synth_blobs_easy_10d,f292f2a1db5b,0.07482783912280008
synth_blobs_easy_10d,a4dbad06fd4e,0.058210270024140254
synth_blobs_easy_10d,8eecd2798818,0.08114192210610262
synth_blobs_easy_10d,4d9c9acccd21,0.07782877083873643
synth_blobs_easy_10d,9381fbddb6c5,0.08512907445293139
synth_blobs_easy_10d,8ec393598948,0.5052851893109795
synth_blobs_easy_10d,77e145ffcc55,0.6597771094174829
synth_blobs_easy_10d,632568e85407,0.07482783912280008
synth_blobs_easy_10d,fa9612cfa871,0.05994356003319912
synth_blobs_easy_10d,3d72e70b09e3,0.10884005494534064
synth_blobs_easy_10d,45c510f16843,0.09179632868553879
synth_blobs_easy_10d,27a2752a569f,0.10437295180122545
synth_blobs_easy_10d,3a9260f9550f,0.5052851893109795
synth_blobs_easy_10d,0dfb18d06f3a,0.6597771094174829
synth_blobs_easy_10d,c104b3d67121,0.09314134638393955
synth_blobs_easy_10d,7f10ff06a55f,0.10327461598847049
synth_blobs_easy_10d,afb4fe7d2eaa,0.12522622157203078
synth_blobs_easy_10d,627cdef1f058,0.12311617199428666
synth_blobs_easy_10d,c5dfd3221b79,0.4527424555475079
synth_blobs_easy_10d,e3ae029f4d54,0.6597771094174829
synth_blobs_easy_10d,98d2a79e4c00,0.07482783912280008
synth_blobs_easy_10d,0481ef8f35a2,0.11003273733963216
synth_blobs_easy_10d,9a585386bc6d,0.13662566979074434
synth_blobs_easy_10d,971471268792,0.09871247335524763
synth_blobs_easy_10d,4ec824c366d4,
synth_blobs_easy_10d,4555573328fc,
synth_blobs_easy_10d,0f46e0814abc,
synth_blobs_easy_10d,759f97a6695c,
synth_blobs_easy_10d,9cd81f07f9eb,
synth_blobs_easy_10d,bb5d6442dae0,
synth_blobs_easy_10d,c610648f3a0b,
synth_blobs_easy_10d,d9a6e957a479,
synth_blobs_easy_10d,e0981ae1c5a2,0.363817004607239
synth_blobs_easy_10d,08e381bd46b1,0.5503472143680901
synth_blobs_easy_10d,f7183f4c1fed,
synth_blobs_easy_10d,7c2e8cd4a56d,
synth_blobs_easy_10d,07ebbef7de3c,0.6597771094174829
synth_blobs_easy_10d,db49059653de,0.7125939600113395
synth_blobs_easy_10d,19967cb83e78,0.7125939600113395
synth_blobs_easy_10d,158a0277ed3c,0.7587787694817572
synth_blobs_easy_10d,d0fba6f03c0f,0.6597771094174829
synth_blobs_easy_10d,f10f8ff36baa,0.6597771094174829
synth_blobs_easy_10d,672c637760be,0.6597771094174829
synth_blobs_easy_10d,0cd896f527d5,0.6597771094174829
synth_blobs_easy_10d,4887a0323e21,
synth_blobs_easy_10d,3d795ce47578,
synth_blobs_easy_10d,639f74dd0e43,
synth_blobs_easy_10d,9c3ccb4fd98f,
synth_blobs_easy_10d,5647bbf0428d,0.6597771094174829
synth_blobs_easy_10d,389d4ccb0588,0.6597771094174829
synth_blobs_easy_10d,e34ce5984b64,0.6597771094174829
synth_blobs_easy_10d,63470ebdd53e,0.6597771094174829
synth_blobs_easy_10d,46814f50e13d,0.6597771094174829
synth_blobs_easy_10d,e597041814f5,0.6597771094174829
synth_blobs_easy_10d,024a1a8c54d1,0.6597771094174829
synth_blobs_easy_10d,bdcde80d6dbb,0.6597771094174829
synth_blobs_easy_10d,95475ce56089,0.6597771094174829
synth_blobs_easy_10d,5009193136b4,0.6597771094174829
synth_blobs_easy_10d,955728329102,0.6597771094174829
synth_blobs_easy_10d,1f1b6dfa46dc,0.6597771094174829
synth_blobs_easy_10d,272f18e90bd4,0.5052851893109795
synth_blobs_easy_10d,0cc00684cc3f,0.6597771094174829
synth_blobs_easy_10d,7203310ff7ba,0.0931211641799469
synth_blobs_easy_10d,a399ab5a112a,0.11318085556950673
synth_blobs_easy_10d,4d00158c440c,0.1316238421784698
synth_blobs_easy_10d,f028e3896d9e,0.1316238421784698
synth_blobs_easy_10d,bc0e2be21bfb,0.14232931583797365
synth_blobs_easy_10d,ae16e9272ff8,0.5052851893109795
synth_blobs_easy_10d,803c0d3403ff,0.6597771094174829
synth_blobs_easy_10d,579a8bd776f9,0.09314134638393955
synth_blobs_easy_10d,ccd2d07c7a4a,0.11236177840919973
synth_blobs_easy_10d,92f60358ba37,0.13621324350665767
synth_blobs_easy_10d,646357d2ae16,0.14668549854151758
synth_blobs_easy_10d,5773d7049286,0.16147984141588517
synth_blobs_easy_10d,a81f368f51bb,0.5052851893109795
synth_blobs_easy_10d,70969dd2d720,0.6597771094174829
synth_blobs_easy_10d,34b50b92b183,0.13536987387876498
synth_blobs_easy_10d,48d260f98b0d,0.15959272961269
synth_blobs_easy_10d,1134a806601d,0.1410804963786188
synth_blobs_easy_10d,0069693e350e,0.1488279115280595
synth_blobs_easy_10d,2fa0af8799c8,0.1488279115280595
synth_blobs_easy_2d,76c89cda5ca5,0.18305642307212183
synth_blobs_easy_2d,23861655ac34,0.0131536834114503
synth_blobs_easy_2d,a042255d7a7d,0.012379069264755323
synth_blobs_easy_2d,47980bf71ea8,0.022522189304690826
synth_blobs_easy_2d,79d9b0fb5f02,0.015818189629448573
synth_blobs_easy_2d,e511e76239fe,0.031035347985344425
synth_blobs_easy_2d,7741c3e44852,0.03356447606571192
synth_blobs_easy_2d,b2d6bf5f391d,0.030460818639468815
synth_blobs_easy_2d,3964e1ccb548,0.18305642307212183
synth_blobs_easy_2d,4c077151b389,0.016432386545364476
synth_blobs_easy_2d,f292f2a1db5b,0.006466759103652029
synth_blobs_easy_2d,a4dbad06fd4e,0.010905911936004587
synth_blobs_easy_2d,8eecd2798818,0.012515136310442298
synth_blobs_easy_2d,4d9c9acccd21,0.026645565990678063
synth_blobs_easy_2d,9381fbddb6c5,0.016916405805756332
synth_blobs_easy_2d,8ec393598948,0.18305642307212183
synth_blobs_easy_2d,77e145ffcc55,0.007712827007502499
synth_blobs_easy_2d,632568e85407,0.008428395184779502
synth_blobs_easy_2d,fa9612cfa871,0.010057696764923308
synth_blobs_easy_2d,3d72e70b09e3,0.013402920717609339
synth_blobs_easy_2d,45c510f16843,0.008267215918775415
synth_blobs_easy_2d,27a2752a569f,0.01742582940369895
synth_blobs_easy_2d,3a9260f9550f,0.18305642307212183
synth_blobs_easy_2d,0dfb18d06f3a,0.011798203129089413
synth_blobs_easy_2d,c104b3d67121,0.013239672281260528
synth_blobs_easy_2d,7f10ff06a55f,0.028628783960011724
synth_blobs_easy_2d,afb4fe7d2eaa,0.017876000396650736
synth_blobs_easy_2d,627cdef1f058,0.010962459361625456
synth_blobs_easy_2d,c5dfd3221b79,0.18305642307212183
synth_blobs_easy_2d,e3ae029f4d54,0.006466759103652029
synth_blobs_easy_2d,98d2a79e4c00,0.019197630371555422
synth_blobs_easy_2d,0481ef8f35a2,0.014542065107629227
synth_blobs_easy_2d,9a585386bc6d,0.012584092050804576
synth_blobs_easy_2d,971471268792,0.016069167519225314
synth_blobs_easy_2d,4ec824c366d4,0.10779096650585192
synth_blobs_easy_2d,4555573328fc,0.04498151221988995
synth_blobs_easy_2d,0f46e0814abc,0.6868956227101587
synth_blobs_easy_2d,759f97a6695c,
synth_blobs_easy_2d,9cd81f07f9eb,0.2177661147059435
synth_blobs_easy_2d,bb5d6442dae0,0.2177661147059435
synth_blobs_easy_2d,c610648f3a0b,0.22408219984924924
synth_blobs_easy_2d,d9a6e957a479,0.2436851833837438
synth_blobs_easy_2d,e0981ae1c5a2,0.20110114636029694
synth_blobs_easy_2d,08e381bd46b1,0.20110114636029694
synth_blobs_easy_2d,f7183f4c1fed,0.2134604714379123
synth_blobs_easy_2d,7c2e8cd4a56d,0.2134604714379123
synth_blobs_easy_2d,07ebbef7de3c,0.18305642307212183
synth_blobs_easy_2d,db49059653de,0.18305642307212183
synth_blobs_easy_2d,19967cb83e78,0.18305642307212183
synth_blobs_easy_2d,158a0277ed3c,0.18305642307212183
synth_blobs_easy_2d,d0fba6f03c0f,
synth_blobs_easy_2d,f10f8ff36baa,
synth_blobs_easy_2d,672c637760be,
synth_blobs_easy_2d,0cd896f527d5,
synth_blobs_easy_2d,4887a0323e21,
synth_blobs_easy_2d,3d795ce47578,
synth_blobs_easy_2d,639f74dd0e43,
synth_blobs_easy_2d,9c3ccb4fd98f,
synth_blobs_easy_2d,5647bbf0428d,0.18305642307212183
synth_blobs_easy_2d,389d4ccb0588,0.18305642307212183
synth_blobs_easy_2d,e34ce5984b64,0.18305642307212183
synth_blobs_easy_2d,63470ebdd53e,0.18305642307212183
synth_blobs_easy_2d,46814f50e13d,0.18305642307212183
synth_blobs_easy_2d,e597041814f5,0.18305642307212183
synth_blobs_easy_2d,024a1a8c54d1,0.18305642307212183
synth_blobs_easy_2d,bdcde80d6dbb,0.18305642307212183
synth_blobs_easy_2d,95475ce56089,0.18305642307212183
synth_blobs_easy_2d,5009193136b4,0.18305642307212183
synth_blobs_easy_2d,955728329102,0.18305642307212183
synth_blobs_easy_2d,1f1b6dfa46dc,0.18305642307212183
synth_blobs_easy_2d,272f18e90bd4,0.18305642307212183
synth_blobs_easy_2d,0cc00684cc3f,0.024843295888712265
synth_blobs_easy_2d,7203310ff7ba,0.028656190588368158
synth_blobs_easy_2d,a399ab5a112a,0.030081875598829303
synth_blobs_easy_2d,4d00158c440c,0.030081875598829303
synth_blobs_easy_2d,f028e3896d9e,0.04294812639837986
synth_blobs_easy_2d,bc0e2be21bfb,0.02857104714023388
synth_blobs_easy_2d,ae16e9272ff8,0.014223832121259265
synth_blobs_easy_2d,803c0d3403ff,0.01384248009846936
synth_blobs_easy_2d,579a8bd776f9,0.018173778955157774
synth_blobs_easy_2d,ccd2d07c7a4a,0.02063708265068468
synth_blobs_easy_2d,92f60358ba37,0.029577075768234675
synth_blobs_easy_2d,646357d2ae16,0.045242370114723714
synth_blobs_easy_2d,5773d7049286,0.04994352093838065
synth_blobs_easy_2d,a81f368f51bb,0.1499831463960745
synth_blobs_easy_2d,70969dd2d720,0.1598800811261523
synth_blobs_easy_2d,34b50b92b183,0.03971319023436759
synth_blobs_easy_2d,48d260f98b0d,0.039418957321447026
synth_blobs_easy_2d,1134a806601d,0.04206821747744441
synth_blobs_easy_2d,0069693e350e,0.05576827748296791
synth_blobs_easy_2d,2fa0af8799c8,0.04349648910464696
synth_blobs_high_overlap,76c89cda5ca5,0.06206867043020664
synth_blobs_high_overlap,23861655ac34,0.012791322369653222
synth_blobs_high_overlap,a042255d7a7d,0.016223861695165855
synth_blobs_high_overlap,47980bf71ea8,0.0092021607140802
synth_blobs_high_overlap,79d9b0fb5f02,0.0274622254592359
synth_blobs_high_overlap,e511e76239fe,0.035114822597200515
synth_blobs_high_overlap,7741c3e44852,0.053658491083172256
synth_blobs_high_overlap,b2d6bf5f391d,0.08384098611278491
synth_blobs_high_overlap,3964e1ccb548,0.06206867043020664
synth_blobs_high_overlap,4c077151b389,0.0046920360866554095
synth_blobs_high_overlap,f292f2a1db5b,0.015752222778701655
synth_blobs_high_overlap,a4dbad06fd4e,0.0471380008592368
synth_blobs_high_overlap,8eecd2798818,0.02248363020539459
synth_blobs_high_overlap,4d9c9acccd21,0.02801753656173755
synth_blobs_high_overlap,9381fbddb6c5,0.022276599192896752
synth_blobs_high_overlap,8ec393598948,0.06206867043020664
synth_blobs_high_overlap,77e145ffcc55,0.006623284554020411
synth_blobs_high_overlap,632568e85407,0.02047965379821849
synth_blobs_high_overlap,fa9612cfa871,0.011121490857113045
synth_blobs_high_overlap,3d72e70b09e3,0.018539614252380654
synth_blobs_high_overlap,45c510f16843,0.025041017597679013
synth_blobs_high_overlap,27a2752a569f,0.025041017597679013
synth_blobs_high_overlap,3a9260f9550f,0.017344392326643365
synth_blobs_high_overlap,0dfb18d06f3a,0.03233251284693849
synth_blobs_high_overlap,c104b3d67121,0.019695600644445362
synth_blobs_high_overlap,7f10ff06a55f,0.028374758069639565
synth_blobs_high_overlap,afb4fe7d2eaa,0.039051906328614674
synth_blobs_high_overlap,627cdef1f058,0.019137007497017713
synth_blobs_high_overlap,c5dfd3221b79,0.06206867043020664
synth_blobs_high_overlap,e3ae029f4d54,0.01154384312609873
synth_blobs_high_overlap,98d2a79e4c00,0.02320181877382468
synth_blobs_high_overlap,0481ef8f35a2,0.013165177422337462
synth_blobs_high_overlap,9a585386bc6d,0.0238747970191415
synth_blobs_high_overlap,971471268792,0.04548930200413045
synth_blobs_high_overlap,4ec824c366d4,0.3009090851977218
synth_blobs_high_overlap,4555573328fc,0.13483161836635674
synth_blobs_high_overlap,0f46e0814abc,
synth_blobs_high_overlap,759f97a6695c,
synth_blobs_high_overlap,9cd81f07f9eb,0.08910677225815886
synth_blobs_high_overlap,bb5d6442dae0,0.06970687459346928
synth_blobs_high_overlap,c610648f3a0b,0.06449693850520691
synth_blobs_high_overlap,d9a6e957a479,
synth_blobs_high_overlap,e0981ae1c5a2,
synth_blobs_high_overlap,08e381bd46b1,
synth_blobs_high_overlap,f7183f4c1fed,0.08683145228279784
synth_blobs_high_overlap,7c2e8cd4a56d,0.15487966665622563
synth_blobs_high_overlap,07ebbef7de3c,
synth_blobs_high_overlap,db49059653de,
synth_blobs_high_overlap,19967cb83e78,
synth_blobs_high_overlap,158a0277ed3c,
synth_blobs_high_overlap,d0fba6f03c0f,
synth_blobs_high_overlap,f10f8ff36baa,
synth_blobs_high_overlap,672c637760be,
synth_blobs_high_overlap,0cd896f527d5,
synth_blobs_high_overlap,4887a0323e21,
synth_blobs_high_overlap,3d795ce47578,
synth_blobs_high_overlap,639f74dd0e43,
synth_blobs_high_overlap,9c3ccb4fd98f,
synth_blobs_high_overlap,5647bbf0428d,0.0474899885845592
synth_blobs_high_overlap,389d4ccb0588,0.08683145228279784
synth_blobs_high_overlap,e34ce5984b64,0.1482660599271629
synth_blobs_high_overlap,63470ebdd53e,0.1002369163140615
synth_blobs_high_overlap,46814f50e13d,0.08683145228279784
synth_blobs_high_overlap,e597041814f5,0.1482660599271629
synth_blobs_high_overlap,024a1a8c54d1,0.1002369163140615
synth_blobs_high_overlap,bdcde80d6dbb,0.08683145228279784
synth_blobs_high_overlap,95475ce56089,0.1482660599271629
synth_blobs_high_overlap,5009193136b4,0.1002369163140615
synth_blobs_high_overlap,955728329102,0.08683145228279784
synth_blobs_high_overlap,1f1b6dfa46dc,0.1482660599271629
synth_blobs_high_overlap,272f18e90bd4,0.07690601644006417
synth_blobs_high_overlap,0cc00684cc3f,0.02029326295277929
synth_blobs_high_overlap,7203310ff7ba,0.029007740070532445
synth_blobs_high_overlap,a399ab5a112a,0.04226457073200252
synth_blobs_high_overlap,4d00158c440c,0.05285971525810152
synth_blobs_high_overlap,f028e3896d9e,0.04499251337653969
synth_blobs_high_overlap,bc0e2be21bfb,0.04499251337653969
synth_blobs_high_overlap,ae16e9272ff8,0.012203442843174312
synth_blobs_high_overlap,803c0d3403ff,0.012327060903864817
synth_blobs_high_overlap,579a8bd776f9,0.020373789876490064
synth_blobs_high_overlap,ccd2d07c7a4a,0.02296436065467974
synth_blobs_high_overlap,92f60358ba37,0.028517842815066922
synth_blobs_high_overlap,646357d2ae16,0.032776972532224384
synth_blobs_high_overlap,5773d7049286,0.045760316733987914
synth_blobs_high_overlap,a81f368f51bb,0.06206867043020664
synth_blobs_high_overlap,70969dd2d720,0.032055592870488696
synth_blobs_high_overlap,34b50b92b183,0.05356494348622508
synth_blobs_high_overlap,48d260f98b0d,0.07313921451303554
synth_blobs_high_overlap,1134a806601d,0.07313921451303554
synth_blobs_high_overlap,0069693e350e,0.03931793622966999
synth_blobs_high_overlap,2fa0af8799c8,0.040495301681028106
synth_blobs_highd_100,76c89cda5ca5,0.7031144764824038
synth_blobs_highd_100,23861655ac34,0.7313538892266584
synth_blobs_highd_100,a042255d7a7d,0.7467973936790168
synth_blobs_highd_100,47980bf71ea8,0.7888611369908336
synth_blobs_highd_100,79d9b0fb5f02,2.317941993868914
synth_blobs_highd_100,e511e76239fe,0.5592553706410777
synth_blobs_highd_100,7741c3e44852,0.5420459231399968
synth_blobs_highd_100,b2d6bf5f391d,0.544325283407433
synth_blobs_highd_100,3964e1ccb548,0.6683651516301975
synth_blobs_highd_100,4c077151b389,0.6610467755400805
synth_blobs_highd_100,f292f2a1db5b,0.6987024345031542
synth_blobs_highd_100,a4dbad06fd4e,0.6987024345031542
synth_blobs_highd_100,8eecd2798818,2.317941993868914
synth_blobs_highd_100,4d9c9acccd21,0.567766768704648
synth_blobs_highd_100,9381fbddb6c5,0.5629697348215278
synth_blobs_highd_100,8ec393598948,0.6683651516301975
synth_blobs_highd_100,77e145ffcc55,0.6610467755400805
synth_blobs_highd_100,632568e85407,0.6987024345031542
synth_blobs_highd_100,fa9612cfa871,0.6987024345031542
synth_blobs_highd_100,3d72e70b09e3,2.317941993868914
synth_blobs_highd_100,45c510f16843,0.5506130923725772
synth_blobs_highd_100,27a2752a569f,0.5629697348215278
synth_blobs_highd_100,3a9260f9550f,0.6853163022220327
synth_blobs_highd_100,0dfb18d06f3a,0.6610467755400805
synth_blobs_highd_100,c104b3d67121,0.6893737010205564
synth_blobs_highd_100,7f10ff06a55f,0.6919124581663748
synth_blobs_highd_100,afb4fe7d2eaa,0.18821349257584374
synth_blobs_highd_100,627cdef1f058,0.5691500985294917
synth_blobs_highd_100,c5dfd3221b79,0.6610467755400805
synth_blobs_highd_100,e3ae029f4d54,0.6831106820140301
synth_blobs_highd_100,98d2a79e4c00,0.6571560985547623
synth_blobs_highd_100,0481ef8f35a2,0.7406955339053246
synth_blobs_highd_100,9a585386bc6d,2.317941993868914
synth_blobs_highd_100,971471268792,0.54911906541875
synth_blobs_highd_100,4ec824c366d4,
synth_blobs_highd_100,4555573328fc,
synth_blobs_highd_100,0f46e0814abc,
synth_blobs_highd_100,759f97a6695c,
synth_blobs_highd_100,9cd81f07f9eb,
synth_blobs_highd_100,bb5d6442dae0,
synth_blobs_highd_100,c610648f3a0b,
synth_blobs_highd_100,d9a6e957a479,
synth_blobs_highd_100,e0981ae1c5a2,
synth_blobs_highd_100,08e381bd46b1,
synth_blobs_highd_100,f7183f4c1fed,
synth_blobs_highd_100,7c2e8cd4a56d,
synth_blobs_highd_100,07ebbef7de3c,
synth_blobs_highd_100,db49059653de,
synth_blobs_highd_100,19967cb83e78,
synth_blobs_highd_100,158a0277ed3c,
synth_blobs_highd_100,d0fba6f03c0f,
synth_blobs_highd_100,f10f8ff36baa,
synth_blobs_highd_100,672c637760be,
synth_blobs_highd_100,0cd896f527d5,
synth_blobs_highd_100,4887a0323e21,2.317941993868914
synth_blobs_highd_100,3d795ce47578,2.317941993868914
synth_blobs_highd_100,639f74dd0e43,2.317941993868914
synth_blobs_highd_100,9c3ccb4fd98f,2.317941993868914
synth_blobs_highd_100,5647bbf0428d,2.317941993868914
synth_blobs_highd_100,389d4ccb0588,2.317941993868914
synth_blobs_highd_100,e34ce5984b64,2.317941993868914
synth_blobs_highd_100,63470ebdd53e,2.317941993868914
synth_blobs_highd_100,46814f50e13d,2.317941993868914
synth_blobs_highd_100,e597041814f5,2.317941993868914
synth_blobs_highd_100,024a1a8c54d1,2.317941993868914
synth_blobs_highd_100,bdcde80d6dbb,2.317941993868914
synth_blobs_highd_100,95475ce56089,2.317941993868914
synth_blobs_highd_100,5009193136b4,2.317941993868914
synth_blobs_highd_100,955728329102,2.317941993868914
synth_blobs_highd_100,1f1b6dfa46dc,2.317941993868914
synth_blobs_highd_100,272f18e90bd4,0.7162125303480715
synth_blobs_highd_100,0cc00684cc3f,0.7313538892266584
synth_blobs_highd_100,7203310ff7ba,0.7467973936790168
synth_blobs_highd_100,a399ab5a112a,0.7888611369908336
synth_blobs_highd_100,4d00158c440c,2.317941993868914
synth_blobs_highd_100,f028e3896d9e,0.5592553706410777
synth_blobs_highd_100,bc0e2be21bfb,0.5657786118375447
synth_blobs_highd_100,ae16e9272ff8,0.7162125303480715
synth_blobs_highd_100,803c0d3403ff,0.7461666674071226
synth_blobs_highd_100,579a8bd776f9,0.770139336168821
synth_blobs_highd_100,ccd2d07c7a4a,0.7954569957240968
synth_blobs_highd_100,92f60358ba37,2.317941993868914
synth_blobs_highd_100,646357d2ae16,0.5842989055006591
synth_blobs_highd_100,5773d7049286,0.5770322740211588
synth_blobs_highd_100,a81f368f51bb,0.7162125303480715
synth_blobs_highd_100,70969dd2d720,0.7461666674071226
synth_blobs_highd_100,34b50b92b183,0.7467973936790168
synth_blobs_highd_100,48d260f98b0d,0.7888611369908336
synth_blobs_highd_100,1134a806601d,2.317941993868914
synth_blobs_highd_100,0069693e350e,0.6930599466451479
synth_blobs_highd_100,2fa0af8799c8,0.6640315096151693
synth_blobs_highd_50,76c89cda5ca5,0.8226565147755817
synth_blobs_highd_50,23861655ac34,0.7640733136428897
synth_blobs_highd_50,a042255d7a7d,2.26758675617196
synth_blobs_highd_50,47980bf71ea8,0.35451930979355656
synth_blobs_highd_50,79d9b0fb5f02,0.32837796348010234
synth_blobs_highd_50,e511e76239fe,0.33023310708503323
synth_blobs_highd_50,7741c3e44852,0.3548842694225192
synth_blobs_highd_50,b2d6bf5f391d,0.407168242721504
synth_blobs_highd_50,3964e1ccb548,0.6759557490038687
synth_blobs_highd_50,4c077151b389,0.7419667869885074
synth_blobs_highd_50,f292f2a1db5b,2.26758675617196
synth_blobs_highd_50,a4dbad06fd4e,0.3000190292556008
synth_blobs_highd_50,8eecd2798818,0.35451930979355656
synth_blobs_highd_50,4d9c9acccd21,0.369013741718065
synth_blobs_highd_50,9381fbddb6c5,0.40842771610173995
synth_blobs_highd_50,8ec393598948,0.6759557490038687
synth_blobs_highd_50,77e145ffcc55,0.7419667869885074
synth_blobs_highd_50,632568e85407,2.26758675617196
synth_blobs_highd_50,fa9612cfa871,0.32061483586012623
synth_blobs_highd_50,3d72e70b09e3,0.32602943914757
synth_blobs_highd_50,45c510f16843,0.3414444434400281
synth_blobs_highd_50,27a2752a569f,0.3050858067106895
synth_blobs_highd_50,3a9260f9550f,0.8226565147755817
synth_blobs_highd_50,0dfb18d06f3a,0.7150708493461664
synth_blobs_highd_50,c104b3d67121,2.26758675617196
synth_blobs_highd_50,7f10ff06a55f,0.10756153990737362
synth_blobs_highd_50,afb4fe7d2eaa,0.35451930979355656
synth_blobs_highd_50,627cdef1f058,0.361541657092614
synth_blobs_highd_50,c5dfd3221b79,0.662776194224718
synth_blobs_highd_50,e3ae029f4d54,0.662776194224718
synth_blobs_highd_50,98d2a79e4c00,2.26758675617196
synth_blobs_highd_50,0481ef8f35a2,0.10649666440060934
synth_blobs_highd_50,9a585386bc6d,0.3043633568463841
synth_blobs_highd_50,971471268792,0.33494277036113723
synth_blobs_highd_50,4ec824c366d4,
synth_blobs_highd_50,4555573328fc,
synth_blobs_highd_50,0f46e0814abc,
synth_blobs_highd_50,759f97a6695c,
synth_blobs_highd_50,9cd81f07f9eb,
synth_blobs_highd_50,bb5d6442dae0,
synth_blobs_highd_50,c610648f3a0b,
synth_blobs_highd_50,d9a6e957a479,
synth_blobs_highd_50,e0981ae1c5a2,
synth_blobs_highd_50,08e381bd46b1,
synth_blobs_highd_50,f7183f4c1fed,
synth_blobs_highd_50,7c2e8cd4a56d,
synth_blobs_highd_50,07ebbef7de3c,
synth_blobs_highd_50,db49059653de,
synth_blobs_highd_50,19967cb83e78,
synth_blobs_highd_50,158a0277ed3c,
synth_blobs_highd_50,d0fba6f03c0f,2.26758675617196
synth_blobs_highd_50,f10f8ff36baa,2.26758675617196
synth_blobs_highd_50,672c637760be,2.3058821852390325
synth_blobs_highd_50,0cd896f527d5,2.3058821852390325
synth_blobs_highd_50,4887a0323e21,2.26758675617196
synth_blobs_highd_50,3d795ce47578,2.26758675617196
synth_blobs_highd_50,639f74dd0e43,2.26758675617196
synth_blobs_highd_50,9c3ccb4fd98f,2.26758675617196
synth_blobs_highd_50,5647bbf0428d,2.26758675617196
synth_blobs_highd_50,389d4ccb0588,2.26758675617196
synth_blobs_highd_50,e34ce5984b64,2.26758675617196
synth_blobs_highd_50,63470ebdd53e,2.26758675617196
synth_blobs_highd_50,46814f50e13d,2.26758675617196
synth_blobs_highd_50,e597041814f5,2.26758675617196
synth_blobs_highd_50,024a1a8c54d1,2.26758675617196
synth_blobs_highd_50,bdcde80d6dbb,2.26758675617196
synth_blobs_highd_50,95475ce56089,2.26758675617196
synth_blobs_highd_50,5009193136b4,2.26758675617196
synth_blobs_highd_50,955728329102,2.26758675617196
synth_blobs_highd_50,1f1b6dfa46dc,2.26758675617196
synth_blobs_highd_50,272f18e90bd4,0.8226565147755817
synth_blobs_highd_50,0cc00684cc3f,0.7419667869885074
synth_blobs_highd_50,7203310ff7ba,2.26758675617196
synth_blobs_highd_50,a399ab5a112a,0.3536798003125504
synth_blobs_highd_50,4d00158c440c,0.35451930979355656
synth_blobs_highd_50,f028e3896d9e,0.3711422140199557
synth_blobs_highd_50,bc0e2be21bfb,0.3711422140199557
synth_blobs_highd_50,ae16e9272ff8,0.8226565147755817
synth_blobs_highd_50,803c0d3403ff,0.7640733136428897
synth_blobs_highd_50,579a8bd776f9,2.26758675617196
synth_blobs_highd_50,ccd2d07c7a4a,0.35451930979355656
synth_blobs_highd_50,92f60358ba37,0.3759451240393294
synth_blobs_highd_50,646357d2ae16,0.4163904282384707
synth_blobs_highd_50,5773d7049286,0.4209435188086226
synth_blobs_highd_50,a81f368f51bb,0.8226565147755817
synth_blobs_highd_50,70969dd2d720,0.7419667869885074
synth_blobs_highd_50,34b50b92b183,2.26758675617196
synth_blobs_highd_50,48d260f98b0d,0.4680227615453629
synth_blobs_highd_50,1134a806601d,0.4680227615453629
synth_blobs_highd_50,0069693e350e,0.4203771309533234
synth_blobs_highd_50,2fa0af8799c8,0.4455561232787495
synth_blobs_large_20d,76c89cda5ca5,0.4266761133435449
synth_blobs_large_20d,23861655ac34,0.4473700805684459
synth_blobs_large_20d,a042255d7a7d,0.45224553366671233
synth_blobs_large_20d,47980bf71ea8,0.47813036548714477
synth_blobs_large_20d,79d9b0fb5f02,0.5607038948337363
synth_blobs_large_20d,e511e76239fe,0.670533377037993
synth_blobs_large_20d,7741c3e44852,1.4136029247073334
synth_blobs_large_20d,b2d6bf5f391d,0.23592098160630848
synth_blobs_large_20d,3964e1ccb548,0.4362758642742043
synth_blobs_large_20d,4c077151b389,0.33233109932444377
synth_blobs_large_20d,f292f2a1db5b,0.33233109932444377
synth_blobs_large_20d,a4dbad06fd4e,0.33670565809127506
synth_blobs_large_20d,8eecd2798818,0.4994121030980341
synth_blobs_large_20d,4d9c9acccd21,0.5824642799999995
synth_blobs_large_20d,9381fbddb6c5,1.4136029247073334
synth_blobs_large_20d,8ec393598948,0.4362758642742043
synth_blobs_large_20d,77e145ffcc55,0.33233109932444377
synth_blobs_large_20d,632568e85407,0.33233109932444377
synth_blobs_large_20d,fa9612cfa871,0.33670565809127506
synth_blobs_large_20d,3d72e70b09e3,0.4994121030980341
synth_blobs_large_20d,45c510f16843,0.5824642799999995
synth_blobs_large_20d,27a2752a569f,1.4136029247073334
synth_blobs_large_20d,4ec824c366d4,
synth_blobs_large_20d,4555573328fc,
synth_blobs_large_20d,0f46e0814abc,
synth_blobs_large_20d,759f97a6695c,
synth_blobs_large_20d,9cd81f07f9eb,
synth_blobs_large_20d,bb5d6442dae0,
synth_blobs_large_20d,c610648f3a0b,
synth_blobs_large_20d,d9a6e957a479,
synth_blobs_large_20d,e0981ae1c5a2,
synth_blobs_large_20d,08e381bd46b1,
synth_blobs_large_20d,f7183f4c1fed,
synth_blobs_large_20d,7c2e8cd4a56d,
synth_blobs_large_20d,07ebbef7de3c,1.4321046659576664
synth_blobs_large_20d,db49059653de,1.4321046659576664
synth_blobs_large_20d,19967cb83e78,1.4321046659576664
synth_blobs_large_20d,158a0277ed3c,1.4321046659576664
synth_blobs_large_20d,d0fba6f03c0f,1.4136029247073334
synth_blobs_large_20d,f10f8ff36baa,1.4136029247073334
synth_blobs_large_20d,672c637760be,1.4136029247073334
synth_blobs_large_20d,0cd896f527d5,1.4136029247073334
synth_blobs_large_20d,4887a0323e21,
synth_blobs_large_20d,3d795ce47578,
synth_blobs_large_20d,639f74dd0e43,
synth_blobs_large_20d,9c3ccb4fd98f,
synth_blobs_large_20d,5647bbf0428d,1.4136029247073334
synth_blobs_large_20d,389d4ccb0588,1.4136029247073334
synth_blobs_large_20d,e34ce5984b64,1.4136029247073334
synth_blobs_large_20d,63470ebdd53e,1.4136029247073334
synth_blobs_large_20d,46814f50e13d,1.4136029247073334
synth_blobs_large_20d,e597041814f5,1.4136029247073334
synth_blobs_large_20d,024a1a8c54d1,1.4136029247073334
synth_blobs_large_20d,bdcde80d6dbb,1.4136029247073334
synth_blobs_large_20d,95475ce56089,1.4136029247073334
synth_blobs_large_20d,5009193136b4,1.4136029247073334
synth_blobs_large_20d,955728329102,1.4136029247073334
synth_blobs_large_20d,1f1b6dfa46dc,1.4136029247073334
synth_blobs_large_20d,272f18e90bd4,0.4641348060058063
synth_blobs_large_20d,0cc00684cc3f,0.4730960558180654
synth_blobs_large_20d,7203310ff7ba,0.5018965703021913
synth_blobs_large_20d,a399ab5a112a,0.5343823014374238
synth_blobs_large_20d,4d00158c440c,0.572202830893118
synth_blobs_large_20d,f028e3896d9e,0.670533377037993
synth_blobs_large_20d,bc0e2be21bfb,1.4136029247073334
synth_blobs_large_20d,ae16e9272ff8,0.4615501494253582
synth_blobs_large_20d,803c0d3403ff,0.4615501494253582
synth_blobs_large_20d,579a8bd776f9,0.5018965703021913
synth_blobs_large_20d,ccd2d07c7a4a,0.5427173308436462
synth_blobs_large_20d,92f60358ba37,0.572202830893118
synth_blobs_large_20d,646357d2ae16,0.670533377037993
synth_blobs_large_20d,5773d7049286,1.4136029247073334
synth_blobs_large_20d,a81f368f51bb,0.43091730472911943
synth_blobs_large_20d,70969dd2d720,0.43091730472911943
synth_blobs_large_20d,34b50b92b183,0.4782714174646808
synth_blobs_large_20d,48d260f98b0d,0.54009448973937
synth_blobs_large_20d,1134a806601d,0.54009448973937
synth_blobs_large_20d,0069693e350e,0.670533377037993
synth_blobs_large_20d,2fa0af8799c8,1.4136029247073334
synth_blobs_large_2d,76c89cda5ca5,0.0035611268470305706
synth_blobs_large_2d,23861655ac34,0.006824897513908984
synth_blobs_large_2d,a042255d7a7d,0.08322291633413034
synth_blobs_large_2d,47980bf71ea8,0.0062297229024703285
synth_blobs_large_2d,79d9b0fb5f02,0.012830486782693178
synth_blobs_large_2d,e511e76239fe,0.013028857464971642
synth_blobs_large_2d,7741c3e44852,0.0038955975205340137
synth_blobs_large_2d,b2d6bf5f391d,0.006831964897112731
synth_blobs_large_2d,3964e1ccb548,0.06422964116755332
synth_blobs_large_2d,4c077151b389,0.0388906957134009
synth_blobs_large_2d,f292f2a1db5b,0.056526650733554736
synth_blobs_large_2d,a4dbad06fd4e,0.008771859283317963
synth_blobs_large_2d,8eecd2798818,0.017235957722858773
synth_blobs_large_2d,4d9c9acccd21,0.004908054222436655
synth_blobs_large_2d,9381fbddb6c5,0.011389826787340077
synth_blobs_large_2d,8ec393598948,0.06422964116755332
synth_blobs_large_2d,77e145ffcc55,0.013936785734029603
synth_blobs_large_2d,632568e85407,0.03265543220784576
synth_blobs_large_2d,fa9612cfa871,0.008381069316296017
synth_blobs_large_2d,3d72e70b09e3,0.015768937450164378
synth_blobs_large_2d,45c510f16843,0.006266429775580193
synth_blobs_large_2d,27a2752a569f,0.006131623934428848
synth_blobs_large_2d,4ec824c366d4,0.11753187376830647
synth_blobs_large_2d,4555573328fc,0.02865147317273193
synth_blobs_large_2d,0f46e0814abc,0.06987755801061711
synth_blobs_large_2d,759f97a6695c,0.062277546624693425
synth_blobs_large_2d,9cd81f07f9eb,0.09197539372984165
synth_blobs_large_2d,bb5d6442dae0,0.09197539372984165
synth_blobs_large_2d,c610648f3a0b,0.09197539372984165
synth_blobs_large_2d,d9a6e957a479,0.09197539372984165
synth_blobs_large_2d,e0981ae1c5a2,
synth_blobs_large_2d,08e381bd46b1,
synth_blobs_large_2d,f7183f4c1fed,
synth_blobs_large_2d,7c2e8cd4a56d,
synth_blobs_large_2d,07ebbef7de3c,
synth_blobs_large_2d,db49059653de,
synth_blobs_large_2d,19967cb83e78,
synth_blobs_large_2d,158a0277ed3c,
synth_blobs_large_2d,d0fba6f03c0f,
synth_blobs_large_2d,f10f8ff36baa,
synth_blobs_large_2d,672c637760be,
synth_blobs_large_2d,0cd896f527d5,
synth_blobs_large_2d,4887a0323e21,
synth_blobs_large_2d,3d795ce47578,
synth_blobs_large_2d,639f74dd0e43,
synth_blobs_large_2d,9c3ccb4fd98f,
synth_blobs_large_2d,5647bbf0428d,0.008038175139202547
synth_blobs_large_2d,389d4ccb0588,0.037020397024412004
synth_blobs_large_2d,e34ce5984b64,0.02558209002418493
synth_blobs_large_2d,63470ebdd53e,0.04981805138189785
synth_blobs_large_2d,46814f50e13d,0.04649826897199383
synth_blobs_large_2d,e597041814f5,0.02558209002418493
synth_blobs_large_2d,024a1a8c54d1,0.04981805138189785
synth_blobs_large_2d,bdcde80d6dbb,0.03221842088358694
synth_blobs_large_2d,95475ce56089,0.02558209002418493
synth_blobs_large_2d,5009193136b4,0.025317914562246507
synth_blobs_large_2d,955728329102,0.01862594070334956
synth_blobs_large_2d,1f1b6dfa46dc,0.02558209002418493
synth_blobs_large_2d,272f18e90bd4,0.09197539372984165
synth_blobs_large_2d,0cc00684cc3f,0.09197539372984165
synth_blobs_large_2d,7203310ff7ba,0.10404087533814468
synth_blobs_large_2d,a399ab5a112a,0.024513564841546254
synth_blobs_large_2d,4d00158c440c,0.03291523746409206
synth_blobs_large_2d,f028e3896d9e,0.021324615709444533
synth_blobs_large_2d,bc0e2be21bfb,0.021324615709444533
synth_blobs_large_2d,ae16e9272ff8,0.007817574199827248
synth_blobs_large_2d,803c0d3403ff,0.008623266425375751
synth_blobs_large_2d,579a8bd776f9,0.013593730776996408
synth_blobs_large_2d,ccd2d07c7a4a,0.017689530319894963
synth_blobs_large_2d,92f60358ba37,0.021616644826795713
synth_blobs_large_2d,646357d2ae16,0.01684879127416744
synth_blobs_large_2d,5773d7049286,0.012775150087634041
synth_blobs_large_2d,a81f368f51bb,0.09197539372984165
synth_blobs_large_2d,70969dd2d720,0.09197539372984165
synth_blobs_large_2d,34b50b92b183,0.057600578235323656
synth_blobs_large_2d,48d260f98b0d,0.04981805138189785
synth_blobs_large_2d,1134a806601d,0.031071063083767708
synth_blobs_large_2d,0069693e350e,0.02733979871675368
synth_blobs_large_2d,2fa0af8799c8,0.022461009431596266
synth_blobs_many_2d,76c89cda5ca5,0.14532512648344945
synth_blobs_many_2d,23861655ac34,0.2625625877991864
synth_blobs_many_2d,a042255d7a7d,0.33322718330018336
synth_blobs_many_2d,47980bf71ea8,0.0704436373756312
synth_blobs_many_2d,79d9b0fb5f02,0.1078420076945589
synth_blobs_many_2d,e511e76239fe,0.03768393603521708
synth_blobs_many_2d,7741c3e44852,0.017315976348676772
synth_blobs_many_2d,b2d6bf5f391d,0.045542166795909875
synth_blobs_many_2d,3964e1ccb548,0.14532512648344945
synth_blobs_many_2d,4c077151b389,0.2625625877991864
synth_blobs_many_2d,f292f2a1db5b,0.026055121559278072
synth_blobs_many_2d,a4dbad06fd4e,0.1389736467428109
synth_blobs_many_2d,8eecd2798818,0.049134897663993544
synth_blobs_many_2d,4d9c9acccd21,0.037520105978193295
synth_blobs_many_2d,9381fbddb6c5,0.040869432683411415
synth_blobs_many_2d,8ec393598948,0.008589519724617961
synth_blobs_many_2d,77e145ffcc55,0.2625625877991864
synth_blobs_many_2d,632568e85407,0.014194316211611864
synth_blobs_many_2d,fa9612cfa871,0.087159125505843
synth_blobs_many_2d,3d72e70b09e3,0.049134897663993544
synth_blobs_many_2d,45c510f16843,0.014851783655494558
synth_blobs_many_2d,27a2752a569f,0.01669861766570335
synth_blobs_many_2d,3a9260f9550f,0.3969294850480638
synth_blobs_many_2d,0dfb18d06f3a,0.013915001304220598
synth_blobs_many_2d,c104b3d67121,0.33322718330018336
synth_blobs_many_2d,7f10ff06a55f,0.02866523288291934
synth_blobs_many_2d,afb4fe7d2eaa,0.027366902440610148
synth_blobs_many_2d,627cdef1f058,0.03149587762797519
synth_blobs_many_2d,c5dfd3221b79,0.13932752141779886
synth_blobs_many_2d,e3ae029f4d54,0.038543653305485495
synth_blobs_many_2d,98d2a79e4c00,0.0615111116193928
synth_blobs_many_2d,0481ef8f35a2,0.008910008294001235
synth_blobs_many_2d,9a585386bc6d,0.01339651189626524
synth_blobs_many_2d,971471268792,0.023632727633581974
synth_blobs_many_2d,4ec824c366d4,0.162999393480543
synth_blobs_many_2d,4555573328fc,0.162999393480543
synth_blobs_many_2d,0f46e0814abc,0.06267767308261582
synth_blobs_many_2d,759f97a6695c,1.215557427761915
synth_blobs_many_2d,9cd81f07f9eb,0.33322718330018336
synth_blobs_many_2d,bb5d6442dae0,0.33322718330018336
synth_blobs_many_2d,c610648f3a0b,0.33322718330018336
synth_blobs_many_2d,d9a6e957a479,0.33322718330018336
synth_blobs_many_2d,e0981ae1c5a2,0.33322718330018336
synth_blobs_many_2d,08e381bd46b1,0.33322718330018336
synth_blobs_many_2d,f7183f4c1fed,0.33322718330018336
synth_blobs_many_2d,7c2e8cd4a56d,0.33322718330018336
synth_blobs_many_2d,07ebbef7de3c,0.2937880366934216
synth_blobs_many_2d,db49059653de,0.2937880366934216
synth_blobs_many_2d,19967cb83e78,0.2937880366934216
synth_blobs_many_2d,158a0277ed3c,0.2937880366934216
synth_blobs_many_2d,d0fba6f03c0f,
synth_blobs_many_2d,f10f8ff36baa,
synth_blobs_many_2d,672c637760be,
synth_blobs_many_2d,0cd896f527d5,
synth_blobs_many_2d,4887a0323e21,
synth_blobs_many_2d,3d795ce47578,
synth_blobs_many_2d,639f74dd0e43,
synth_blobs_many_2d,9c3ccb4fd98f,
synth_blobs_many_2d,5647bbf0428d,0.06655988047364961
synth_blobs_many_2d,389d4ccb0588,0.11243832494537476
synth_blobs_many_2d,e34ce5984b64,0.0980673238485685
synth_blobs_many_2d,63470ebdd53e,0.162999393480543
synth_blobs_many_2d,46814f50e13d,0.10427313859823156
synth_blobs_many_2d,e597041814f5,0.0980673238485685
synth_blobs_many_2d,024a1a8c54d1,0.162999393480543
synth_blobs_many_2d,bdcde80d6dbb,0.10427313859823156
synth_blobs_many_2d,95475ce56089,0.0980673238485685
synth_blobs_many_2d,5009193136b4,0.15972254351877535
synth_blobs_many_2d,955728329102,0.33322718330018336
synth_blobs_many_2d,1f1b6dfa46dc,0.33322718330018336
synth_blobs_many_2d,272f18e90bd4,0.14532512648344945
synth_blobs_many_2d,0cc00684cc3f,0.2625625877991864
synth_blobs_many_2d,7203310ff7ba,0.33322718330018336
synth_blobs_many_2d,a399ab5a112a,0.1389736467428109
synth_blobs_many_2d,4d00158c440c,0.1078420076945589
synth_blobs_many_2d,f028e3896d9e,0.06940760292775366
synth_blobs_many_2d,bc0e2be21bfb,0.04808658302162395
synth_blobs_many_2d,ae16e9272ff8,0.14532512648344945
synth_blobs_many_2d,803c0d3403ff,0.2625625877991864
synth_blobs_many_2d,579a8bd776f9,0.33322718330018336
synth_blobs_many_2d,ccd2d07c7a4a,0.087159125505843
synth_blobs_many_2d,92f60358ba37,0.07961656286449449
synth_blobs_many_2d,646357d2ae16,0.0570732129249679
synth_blobs_many_2d,5773d7049286,0.04748329083692258
synth_blobs_many_2d,a81f368f51bb,0.3969294850480638
synth_blobs_many_2d,70969dd2d720,0.2625625877991864
synth_blobs_many_2d,34b50b92b183,0.33322718330018336
synth_blobs_many_2d,48d260f98b0d,0.1389736467428109
synth_blobs_many_2d,1134a806601d,0.1078420076945589
synth_blobs_many_2d,0069693e350e,0.12050179597715466
synth_blobs_many_2d,2fa0af8799c8,0.09288212896738764
synth_blobs_overlap_10d,76c89cda5ca5,0.31340608416771154
synth_blobs_overlap_10d,23861655ac34,0.10191931703701464
synth_blobs_overlap_10d,a042255d7a7d,0.2144432886222757
synth_blobs_overlap_10d,47980bf71ea8,0.5295208097149932
synth_blobs_overlap_10d,79d9b0fb5f02,0.1374024880675745
synth_blobs_overlap_10d,e511e76239fe,0.1534138648019527
synth_blobs_overlap_10d,7741c3e44852,0.14480919789708754
synth_blobs_overlap_10d,b2d6bf5f391d,0.1325912672710432
synth_blobs_overlap_10d,3964e1ccb548,0.30283704037317905
synth_blobs_overlap_10d,4c077151b389,0.2870633733409882
synth_blobs_overlap_10d,f292f2a1db5b,0.31470920503751526
synth_blobs_overlap_10d,a4dbad06fd4e,0.5295208097149932
synth_blobs_overlap_10d,8eecd2798818,0.14690207137840605
synth_blobs_overlap_10d,4d9c9acccd21,0.14488285968114997
synth_blobs_overlap_10d,9381fbddb6c5,0.14488285968114997
synth_blobs_overlap_10d,8ec393598948,0.30283704037317905
synth_blobs_overlap_10d,77e145ffcc55,0.11857634607099547
synth_blobs_overlap_10d,632568e85407,0.31470920503751526
synth_blobs_overlap_10d,fa9612cfa871,0.5295208097149932
synth_blobs_overlap_10d,3d72e70b09e3,0.13284175810781657
synth_blobs_overlap_10d,45c510f16843,0.1548606736740975
synth_blobs_overlap_10d,27a2752a569f,0.1598019460960835
synth_blobs_overlap_10d,3a9260f9550f,0.30283704037317905
synth_blobs_overlap_10d,0dfb18d06f3a,0.31340608416771154
synth_blobs_overlap_10d,c104b3d67121,0.2815722761398363
synth_blobs_overlap_10d,7f10ff06a55f,0.5295208097149932
synth_blobs_overlap_10d,afb4fe7d2eaa,0.11917094729664411
synth_blobs_overlap_10d,627cdef1f058,0.12354107861887619
synth_blobs_overlap_10d,c5dfd3221b79,0.2664640259651106
synth_blobs_overlap_10d,e3ae029f4d54,0.23134654316881748
synth_blobs_overlap_10d,98d2a79e4c00,0.2257109681956411
synth_blobs_overlap_10d,0481ef8f35a2,0.0824136845583416
synth_blobs_overlap_10d,9a585386bc6d,0.1507092143918897
synth_blobs_overlap_10d,971471268792,0.11242527860505125
synth_blobs_overlap_10d,4ec824c366d4,
synth_blobs_overlap_10d,4555573328fc,
synth_blobs_overlap_10d,0f46e0814abc,
synth_blobs_overlap_10d,759f97a6695c,
synth_blobs_overlap_10d,9cd81f07f9eb,
synth_blobs_overlap_10d,bb5d6442dae0,
synth_blobs_overlap_10d,c610648f3a0b,
synth_blobs_overlap_10d,d9a6e957a479,
synth_blobs_overlap_10d,e0981ae1c5a2,
synth_blobs_overlap_10d,08e381bd46b1,
synth_blobs_overlap_10d,f7183f4c1fed,
synth_blobs_overlap_10d,7c2e8cd4a56d,
synth_blobs_overlap_10d,07ebbef7de3c,0.3565732500748276
synth_blobs_overlap_10d,db49059653de,0.6468898987819983
synth_blobs_overlap_10d,19967cb83e78,0.7014327649465004
synth_blobs_overlap_10d,158a0277ed3c,0.7492068881563192
synth_blobs_overlap_10d,d0fba6f03c0f,0.2815722761398363
synth_blobs_overlap_10d,f10f8ff36baa,0.2815722761398363
synth_blobs_overlap_10d,672c637760be,0.2815722761398363
synth_blobs_overlap_10d,0cd896f527d5,0.2815722761398363
synth_blobs_overlap_10d,4887a0323e21,
synth_blobs_overlap_10d,3d795ce47578,
synth_blobs_overlap_10d,639f74dd0e43,
synth_blobs_overlap_10d,9c3ccb4fd98f,
synth_blobs_overlap_10d,5647bbf0428d,0.5295208097149932
synth_blobs_overlap_10d,389d4ccb0588,0.5295208097149932
synth_blobs_overlap_10d,e34ce5984b64,0.5612927740984627
synth_blobs_overlap_10d,63470ebdd53e,0.5295208097149932
synth_blobs_overlap_10d,46814f50e13d,0.5295208097149932
synth_blobs_overlap_10d,e597041814f5,0.5612927740984627
synth_blobs_overlap_10d,024a1a8c54d1,0.5295208097149932
synth_blobs_overlap_10d,bdcde80d6dbb,0.5295208097149932
synth_blobs_overlap_10d,95475ce56089,0.5612927740984627
synth_blobs_overlap_10d,5009193136b4,0.5295208097149932
synth_blobs_overlap_10d,955728329102,0.5295208097149932
synth_blobs_overlap_10d,1f1b6dfa46dc,0.5612927740984627
synth_blobs_overlap_10d,272f18e90bd4,0.30283704037317905
synth_blobs_overlap_10d,0cc00684cc3f,0.2723355615647998
synth_blobs_overlap_10d,7203310ff7ba,0.30686524277066396
synth_blobs_overlap_10d,a399ab5a112a,0.5295208097149932
synth_blobs_overlap_10d,4d00158c440c,0.17599542893510242
synth_blobs_overlap_10d,f028e3896d9e,0.186555392579948
synth_blobs_overlap_10d,bc0e2be21bfb,0.1924375298831666
synth_blobs_overlap_10d,ae16e9272ff8,0.2664640259651106
synth_blobs_overlap_10d,803c0d3403ff,0.28392777896264093
synth_blobs_overlap_10d,579a8bd776f9,0.30686524277066396
synth_blobs_overlap_10d,ccd2d07c7a4a,0.5295208097149932
synth_blobs_overlap_10d,92f60358ba37,0.2172678130220323
synth_blobs_overlap_10d,646357d2ae16,0.21048309506832316
synth_blobs_overlap_10d,5773d7049286,0.2231809833847376
synth_blobs_overlap_10d,a81f368f51bb,0.23134654316881748
synth_blobs_overlap_10d,70969dd2d720,0.2723355615647998
synth_blobs_overlap_10d,34b50b92b183,0.30686524277066396
synth_blobs_overlap_10d,48d260f98b0d,0.5295208097149932
synth_blobs_overlap_10d,1134a806601d,0.3397473969034191
synth_blobs_overlap_10d,0069693e350e,0.3564004764221652
synth_blobs_overlap_10d,2fa0af8799c8,0.344525205092578
synth_blobs_overlap_2d,76c89cda5ca5,0.01808523458268012
synth_blobs_overlap_2d,23861655ac34,0.021728969375664115
synth_blobs_overlap_2d,a042255d7a7d,0.01572266483683788
synth_blobs_overlap_2d,47980bf71ea8,0.010797690826958906
synth_blobs_overlap_2d,79d9b0fb5f02,0.018276426270094098
synth_blobs_overlap_2d,e511e76239fe,0.022444843479641312
synth_blobs_overlap_2d,7741c3e44852,0.03362001182595664
synth_blobs_overlap_2d,b2d6bf5f391d,0.01845558039069976
synth_blobs_overlap_2d,3964e1ccb548,0.04922673813083387
synth_blobs_overlap_2d,4c077151b389,0.06296716218252009
synth_blobs_overlap_2d,f292f2a1db5b,0.01392873818337781
synth_blobs_overlap_2d,a4dbad06fd4e,0.019135270711924068
synth_blobs_overlap_2d,8eecd2798818,0.010633212024060161
synth_blobs_overlap_2d,4d9c9acccd21,0.02064089339263911
synth_blobs_overlap_2d,9381fbddb6c5,0.020155869055545693
synth_blobs_overlap_2d,8ec393598948,0.036486598862824224
synth_blobs_overlap_2d,77e145ffcc55,0.005831136683751678
synth_blobs_overlap_2d,632568e85407,0.02207223521408511
synth_blobs_overlap_2d,fa9612cfa871,0.01119203171273949
synth_blobs_overlap_2d,3d72e70b09e3,0.017142046426359366
synth_blobs_overlap_2d,45c510f16843,0.02723342894389352
synth_blobs_overlap_2d,27a2752a569f,0.01534967504830135
synth_blobs_overlap_2d,3a9260f9550f,0.03543376161132422
synth_blobs_overlap_2d,0dfb18d06f3a,0.0654896469206296
synth_blobs_overlap_2d,c104b3d67121,0.021383703185214886
synth_blobs_overlap_2d,7f10ff06a55f,0.035088709909200475
synth_blobs_overlap_2d,afb4fe7d2eaa,0.026293607791433977
synth_blobs_overlap_2d,627cdef1f058,0.02907402848675377
synth_blobs_overlap_2d,c5dfd3221b79,0.10430546135861592
synth_blobs_overlap_2d,e3ae029f4d54,0.012427311849812262
synth_blobs_overlap_2d,98d2a79e4c00,0.015079412053718405
synth_blobs_overlap_2d,0481ef8f35a2,0.024239682603736268
synth_blobs_overlap_2d,9a585386bc6d,0.02559437748090967
synth_blobs_overlap_2d,971471268792,0.022143378154788042
synth_blobs_overlap_2d,4ec824c366d4,0.07701595849150471
synth_blobs_overlap_2d,4555573328fc,0.07125401897762289
synth_blobs_overlap_2d,0f46e0814abc,4.03402129868215
synth_blobs_overlap_2d,759f97a6695c,
synth_blobs_overlap_2d,9cd81f07f9eb,0.10430546135861592
synth_blobs_overlap_2d,bb5d6442dae0,0.006942899416327392
synth_blobs_overlap_2d,c610648f3a0b,0.008079713845918629
synth_blobs_overlap_2d,d9a6e957a479,0.24625045047229005
synth_blobs_overlap_2d,e0981ae1c5a2,0.10430546135861592
synth_blobs_overlap_2d,08e381bd46b1,0.10430546135861592
synth_blobs_overlap_2d,f7183f4c1fed,0.10430546135861592
synth_blobs_overlap_2d,7c2e8cd4a56d,0.10430546135861592
synth_blobs_overlap_2d,07ebbef7de3c,
synth_blobs_overlap_2d,db49059653de,
synth_blobs_overlap_2d,19967cb83e78,
synth_blobs_overlap_2d,158a0277ed3c,
synth_blobs_overlap_2d,d0fba6f03c0f,
synth_blobs_overlap_2d,f10f8ff36baa,
synth_blobs_overlap_2d,672c637760be,
synth_blobs_overlap_2d,0cd896f527d5,
synth_blobs_overlap_2d,4887a0323e21,
synth_blobs_overlap_2d,3d795ce47578,
synth_blobs_overlap_2d,639f74dd0e43,
synth_blobs_overlap_2d,9c3ccb4fd98f,
synth_blobs_overlap_2d,5647bbf0428d,0.02642302198590844
synth_blobs_overlap_2d,389d4ccb0588,0.09708523879742607
synth_blobs_overlap_2d,e34ce5984b64,0.09105286542054117
synth_blobs_overlap_2d,63470ebdd53e,0.06570081386757293
synth_blobs_overlap_2d,46814f50e13d,0.09708523879742607
synth_blobs_overlap_2d,e597041814f5,0.09105286542054117
synth_blobs_overlap_2d,024a1a8c54d1,0.07495778097906054
synth_blobs_overlap_2d,bdcde80d6dbb,0.09708523879742607
synth_blobs_overlap_2d,95475ce56089,0.09105286542054117
synth_blobs_overlap_2d,5009193136b4,0.07495778097906054
synth_blobs_overlap_2d,955728329102,0.09708523879742607
synth_blobs_overlap_2d,1f1b6dfa46dc,0.09105286542054117
synth_blobs_overlap_2d,272f18e90bd4,0.058798435923802204
synth_blobs_overlap_2d,0cc00684cc3f,0.07182571916047126
synth_blobs_overlap_2d,7203310ff7ba,0.023025150187886242
synth_blobs_overlap_2d,a399ab5a112a,0.031891838521195134
synth_blobs_overlap_2d,4d00158c440c,0.032568490906567014
synth_blobs_overlap_2d,f028e3896d9e,0.028236127401758765
synth_blobs_overlap_2d,bc0e2be21bfb,0.04268531089676748
synth_blobs_overlap_2d,ae16e9272ff8,0.012646381332343361
synth_blobs_overlap_2d,803c0d3403ff,0.017643810658418163
synth_blobs_overlap_2d,579a8bd776f9,0.02400734975159201
synth_blobs_overlap_2d,ccd2d07c7a4a,0.031887427956473036
synth_blobs_overlap_2d,92f60358ba37,0.036792277714940154
synth_blobs_overlap_2d,646357d2ae16,0.047724383889439205
synth_blobs_overlap_2d,5773d7049286,0.05355575832995745
synth_blobs_overlap_2d,a81f368f51bb,0.058798435923802204
synth_blobs_overlap_2d,70969dd2d720,0.07182571916047126
synth_blobs_overlap_2d,34b50b92b183,0.030954701026512082
synth_blobs_overlap_2d,48d260f98b0d,0.0350560053642254
synth_blobs_overlap_2d,1134a806601d,0.03737882237898119
synth_blobs_overlap_2d,0069693e350e,0.04266557205280359
synth_blobs_overlap_2d,2fa0af8799c8,0.05635878625561756
synth_blobs_varying_std,76c89cda5ca5,0.020032208209224297
synth_blobs_varying_std,23861655ac34,0.013438301498897139
synth_blobs_varying_std,a042255d7a7d,0.02663732120801949
synth_blobs_varying_std,47980bf71ea8,0.010491345662166755
synth_blobs_varying_std,79d9b0fb5f02,0.019425825638874458
synth_blobs_varying_std,e511e76239fe,0.010484207316485325
synth_blobs_varying_std,7741c3e44852,0.009735610890998968
synth_blobs_varying_std,b2d6bf5f391d,0.007056244286591338
synth_blobs_varying_std,3964e1ccb548,0.026385254026729
synth_blobs_varying_std,4c077151b389,0.005011159639956954
synth_blobs_varying_std,f292f2a1db5b,0.009423595810495747
synth_blobs_varying_std,a4dbad06fd4e,0.016379439322324607
synth_blobs_varying_std,8eecd2798818,0.009353438474710152
synth_blobs_varying_std,4d9c9acccd21,0.009034813945280232
synth_blobs_varying_std,9381fbddb6c5,0.006557185187424755
synth_blobs_varying_std,8ec393598948,0.00610087529056593
synth_blobs_varying_std,77e145ffcc55,0.025958987901691526
synth_blobs_varying_std,632568e85407,0.013988277853272852
synth_blobs_varying_std,fa9612cfa871,0.009857831534521359
synth_blobs_varying_std,3d72e70b09e3,0.005026327408398856
synth_blobs_varying_std,45c510f16843,0.004373296559283324
synth_blobs_varying_std,27a2752a569f,0.007359511777994018
synth_blobs_varying_std,3a9260f9550f,0.010814140313883102
synth_blobs_varying_std,0dfb18d06f3a,0.009528581954237053
synth_blobs_varying_std,c104b3d67121,0.013281770837550203
synth_blobs_varying_std,7f10ff06a55f,0.021346254633443692
synth_blobs_varying_std,afb4fe7d2eaa,0.01584001569084542
synth_blobs_varying_std,627cdef1f058,0.013880417911995489
synth_blobs_varying_std,c5dfd3221b79,0.042491528716870564
synth_blobs_varying_std,e3ae029f4d54,0.005390707758336532
synth_blobs_varying_std,98d2a79e4c00,0.01479598762865862
synth_blobs_varying_std,0481ef8f35a2,0.011459104591202165
synth_blobs_varying_std,9a585386bc6d,0.010747298515407995
synth_blobs_varying_std,971471268792,0.00903667361971951
synth_blobs_varying_std,4ec824c366d4,0.06696313514541676
synth_blobs_varying_std,4555573328fc,0.047412337495414555
synth_blobs_varying_std,0f46e0814abc,1.0023015251708147
synth_blobs_varying_std,759f97a6695c,2.7774363155674706
synth_blobs_varying_std,9cd81f07f9eb,0.06576682269339751
synth_blobs_varying_std,bb5d6442dae0,0.06576682269339751
synth_blobs_varying_std,c610648f3a0b,0.06713377532003177
synth_blobs_varying_std,d9a6e957a479,0.05012492184159707
synth_blobs_varying_std,e0981ae1c5a2,
synth_blobs_varying_std,08e381bd46b1,
synth_blobs_varying_std,f7183f4c1fed,
synth_blobs_varying_std,7c2e8cd4a56d,
synth_blobs_varying_std,07ebbef7de3c,
synth_blobs_varying_std,db49059653de,
synth_blobs_varying_std,19967cb83e78,
synth_blobs_varying_std,158a0277ed3c,
synth_blobs_varying_std,d0fba6f03c0f,
synth_blobs_varying_std,f10f8ff36baa,
synth_blobs_varying_std,672c637760be,
synth_blobs_varying_std,0cd896f527d5,
synth_blobs_varying_std,4887a0323e21,
synth_blobs_varying_std,3d795ce47578,
synth_blobs_varying_std,639f74dd0e43,
synth_blobs_varying_std,9c3ccb4fd98f,
synth_blobs_varying_std,5647bbf0428d,0.04627408088427162
synth_blobs_varying_std,389d4ccb0588,0.07059660815333581
synth_blobs_varying_std,e34ce5984b64,0.07199539735683239
synth_blobs_varying_std,63470ebdd53e,0.05620854027212756
synth_blobs_varying_std,46814f50e13d,0.07059660815333581
synth_blobs_varying_std,e597041814f5,0.07199539735683239
synth_blobs_varying_std,024a1a8c54d1,0.0608870862110598
synth_blobs_varying_std,bdcde80d6dbb,0.07059660815333581
synth_blobs_varying_std,95475ce56089,0.07199539735683239
synth_blobs_varying_std,5009193136b4,0.0608870862110598
synth_blobs_varying_std,955728329102,0.07059660815333581
synth_blobs_varying_std,1f1b6dfa46dc,0.07199539735683239
synth_blobs_varying_std,272f18e90bd4,0.024101287701595146
synth_blobs_varying_std,0cc00684cc3f,0.028022197383803366
synth_blobs_varying_std,7203310ff7ba,0.03400017810109248
synth_blobs_varying_std,a399ab5a112a,0.019686991046098716
synth_blobs_varying_std,4d00158c440c,0.02567589135338222
synth_blobs_varying_std,f028e3896d9e,0.03079059906508524
synth_blobs_varying_std,bc0e2be21bfb,0.025468713502239036
synth_blobs_varying_std,ae16e9272ff8,0.022577706807960556
synth_blobs_varying_std,803c0d3403ff,0.01616068924957116
synth_blobs_varying_std,579a8bd776f9,0.013620299888813477
synth_blobs_varying_std,ccd2d07c7a4a,0.019453355437154686
synth_blobs_varying_std,92f60358ba37,0.016195024764074622
synth_blobs_varying_std,646357d2ae16,0.0202672628771107
synth_blobs_varying_std,5773d7049286,0.024798777734316636
synth_blobs_varying_std,a81f368f51bb,0.042491528716870564
synth_blobs_varying_std,70969dd2d720,0.042491528716870564
synth_blobs_varying_std,34b50b92b183,0.05073293041131386
synth_blobs_varying_std,48d260f98b0d,0.0375817499500409
synth_blobs_varying_std,1134a806601d,0.040934489392734946
synth_blobs_varying_std,0069693e350e,0.05393760314532194
synth_blobs_varying_std,2fa0af8799c8,0.05629294664603898
synth_blobs_well_separated,76c89cda5ca5,0.8403466505985187
synth_blobs_well_separated,23861655ac34,0.7087989530633066
synth_blobs_well_separated,a042255d7a7d,0.05399244450663559
synth_blobs_well_separated,47980bf71ea8,0.05765731902398278
synth_blobs_well_separated,79d9b0fb5f02,0.08001894079589945
synth_blobs_well_separated,e511e76239fe,0.09052096897207834
synth_blobs_well_separated,7741c3e44852,0.10751816706899368
synth_blobs_well_separated,b2d6bf5f391d,0.07874011466025803
synth_blobs_well_separated,3964e1ccb548,0.8403466505985187
synth_blobs_well_separated,4c077151b389,0.6649667601825011
synth_blobs_well_separated,f292f2a1db5b,0.043481237111287846
synth_blobs_well_separated,a4dbad06fd4e,0.043638823194954046
synth_blobs_well_separated,8eecd2798818,0.058119682371512986
synth_blobs_well_separated,4d9c9acccd21,0.05674641463428332
synth_blobs_well_separated,9381fbddb6c5,0.07497624525372786
synth_blobs_well_separated,8ec393598948,0.8403466505985187
synth_blobs_well_separated,77e145ffcc55,0.6649667601825011
synth_blobs_well_separated,632568e85407,0.07960442482867731
synth_blobs_well_separated,fa9612cfa871,0.05260866633833606
synth_blobs_well_separated,3d72e70b09e3,0.07305443433504816
synth_blobs_well_separated,45c510f16843,0.06583142596332492
synth_blobs_well_separated,27a2752a569f,0.03349907202482741
synth_blobs_well_separated,3a9260f9550f,0.8403466505985187
synth_blobs_well_separated,0dfb18d06f3a,0.7087989530633066
synth_blobs_well_separated,c104b3d67121,0.05399244450663559
synth_blobs_well_separated,7f10ff06a55f,0.06292178941903807
synth_blobs_well_separated,afb4fe7d2eaa,0.03351085917679835
synth_blobs_well_separated,627cdef1f058,0.07958384029164278
synth_blobs_well_separated,c5dfd3221b79,0.41036243807795303
synth_blobs_well_separated,e3ae029f4d54,0.44746190255703255
synth_blobs_well_separated,98d2a79e4c00,0.05399244450663559
synth_blobs_well_separated,0481ef8f35a2,0.05260866633833606
synth_blobs_well_separated,9a585386bc6d,0.0727363739615052
synth_blobs_well_separated,971471268792,0.07304563603021608
synth_blobs_well_separated,4ec824c366d4,0.18499930831324712
synth_blobs_well_separated,4555573328fc,0.16005749801223196
synth_blobs_well_separated,0f46e0814abc,0.08803265007388554
synth_blobs_well_separated,759f97a6695c,15.58023833831414
synth_blobs_well_separated,9cd81f07f9eb,2.7002997639794213
synth_blobs_well_separated,bb5d6442dae0,2.7002997639794213
synth_blobs_well_separated,c610648f3a0b,2.7002997639794213
synth_blobs_well_separated,d9a6e957a479,2.7002997639794213
synth_blobs_well_separated,e0981ae1c5a2,2.7002997639794213
synth_blobs_well_separated,08e381bd46b1,2.7002997639794213
synth_blobs_well_separated,f7183f4c1fed,2.7002997639794213
synth_blobs_well_separated,7c2e8cd4a56d,2.7002997639794213
synth_blobs_well_separated,07ebbef7de3c,2.7002997639794213
synth_blobs_well_separated,db49059653de,2.7002997639794213
synth_blobs_well_separated,19967cb83e78,2.7002997639794213
synth_blobs_well_separated,158a0277ed3c,2.7002997639794213
synth_blobs_well_separated,d0fba6f03c0f,2.7002997639794213
synth_blobs_well_separated,f10f8ff36baa,2.7002997639794213
synth_blobs_well_separated,672c637760be,2.7002997639794213
synth_blobs_well_separated,0cd896f527d5,2.7002997639794213
synth_blobs_well_separated,4887a0323e21,
synth_blobs_well_separated,3d795ce47578,
synth_blobs_well_separated,639f74dd0e43,
synth_blobs_well_separated,9c3ccb4fd98f,
synth_blobs_well_separated,5647bbf0428d,2.7002997639794213
synth_blobs_well_separated,389d4ccb0588,2.7002997639794213
synth_blobs_well_separated,e34ce5984b64,2.7002997639794213
synth_blobs_well_separated,63470ebdd53e,2.7002997639794213
synth_blobs_well_separated,46814f50e13d,2.7002997639794213
synth_blobs_well_separated,e597041814f5,2.7002997639794213
synth_blobs_well_separated,024a1a8c54d1,2.7002997639794213
synth_blobs_well_separated,bdcde80d6dbb,2.7002997639794213
synth_blobs_well_separated,95475ce56089,2.7002997639794213
synth_blobs_well_separated,5009193136b4,2.7002997639794213
synth_blobs_well_separated,955728329102,2.7002997639794213
synth_blobs_well_separated,1f1b6dfa46dc,2.7002997639794213
synth_blobs_well_separated,272f18e90bd4,0.8403466505985187
synth_blobs_well_separated,0cc00684cc3f,0.7087989530633066
synth_blobs_well_separated,7203310ff7ba,0.11318943091847468
synth_blobs_well_separated,a399ab5a112a,0.10544694814219326
synth_blobs_well_separated,4d00158c440c,0.13209660939967338
synth_blobs_well_separated,f028e3896d9e,0.11621520127685483
synth_blobs_well_separated,bc0e2be21bfb,0.10440726263718704
synth_blobs_well_separated,ae16e9272ff8,0.8403466505985187
synth_blobs_well_separated,803c0d3403ff,0.7087989530633066
synth_blobs_well_separated,579a8bd776f9,0.09664627725717627
synth_blobs_well_separated,ccd2d07c7a4a,0.11222304948878092
synth_blobs_well_separated,92f60358ba37,0.1356932473963237
synth_blobs_well_separated,646357d2ae16,0.13034349277697324
synth_blobs_well_separated,5773d7049286,0.14663200146121325
synth_blobs_well_separated,a81f368f51bb,0.8403466505985187
synth_blobs_well_separated,70969dd2d720,0.7087989530633066
synth_blobs_well_separated,34b50b92b183,0.22804983698619738
synth_blobs_well_separated,48d260f98b0d,0.17147329819249002
synth_blobs_well_separated,1134a806601d,0.12567510596260212
synth_blobs_well_separated,0069693e350e,0.13612752686669918
synth_blobs_well_separated,2fa0af8799c8,0.14108467879554926
synth_circles_n0.05_f0.5,76c89cda5ca5,0.01094171066183404
synth_circles_n0.05_f0.5,23861655ac34,0.013795941307356887
synth_circles_n0.05_f0.5,a042255d7a7d,0.015775277584849177
synth_circles_n0.05_f0.5,47980bf71ea8,0.013685565451143805
synth_circles_n0.05_f0.5,79d9b0fb5f02,0.018510595169080074
synth_circles_n0.05_f0.5,e511e76239fe,0.009416212310621898
synth_circles_n0.05_f0.5,7741c3e44852,0.028868700564839762
synth_circles_n0.05_f0.5,b2d6bf5f391d,0.030975530088627246
synth_circles_n0.05_f0.5,3964e1ccb548,0.0039015493146665596
synth_circles_n0.05_f0.5,4c077151b389,0.009340227373588401
synth_circles_n0.05_f0.5,f292f2a1db5b,0.003138279992202332
synth_circles_n0.05_f0.5,a4dbad06fd4e,0.005309245805702784
synth_circles_n0.05_f0.5,8eecd2798818,0.0055066891839439585
synth_circles_n0.05_f0.5,4d9c9acccd21,0.011983198946905268
synth_circles_n0.05_f0.5,9381fbddb6c5,0.010337740510342095
synth_circles_n0.05_f0.5,8ec393598948,0.006481133489640579
synth_circles_n0.05_f0.5,77e145ffcc55,0.0051098975256008185
synth_circles_n0.05_f0.5,632568e85407,0.007396808896603292
synth_circles_n0.05_f0.5,fa9612cfa871,0.013946914441514897
synth_circles_n0.05_f0.5,3d72e70b09e3,0.00894837047472845
synth_circles_n0.05_f0.5,45c510f16843,0.00887993585156936
synth_circles_n0.05_f0.5,27a2752a569f,0.019230150296260025
synth_circles_n0.05_f0.5,3a9260f9550f,0.0073105834642375475
synth_circles_n0.05_f0.5,0dfb18d06f3a,0.007537501866769872
synth_circles_n0.05_f0.5,c104b3d67121,0.016263825134338324
synth_circles_n0.05_f0.5,7f10ff06a55f,0.021594770805418453
synth_circles_n0.05_f0.5,afb4fe7d2eaa,0.022501117202431857
synth_circles_n0.05_f0.5,627cdef1f058,0.028782886182600942
synth_circles_n0.05_f0.5,c5dfd3221b79,0.09296055223023708
synth_circles_n0.05_f0.5,e3ae029f4d54,0.017454251682699738
synth_circles_n0.05_f0.5,98d2a79e4c00,0.004979280276102156
synth_circles_n0.05_f0.5,0481ef8f35a2,0.008453151322970847
synth_circles_n0.05_f0.5,9a585386bc6d,0.00911579536471953
synth_circles_n0.05_f0.5,971471268792,0.016298260241686992
synth_circles_n0.05_f0.5,4ec824c366d4,0.04649843954218155
synth_circles_n0.05_f0.5,4555573328fc,0.019704551890320506
synth_circles_n0.05_f0.5,0f46e0814abc,0.01452547077355035
synth_circles_n0.05_f0.5,759f97a6695c,
synth_circles_n0.05_f0.5,9cd81f07f9eb,0.09296055223023708
synth_circles_n0.05_f0.5,bb5d6442dae0,0.09296055223023708
synth_circles_n0.05_f0.5,c610648f3a0b,0.09296055223023708
synth_circles_n0.05_f0.5,d9a6e957a479,0.09296055223023708
synth_circles_n0.05_f0.5,e0981ae1c5a2,
synth_circles_n0.05_f0.5,08e381bd46b1,
synth_circles_n0.05_f0.5,f7183f4c1fed,
synth_circles_n0.05_f0.5,7c2e8cd4a56d,
synth_circles_n0.05_f0.5,07ebbef7de3c,
synth_circles_n0.05_f0.5,db49059653de,
synth_circles_n0.05_f0.5,19967cb83e78,
synth_circles_n0.05_f0.5,158a0277ed3c,
synth_circles_n0.05_f0.5,d0fba6f03c0f,
synth_circles_n0.05_f0.5,f10f8ff36baa,
synth_circles_n0.05_f0.5,672c637760be,
synth_circles_n0.05_f0.5,0cd896f527d5,
synth_circles_n0.05_f0.5,4887a0323e21,
synth_circles_n0.05_f0.5,3d795ce47578,
synth_circles_n0.05_f0.5,639f74dd0e43,
synth_circles_n0.05_f0.5,9c3ccb4fd98f,
synth_circles_n0.05_f0.5,5647bbf0428d,0.09296055223023708
synth_circles_n0.05_f0.5,389d4ccb0588,0.09296055223023708
synth_circles_n0.05_f0.5,e34ce5984b64,0.09296055223023708
synth_circles_n0.05_f0.5,63470ebdd53e,0.09296055223023708
synth_circles_n0.05_f0.5,46814f50e13d,0.09296055223023708
synth_circles_n0.05_f0.5,e597041814f5,0.09296055223023708
synth_circles_n0.05_f0.5,024a1a8c54d1,0.09296055223023708
synth_circles_n0.05_f0.5,bdcde80d6dbb,0.09296055223023708
synth_circles_n0.05_f0.5,95475ce56089,0.09296055223023708
synth_circles_n0.05_f0.5,5009193136b4,0.09296055223023708
synth_circles_n0.05_f0.5,955728329102,0.09296055223023708
synth_circles_n0.05_f0.5,1f1b6dfa46dc,0.09296055223023708
synth_circles_n0.05_f0.5,272f18e90bd4,0.014569159613964745
synth_circles_n0.05_f0.5,0cc00684cc3f,0.014535814072511487
synth_circles_n0.05_f0.5,7203310ff7ba,0.01978608091189463
synth_circles_n0.05_f0.5,a399ab5a112a,0.02271112125346945
synth_circles_n0.05_f0.5,4d00158c440c,0.02772744681471091
synth_circles_n0.05_f0.5,f028e3896d9e,0.032087175349061206
synth_circles_n0.05_f0.5,bc0e2be21bfb,0.04409266794613317
synth_circles_n0.05_f0.5,ae16e9272ff8,0.012598473320044325
synth_circles_n0.05_f0.5,803c0d3403ff,0.011230762484196327
synth_circles_n0.05_f0.5,579a8bd776f9,0.01481887373890019
synth_circles_n0.05_f0.5,ccd2d07c7a4a,0.01852641885491861
synth_circles_n0.05_f0.5,92f60358ba37,0.02426794655322292
synth_circles_n0.05_f0.5,646357d2ae16,0.02814444451283733
synth_circles_n0.05_f0.5,5773d7049286,0.032518757214930395
synth_circles_n0.05_f0.5,a81f368f51bb,0.013886590548156346
synth_circles_n0.05_f0.5,70969dd2d720,0.01591958916029631
synth_circles_n0.05_f0.5,34b50b92b183,0.018288892368344016
synth_circles_n0.05_f0.5,48d260f98b0d,0.023557186122486036
synth_circles_n0.05_f0.5,1134a806601d,0.029736558783249965
synth_circles_n0.05_f0.5,0069693e350e,0.03456449880876281
synth_circles_n0.05_f0.5,2fa0af8799c8,0.04336058525610893
synth_circles_n0.10_f0.3,76c89cda5ca5,0.0051765554544066575
synth_circles_n0.10_f0.3,23861655ac34,0.007928398460269125
synth_circles_n0.10_f0.3,a042255d7a7d,0.016924213143482268
synth_circles_n0.10_f0.3,47980bf71ea8,0.011551218693025556
synth_circles_n0.10_f0.3,79d9b0fb5f02,0.016773433641463248
synth_circles_n0.10_f0.3,e511e76239fe,0.0129631788236285
synth_circles_n0.10_f0.3,7741c3e44852,0.013552089550806175
synth_circles_n0.10_f0.3,b2d6bf5f391d,0.021944336800386006
synth_circles_n0.10_f0.3,3964e1ccb548,0.006521254014149367
synth_circles_n0.10_f0.3,4c077151b389,0.007067731203890803
synth_circles_n0.10_f0.3,f292f2a1db5b,0.02077649379550896
synth_circles_n0.10_f0.3,a4dbad06fd4e,0.010359351593370819
synth_circles_n0.10_f0.3,8eecd2798818,0.0010667523535492765
synth_circles_n0.10_f0.3,4d9c9acccd21,0.013833413588502751
synth_circles_n0.10_f0.3,9381fbddb6c5,0.013496357231291601
synth_circles_n0.10_f0.3,8ec393598948,0.008451221426293624
synth_circles_n0.10_f0.3,77e145ffcc55,0.0034010870877309056
synth_circles_n0.10_f0.3,632568e85407,0.011182098589250691
synth_circles_n0.10_f0.3,fa9612cfa871,0.007249227163975953
synth_circles_n0.10_f0.3,3d72e70b09e3,0.01346109290350163
synth_circles_n0.10_f0.3,45c510f16843,0.005408072184990602
synth_circles_n0.10_f0.3,27a2752a569f,0.0169477475261015
synth_circles_n0.10_f0.3,3a9260f9550f,0.01517880581695475
synth_circles_n0.10_f0.3,0dfb18d06f3a,0.02396133071477059
synth_circles_n0.10_f0.3,c104b3d67121,0.019880692986787185
synth_circles_n0.10_f0.3,7f10ff06a55f,0.026711419995792737
synth_circles_n0.10_f0.3,afb4fe7d2eaa,0.011281261352121742
synth_circles_n0.10_f0.3,627cdef1f058,0.014758187611456457
synth_circles_n0.10_f0.3,c5dfd3221b79,0.06069093328178473
synth_circles_n0.10_f0.3,e3ae029f4d54,0.02376946727217431
synth_circles_n0.10_f0.3,98d2a79e4c00,0.005543942853505618
synth_circles_n0.10_f0.3,0481ef8f35a2,0.012787648943182548
synth_circles_n0.10_f0.3,9a585386bc6d,0.010493239355255164
synth_circles_n0.10_f0.3,971471268792,0.010039518175992669
synth_circles_n0.10_f0.3,4ec824c366d4,0.054475335450910586
synth_circles_n0.10_f0.3,4555573328fc,0.017590188630049814
synth_circles_n0.10_f0.3,0f46e0814abc,0.04091976175913062
synth_circles_n0.10_f0.3,759f97a6695c,
synth_circles_n0.10_f0.3,9cd81f07f9eb,0.06408312205977422
synth_circles_n0.10_f0.3,bb5d6442dae0,0.0649618889681397
synth_circles_n0.10_f0.3,c610648f3a0b,0.09387239454983798
synth_circles_n0.10_f0.3,d9a6e957a479,0.018160368910616172
synth_circles_n0.10_f0.3,e0981ae1c5a2,
synth_circles_n0.10_f0.3,08e381bd46b1,
synth_circles_n0.10_f0.3,f7183f4c1fed,
synth_circles_n0.10_f0.3,7c2e8cd4a56d,
synth_circles_n0.10_f0.3,07ebbef7de3c,
synth_circles_n0.10_f0.3,db49059653de,
synth_circles_n0.10_f0.3,19967cb83e78,
synth_circles_n0.10_f0.3,158a0277ed3c,
synth_circles_n0.10_f0.3,d0fba6f03c0f,
synth_circles_n0.10_f0.3,f10f8ff36baa,
synth_circles_n0.10_f0.3,672c637760be,
synth_circles_n0.10_f0.3,0cd896f527d5,
synth_circles_n0.10_f0.3,4887a0323e21,
synth_circles_n0.10_f0.3,3d795ce47578,
synth_circles_n0.10_f0.3,639f74dd0e43,
synth_circles_n0.10_f0.3,9c3ccb4fd98f,
synth_circles_n0.10_f0.3,5647bbf0428d,0.04397840605009433
synth_circles_n0.10_f0.3,389d4ccb0588,0.0649618889681397
synth_circles_n0.10_f0.3,e34ce5984b64,0.06672455025522309
synth_circles_n0.10_f0.3,63470ebdd53e,0.06408312205977422
synth_circles_n0.10_f0.3,46814f50e13d,0.0649618889681397
synth_circles_n0.10_f0.3,e597041814f5,0.06672455025522309
synth_circles_n0.10_f0.3,024a1a8c54d1,0.06408312205977422
synth_circles_n0.10_f0.3,bdcde80d6dbb,0.0649618889681397
synth_circles_n0.10_f0.3,95475ce56089,0.06672455025522309
synth_circles_n0.10_f0.3,5009193136b4,0.06408312205977422
synth_circles_n0.10_f0.3,955728329102,0.0649618889681397
synth_circles_n0.10_f0.3,1f1b6dfa46dc,0.06672455025522309
synth_circles_n0.10_f0.3,272f18e90bd4,0.02745431716637318
synth_circles_n0.10_f0.3,0cc00684cc3f,0.03340133628985669
synth_circles_n0.10_f0.3,7203310ff7ba,0.035305054492509216
synth_circles_n0.10_f0.3,a399ab5a112a,0.05126528134864325
synth_circles_n0.10_f0.3,4d00158c440c,0.017503487675623555
synth_circles_n0.10_f0.3,f028e3896d9e,0.02100490617207709
synth_circles_n0.10_f0.3,bc0e2be21bfb,0.02636596318812529
synth_circles_n0.10_f0.3,ae16e9272ff8,0.025119570827361586
synth_circles_n0.10_f0.3,803c0d3403ff,0.015860054740784366
synth_circles_n0.10_f0.3,579a8bd776f9,0.021142063294891524
synth_circles_n0.10_f0.3,ccd2d07c7a4a,0.022613977768726173
synth_circles_n0.10_f0.3,92f60358ba37,0.021216481983740893
synth_circles_n0.10_f0.3,646357d2ae16,0.024977737734284473
synth_circles_n0.10_f0.3,5773d7049286,0.0305358831526579
synth_circles_n0.10_f0.3,a81f368f51bb,0.035888605783801944
synth_circles_n0.10_f0.3,70969dd2d720,0.03300757727931445
synth_circles_n0.10_f0.3,34b50b92b183,0.0407152885925047
synth_circles_n0.10_f0.3,48d260f98b0d,0.055347867991654
synth_circles_n0.10_f0.3,1134a806601d,0.04114084200311487
synth_circles_n0.10_f0.3,0069693e350e,0.02355057623182762
synth_circles_n0.10_f0.3,2fa0af8799c8,0.02636596318812529
synth_circles_n0.15_f0.7,76c89cda5ca5,0.010106267762895735
synth_circles_n0.15_f0.7,23861655ac34,0.012350550000938272
synth_circles_n0.15_f0.7,a042255d7a7d,0.016592819842777884
synth_circles_n0.15_f0.7,47980bf71ea8,0.010010854104232065
synth_circles_n0.15_f0.7,79d9b0fb5f02,0.025967271135254988
synth_circles_n0.15_f0.7,e511e76239fe,0.013037441060998122
synth_circles_n0.15_f0.7,7741c3e44852,0.015842939539682264
synth_circles_n0.15_f0.7,b2d6bf5f391d,0.03840462098215381
synth_circles_n0.15_f0.7,3964e1ccb548,0.008715592608473358
synth_circles_n0.15_f0.7,4c077151b389,0.007718737058028175
synth_circles_n0.15_f0.7,f292f2a1db5b,0.008591286953850773
synth_circles_n0.15_f0.7,a4dbad06fd4e,0.016349391882544285
synth_circles_n0.15_f0.7,8eecd2798818,0.016550631348468337
synth_circles_n0.15_f0.7,4d9c9acccd21,0.014218051436557272
synth_circles_n0.15_f0.7,9381fbddb6c5,0.011632134321947863
synth_circles_n0.15_f0.7,8ec393598948,0.007587874533825864
synth_circles_n0.15_f0.7,77e145ffcc55,0.010010108416556316
synth_circles_n0.15_f0.7,632568e85407,0.008495223825937807
synth_circles_n0.15_f0.7,fa9612cfa871,0.020954798507550925
synth_circles_n0.15_f0.7,3d72e70b09e3,0.016550631348468337
synth_circles_n0.15_f0.7,45c510f16843,0.015884170093849372
synth_circles_n0.15_f0.7,27a2752a569f,0.015470091478553123
synth_circles_n0.15_f0.7,3a9260f9550f,0.010299182919396308
synth_circles_n0.15_f0.7,0dfb18d06f3a,0.012350550000938272
synth_circles_n0.15_f0.7,c104b3d67121,0.016592819842777884
synth_circles_n0.15_f0.7,7f10ff06a55f,0.013639328336326632
synth_circles_n0.15_f0.7,afb4fe7d2eaa,0.012069443257617149
synth_circles_n0.15_f0.7,627cdef1f058,0.018905221202829788
synth_circles_n0.15_f0.7,c5dfd3221b79,0.013989791414762559
synth_circles_n0.15_f0.7,e3ae029f4d54,0.012153779814350287
synth_circles_n0.15_f0.7,98d2a79e4c00,0.016117166144157816
synth_circles_n0.15_f0.7,0481ef8f35a2,0.019547419259806582
synth_circles_n0.15_f0.7,9a585386bc6d,0.009408474684903499
synth_circles_n0.15_f0.7,971471268792,0.02634708148494335
synth_circles_n0.15_f0.7,4ec824c366d4,0.06403228678431747
synth_circles_n0.15_f0.7,4555573328fc,0.01625936336127083
synth_circles_n0.15_f0.7,0f46e0814abc,6.716378125080612
synth_circles_n0.15_f0.7,759f97a6695c,
synth_circles_n0.15_f0.7,9cd81f07f9eb,
synth_circles_n0.15_f0.7,bb5d6442dae0,
synth_circles_n0.15_f0.7,c610648f3a0b,
synth_circles_n0.15_f0.7,d9a6e957a479,
synth_circles_n0.15_f0.7,e0981ae1c5a2,
synth_circles_n0.15_f0.7,08e381bd46b1,
synth_circles_n0.15_f0.7,f7183f4c1fed,
synth_circles_n0.15_f0.7,7c2e8cd4a56d,
synth_circles_n0.15_f0.7,07ebbef7de3c,
synth_circles_n0.15_f0.7,db49059653de,
synth_circles_n0.15_f0.7,19967cb83e78,
synth_circles_n0.15_f0.7,158a0277ed3c,
synth_circles_n0.15_f0.7,d0fba6f03c0f,
synth_circles_n0.15_f0.7,f10f8ff36baa,
synth_circles_n0.15_f0.7,672c637760be,
synth_circles_n0.15_f0.7,0cd896f527d5,
synth_circles_n0.15_f0.7,4887a0323e21,
synth_circles_n0.15_f0.7,3d795ce47578,
synth_circles_n0.15_f0.7,639f74dd0e43,
synth_circles_n0.15_f0.7,9c3ccb4fd98f,
synth_circles_n0.15_f0.7,5647bbf0428d,0.06107462551687046
synth_circles_n0.15_f0.7,389d4ccb0588,0.023113626273557543
synth_circles_n0.15_f0.7,e34ce5984b64,0.050382437409613665
synth_circles_n0.15_f0.7,63470ebdd53e,0.07286686911943355
synth_circles_n0.15_f0.7,46814f50e13d,0.041993011738528645
synth_circles_n0.15_f0.7,e597041814f5,0.02053703866858069
synth_circles_n0.15_f0.7,024a1a8c54d1,0.03500570508819026
synth_circles_n0.15_f0.7,bdcde80d6dbb,0.03236676665628677
synth_circles_n0.15_f0.7,95475ce56089,0.033981105031652456
synth_circles_n0.15_f0.7,5009193136b4,0.03942851028777288
synth_circles_n0.15_f0.7,955728329102,0.04890467120087249
synth_circles_n0.15_f0.7,1f1b6dfa46dc,0.03278660843619726
synth_circles_n0.15_f0.7,272f18e90bd4,0.020958113983178116
synth_circles_n0.15_f0.7,0cc00684cc3f,0.023700707320847277
synth_circles_n0.15_f0.7,7203310ff7ba,0.030819039435256157
synth_circles_n0.15_f0.7,a399ab5a112a,0.03083529086077686
synth_circles_n0.15_f0.7,4d00158c440c,0.041285468803183796
synth_circles_n0.15_f0.7,f028e3896d9e,0.038338533896383725
synth_circles_n0.15_f0.7,bc0e2be21bfb,0.04227807914712169
synth_circles_n0.15_f0.7,ae16e9272ff8,0.017338916964473008
synth_circles_n0.15_f0.7,803c0d3403ff,0.020035122929578777
synth_circles_n0.15_f0.7,579a8bd776f9,0.020200454749122458
synth_circles_n0.15_f0.7,ccd2d07c7a4a,0.016453286880077987
synth_circles_n0.15_f0.7,92f60358ba37,0.02031217367043054
synth_circles_n0.15_f0.7,646357d2ae16,0.022041011042045158
synth_circles_n0.15_f0.7,5773d7049286,0.027135642451454084
synth_circles_n0.15_f0.7,a81f368f51bb,0.019535763706065617
synth_circles_n0.15_f0.7,70969dd2d720,0.023115209049524334
synth_circles_n0.15_f0.7,34b50b92b183,0.026551634174023873
synth_circles_n0.15_f0.7,48d260f98b0d,0.027242161531882594
synth_circles_n0.15_f0.7,1134a806601d,0.033774743500348606
synth_circles_n0.15_f0.7,0069693e350e,0.043530139764966044
synth_circles_n0.15_f0.7,2fa0af8799c8,0.047423856278818934
synth_density_varying_d2,76c89cda5ca5,0.013693030119430996
synth_density_varying_d2,23861655ac34,0.008504973526067315
synth_density_varying_d2,a042255d7a7d,0.010153832630896887
synth_density_varying_d2,47980bf71ea8,0.019041090419165015
synth_density_varying_d2,79d9b0fb5f02,0.009015567712547695
synth_density_varying_d2,e511e76239fe,0.00728462671655725
synth_density_varying_d2,7741c3e44852,0.014823910701874355
synth_density_varying_d2,b2d6bf5f391d,0.014236293845364874
synth_density_varying_d2,3964e1ccb548,0.005342420504416509
synth_density_varying_d2,4c077151b389,0.008340454062677614
synth_density_varying_d2,f292f2a1db5b,0.013252542470266773
synth_density_varying_d2,a4dbad06fd4e,0.01727670662430897
synth_density_varying_d2,8eecd2798818,0.005103141473768347
synth_density_varying_d2,4d9c9acccd21,0.0028046559459388417
synth_density_varying_d2,9381fbddb6c5,0.0011420449498218918
synth_density_varying_d2,8ec393598948,0.010253052970897283
synth_density_varying_d2,77e145ffcc55,0.01394599499140965
synth_density_varying_d2,632568e85407,0.007991877756067033
synth_density_varying_d2,fa9612cfa871,0.01802748620137597
synth_density_varying_d2,3d72e70b09e3,0.011056116805933477
synth_density_varying_d2,45c510f16843,0.0034762511693581456
synth_density_varying_d2,27a2752a569f,0.006484588411212117
synth_density_varying_d2,4ec824c366d4,0.0732105278338408
synth_density_varying_d2,4555573328fc,0.023375521113177585
synth_density_varying_d2,0f46e0814abc,0.05102726689565413
synth_density_varying_d2,759f97a6695c,0.9584791687878886
synth_density_varying_d2,9cd81f07f9eb,0.08202786033962549
synth_density_varying_d2,bb5d6442dae0,
synth_density_varying_d2,c610648f3a0b,0.04154379148970518
synth_density_varying_d2,d9a6e957a479,0.04046974508809319
synth_density_varying_d2,e0981ae1c5a2,
synth_density_varying_d2,08e381bd46b1,
synth_density_varying_d2,f7183f4c1fed,
synth_density_varying_d2,7c2e8cd4a56d,
synth_density_varying_d2,07ebbef7de3c,
synth_density_varying_d2,db49059653de,
synth_density_varying_d2,19967cb83e78,
synth_density_varying_d2,158a0277ed3c,
synth_density_varying_d2,d0fba6f03c0f,
synth_density_varying_d2,f10f8ff36baa,
synth_density_varying_d2,672c637760be,
synth_density_varying_d2,0cd896f527d5,
synth_density_varying_d2,4887a0323e21,
synth_density_varying_d2,3d795ce47578,
synth_density_varying_d2,639f74dd0e43,
synth_density_varying_d2,9c3ccb4fd98f,
synth_density_varying_d2,5647bbf0428d,0.025722764318338483
synth_density_varying_d2,389d4ccb0588,0.06386520931005503
synth_density_varying_d2,e34ce5984b64,0.03709520910034261
synth_density_varying_d2,63470ebdd53e,0.05132771336252487
synth_density_varying_d2,46814f50e13d,0.08273927562258059
synth_density_varying_d2,e597041814f5,0.03709520910034261
synth_density_varying_d2,024a1a8c54d1,0.06000783490428127
synth_density_varying_d2,bdcde80d6dbb,0.08273927562258059
synth_density_varying_d2,95475ce56089,0.03709520910034261
synth_density_varying_d2,5009193136b4,0.06000783490428127
synth_density_varying_d2,955728329102,0.055549297313776926
synth_density_varying_d2,1f1b6dfa46dc,0.03709520910034261
synth_density_varying_d2,272f18e90bd4,0.040051074885323744
synth_density_varying_d2,0cc00684cc3f,0.040051074885323744
synth_density_varying_d2,7203310ff7ba,0.02062779028085651
synth_density_varying_d2,a399ab5a112a,0.027930745193581515
synth_density_varying_d2,4d00158c440c,0.027930745193581515
synth_density_varying_d2,f028e3896d9e,0.0296336159268168
synth_density_varying_d2,bc0e2be21bfb,0.01463979649049416
synth_density_varying_d2,ae16e9272ff8,0.014734421553552913
synth_density_varying_d2,803c0d3403ff,0.01982777816033052
synth_density_varying_d2,579a8bd776f9,0.022242674927355002
synth_density_varying_d2,ccd2d07c7a4a,0.02495232083561754
synth_density_varying_d2,92f60358ba37,0.03274948818149711
synth_density_varying_d2,646357d2ae16,0.03666131648837091
synth_density_varying_d2,5773d7049286,0.035573704491265526
synth_density_varying_d2,a81f368f51bb,0.016480209937077116
synth_density_varying_d2,70969dd2d720,0.01818645463799867
synth_density_varying_d2,34b50b92b183,0.022730696117280253
synth_density_varying_d2,48d260f98b0d,0.022730696117280253
synth_density_varying_d2,1134a806601d,0.022730696117280253
synth_density_varying_d2,0069693e350e,0.034148393824715385
synth_density_varying_d2,2fa0af8799c8,0.03953606539403965
synth_density_varying_d5,76c89cda5ca5,0.09938835905728807
synth_density_varying_d5,23861655ac34,0.04612160085807347
synth_density_varying_d5,a042255d7a7d,0.06602576056886375
synth_density_varying_d5,47980bf71ea8,0.07041071845775579
synth_density_varying_d5,79d9b0fb5f02,0.08077616040213685
synth_density_varying_d5,e511e76239fe,0.03598894322694851
synth_density_varying_d5,7741c3e44852,0.04278315074177615
synth_density_varying_d5,b2d6bf5f391d,0.02428011614904353
synth_density_varying_d5,3964e1ccb548,0.07047824282748488
synth_density_varying_d5,4c077151b389,0.04612160085807347
synth_density_varying_d5,f292f2a1db5b,0.03253220319720114
synth_density_varying_d5,a4dbad06fd4e,0.042226631273826455
synth_density_varying_d5,8eecd2798818,0.024015290437207997
synth_density_varying_d5,4d9c9acccd21,0.02898151737020757
synth_density_varying_d5,9381fbddb6c5,0.0451577483757225
synth_density_varying_d5,8ec393598948,0.04612160085807347
synth_density_varying_d5,77e145ffcc55,0.07603477198207864
synth_density_varying_d5,632568e85407,0.0471541701223215
synth_density_varying_d5,fa9612cfa871,0.05629972386402391
synth_density_varying_d5,3d72e70b09e3,0.03807812044369134
synth_density_varying_d5,45c510f16843,0.03274808147187358
synth_density_varying_d5,27a2752a569f,0.04075668387094604
synth_density_varying_d5,4ec824c366d4,5.928451736256736
synth_density_varying_d5,4555573328fc,
synth_density_varying_d5,0f46e0814abc,
synth_density_varying_d5,759f97a6695c,
synth_density_varying_d5,9cd81f07f9eb,0.2314084206167776
synth_density_varying_d5,bb5d6442dae0,0.14675781434689972
synth_density_varying_d5,c610648f3a0b,1.4485728669052522
synth_density_varying_d5,d9a6e957a479,2.2998533822107277
synth_density_varying_d5,e0981ae1c5a2,0.23897594965385224
synth_density_varying_d5,08e381bd46b1,0.20992210701617076
synth_density_varying_d5,f7183f4c1fed,0.6216941956253681
synth_density_varying_d5,7c2e8cd4a56d,0.70240129215489
synth_density_varying_d5,07ebbef7de3c,0.19221320398014163
synth_density_varying_d5,db49059653de,0.22599441133010661
synth_density_varying_d5,19967cb83e78,0.3190665528750932
synth_density_varying_d5,158a0277ed3c,0.3207488525559803
synth_density_varying_d5,d0fba6f03c0f,
synth_density_varying_d5,f10f8ff36baa,
synth_density_varying_d5,672c637760be,
synth_density_varying_d5,0cd896f527d5,
synth_density_varying_d5,4887a0323e21,
synth_density_varying_d5,3d795ce47578,
synth_density_varying_d5,639f74dd0e43,
synth_density_varying_d5,9c3ccb4fd98f,
synth_density_varying_d5,5647bbf0428d,0.1927600103344749
synth_density_varying_d5,389d4ccb0588,0.16013296412221492
synth_density_varying_d5,e34ce5984b64,0.20999387173289918
synth_density_varying_d5,63470ebdd53e,0.19994854246386687
synth_density_varying_d5,46814f50e13d,0.17647346461451732
synth_density_varying_d5,e597041814f5,0.08871281828953125
synth_density_varying_d5,024a1a8c54d1,0.19994854246386687
synth_density_varying_d5,bdcde80d6dbb,0.2490461009315181
synth_density_varying_d5,95475ce56089,0.08871281828953125
synth_density_varying_d5,5009193136b4,0.19994854246386687
synth_density_varying_d5,955728329102,0.2490461009315181
synth_density_varying_d5,1f1b6dfa46dc,0.08871281828953125
synth_density_varying_d5,272f18e90bd4,0.12744859431466343
synth_density_varying_d5,0cc00684cc3f,0.12744859431466343
synth_density_varying_d5,7203310ff7ba,0.07219366516668894
synth_density_varying_d5,a399ab5a112a,0.10231193584357468
synth_density_varying_d5,4d00158c440c,0.07713957211815341
synth_density_varying_d5,f028e3896d9e,0.08396177427418976
synth_density_varying_d5,bc0e2be21bfb,0.05179951716323527
synth_density_varying_d5,ae16e9272ff8,0.09651044206956917
synth_density_varying_d5,803c0d3403ff,0.1037255793249499
synth_density_varying_d5,579a8bd776f9,0.12403800424384608
synth_density_varying_d5,ccd2d07c7a4a,0.13807933105816708
synth_density_varying_d5,92f60358ba37,0.1434276053299038
synth_density_varying_d5,646357d2ae16,0.11194605470837518
synth_density_varying_d5,5773d7049286,0.12364832415677914
synth_density_varying_d5,a81f368f51bb,0.12744859431466343
synth_density_varying_d5,70969dd2d720,0.10386440374367598
synth_density_varying_d5,34b50b92b183,0.12524676821216413
synth_density_varying_d5,48d260f98b0d,0.1352893850044088
synth_density_varying_d5,1134a806601d,0.1352893850044088
synth_density_varying_d5,0069693e350e,0.15535946933373765
synth_density_varying_d5,2fa0af8799c8,0.1587631866456566
synth_ellipsoidal_d10_k3,76c89cda5ca5,0.3905698525487768
synth_ellipsoidal_d10_k3,23861655ac34,0.446536500328092
synth_ellipsoidal_d10_k3,a042255d7a7d,0.10954813416931798
synth_ellipsoidal_d10_k3,47980bf71ea8,0.1117019845632395
synth_ellipsoidal_d10_k3,79d9b0fb5f02,0.11368076416479894
synth_ellipsoidal_d10_k3,e511e76239fe,0.13700506908955462
synth_ellipsoidal_d10_k3,7741c3e44852,0.1424360812854529
synth_ellipsoidal_d10_k3,b2d6bf5f391d,0.146315099660489
synth_ellipsoidal_d10_k3,3964e1ccb548,0.32957183421483
synth_ellipsoidal_d10_k3,4c077151b389,0.446536500328092
synth_ellipsoidal_d10_k3,f292f2a1db5b,0.08705184256005559
synth_ellipsoidal_d10_k3,a4dbad06fd4e,0.08390267943600563
synth_ellipsoidal_d10_k3,8eecd2798818,0.07838490789659147
synth_ellipsoidal_d10_k3,4d9c9acccd21,0.09160216372624111
synth_ellipsoidal_d10_k3,9381fbddb6c5,0.09705534079230974
synth_ellipsoidal_d10_k3,8ec393598948,0.32957183421483
synth_ellipsoidal_d10_k3,77e145ffcc55,0.446536500328092
synth_ellipsoidal_d10_k3,632568e85407,0.10721067827668612
synth_ellipsoidal_d10_k3,fa9612cfa871,0.07862497083214157
synth_ellipsoidal_d10_k3,3d72e70b09e3,0.08626773239099621
synth_ellipsoidal_d10_k3,45c510f16843,0.09490520210465404
synth_ellipsoidal_d10_k3,27a2752a569f,0.12066737104598209
synth_ellipsoidal_d10_k3,4ec824c366d4,
synth_ellipsoidal_d10_k3,4555573328fc,
synth_ellipsoidal_d10_k3,0f46e0814abc,
synth_ellipsoidal_d10_k3,759f97a6695c,
synth_ellipsoidal_d10_k3,9cd81f07f9eb,
synth_ellipsoidal_d10_k3,bb5d6442dae0,
synth_ellipsoidal_d10_k3,c610648f3a0b,
synth_ellipsoidal_d10_k3,d9a6e957a479,
synth_ellipsoidal_d10_k3,e0981ae1c5a2,
synth_ellipsoidal_d10_k3,08e381bd46b1,
synth_ellipsoidal_d10_k3,f7183f4c1fed,
synth_ellipsoidal_d10_k3,7c2e8cd4a56d,
synth_ellipsoidal_d10_k3,07ebbef7de3c,0.2060478475896761
synth_ellipsoidal_d10_k3,db49059653de,0.20541053557908162
synth_ellipsoidal_d10_k3,19967cb83e78,0.7727997835315411
synth_ellipsoidal_d10_k3,158a0277ed3c,0.2103269077579298
synth_ellipsoidal_d10_k3,d0fba6f03c0f,0.446536500328092
synth_ellipsoidal_d10_k3,f10f8ff36baa,0.446536500328092
synth_ellipsoidal_d10_k3,672c637760be,0.446536500328092
synth_ellipsoidal_d10_k3,0cd896f527d5,0.446536500328092
synth_ellipsoidal_d10_k3,4887a0323e21,
synth_ellipsoidal_d10_k3,3d795ce47578,
synth_ellipsoidal_d10_k3,639f74dd0e43,
synth_ellipsoidal_d10_k3,9c3ccb4fd98f,
synth_ellipsoidal_d10_k3,5647bbf0428d,0.446536500328092
synth_ellipsoidal_d10_k3,389d4ccb0588,0.446536500328092
synth_ellipsoidal_d10_k3,e34ce5984b64,0.446536500328092
synth_ellipsoidal_d10_k3,63470ebdd53e,0.446536500328092
synth_ellipsoidal_d10_k3,46814f50e13d,0.446536500328092
synth_ellipsoidal_d10_k3,e597041814f5,0.446536500328092
synth_ellipsoidal_d10_k3,024a1a8c54d1,0.446536500328092
synth_ellipsoidal_d10_k3,bdcde80d6dbb,0.446536500328092
synth_ellipsoidal_d10_k3,95475ce56089,0.446536500328092
synth_ellipsoidal_d10_k3,5009193136b4,0.446536500328092
synth_ellipsoidal_d10_k3,955728329102,0.446536500328092
synth_ellipsoidal_d10_k3,1f1b6dfa46dc,0.446536500328092
synth_ellipsoidal_d10_k3,272f18e90bd4,0.3905698525487768
synth_ellipsoidal_d10_k3,0cc00684cc3f,0.446536500328092
synth_ellipsoidal_d10_k3,7203310ff7ba,0.11735897951461037
synth_ellipsoidal_d10_k3,a399ab5a112a,0.11840751799591194
synth_ellipsoidal_d10_k3,4d00158c440c,0.09810562165281196
synth_ellipsoidal_d10_k3,f028e3896d9e,0.1156792848921587
synth_ellipsoidal_d10_k3,bc0e2be21bfb,0.12340250522040999
synth_ellipsoidal_d10_k3,ae16e9272ff8,0.3905698525487768
synth_ellipsoidal_d10_k3,803c0d3403ff,0.446536500328092
synth_ellipsoidal_d10_k3,579a8bd776f9,0.14564943004932326
synth_ellipsoidal_d10_k3,ccd2d07c7a4a,0.13133141130671905
synth_ellipsoidal_d10_k3,92f60358ba37,0.14187228812544886
synth_ellipsoidal_d10_k3,646357d2ae16,0.15349713238198592
synth_ellipsoidal_d10_k3,5773d7049286,0.17428912588703657
synth_ellipsoidal_d10_k3,a81f368f51bb,0.3905698525487768
synth_ellipsoidal_d10_k3,70969dd2d720,0.446536500328092
synth_ellipsoidal_d10_k3,34b50b92b183,0.1969220271737886
synth_ellipsoidal_d10_k3,48d260f98b0d,0.17591364540846685
synth_ellipsoidal_d10_k3,1134a806601d,0.1752106056534116
synth_ellipsoidal_d10_k3,0069693e350e,0.13111242432322728
synth_ellipsoidal_d10_k3,2fa0af8799c8,0.13111242432322728
synth_ellipsoidal_d10_k5,76c89cda5ca5,0.34806893384915066
synth_ellipsoidal_d10_k5,23861655ac34,0.32589311304157814
synth_ellipsoidal_d10_k5,a042255d7a7d,0.33537374439811596
synth_ellipsoidal_d10_k5,47980bf71ea8,0.07584103357708406
synth_ellipsoidal_d10_k5,79d9b0fb5f02,0.0692746327325972
synth_ellipsoidal_d10_k5,e511e76239fe,0.10489787324223761
synth_ellipsoidal_d10_k5,7741c3e44852,0.10089095248118259
synth_ellipsoidal_d10_k5,b2d6bf5f391d,0.12035391107337493
synth_ellipsoidal_d10_k5,3964e1ccb548,0.34806893384915066
synth_ellipsoidal_d10_k5,4c077151b389,0.2890669400507412
synth_ellipsoidal_d10_k5,f292f2a1db5b,0.33537374439811596
synth_ellipsoidal_d10_k5,a4dbad06fd4e,0.062469679112935515
synth_ellipsoidal_d10_k5,8eecd2798818,0.058313181243819734
synth_ellipsoidal_d10_k5,4d9c9acccd21,0.06405348466313958
synth_ellipsoidal_d10_k5,9381fbddb6c5,0.06901900288250146
synth_ellipsoidal_d10_k5,8ec393598948,0.34806893384915066
synth_ellipsoidal_d10_k5,77e145ffcc55,0.2890669400507412
synth_ellipsoidal_d10_k5,632568e85407,0.33537374439811596
synth_ellipsoidal_d10_k5,fa9612cfa871,0.0841411282525503
synth_ellipsoidal_d10_k5,3d72e70b09e3,0.06881712216028094
synth_ellipsoidal_d10_k5,45c510f16843,0.06126115863224575
synth_ellipsoidal_d10_k5,27a2752a569f,0.07920869891258865
synth_ellipsoidal_d10_k5,4ec824c366d4,
synth_ellipsoidal_d10_k5,4555573328fc,
synth_ellipsoidal_d10_k5,0f46e0814abc,
synth_ellipsoidal_d10_k5,759f97a6695c,
synth_ellipsoidal_d10_k5,9cd81f07f9eb,
synth_ellipsoidal_d10_k5,bb5d6442dae0,
synth_ellipsoidal_d10_k5,c610648f3a0b,
synth_ellipsoidal_d10_k5,d9a6e957a479,
synth_ellipsoidal_d10_k5,e0981ae1c5a2,0.5494503834161817
synth_ellipsoidal_d10_k5,08e381bd46b1,1.1096875520999145
synth_ellipsoidal_d10_k5,f7183f4c1fed,
synth_ellipsoidal_d10_k5,7c2e8cd4a56d,
synth_ellipsoidal_d10_k5,07ebbef7de3c,0.2022446823965804
synth_ellipsoidal_d10_k5,db49059653de,0.4400240022210594
synth_ellipsoidal_d10_k5,19967cb83e78,0.14653238573695704
synth_ellipsoidal_d10_k5,158a0277ed3c,0.6674475453194184
synth_ellipsoidal_d10_k5,d0fba6f03c0f,0.33537374439811596
synth_ellipsoidal_d10_k5,f10f8ff36baa,0.33537374439811596
synth_ellipsoidal_d10_k5,672c637760be,0.33537374439811596
synth_ellipsoidal_d10_k5,0cd896f527d5,0.33537374439811596
synth_ellipsoidal_d10_k5,4887a0323e21,
synth_ellipsoidal_d10_k5,3d795ce47578,
synth_ellipsoidal_d10_k5,639f74dd0e43,
synth_ellipsoidal_d10_k5,9c3ccb4fd98f,
synth_ellipsoidal_d10_k5,5647bbf0428d,0.33537374439811596
synth_ellipsoidal_d10_k5,389d4ccb0588,0.33537374439811596
synth_ellipsoidal_d10_k5,e34ce5984b64,0.33537374439811596
synth_ellipsoidal_d10_k5,63470ebdd53e,0.33537374439811596
synth_ellipsoidal_d10_k5,46814f50e13d,0.33537374439811596
synth_ellipsoidal_d10_k5,e597041814f5,0.33537374439811596
synth_ellipsoidal_d10_k5,024a1a8c54d1,0.33537374439811596
synth_ellipsoidal_d10_k5,bdcde80d6dbb,0.33537374439811596
synth_ellipsoidal_d10_k5,95475ce56089,0.33537374439811596
synth_ellipsoidal_d10_k5,5009193136b4,0.33537374439811596
synth_ellipsoidal_d10_k5,955728329102,0.33537374439811596
synth_ellipsoidal_d10_k5,1f1b6dfa46dc,0.33537374439811596
synth_ellipsoidal_d10_k5,272f18e90bd4,0.34806893384915066
synth_ellipsoidal_d10_k5,0cc00684cc3f,0.32589311304157814
synth_ellipsoidal_d10_k5,7203310ff7ba,0.33537374439811596
synth_ellipsoidal_d10_k5,a399ab5a112a,0.07881402919007406
synth_ellipsoidal_d10_k5,4d00158c440c,0.07881402919007406
synth_ellipsoidal_d10_k5,f028e3896d9e,0.09766105357607245
synth_ellipsoidal_d10_k5,bc0e2be21bfb,0.10491351897506795
synth_ellipsoidal_d10_k5,ae16e9272ff8,0.07481687441235851
synth_ellipsoidal_d10_k5,803c0d3403ff,0.08124724741621075
synth_ellipsoidal_d10_k5,579a8bd776f9,0.0885928287875201
synth_ellipsoidal_d10_k5,ccd2d07c7a4a,0.10480818931852239
synth_ellipsoidal_d10_k5,92f60358ba37,0.10069805181397064
synth_ellipsoidal_d10_k5,646357d2ae16,0.12107151022688677
synth_ellipsoidal_d10_k5,5773d7049286,0.13120222046348778
synth_ellipsoidal_d10_k5,a81f368f51bb,0.34806893384915066
synth_ellipsoidal_d10_k5,70969dd2d720,0.32589311304157814
synth_ellipsoidal_d10_k5,34b50b92b183,0.33537374439811596
synth_ellipsoidal_d10_k5,48d260f98b0d,0.17901145165810683
synth_ellipsoidal_d10_k5,1134a806601d,0.15918611123554177
synth_ellipsoidal_d10_k5,0069693e350e,0.1185768051728949
synth_ellipsoidal_d10_k5,2fa0af8799c8,0.1185768051728949
synth_ellipsoidal_d10_k8,76c89cda5ca5,0.08808249949787932
synth_ellipsoidal_d10_k8,23861655ac34,0.22964785859973955
synth_ellipsoidal_d10_k8,a042255d7a7d,0.09596960337067358
synth_ellipsoidal_d10_k8,47980bf71ea8,0.3202576506491213
synth_ellipsoidal_d10_k8,79d9b0fb5f02,0.09716385329411187
synth_ellipsoidal_d10_k8,e511e76239fe,0.08267322277183434
synth_ellipsoidal_d10_k8,7741c3e44852,0.09092546488947321
synth_ellipsoidal_d10_k8,b2d6bf5f391d,0.11592757057237303
synth_ellipsoidal_d10_k8,3964e1ccb548,0.25631622142220334
synth_ellipsoidal_d10_k8,4c077151b389,0.2651994330212762
synth_ellipsoidal_d10_k8,f292f2a1db5b,0.2541730479661589
synth_ellipsoidal_d10_k8,a4dbad06fd4e,0.3202576506491213
synth_ellipsoidal_d10_k8,8eecd2798818,0.07322892398575073
synth_ellipsoidal_d10_k8,4d9c9acccd21,0.06754594548868945
synth_ellipsoidal_d10_k8,9381fbddb6c5,0.06585603032309559
synth_ellipsoidal_d10_k8,8ec393598948,0.25631622142220334
synth_ellipsoidal_d10_k8,77e145ffcc55,0.11861734675133309
synth_ellipsoidal_d10_k8,632568e85407,0.2541730479661589
synth_ellipsoidal_d10_k8,fa9612cfa871,0.3202576506491213
synth_ellipsoidal_d10_k8,3d72e70b09e3,0.09073901522225167
synth_ellipsoidal_d10_k8,45c510f16843,0.07494970237056969
synth_ellipsoidal_d10_k8,27a2752a569f,0.07494970237056969
synth_ellipsoidal_d10_k8,4ec824c366d4,
synth_ellipsoidal_d10_k8,4555573328fc,
synth_ellipsoidal_d10_k8,0f46e0814abc,
synth_ellipsoidal_d10_k8,759f97a6695c,
synth_ellipsoidal_d10_k8,9cd81f07f9eb,
synth_ellipsoidal_d10_k8,bb5d6442dae0,
synth_ellipsoidal_d10_k8,c610648f3a0b,
synth_ellipsoidal_d10_k8,d9a6e957a479,
synth_ellipsoidal_d10_k8,e0981ae1c5a2,0.24652179523662796
synth_ellipsoidal_d10_k8,08e381bd46b1,0.22381883413308093
synth_ellipsoidal_d10_k8,f7183f4c1fed,0.42430309395783744
synth_ellipsoidal_d10_k8,7c2e8cd4a56d,
synth_ellipsoidal_d10_k8,07ebbef7de3c,0.3405037853702776
synth_ellipsoidal_d10_k8,db49059653de,0.3405037853702776
synth_ellipsoidal_d10_k8,19967cb83e78,0.3405037853702776
synth_ellipsoidal_d10_k8,158a0277ed3c,0.35292231678740416
synth_ellipsoidal_d10_k8,d0fba6f03c0f,0.25631622142220334
synth_ellipsoidal_d10_k8,f10f8ff36baa,0.25631622142220334
synth_ellipsoidal_d10_k8,672c637760be,0.25631622142220334
synth_ellipsoidal_d10_k8,0cd896f527d5,0.25631622142220334
synth_ellipsoidal_d10_k8,4887a0323e21,
synth_ellipsoidal_d10_k8,3d795ce47578,
synth_ellipsoidal_d10_k8,639f74dd0e43,
synth_ellipsoidal_d10_k8,9c3ccb4fd98f,
synth_ellipsoidal_d10_k8,5647bbf0428d,0.3405037853702776
synth_ellipsoidal_d10_k8,389d4ccb0588,0.3405037853702776
synth_ellipsoidal_d10_k8,e34ce5984b64,0.3405037853702776
synth_ellipsoidal_d10_k8,63470ebdd53e,0.3405037853702776
synth_ellipsoidal_d10_k8,46814f50e13d,0.3405037853702776
synth_ellipsoidal_d10_k8,e597041814f5,0.3405037853702776
synth_ellipsoidal_d10_k8,024a1a8c54d1,0.3405037853702776
synth_ellipsoidal_d10_k8,bdcde80d6dbb,0.3405037853702776
synth_ellipsoidal_d10_k8,95475ce56089,0.3405037853702776
synth_ellipsoidal_d10_k8,5009193136b4,0.3405037853702776
synth_ellipsoidal_d10_k8,955728329102,0.3405037853702776
synth_ellipsoidal_d10_k8,1f1b6dfa46dc,0.3405037853702776
synth_ellipsoidal_d10_k8,272f18e90bd4,0.25631622142220334
synth_ellipsoidal_d10_k8,0cc00684cc3f,0.22964785859973955
synth_ellipsoidal_d10_k8,7203310ff7ba,0.2541730479661589
synth_ellipsoidal_d10_k8,a399ab5a112a,0.3202576506491213
synth_ellipsoidal_d10_k8,4d00158c440c,0.11564357073298406
synth_ellipsoidal_d10_k8,f028e3896d9e,0.10199733120666728
synth_ellipsoidal_d10_k8,bc0e2be21bfb,0.10923456792291907
synth_ellipsoidal_d10_k8,ae16e9272ff8,0.1824062396129247
synth_ellipsoidal_d10_k8,803c0d3403ff,0.21011567599943182
synth_ellipsoidal_d10_k8,579a8bd776f9,0.26663253914611923
synth_ellipsoidal_d10_k8,ccd2d07c7a4a,0.2999177387209448
synth_ellipsoidal_d10_k8,92f60358ba37,0.10620497821686142
synth_ellipsoidal_d10_k8,646357d2ae16,0.11680709614126404
synth_ellipsoidal_d10_k8,5773d7049286,0.10810270125729272
synth_ellipsoidal_d10_k8,a81f368f51bb,0.35919262314669875
synth_ellipsoidal_d10_k8,70969dd2d720,0.22964785859973955
synth_ellipsoidal_d10_k8,34b50b92b183,0.25620809158096663
synth_ellipsoidal_d10_k8,48d260f98b0d,0.3202576506491213
synth_ellipsoidal_d10_k8,1134a806601d,0.21687884197576152
synth_ellipsoidal_d10_k8,0069693e350e,0.15869580971682987
synth_ellipsoidal_d10_k8,2fa0af8799c8,0.1586958097168297
synth_ellipsoidal_d20_k3,76c89cda5ca5,0.39881039116501765
synth_ellipsoidal_d20_k3,23861655ac34,0.3623419350278094
synth_ellipsoidal_d20_k3,a042255d7a7d,0.1634592409006968
synth_ellipsoidal_d20_k3,47980bf71ea8,0.1634592409006968
synth_ellipsoidal_d20_k3,79d9b0fb5f02,0.17630671685278446
synth_ellipsoidal_d20_k3,e511e76239fe,0.20283086649511578
synth_ellipsoidal_d20_k3,7741c3e44852,0.22890161037365908
synth_ellipsoidal_d20_k3,b2d6bf5f391d,0.20548457992249372
synth_ellipsoidal_d20_k3,3964e1ccb548,0.3197919892239712
synth_ellipsoidal_d20_k3,4c077151b389,0.3623419350278094
synth_ellipsoidal_d20_k3,f292f2a1db5b,0.17568025212358912
synth_ellipsoidal_d20_k3,a4dbad06fd4e,0.14796854449798932
synth_ellipsoidal_d20_k3,8eecd2798818,0.16274280786960205
synth_ellipsoidal_d20_k3,4d9c9acccd21,0.17941737737713884
synth_ellipsoidal_d20_k3,9381fbddb6c5,0.1962165667141412
synth_ellipsoidal_d20_k3,8ec393598948,0.3197919892239712
synth_ellipsoidal_d20_k3,77e145ffcc55,0.3623419350278094
synth_ellipsoidal_d20_k3,632568e85407,0.1482385410259212
synth_ellipsoidal_d20_k3,fa9612cfa871,0.13986566987190063
synth_ellipsoidal_d20_k3,3d72e70b09e3,0.1590192295965533
synth_ellipsoidal_d20_k3,45c510f16843,0.1590192295965533
synth_ellipsoidal_d20_k3,27a2752a569f,0.1778667714801164
synth_ellipsoidal_d20_k3,4ec824c366d4,
synth_ellipsoidal_d20_k3,4555573328fc,
synth_ellipsoidal_d20_k3,0f46e0814abc,
synth_ellipsoidal_d20_k3,759f97a6695c,
synth_ellipsoidal_d20_k3,9cd81f07f9eb,
synth_ellipsoidal_d20_k3,bb5d6442dae0,
synth_ellipsoidal_d20_k3,c610648f3a0b,
synth_ellipsoidal_d20_k3,d9a6e957a479,
synth_ellipsoidal_d20_k3,e0981ae1c5a2,
synth_ellipsoidal_d20_k3,08e381bd46b1,
synth_ellipsoidal_d20_k3,f7183f4c1fed,
synth_ellipsoidal_d20_k3,7c2e8cd4a56d,
synth_ellipsoidal_d20_k3,07ebbef7de3c,
synth_ellipsoidal_d20_k3,db49059653de,
synth_ellipsoidal_d20_k3,19967cb83e78,
synth_ellipsoidal_d20_k3,158a0277ed3c,
synth_ellipsoidal_d20_k3,d0fba6f03c0f,0.33694866688208636
synth_ellipsoidal_d20_k3,f10f8ff36baa,0.31646070587219877
synth_ellipsoidal_d20_k3,672c637760be,1.4136044500199108
synth_ellipsoidal_d20_k3,0cd896f527d5,
synth_ellipsoidal_d20_k3,4887a0323e21,
synth_ellipsoidal_d20_k3,3d795ce47578,
synth_ellipsoidal_d20_k3,639f74dd0e43,
synth_ellipsoidal_d20_k3,9c3ccb4fd98f,
synth_ellipsoidal_d20_k3,5647bbf0428d,0.3738200896623106
synth_ellipsoidal_d20_k3,389d4ccb0588,0.3738200896623106
synth_ellipsoidal_d20_k3,e34ce5984b64,0.3738200896623106
synth_ellipsoidal_d20_k3,63470ebdd53e,0.3738200896623106
synth_ellipsoidal_d20_k3,46814f50e13d,0.3738200896623106
synth_ellipsoidal_d20_k3,e597041814f5,0.3738200896623106
synth_ellipsoidal_d20_k3,024a1a8c54d1,0.3738200896623106
synth_ellipsoidal_d20_k3,bdcde80d6dbb,0.3738200896623106
synth_ellipsoidal_d20_k3,95475ce56089,0.3738200896623106
synth_ellipsoidal_d20_k3,5009193136b4,0.3738200896623106
synth_ellipsoidal_d20_k3,955728329102,0.3738200896623106
synth_ellipsoidal_d20_k3,1f1b6dfa46dc,0.3738200896623106
synth_ellipsoidal_d20_k3,272f18e90bd4,0.39881039116501765
synth_ellipsoidal_d20_k3,0cc00684cc3f,0.3623419350278094
synth_ellipsoidal_d20_k3,7203310ff7ba,0.17211889240388323
synth_ellipsoidal_d20_k3,a399ab5a112a,0.1556231326960255
synth_ellipsoidal_d20_k3,4d00158c440c,0.17448290404621272
synth_ellipsoidal_d20_k3,f028e3896d9e,0.19139066834819202
synth_ellipsoidal_d20_k3,bc0e2be21bfb,0.20483909358235267
synth_ellipsoidal_d20_k3,ae16e9272ff8,0.39881039116501765
synth_ellipsoidal_d20_k3,803c0d3403ff,0.17511794592885696
synth_ellipsoidal_d20_k3,579a8bd776f9,0.19246751026720707
synth_ellipsoidal_d20_k3,ccd2d07c7a4a,0.18757859252012477
synth_ellipsoidal_d20_k3,92f60358ba37,0.2017201910466585
synth_ellipsoidal_d20_k3,646357d2ae16,0.2207217016902356
synth_ellipsoidal_d20_k3,5773d7049286,0.22946286771968458
synth_ellipsoidal_d20_k3,a81f368f51bb,0.39881039116501765
synth_ellipsoidal_d20_k3,70969dd2d720,0.3623419350278094
synth_ellipsoidal_d20_k3,34b50b92b183,0.27662824189816354
synth_ellipsoidal_d20_k3,48d260f98b0d,0.30125956766663325
synth_ellipsoidal_d20_k3,1134a806601d,0.30125956766663325
synth_ellipsoidal_d20_k3,0069693e350e,0.30125956766663325
synth_ellipsoidal_d20_k3,2fa0af8799c8,0.27448813393083776
synth_ellipsoidal_d20_k5,76c89cda5ca5,0.4182105873003218
synth_ellipsoidal_d20_k5,23861655ac34,0.47096290620430425
synth_ellipsoidal_d20_k5,a042255d7a7d,0.5753488600651484
synth_ellipsoidal_d20_k5,47980bf71ea8,0.17370854107563705
synth_ellipsoidal_d20_k5,79d9b0fb5f02,0.16970845695576495
synth_ellipsoidal_d20_k5,e511e76239fe,0.19923952124674474
synth_ellipsoidal_d20_k5,7741c3e44852,0.192355169942986
synth_ellipsoidal_d20_k5,b2d6bf5f391d,0.2056547800401712
synth_ellipsoidal_d20_k5,3964e1ccb548,0.41981222638973104
synth_ellipsoidal_d20_k5,4c077151b389,0.47096290620430425
synth_ellipsoidal_d20_k5,f292f2a1db5b,0.5753488600651484
synth_ellipsoidal_d20_k5,a4dbad06fd4e,0.19150786203137987
synth_ellipsoidal_d20_k5,8eecd2798818,0.18255558959429186
synth_ellipsoidal_d20_k5,4d9c9acccd21,0.18144014465588953
synth_ellipsoidal_d20_k5,9381fbddb6c5,0.1931457525080554
synth_ellipsoidal_d20_k5,8ec393598948,0.41981222638973104
synth_ellipsoidal_d20_k5,77e145ffcc55,0.47096290620430425
synth_ellipsoidal_d20_k5,632568e85407,0.5753488600651484
synth_ellipsoidal_d20_k5,fa9612cfa871,0.19071638751598693
synth_ellipsoidal_d20_k5,3d72e70b09e3,0.17752192568151332
synth_ellipsoidal_d20_k5,45c510f16843,0.17752192568151332
synth_ellipsoidal_d20_k5,27a2752a569f,0.17945067926315544
synth_ellipsoidal_d20_k5,4ec824c366d4,
synth_ellipsoidal_d20_k5,4555573328fc,
synth_ellipsoidal_d20_k5,0f46e0814abc,
synth_ellipsoidal_d20_k5,759f97a6695c,
synth_ellipsoidal_d20_k5,9cd81f07f9eb,
synth_ellipsoidal_d20_k5,bb5d6442dae0,
synth_ellipsoidal_d20_k5,c610648f3a0b,
synth_ellipsoidal_d20_k5,d9a6e957a479,
synth_ellipsoidal_d20_k5,e0981ae1c5a2,
synth_ellipsoidal_d20_k5,08e381bd46b1,
synth_ellipsoidal_d20_k5,f7183f4c1fed,
synth_ellipsoidal_d20_k5,7c2e8cd4a56d,
synth_ellipsoidal_d20_k5,07ebbef7de3c,
synth_ellipsoidal_d20_k5,db49059653de,
synth_ellipsoidal_d20_k5,19967cb83e78,
synth_ellipsoidal_d20_k5,158a0277ed3c,
synth_ellipsoidal_d20_k5,d0fba6f03c0f,0.6565123572772757
synth_ellipsoidal_d20_k5,f10f8ff36baa,0.6565123572772757
synth_ellipsoidal_d20_k5,672c637760be,0.7178689459603882
synth_ellipsoidal_d20_k5,0cd896f527d5,0.7775944088077735
synth_ellipsoidal_d20_k5,4887a0323e21,
synth_ellipsoidal_d20_k5,3d795ce47578,
synth_ellipsoidal_d20_k5,639f74dd0e43,
synth_ellipsoidal_d20_k5,9c3ccb4fd98f,
synth_ellipsoidal_d20_k5,5647bbf0428d,0.5753488600651484
synth_ellipsoidal_d20_k5,389d4ccb0588,0.5753488600651484
synth_ellipsoidal_d20_k5,e34ce5984b64,0.5753488600651484
synth_ellipsoidal_d20_k5,63470ebdd53e,0.5753488600651484
synth_ellipsoidal_d20_k5,46814f50e13d,0.5753488600651484
synth_ellipsoidal_d20_k5,e597041814f5,0.5753488600651484
synth_ellipsoidal_d20_k5,024a1a8c54d1,0.5753488600651484
synth_ellipsoidal_d20_k5,bdcde80d6dbb,0.5753488600651484
synth_ellipsoidal_d20_k5,95475ce56089,0.5753488600651484
synth_ellipsoidal_d20_k5,5009193136b4,0.5753488600651484
synth_ellipsoidal_d20_k5,955728329102,0.5753488600651484
synth_ellipsoidal_d20_k5,1f1b6dfa46dc,0.5753488600651484
synth_ellipsoidal_d20_k5,272f18e90bd4,0.4182105873003218
synth_ellipsoidal_d20_k5,0cc00684cc3f,0.47096290620430425
synth_ellipsoidal_d20_k5,7203310ff7ba,0.5753488600651484
synth_ellipsoidal_d20_k5,a399ab5a112a,0.20526885024596872
synth_ellipsoidal_d20_k5,4d00158c440c,0.21090703158351903
synth_ellipsoidal_d20_k5,f028e3896d9e,0.20900107722937736
synth_ellipsoidal_d20_k5,bc0e2be21bfb,0.20900107722937736
synth_ellipsoidal_d20_k5,ae16e9272ff8,0.41981222638973104
synth_ellipsoidal_d20_k5,803c0d3403ff,0.47096290620430425
synth_ellipsoidal_d20_k5,579a8bd776f9,0.5753488600651484
synth_ellipsoidal_d20_k5,ccd2d07c7a4a,0.19150786203137987
synth_ellipsoidal_d20_k5,92f60358ba37,0.19670275526387776
synth_ellipsoidal_d20_k5,646357d2ae16,0.22113294497676364
synth_ellipsoidal_d20_k5,5773d7049286,0.22008573962507638
synth_ellipsoidal_d20_k5,a81f368f51bb,0.41981222638973104
synth_ellipsoidal_d20_k5,70969dd2d720,0.47096290620430425
synth_ellipsoidal_d20_k5,34b50b92b183,0.5753488600651484
synth_ellipsoidal_d20_k5,48d260f98b0d,0.31787663956978907
synth_ellipsoidal_d20_k5,1134a806601d,0.31068089871598653
synth_ellipsoidal_d20_k5,0069693e350e,0.2654000008733862
synth_ellipsoidal_d20_k5,2fa0af8799c8,0.26157623307904554
synth_ellipsoidal_d20_k8,76c89cda5ca5,0.3597824309098367
synth_ellipsoidal_d20_k8,23861655ac34,0.15441950886613245
synth_ellipsoidal_d20_k8,a042255d7a7d,0.3435824157329043
synth_ellipsoidal_d20_k8,47980bf71ea8,0.3734218098065366
synth_ellipsoidal_d20_k8,79d9b0fb5f02,0.17964554874601618
synth_ellipsoidal_d20_k8,e511e76239fe,0.14513696297623344
synth_ellipsoidal_d20_k8,7741c3e44852,0.19050767315697364
synth_ellipsoidal_d20_k8,b2d6bf5f391d,0.17362304606784462
synth_ellipsoidal_d20_k8,3964e1ccb548,0.3597824309098367
synth_ellipsoidal_d20_k8,4c077151b389,0.2431060417357322
synth_ellipsoidal_d20_k8,f292f2a1db5b,0.33854646740846134
synth_ellipsoidal_d20_k8,a4dbad06fd4e,0.3734218098065366
synth_ellipsoidal_d20_k8,8eecd2798818,0.1433724518935371
synth_ellipsoidal_d20_k8,4d9c9acccd21,0.14657473442011434
synth_ellipsoidal_d20_k8,9381fbddb6c5,0.14657473442011434
synth_ellipsoidal_d20_k8,8ec393598948,0.3597824309098367
synth_ellipsoidal_d20_k8,77e145ffcc55,0.14185308195146243
synth_ellipsoidal_d20_k8,632568e85407,0.33854646740846134
synth_ellipsoidal_d20_k8,fa9612cfa871,0.3734218098065366
synth_ellipsoidal_d20_k8,3d72e70b09e3,0.14466750568725098
synth_ellipsoidal_d20_k8,45c510f16843,0.1569224801580405
synth_ellipsoidal_d20_k8,27a2752a569f,0.14657473442011434
synth_ellipsoidal_d20_k8,4ec824c366d4,
synth_ellipsoidal_d20_k8,4555573328fc,
synth_ellipsoidal_d20_k8,0f46e0814abc,
synth_ellipsoidal_d20_k8,759f97a6695c,
synth_ellipsoidal_d20_k8,9cd81f07f9eb,
synth_ellipsoidal_d20_k8,bb5d6442dae0,
synth_ellipsoidal_d20_k8,c610648f3a0b,
synth_ellipsoidal_d20_k8,d9a6e957a479,
synth_ellipsoidal_d20_k8,e0981ae1c5a2,
synth_ellipsoidal_d20_k8,08e381bd46b1,
synth_ellipsoidal_d20_k8,f7183f4c1fed,
synth_ellipsoidal_d20_k8,7c2e8cd4a56d,
synth_ellipsoidal_d20_k8,07ebbef7de3c,
synth_ellipsoidal_d20_k8,db49059653de,
synth_ellipsoidal_d20_k8,19967cb83e78,
synth_ellipsoidal_d20_k8,158a0277ed3c,
synth_ellipsoidal_d20_k8,d0fba6f03c0f,0.3378240218291981
synth_ellipsoidal_d20_k8,f10f8ff36baa,0.4382808245461268
synth_ellipsoidal_d20_k8,672c637760be,0.46998514908293976
synth_ellipsoidal_d20_k8,0cd896f527d5,0.501588490679416
synth_ellipsoidal_d20_k8,4887a0323e21,
synth_ellipsoidal_d20_k8,3d795ce47578,
synth_ellipsoidal_d20_k8,639f74dd0e43,
synth_ellipsoidal_d20_k8,9c3ccb4fd98f,
synth_ellipsoidal_d20_k8,5647bbf0428d,0.384477266584685
synth_ellipsoidal_d20_k8,389d4ccb0588,0.384477266584685
synth_ellipsoidal_d20_k8,e34ce5984b64,0.384477266584685
synth_ellipsoidal_d20_k8,63470ebdd53e,0.384477266584685
synth_ellipsoidal_d20_k8,46814f50e13d,0.384477266584685
synth_ellipsoidal_d20_k8,e597041814f5,0.384477266584685
synth_ellipsoidal_d20_k8,024a1a8c54d1,0.384477266584685
synth_ellipsoidal_d20_k8,bdcde80d6dbb,0.384477266584685
synth_ellipsoidal_d20_k8,95475ce56089,0.384477266584685
synth_ellipsoidal_d20_k8,5009193136b4,0.384477266584685
synth_ellipsoidal_d20_k8,955728329102,0.384477266584685
synth_ellipsoidal_d20_k8,1f1b6dfa46dc,0.384477266584685
synth_ellipsoidal_d20_k8,272f18e90bd4,0.3058845601958245
synth_ellipsoidal_d20_k8,0cc00684cc3f,0.3309213885946959
synth_ellipsoidal_d20_k8,7203310ff7ba,0.3435824157329043
synth_ellipsoidal_d20_k8,a399ab5a112a,0.3734218098065366
synth_ellipsoidal_d20_k8,4d00158c440c,0.17810479224308823
synth_ellipsoidal_d20_k8,f028e3896d9e,0.16945203471845993
synth_ellipsoidal_d20_k8,bc0e2be21bfb,0.17145784790788893
synth_ellipsoidal_d20_k8,ae16e9272ff8,0.2431060417357322
synth_ellipsoidal_d20_k8,803c0d3403ff,0.2674835454617979
synth_ellipsoidal_d20_k8,579a8bd776f9,0.27953925785604794
synth_ellipsoidal_d20_k8,ccd2d07c7a4a,0.3409205212468693
synth_ellipsoidal_d20_k8,92f60358ba37,0.19327435084186032
synth_ellipsoidal_d20_k8,646357d2ae16,0.196470435053753
synth_ellipsoidal_d20_k8,5773d7049286,0.20810057267197085
synth_ellipsoidal_d20_k8,a81f368f51bb,0.37848467957311277
synth_ellipsoidal_d20_k8,70969dd2d720,0.39585968134531363
synth_ellipsoidal_d20_k8,34b50b92b183,0.3607062135929838
synth_ellipsoidal_d20_k8,48d260f98b0d,0.3734218098065366
synth_ellipsoidal_d20_k8,1134a806601d,0.29732932087922054
synth_ellipsoidal_d20_k8,0069693e350e,0.2828060383694869
synth_ellipsoidal_d20_k8,2fa0af8799c8,0.27194020782187295
synth_ellipsoidal_d3_k3,76c89cda5ca5,0.03268877279398739
synth_ellipsoidal_d3_k3,23861655ac34,0.043848775839940936
synth_ellipsoidal_d3_k3,a042255d7a7d,0.036742863387384375
synth_ellipsoidal_d3_k3,47980bf71ea8,0.033043117970918516
synth_ellipsoidal_d3_k3,79d9b0fb5f02,0.029627964048587037
synth_ellipsoidal_d3_k3,e511e76239fe,0.027239470276217415
synth_ellipsoidal_d3_k3,7741c3e44852,0.033868675958229844
synth_ellipsoidal_d3_k3,b2d6bf5f391d,0.044292329142051716
synth_ellipsoidal_d3_k3,3964e1ccb548,0.07779504165258377
synth_ellipsoidal_d3_k3,4c077151b389,0.05618390783502842
synth_ellipsoidal_d3_k3,f292f2a1db5b,0.02766609547138185
synth_ellipsoidal_d3_k3,a4dbad06fd4e,0.024319403466215465
synth_ellipsoidal_d3_k3,8eecd2798818,0.028569110986360953
synth_ellipsoidal_d3_k3,4d9c9acccd21,0.02682172260452545
synth_ellipsoidal_d3_k3,9381fbddb6c5,0.005700364966859071
synth_ellipsoidal_d3_k3,8ec393598948,0.11095100792723893
synth_ellipsoidal_d3_k3,77e145ffcc55,0.06624638293128385
synth_ellipsoidal_d3_k3,632568e85407,0.0079064983717923
synth_ellipsoidal_d3_k3,fa9612cfa871,0.019411559519542498
synth_ellipsoidal_d3_k3,3d72e70b09e3,0.02017257320378758
synth_ellipsoidal_d3_k3,45c510f16843,0.012038716296937427
synth_ellipsoidal_d3_k3,27a2752a569f,0.006285637104941458
synth_ellipsoidal_d3_k3,4ec824c366d4,0.3693171717839892
synth_ellipsoidal_d3_k3,4555573328fc,0.5538449370482642
synth_ellipsoidal_d3_k3,0f46e0814abc,
synth_ellipsoidal_d3_k3,759f97a6695c,
synth_ellipsoidal_d3_k3,9cd81f07f9eb,0.08993527004067593
synth_ellipsoidal_d3_k3,bb5d6442dae0,0.04937803669373846
synth_ellipsoidal_d3_k3,c610648f3a0b,0.11848769165873892
synth_ellipsoidal_d3_k3,d9a6e957a479,1.605372310877597
synth_ellipsoidal_d3_k3,e0981ae1c5a2,0.12794022131983665
synth_ellipsoidal_d3_k3,08e381bd46b1,0.12794022131983665
synth_ellipsoidal_d3_k3,f7183f4c1fed,0.16950069970263562
synth_ellipsoidal_d3_k3,7c2e8cd4a56d,0.07614822279280467
synth_ellipsoidal_d3_k3,07ebbef7de3c,
synth_ellipsoidal_d3_k3,db49059653de,
synth_ellipsoidal_d3_k3,19967cb83e78,
synth_ellipsoidal_d3_k3,158a0277ed3c,
synth_ellipsoidal_d3_k3,d0fba6f03c0f,
synth_ellipsoidal_d3_k3,f10f8ff36baa,
synth_ellipsoidal_d3_k3,672c637760be,
synth_ellipsoidal_d3_k3,0cd896f527d5,
synth_ellipsoidal_d3_k3,4887a0323e21,
synth_ellipsoidal_d3_k3,3d795ce47578,
synth_ellipsoidal_d3_k3,639f74dd0e43,
synth_ellipsoidal_d3_k3,9c3ccb4fd98f,
synth_ellipsoidal_d3_k3,5647bbf0428d,0.047481729577674485
synth_ellipsoidal_d3_k3,389d4ccb0588,0.09724415057802868
synth_ellipsoidal_d3_k3,e34ce5984b64,0.08549424281900098
synth_ellipsoidal_d3_k3,63470ebdd53e,0.07486109548874476
synth_ellipsoidal_d3_k3,46814f50e13d,0.09724415057802868
synth_ellipsoidal_d3_k3,e597041814f5,0.08549424281900098
synth_ellipsoidal_d3_k3,024a1a8c54d1,0.09007177358335144
synth_ellipsoidal_d3_k3,bdcde80d6dbb,0.09724415057802868
synth_ellipsoidal_d3_k3,95475ce56089,0.08549424281900098
synth_ellipsoidal_d3_k3,5009193136b4,0.09007177358335144
synth_ellipsoidal_d3_k3,955728329102,0.09724415057802868
synth_ellipsoidal_d3_k3,1f1b6dfa46dc,0.08549424281900098
synth_ellipsoidal_d3_k3,272f18e90bd4,0.11095100792723893
synth_ellipsoidal_d3_k3,0cc00684cc3f,0.05618390783502842
synth_ellipsoidal_d3_k3,7203310ff7ba,0.03385238666823581
synth_ellipsoidal_d3_k3,a399ab5a112a,0.044290607513177815
synth_ellipsoidal_d3_k3,4d00158c440c,0.044290607513177815
synth_ellipsoidal_d3_k3,f028e3896d9e,0.05354396514060537
synth_ellipsoidal_d3_k3,bc0e2be21bfb,0.07343179320940123
synth_ellipsoidal_d3_k3,ae16e9272ff8,0.021761403845774185
synth_ellipsoidal_d3_k3,803c0d3403ff,0.024103555217264285
synth_ellipsoidal_d3_k3,579a8bd776f9,0.028583978408594547
synth_ellipsoidal_d3_k3,ccd2d07c7a4a,0.0404066633771948
synth_ellipsoidal_d3_k3,92f60358ba37,0.04820620947656695
synth_ellipsoidal_d3_k3,646357d2ae16,0.05482837034751456
synth_ellipsoidal_d3_k3,5773d7049286,0.07109515185276008
synth_ellipsoidal_d3_k3,a81f368f51bb,0.11874387641262707
synth_ellipsoidal_d3_k3,70969dd2d720,0.07089933164676293
synth_ellipsoidal_d3_k3,34b50b92b183,0.06510312926694226
synth_ellipsoidal_d3_k3,48d260f98b0d,0.07644234168708033
synth_ellipsoidal_d3_k3,1134a806601d,0.055751768573022636
synth_ellipsoidal_d3_k3,0069693e350e,0.05952063549863665
synth_ellipsoidal_d3_k3,2fa0af8799c8,0.0738181178152815
synth_ellipsoidal_d3_k5,76c89cda5ca5,0.034365444150437435
synth_ellipsoidal_d3_k5,23861655ac34,0.31299363330305546
synth_ellipsoidal_d3_k5,a042255d7a7d,0.35810985066425954
synth_ellipsoidal_d3_k5,47980bf71ea8,0.019193673722634762
synth_ellipsoidal_d3_k5,79d9b0fb5f02,0.020313125620964302
synth_ellipsoidal_d3_k5,e511e76239fe,0.031813661202818186
synth_ellipsoidal_d3_k5,7741c3e44852,0.01712829543452474
synth_ellipsoidal_d3_k5,b2d6bf5f391d,0.02181777609456459
synth_ellipsoidal_d3_k5,3964e1ccb548,0.18640600081753803
synth_ellipsoidal_d3_k5,4c077151b389,0.2959382011540825
synth_ellipsoidal_d3_k5,f292f2a1db5b,0.35810985066425954
synth_ellipsoidal_d3_k5,a4dbad06fd4e,0.022078530768493712
synth_ellipsoidal_d3_k5,8eecd2798818,0.013677666794708403
synth_ellipsoidal_d3_k5,4d9c9acccd21,0.015522577149074844
synth_ellipsoidal_d3_k5,9381fbddb6c5,0.010242274502879274
synth_ellipsoidal_d3_k5,8ec393598948,0.023597846885035953
synth_ellipsoidal_d3_k5,77e145ffcc55,0.0476719679698925
synth_ellipsoidal_d3_k5,632568e85407,0.35810985066425954
synth_ellipsoidal_d3_k5,fa9612cfa871,0.02126266535451007
synth_ellipsoidal_d3_k5,3d72e70b09e3,0.011541388845710179
synth_ellipsoidal_d3_k5,45c510f16843,0.012474670650552258
synth_ellipsoidal_d3_k5,27a2752a569f,0.00618180244754153
synth_ellipsoidal_d3_k5,4ec824c366d4,0.10727231208484958
synth_ellipsoidal_d3_k5,4555573328fc,0.059026968296085926
synth_ellipsoidal_d3_k5,0f46e0814abc,1.9482000210146146
synth_ellipsoidal_d3_k5,759f97a6695c,6.302221457746087
synth_ellipsoidal_d3_k5,9cd81f07f9eb,0.4747367267646839
synth_ellipsoidal_d3_k5,bb5d6442dae0,0.5555523913828451
synth_ellipsoidal_d3_k5,c610648f3a0b,0.5981821953267291
synth_ellipsoidal_d3_k5,d9a6e957a479,0.6399656533655328
synth_ellipsoidal_d3_k5,e0981ae1c5a2,0.42360563494705294
synth_ellipsoidal_d3_k5,08e381bd46b1,0.42360563494705294
synth_ellipsoidal_d3_k5,f7183f4c1fed,0.42360563494705294
synth_ellipsoidal_d3_k5,7c2e8cd4a56d,0.42360563494705294
synth_ellipsoidal_d3_k5,07ebbef7de3c,0.35810985066425954
synth_ellipsoidal_d3_k5,db49059653de,0.35810985066425954
synth_ellipsoidal_d3_k5,19967cb83e78,0.35810985066425954
synth_ellipsoidal_d3_k5,158a0277ed3c,0.35810985066425954
synth_ellipsoidal_d3_k5,d0fba6f03c0f,
synth_ellipsoidal_d3_k5,f10f8ff36baa,
synth_ellipsoidal_d3_k5,672c637760be,
synth_ellipsoidal_d3_k5,0cd896f527d5,
synth_ellipsoidal_d3_k5,4887a0323e21,
synth_ellipsoidal_d3_k5,3d795ce47578,
synth_ellipsoidal_d3_k5,639f74dd0e43,
synth_ellipsoidal_d3_k5,9c3ccb4fd98f,
synth_ellipsoidal_d3_k5,5647bbf0428d,0.35810985066425954
synth_ellipsoidal_d3_k5,389d4ccb0588,0.42360563494705294
synth_ellipsoidal_d3_k5,e34ce5984b64,0.42360563494705294
synth_ellipsoidal_d3_k5,63470ebdd53e,0.35810985066425954
synth_ellipsoidal_d3_k5,46814f50e13d,0.42360563494705294
synth_ellipsoidal_d3_k5,e597041814f5,0.42360563494705294
synth_ellipsoidal_d3_k5,024a1a8c54d1,0.35810985066425954
synth_ellipsoidal_d3_k5,bdcde80d6dbb,0.42360563494705294
synth_ellipsoidal_d3_k5,95475ce56089,0.42360563494705294
synth_ellipsoidal_d3_k5,5009193136b4,0.35810985066425954
synth_ellipsoidal_d3_k5,955728329102,0.42360563494705294
synth_ellipsoidal_d3_k5,1f1b6dfa46dc,0.42360563494705294
synth_ellipsoidal_d3_k5,272f18e90bd4,0.18640600081753803
synth_ellipsoidal_d3_k5,0cc00684cc3f,0.31299363330305546
synth_ellipsoidal_d3_k5,7203310ff7ba,0.35810985066425954
synth_ellipsoidal_d3_k5,a399ab5a112a,0.030405152777910806
synth_ellipsoidal_d3_k5,4d00158c440c,0.028872316715326796
synth_ellipsoidal_d3_k5,f028e3896d9e,0.0386019117231268
synth_ellipsoidal_d3_k5,bc0e2be21bfb,0.0331759199492654
synth_ellipsoidal_d3_k5,ae16e9272ff8,0.2120616290058764
synth_ellipsoidal_d3_k5,803c0d3403ff,0.31299363330305546
synth_ellipsoidal_d3_k5,579a8bd776f9,0.35810985066425954
synth_ellipsoidal_d3_k5,ccd2d07c7a4a,0.025485872809135245
synth_ellipsoidal_d3_k5,92f60358ba37,0.0346655549111676
synth_ellipsoidal_d3_k5,646357d2ae16,0.03571565436078054
synth_ellipsoidal_d3_k5,5773d7049286,0.03961760678049855
synth_ellipsoidal_d3_k5,a81f368f51bb,0.21980810135772735
synth_ellipsoidal_d3_k5,70969dd2d720,0.31299363330305546
synth_ellipsoidal_d3_k5,34b50b92b183,0.35810985066425954
synth_ellipsoidal_d3_k5,48d260f98b0d,0.13569066517344974
synth_ellipsoidal_d3_k5,1134a806601d,0.049653646041865084
synth_ellipsoidal_d3_k5,0069693e350e,0.04471531108808405
synth_ellipsoidal_d3_k5,2fa0af8799c8,0.05461838054374473
synth_ellipsoidal_d3_k8,76c89cda5ca5,0.023545640805005243
synth_ellipsoidal_d3_k8,23861655ac34,0.025566199039482745
synth_ellipsoidal_d3_k8,a042255d7a7d,0.015421428673823342
synth_ellipsoidal_d3_k8,47980bf71ea8,0.01857314722588338
synth_ellipsoidal_d3_k8,79d9b0fb5f02,0.020514815956677746
synth_ellipsoidal_d3_k8,e511e76239fe,0.02549653238812787
synth_ellipsoidal_d3_k8,7741c3e44852,0.027263930895122006
synth_ellipsoidal_d3_k8,b2d6bf5f391d,0.01330149602792551
synth_ellipsoidal_d3_k8,3964e1ccb548,0.08111230001107636
synth_ellipsoidal_d3_k8,4c077151b389,0.15691639771846655
synth_ellipsoidal_d3_k8,f292f2a1db5b,0.011271857903137224
synth_ellipsoidal_d3_k8,a4dbad06fd4e,0.01172802070763784
synth_ellipsoidal_d3_k8,8eecd2798818,0.009652138328137739
synth_ellipsoidal_d3_k8,4d9c9acccd21,0.00750097326764019
synth_ellipsoidal_d3_k8,9381fbddb6c5,0.010733953334233187
synth_ellipsoidal_d3_k8,8ec393598948,0.1481664105736548
synth_ellipsoidal_d3_k8,77e145ffcc55,0.018671303765640412
synth_ellipsoidal_d3_k8,632568e85407,0.014707470550129902
synth_ellipsoidal_d3_k8,fa9612cfa871,0.011723071766916617
synth_ellipsoidal_d3_k8,3d72e70b09e3,0.015710013153806126
synth_ellipsoidal_d3_k8,45c510f16843,0.01331040947784399
synth_ellipsoidal_d3_k8,27a2752a569f,0.015284425529851677
synth_ellipsoidal_d3_k8,4ec824c366d4,0.08642079136447238
synth_ellipsoidal_d3_k8,4555573328fc,0.06339207610570562
synth_ellipsoidal_d3_k8,0f46e0814abc,0.20218724958377968
synth_ellipsoidal_d3_k8,759f97a6695c,
synth_ellipsoidal_d3_k8,9cd81f07f9eb,0.13118090700854315
synth_ellipsoidal_d3_k8,bb5d6442dae0,0.13118090700854315
synth_ellipsoidal_d3_k8,c610648f3a0b,0.1504744824786693
synth_ellipsoidal_d3_k8,d9a6e957a479,0.05978525685994518
synth_ellipsoidal_d3_k8,e0981ae1c5a2,0.11669053323302897
synth_ellipsoidal_d3_k8,08e381bd46b1,0.11669053323302897
synth_ellipsoidal_d3_k8,f7183f4c1fed,0.11669053323302897
synth_ellipsoidal_d3_k8,7c2e8cd4a56d,0.120663190349898
synth_ellipsoidal_d3_k8,07ebbef7de3c,
synth_ellipsoidal_d3_k8,db49059653de,
synth_ellipsoidal_d3_k8,19967cb83e78,
synth_ellipsoidal_d3_k8,158a0277ed3c,
synth_ellipsoidal_d3_k8,d0fba6f03c0f,
synth_ellipsoidal_d3_k8,f10f8ff36baa,
synth_ellipsoidal_d3_k8,672c637760be,
synth_ellipsoidal_d3_k8,0cd896f527d5,
synth_ellipsoidal_d3_k8,4887a0323e21,
synth_ellipsoidal_d3_k8,3d795ce47578,
synth_ellipsoidal_d3_k8,639f74dd0e43,
synth_ellipsoidal_d3_k8,9c3ccb4fd98f,
synth_ellipsoidal_d3_k8,5647bbf0428d,0.06293844012888136
synth_ellipsoidal_d3_k8,389d4ccb0588,0.08020772582863095
synth_ellipsoidal_d3_k8,e34ce5984b64,0.06949995653702655
synth_ellipsoidal_d3_k8,63470ebdd53e,0.11669053323302897
synth_ellipsoidal_d3_k8,46814f50e13d,0.08020772582863095
synth_ellipsoidal_d3_k8,e597041814f5,0.06949995653702655
synth_ellipsoidal_d3_k8,024a1a8c54d1,0.08011734028089046
synth_ellipsoidal_d3_k8,bdcde80d6dbb,0.08020772582863095
synth_ellipsoidal_d3_k8,95475ce56089,0.06949995653702655
synth_ellipsoidal_d3_k8,5009193136b4,0.08011734028089046
synth_ellipsoidal_d3_k8,955728329102,0.08020772582863095
synth_ellipsoidal_d3_k8,1f1b6dfa46dc,0.06949995653702655
synth_ellipsoidal_d3_k8,272f18e90bd4,0.1481664105736548
synth_ellipsoidal_d3_k8,0cc00684cc3f,0.15691639771846655
synth_ellipsoidal_d3_k8,7203310ff7ba,0.06887047908942406
synth_ellipsoidal_d3_k8,a399ab5a112a,0.027119601081676135
synth_ellipsoidal_d3_k8,4d00158c440c,0.03270480275992885
synth_ellipsoidal_d3_k8,f028e3896d9e,0.019034726341274597
synth_ellipsoidal_d3_k8,bc0e2be21bfb,0.022000931371008916
synth_ellipsoidal_d3_k8,ae16e9272ff8,0.015960070705704852
synth_ellipsoidal_d3_k8,803c0d3403ff,0.022046860045451974
synth_ellipsoidal_d3_k8,579a8bd776f9,0.017734836764241268
synth_ellipsoidal_d3_k8,ccd2d07c7a4a,0.021362816340573135
synth_ellipsoidal_d3_k8,92f60358ba37,0.026922366811795797
synth_ellipsoidal_d3_k8,646357d2ae16,0.03279649932950958
synth_ellipsoidal_d3_k8,5773d7049286,0.037670844155734184
synth_ellipsoidal_d3_k8,a81f368f51bb,0.1481664105736548
synth_ellipsoidal_d3_k8,70969dd2d720,0.15691639771846655
synth_ellipsoidal_d3_k8,34b50b92b183,0.06887047908942406
synth_ellipsoidal_d3_k8,48d260f98b0d,0.05839094974471882
synth_ellipsoidal_d3_k8,1134a806601d,0.04318591250854807
synth_ellipsoidal_d3_k8,0069693e350e,0.043696006517651854
synth_ellipsoidal_d3_k8,2fa0af8799c8,0.04114079571349179
synth_elongated_10d,76c89cda5ca5,0.44166146870729195
synth_elongated_10d,23861655ac34,0.3661234082594541
synth_elongated_10d,a042255d7a7d,0.6850265457241304
synth_elongated_10d,47980bf71ea8,0.08015845535901067
synth_elongated_10d,79d9b0fb5f02,0.08562851820615827
synth_elongated_10d,e511e76239fe,0.07453907157075094
synth_elongated_10d,7741c3e44852,0.10923723135534498
synth_elongated_10d,b2d6bf5f391d,0.13116070807585345
synth_elongated_10d,3964e1ccb548,0.44166146870729195
synth_elongated_10d,4c077151b389,0.411431953487256
synth_elongated_10d,f292f2a1db5b,0.6850265457241304
synth_elongated_10d,a4dbad06fd4e,0.07371866807101167
synth_elongated_10d,8eecd2798818,0.08389263346688366
synth_elongated_10d,4d9c9acccd21,0.08005252602711302
synth_elongated_10d,9381fbddb6c5,0.07555492389284488
synth_elongated_10d,8ec393598948,0.44166146870729195
synth_elongated_10d,77e145ffcc55,0.411431953487256
synth_elongated_10d,632568e85407,0.6850265457241304
synth_elongated_10d,fa9612cfa871,0.09634688626849333
synth_elongated_10d,3d72e70b09e3,0.0812917519473123
synth_elongated_10d,45c510f16843,0.09142817496564558
synth_elongated_10d,27a2752a569f,0.09142817496564558
synth_elongated_10d,3a9260f9550f,0.44166146870729195
synth_elongated_10d,0dfb18d06f3a,0.411431953487256
synth_elongated_10d,c104b3d67121,0.6850265457241304
synth_elongated_10d,7f10ff06a55f,0.11296461872093783
synth_elongated_10d,afb4fe7d2eaa,0.08562851820615827
synth_elongated_10d,627cdef1f058,0.12376527163166298
synth_elongated_10d,c5dfd3221b79,0.26178744382843766
synth_elongated_10d,e3ae029f4d54,0.26178744382843766
synth_elongated_10d,98d2a79e4c00,0.6850265457241304
synth_elongated_10d,0481ef8f35a2,0.0384060149711097
synth_elongated_10d,9a585386bc6d,0.0806551123081296
synth_elongated_10d,971471268792,0.08562851820615827
synth_elongated_10d,4ec824c366d4,
synth_elongated_10d,4555573328fc,
synth_elongated_10d,0f46e0814abc,
synth_elongated_10d,759f97a6695c,
synth_elongated_10d,9cd81f07f9eb,0.6721968231231317
synth_elongated_10d,bb5d6442dae0,
synth_elongated_10d,c610648f3a0b,
synth_elongated_10d,d9a6e957a479,
synth_elongated_10d,e0981ae1c5a2,0.20414563255744458
synth_elongated_10d,08e381bd46b1,0.24330398453917038
synth_elongated_10d,f7183f4c1fed,0.21031943237020467
synth_elongated_10d,7c2e8cd4a56d,
synth_elongated_10d,07ebbef7de3c,0.6850265457241304
synth_elongated_10d,db49059653de,0.6850265457241304
synth_elongated_10d,19967cb83e78,0.6850265457241304
synth_elongated_10d,158a0277ed3c,0.6850265457241304
synth_elongated_10d,d0fba6f03c0f,0.6850265457241304
synth_elongated_10d,f10f8ff36baa,0.6850265457241304
synth_elongated_10d,672c637760be,0.6850265457241304
synth_elongated_10d,0cd896f527d5,0.6850265457241304
synth_elongated_10d,4887a0323e21,
synth_elongated_10d,3d795ce47578,
synth_elongated_10d,639f74dd0e43,
synth_elongated_10d,9c3ccb4fd98f,
synth_elongated_10d,5647bbf0428d,0.6850265457241304
synth_elongated_10d,389d4ccb0588,0.6850265457241304
synth_elongated_10d,e34ce5984b64,0.6850265457241304
synth_elongated_10d,63470ebdd53e,0.6850265457241304
synth_elongated_10d,46814f50e13d,0.6850265457241304
synth_elongated_10d,e597041814f5,0.6850265457241304
synth_elongated_10d,024a1a8c54d1,0.6850265457241304
synth_elongated_10d,bdcde80d6dbb,0.6850265457241304
synth_elongated_10d,95475ce56089,0.6850265457241304
synth_elongated_10d,5009193136b4,0.6850265457241304
synth_elongated_10d,955728329102,0.6850265457241304
synth_elongated_10d,1f1b6dfa46dc,0.6850265457241304
synth_elongated_10d,272f18e90bd4,0.44166146870729195
synth_elongated_10d,0cc00684cc3f,0.3661234082594541
synth_elongated_10d,7203310ff7ba,0.6850265457241304
synth_elongated_10d,a399ab5a112a,0.11947000989364892
synth_elongated_10d,4d00158c440c,0.12251366341301546
synth_elongated_10d,f028e3896d9e,0.10858149469297193
synth_elongated_10d,bc0e2be21bfb,0.1231763756928026
synth_elongated_10d,ae16e9272ff8,0.3661234082594541
synth_elongated_10d,803c0d3403ff,0.38315458556762294
synth_elongated_10d,579a8bd776f9,0.6850265457241304
synth_elongated_10d,ccd2d07c7a4a,0.10675085216656495
synth_elongated_10d,92f60358ba37,0.12251366341301546
synth_elongated_10d,646357d2ae16,0.12104664151984634
synth_elongated_10d,5773d7049286,0.13302616467383022
synth_elongated_10d,a81f368f51bb,0.44166146870729195
synth_elongated_10d,70969dd2d720,0.411431953487256
synth_elongated_10d,34b50b92b183,0.6850265457241304
synth_elongated_10d,48d260f98b0d,0.21259141403039647
synth_elongated_10d,1134a806601d,0.1582248026218064
synth_elongated_10d,0069693e350e,0.14226433893694776
synth_elongated_10d,2fa0af8799c8,0.14795904915722882
synth_elongated_2d,76c89cda5ca5,0.018419557068143088
synth_elongated_2d,23861655ac34,0.02084870472379681
synth_elongated_2d,a042255d7a7d,0.006655650609899036
synth_elongated_2d,47980bf71ea8,0.009766387690623888
synth_elongated_2d,79d9b0fb5f02,0.019013063356518697
synth_elongated_2d,e511e76239fe,0.011439870932552516
synth_elongated_2d,7741c3e44852,0.018402613623123246
synth_elongated_2d,b2d6bf5f391d,0.01763357345970355
synth_elongated_2d,3964e1ccb548,0.01881521810290476
synth_elongated_2d,4c077151b389,0.022415462670371908
synth_elongated_2d,f292f2a1db5b,0.006846463584567384
synth_elongated_2d,a4dbad06fd4e,0.006256998550774875
synth_elongated_2d,8eecd2798818,0.004943393721870064
synth_elongated_2d,4d9c9acccd21,0.016178806925199837
synth_elongated_2d,9381fbddb6c5,0.01255045180305709
synth_elongated_2d,8ec393598948,0.022752531222715908
synth_elongated_2d,77e145ffcc55,0.019856374977638355
synth_elongated_2d,632568e85407,0.006339935518767266
synth_elongated_2d,fa9612cfa871,0.008592092608109945
synth_elongated_2d,3d72e70b09e3,0.013788268271853404
synth_elongated_2d,45c510f16843,0.010541882288247048
synth_elongated_2d,27a2752a569f,0.014481666104803044
synth_elongated_2d,3a9260f9550f,0.03468319169807376
synth_elongated_2d,0dfb18d06f3a,0.00983965338566482
synth_elongated_2d,c104b3d67121,0.008124339210968062
synth_elongated_2d,7f10ff06a55f,0.01460211573682612
synth_elongated_2d,afb4fe7d2eaa,0.025310652527731962
synth_elongated_2d,627cdef1f058,0.00562411210098735
synth_elongated_2d,c5dfd3221b79,0.013410563520009543
synth_elongated_2d,e3ae029f4d54,0.033740074745346925
synth_elongated_2d,98d2a79e4c00,0.0065384008499170705
synth_elongated_2d,0481ef8f35a2,0.013168740840104167
synth_elongated_2d,9a585386bc6d,0.0074959600294889584
synth_elongated_2d,971471268792,0.015507024734997814
synth_elongated_2d,4ec824c366d4,0.050327000384180975
synth_elongated_2d,4555573328fc,0.022247768883516178
synth_elongated_2d,0f46e0814abc,0.03487896086041276
synth_elongated_2d,759f97a6695c,
synth_elongated_2d,9cd81f07f9eb,
synth_elongated_2d,bb5d6442dae0,
synth_elongated_2d,c610648f3a0b,
synth_elongated_2d,d9a6e957a479,0.024344460816580333
synth_elongated_2d,e0981ae1c5a2,
synth_elongated_2d,08e381bd46b1,
synth_elongated_2d,f7183f4c1fed,
synth_elongated_2d,7c2e8cd4a56d,
synth_elongated_2d,07ebbef7de3c,
synth_elongated_2d,db49059653de,
synth_elongated_2d,19967cb83e78,
synth_elongated_2d,158a0277ed3c,
synth_elongated_2d,d0fba6f03c0f,
synth_elongated_2d,f10f8ff36baa,
synth_elongated_2d,672c637760be,
synth_elongated_2d,0cd896f527d5,
synth_elongated_2d,4887a0323e21,
synth_elongated_2d,3d795ce47578,
synth_elongated_2d,639f74dd0e43,
synth_elongated_2d,9c3ccb4fd98f,
synth_elongated_2d,5647bbf0428d,0.07646039799486051
synth_elongated_2d,389d4ccb0588,0.045185021783823394
synth_elongated_2d,e34ce5984b64,0.03142655237178595
synth_elongated_2d,63470ebdd53e,0.031038028619512482
synth_elongated_2d,46814f50e13d,0.06509771486197034
synth_elongated_2d,e597041814f5,0.03142655237178595
synth_elongated_2d,024a1a8c54d1,0.04761672781294776
synth_elongated_2d,bdcde80d6dbb,0.06509771486197034
synth_elongated_2d,95475ce56089,0.03142655237178595
synth_elongated_2d,5009193136b4,0.04761672781294776
synth_elongated_2d,955728329102,0.06509771486197034
synth_elongated_2d,1f1b6dfa46dc,0.03142655237178595
synth_elongated_2d,272f18e90bd4,0.028590695972748034
synth_elongated_2d,0cc00684cc3f,0.03701951897807689
synth_elongated_2d,7203310ff7ba,0.020193500787949643
synth_elongated_2d,a399ab5a112a,0.02962771428849448
synth_elongated_2d,4d00158c440c,0.022669867867823004
synth_elongated_2d,f028e3896d9e,0.027407340781985912
synth_elongated_2d,bc0e2be21bfb,0.027407340781985912
synth_elongated_2d,ae16e9272ff8,0.015096077868479534
synth_elongated_2d,803c0d3403ff,0.02130703187703849
synth_elongated_2d,579a8bd776f9,0.02454444671323692
synth_elongated_2d,ccd2d07c7a4a,0.02775517693410666
synth_elongated_2d,92f60358ba37,0.034624036764663156
synth_elongated_2d,646357d2ae16,0.027460971883825347
synth_elongated_2d,5773d7049286,0.03182620821084193
synth_elongated_2d,a81f368f51bb,0.03915045357910661
synth_elongated_2d,70969dd2d720,0.02923969098492961
synth_elongated_2d,34b50b92b183,0.030151349059355684
synth_elongated_2d,48d260f98b0d,0.02294766645488077
synth_elongated_2d,1134a806601d,0.02725764793343806
synth_elongated_2d,0069693e350e,0.03132717718480642
synth_elongated_2d,2fa0af8799c8,0.039330302392103784
synth_elongated_aspect10_3d,76c89cda5ca5,0.4216944042738183
synth_elongated_aspect10_3d,23861655ac34,0.48019002702392116
synth_elongated_aspect10_3d,a042255d7a7d,0.02693782881582379
synth_elongated_aspect10_3d,47980bf71ea8,0.017540145135158062
synth_elongated_aspect10_3d,79d9b0fb5f02,0.03627055012333726
synth_elongated_aspect10_3d,e511e76239fe,0.038877300478308535
synth_elongated_aspect10_3d,7741c3e44852,0.03698529340352742
synth_elongated_aspect10_3d,b2d6bf5f391d,0.0374636744890306
synth_elongated_aspect10_3d,3964e1ccb548,0.24998099359659542
synth_elongated_aspect10_3d,4c077151b389,0.48019002702392116
synth_elongated_aspect10_3d,f292f2a1db5b,0.033357338304291016
synth_elongated_aspect10_3d,a4dbad06fd4e,0.02265113087886277
synth_elongated_aspect10_3d,8eecd2798818,0.022123981151576006
synth_elongated_aspect10_3d,4d9c9acccd21,0.03123542723830107
synth_elongated_aspect10_3d,9381fbddb6c5,0.017652025685761675
synth_elongated_aspect10_3d,8ec393598948,0.24998099359659542
synth_elongated_aspect10_3d,77e145ffcc55,0.48019002702392116
synth_elongated_aspect10_3d,632568e85407,0.025111217596384225
synth_elongated_aspect10_3d,fa9612cfa871,0.02265113087886277
synth_elongated_aspect10_3d,3d72e70b09e3,0.024062154439746974
synth_elongated_aspect10_3d,45c510f16843,0.024062154439746974
synth_elongated_aspect10_3d,27a2752a569f,0.01942840379212212
synth_elongated_aspect10_3d,4ec824c366d4,0.12329692544560741
synth_elongated_aspect10_3d,4555573328fc,0.05946087592835984
synth_elongated_aspect10_3d,0f46e0814abc,0.13421467983995014
synth_elongated_aspect10_3d,759f97a6695c,
synth_elongated_aspect10_3d,9cd81f07f9eb,0.42888326192426107
synth_elongated_aspect10_3d,bb5d6442dae0,0.42888326192426107
synth_elongated_aspect10_3d,c610648f3a0b,0.4400545156772366
synth_elongated_aspect10_3d,d9a6e957a479,0.4400545156772366
synth_elongated_aspect10_3d,e0981ae1c5a2,0.3879114103440461
synth_elongated_aspect10_3d,08e381bd46b1,0.3879114103440461
synth_elongated_aspect10_3d,f7183f4c1fed,0.3879114103440461
synth_elongated_aspect10_3d,7c2e8cd4a56d,0.3879114103440461
synth_elongated_aspect10_3d,07ebbef7de3c,0.48019002702392116
synth_elongated_aspect10_3d,db49059653de,0.48019002702392116
synth_elongated_aspect10_3d,19967cb83e78,0.48019002702392116
synth_elongated_aspect10_3d,158a0277ed3c,0.48019002702392116
synth_elongated_aspect10_3d,d0fba6f03c0f,
synth_elongated_aspect10_3d,f10f8ff36baa,
synth_elongated_aspect10_3d,672c637760be,
synth_elongated_aspect10_3d,0cd896f527d5,
synth_elongated_aspect10_3d,4887a0323e21,
synth_elongated_aspect10_3d,3d795ce47578,
synth_elongated_aspect10_3d,639f74dd0e43,
synth_elongated_aspect10_3d,9c3ccb4fd98f,
synth_elongated_aspect10_3d,5647bbf0428d,0.3879114103440461
synth_elongated_aspect10_3d,389d4ccb0588,0.3879114103440461
synth_elongated_aspect10_3d,e34ce5984b64,0.3879114103440461
synth_elongated_aspect10_3d,63470ebdd53e,0.3879114103440461
synth_elongated_aspect10_3d,46814f50e13d,0.3879114103440461
synth_elongated_aspect10_3d,e597041814f5,0.3879114103440461
synth_elongated_aspect10_3d,024a1a8c54d1,0.3879114103440461
synth_elongated_aspect10_3d,bdcde80d6dbb,0.3879114103440461
synth_elongated_aspect10_3d,95475ce56089,0.3879114103440461
synth_elongated_aspect10_3d,5009193136b4,0.3879114103440461
synth_elongated_aspect10_3d,955728329102,0.3879114103440461
synth_elongated_aspect10_3d,1f1b6dfa46dc,0.3879114103440461
synth_elongated_aspect10_3d,272f18e90bd4,0.4216944042738183
synth_elongated_aspect10_3d,0cc00684cc3f,0.48019002702392116
synth_elongated_aspect10_3d,7203310ff7ba,0.04445908103332547
synth_elongated_aspect10_3d,a399ab5a112a,0.04015995869116228
synth_elongated_aspect10_3d,4d00158c440c,0.051685437873243686
synth_elongated_aspect10_3d,f028e3896d9e,0.06260829832583255
synth_elongated_aspect10_3d,bc0e2be21bfb,0.05769760739818578
synth_elongated_aspect10_3d,ae16e9272ff8,0.4216944042738183
synth_elongated_aspect10_3d,803c0d3403ff,0.48019002702392116
synth_elongated_aspect10_3d,579a8bd776f9,0.04580821850673376
synth_elongated_aspect10_3d,ccd2d07c7a4a,0.04917253715833859
synth_elongated_aspect10_3d,92f60358ba37,0.04857022740437422
synth_elongated_aspect10_3d,646357d2ae16,0.043533822592003155
synth_elongated_aspect10_3d,5773d7049286,0.048941440065237984
synth_elongated_aspect10_3d,a81f368f51bb,0.4216944042738183
synth_elongated_aspect10_3d,70969dd2d720,0.48019002702392116
synth_elongated_aspect10_3d,34b50b92b183,0.13088437934047903
synth_elongated_aspect10_3d,48d260f98b0d,0.14614207239787402
synth_elongated_aspect10_3d,1134a806601d,0.14614207239787402
synth_elongated_aspect10_3d,0069693e350e,0.09540859573607477
synth_elongated_aspect10_3d,2fa0af8799c8,0.07465964011310916
synth_elongated_aspect20_3d,76c89cda5ca5,0.4499730222758688
synth_elongated_aspect20_3d,23861655ac34,0.37223737430600584
synth_elongated_aspect20_3d,a042255d7a7d,0.02141581546765057
synth_elongated_aspect20_3d,47980bf71ea8,0.023924855521652386
synth_elongated_aspect20_3d,79d9b0fb5f02,0.02747806263532279
synth_elongated_aspect20_3d,e511e76239fe,0.0175032288962615
synth_elongated_aspect20_3d,7741c3e44852,0.024191630511175618
synth_elongated_aspect20_3d,b2d6bf5f391d,0.01849566753437985
synth_elongated_aspect20_3d,3964e1ccb548,0.012680317901520086
synth_elongated_aspect20_3d,4c077151b389,0.37223737430600584
synth_elongated_aspect20_3d,f292f2a1db5b,0.016953864552643576
synth_elongated_aspect20_3d,a4dbad06fd4e,0.02155125015955148
synth_elongated_aspect20_3d,8eecd2798818,0.008625831364347568
synth_elongated_aspect20_3d,4d9c9acccd21,0.02487896572655803
synth_elongated_aspect20_3d,9381fbddb6c5,0.018870362496631325
synth_elongated_aspect20_3d,8ec393598948,0.016189927875164614
synth_elongated_aspect20_3d,77e145ffcc55,0.37223737430600584
synth_elongated_aspect20_3d,632568e85407,0.03330573456819334
synth_elongated_aspect20_3d,fa9612cfa871,0.022306848012233624
synth_elongated_aspect20_3d,3d72e70b09e3,0.011824806323363553
synth_elongated_aspect20_3d,45c510f16843,0.013889069542083899
synth_elongated_aspect20_3d,27a2752a569f,0.00989211489800443
synth_elongated_aspect20_3d,4ec824c366d4,0.11769032337191312
synth_elongated_aspect20_3d,4555573328fc,0.0885886415826778
synth_elongated_aspect20_3d,0f46e0814abc,0.08257374883121014
synth_elongated_aspect20_3d,759f97a6695c,
synth_elongated_aspect20_3d,9cd81f07f9eb,0.2111459013265215
synth_elongated_aspect20_3d,bb5d6442dae0,0.2111459013265215
synth_elongated_aspect20_3d,c610648f3a0b,0.2111459013265215
synth_elongated_aspect20_3d,d9a6e957a479,0.21901157762122775
synth_elongated_aspect20_3d,e0981ae1c5a2,0.37223737430600584
synth_elongated_aspect20_3d,08e381bd46b1,0.37223737430600584
synth_elongated_aspect20_3d,f7183f4c1fed,0.37223737430600584
synth_elongated_aspect20_3d,7c2e8cd4a56d,0.37223737430600584
synth_elongated_aspect20_3d,07ebbef7de3c,0.37223737430600584
synth_elongated_aspect20_3d,db49059653de,0.37223737430600584
synth_elongated_aspect20_3d,19967cb83e78,0.37223737430600584
synth_elongated_aspect20_3d,158a0277ed3c,0.37223737430600584
synth_elongated_aspect20_3d,d0fba6f03c0f,0.4499730222758688
synth_elongated_aspect20_3d,f10f8ff36baa,0.4499730222758688
synth_elongated_aspect20_3d,672c637760be,0.4499730222758688
synth_elongated_aspect20_3d,0cd896f527d5,0.4499730222758688
synth_elongated_aspect20_3d,4887a0323e21,
synth_elongated_aspect20_3d,3d795ce47578,
synth_elongated_aspect20_3d,639f74dd0e43,
synth_elongated_aspect20_3d,9c3ccb4fd98f,
synth_elongated_aspect20_3d,5647bbf0428d,0.18462807643967716
synth_elongated_aspect20_3d,389d4ccb0588,0.18462807643967716
synth_elongated_aspect20_3d,e34ce5984b64,0.11778357065084419
synth_elongated_aspect20_3d,63470ebdd53e,0.18462807643967716
synth_elongated_aspect20_3d,46814f50e13d,0.18462807643967716
synth_elongated_aspect20_3d,e597041814f5,0.11778357065084419
synth_elongated_aspect20_3d,024a1a8c54d1,0.18462807643967716
synth_elongated_aspect20_3d,bdcde80d6dbb,0.18462807643967716
synth_elongated_aspect20_3d,95475ce56089,0.11778357065084419
synth_elongated_aspect20_3d,5009193136b4,0.18462807643967716
synth_elongated_aspect20_3d,955728329102,0.18462807643967716
synth_elongated_aspect20_3d,1f1b6dfa46dc,0.11778357065084419
synth_elongated_aspect20_3d,272f18e90bd4,0.4499730222758688
synth_elongated_aspect20_3d,0cc00684cc3f,0.37223737430600584
synth_elongated_aspect20_3d,7203310ff7ba,0.05066206209004008
synth_elongated_aspect20_3d,a399ab5a112a,0.038635825053087706
synth_elongated_aspect20_3d,4d00158c440c,0.05063844950383368
synth_elongated_aspect20_3d,f028e3896d9e,0.05063844950383368
synth_elongated_aspect20_3d,bc0e2be21bfb,0.05926006523276291
synth_elongated_aspect20_3d,ae16e9272ff8,0.2694192246512326
synth_elongated_aspect20_3d,803c0d3403ff,0.37223737430600584
synth_elongated_aspect20_3d,579a8bd776f9,0.06260376236397294
synth_elongated_aspect20_3d,ccd2d07c7a4a,0.04367436146959074
synth_elongated_aspect20_3d,92f60358ba37,0.05000620583421136
synth_elongated_aspect20_3d,646357d2ae16,0.05415368386367908
synth_elongated_aspect20_3d,5773d7049286,0.05986730045793607
synth_elongated_aspect20_3d,a81f368f51bb,0.4499730222758688
synth_elongated_aspect20_3d,70969dd2d720,0.37223737430600584
synth_elongated_aspect20_3d,34b50b92b183,0.20625878387550656
synth_elongated_aspect20_3d,48d260f98b0d,0.18035156839672933
synth_elongated_aspect20_3d,1134a806601d,0.10309781587200838
synth_elongated_aspect20_3d,0069693e350e,0.07397686069447483
synth_elongated_aspect20_3d,2fa0af8799c8,0.06135809511807354
synth_elongated_aspect5_3d,76c89cda5ca5,0.3636991340177103
synth_elongated_aspect5_3d,23861655ac34,0.41306133798736383
synth_elongated_aspect5_3d,a042255d7a7d,0.017018783935103
synth_elongated_aspect5_3d,47980bf71ea8,0.01364442938180797
synth_elongated_aspect5_3d,79d9b0fb5f02,0.02012396565432498
synth_elongated_aspect5_3d,e511e76239fe,0.023115065256009763
synth_elongated_aspect5_3d,7741c3e44852,0.015269396440894464
synth_elongated_aspect5_3d,b2d6bf5f391d,0.03571326215708109
synth_elongated_aspect5_3d,3964e1ccb548,0.3544118060261364
synth_elongated_aspect5_3d,4c077151b389,0.34472087668964335
synth_elongated_aspect5_3d,f292f2a1db5b,0.023825211929638795
synth_elongated_aspect5_3d,a4dbad06fd4e,0.027060426952057966
synth_elongated_aspect5_3d,8eecd2798818,0.025246693326911485
synth_elongated_aspect5_3d,4d9c9acccd21,0.01741254254529209
synth_elongated_aspect5_3d,9381fbddb6c5,0.0311655152069917
synth_elongated_aspect5_3d,8ec393598948,0.03303266885734807
synth_elongated_aspect5_3d,77e145ffcc55,0.34472087668964335
synth_elongated_aspect5_3d,632568e85407,0.026233045643836852
synth_elongated_aspect5_3d,fa9612cfa871,0.018804954536171602
synth_elongated_aspect5_3d,3d72e70b09e3,0.021886321664315676
synth_elongated_aspect5_3d,45c510f16843,0.028702945454915436
synth_elongated_aspect5_3d,27a2752a569f,0.0463384913081647
synth_elongated_aspect5_3d,4ec824c366d4,0.11864068885064373
synth_elongated_aspect5_3d,4555573328fc,0.11134938557167356
synth_elongated_aspect5_3d,0f46e0814abc,0.24133172192042326
synth_elongated_aspect5_3d,759f97a6695c,
synth_elongated_aspect5_3d,9cd81f07f9eb,0.782686467247333
synth_elongated_aspect5_3d,bb5d6442dae0,0.782686467247333
synth_elongated_aspect5_3d,c610648f3a0b,0.782686467247333
synth_elongated_aspect5_3d,d9a6e957a479,0.8607652028217249
synth_elongated_aspect5_3d,e0981ae1c5a2,0.7714068868645708
synth_elongated_aspect5_3d,08e381bd46b1,0.7714068868645708
synth_elongated_aspect5_3d,f7183f4c1fed,0.7714068868645708
synth_elongated_aspect5_3d,7c2e8cd4a56d,0.7714068868645708
synth_elongated_aspect5_3d,07ebbef7de3c,0.7714068868645708
synth_elongated_aspect5_3d,db49059653de,0.7714068868645708
synth_elongated_aspect5_3d,19967cb83e78,0.7714068868645708
synth_elongated_aspect5_3d,158a0277ed3c,0.7714068868645708
synth_elongated_aspect5_3d,d0fba6f03c0f,
synth_elongated_aspect5_3d,f10f8ff36baa,
synth_elongated_aspect5_3d,672c637760be,
synth_elongated_aspect5_3d,0cd896f527d5,
synth_elongated_aspect5_3d,4887a0323e21,
synth_elongated_aspect5_3d,3d795ce47578,
synth_elongated_aspect5_3d,639f74dd0e43,
synth_elongated_aspect5_3d,9c3ccb4fd98f,
synth_elongated_aspect5_3d,5647bbf0428d,0.7714068868645708
synth_elongated_aspect5_3d,389d4ccb0588,0.7714068868645708
synth_elongated_aspect5_3d,e34ce5984b64,0.7714068868645708
synth_elongated_aspect5_3d,63470ebdd53e,0.7714068868645708
synth_elongated_aspect5_3d,46814f50e13d,0.7714068868645708
synth_elongated_aspect5_3d,e597041814f5,0.7714068868645708
synth_elongated_aspect5_3d,024a1a8c54d1,0.7714068868645708
synth_elongated_aspect5_3d,bdcde80d6dbb,0.7714068868645708
synth_elongated_aspect5_3d,95475ce56089,0.7714068868645708
synth_elongated_aspect5_3d,5009193136b4,0.7714068868645708
synth_elongated_aspect5_3d,955728329102,0.7714068868645708
synth_elongated_aspect5_3d,1f1b6dfa46dc,0.7714068868645708
synth_elongated_aspect5_3d,272f18e90bd4,0.3636991340177103
synth_elongated_aspect5_3d,0cc00684cc3f,0.41306133798736383
synth_elongated_aspect5_3d,7203310ff7ba,0.053392817467690416
synth_elongated_aspect5_3d,a399ab5a112a,0.04358081094967552
synth_elongated_aspect5_3d,4d00158c440c,0.058068206419551606
synth_elongated_aspect5_3d,f028e3896d9e,0.060265923904940545
synth_elongated_aspect5_3d,bc0e2be21bfb,0.054463484300013416
synth_elongated_aspect5_3d,ae16e9272ff8,0.3636991340177103
synth_elongated_aspect5_3d,803c0d3403ff,0.41306133798736383
synth_elongated_aspect5_3d,579a8bd776f9,0.035459485830491744
synth_elongated_aspect5_3d,ccd2d07c7a4a,0.03813263770423193
synth_elongated_aspect5_3d,92f60358ba37,0.04987808311392103
synth_elongated_aspect5_3d,646357d2ae16,0.050482868935416696
synth_elongated_aspect5_3d,5773d7049286,0.05371520074615652
synth_elongated_aspect5_3d,a81f368f51bb,0.3636991340177103
synth_elongated_aspect5_3d,70969dd2d720,0.41306133798736383
synth_elongated_aspect5_3d,34b50b92b183,0.08093948295215772
synth_elongated_aspect5_3d,48d260f98b0d,0.08093948295215772
synth_elongated_aspect5_3d,1134a806601d,0.05684529543254387
synth_elongated_aspect5_3d,0069693e350e,0.050277137542766
synth_elongated_aspect5_3d,2fa0af8799c8,0.050277137542766
synth_grid_d15_k10_highoverlap,76c89cda5ca5,0.15181409247471256
synth_grid_d15_k10_highoverlap,23861655ac34,0.2066422306175063
synth_grid_d15_k10_highoverlap,a042255d7a7d,0.20028930271711193
synth_grid_d15_k10_highoverlap,47980bf71ea8,0.31356970418907526
synth_grid_d15_k10_highoverlap,79d9b0fb5f02,0.2623750216483726
synth_grid_d15_k10_highoverlap,e511e76239fe,0.19890854447864226
synth_grid_d15_k10_highoverlap,7741c3e44852,0.19649186399995505
synth_grid_d15_k10_highoverlap,b2d6bf5f391d,0.17792366388419714
synth_grid_d15_k10_highoverlap,3964e1ccb548,0.19556917584750103
synth_grid_d15_k10_highoverlap,4c077151b389,0.27586504120700206
synth_grid_d15_k10_highoverlap,f292f2a1db5b,0.28761864091058537
synth_grid_d15_k10_highoverlap,a4dbad06fd4e,0.27255584717964965
synth_grid_d15_k10_highoverlap,8eecd2798818,0.2623750216483726
synth_grid_d15_k10_highoverlap,4d9c9acccd21,0.18728702206869727
synth_grid_d15_k10_highoverlap,9381fbddb6c5,0.1910595442272467
synth_grid_d15_k10_highoverlap,8ec393598948,0.16362836208117545
synth_grid_d15_k10_highoverlap,77e145ffcc55,0.27586504120700206
synth_grid_d15_k10_highoverlap,632568e85407,0.28761864091058537
synth_grid_d15_k10_highoverlap,fa9612cfa871,0.27255584717964965
synth_grid_d15_k10_highoverlap,3d72e70b09e3,0.2623750216483726
synth_grid_d15_k10_highoverlap,45c510f16843,0.2146269338492503
synth_grid_d15_k10_highoverlap,27a2752a569f,0.19649186399995505
synth_grid_d15_k10_highoverlap,4ec824c366d4,
synth_grid_d15_k10_highoverlap,4555573328fc,
synth_grid_d15_k10_highoverlap,0f46e0814abc,
synth_grid_d15_k10_highoverlap,759f97a6695c,
synth_grid_d15_k10_highoverlap,9cd81f07f9eb,
synth_grid_d15_k10_highoverlap,bb5d6442dae0,
synth_grid_d15_k10_highoverlap,c610648f3a0b,
synth_grid_d15_k10_highoverlap,d9a6e957a479,
synth_grid_d15_k10_highoverlap,e0981ae1c5a2,
synth_grid_d15_k10_highoverlap,08e381bd46b1,
synth_grid_d15_k10_highoverlap,f7183f4c1fed,
synth_grid_d15_k10_highoverlap,7c2e8cd4a56d,
synth_grid_d15_k10_highoverlap,07ebbef7de3c,
synth_grid_d15_k10_highoverlap,db49059653de,
synth_grid_d15_k10_highoverlap,19967cb83e78,
synth_grid_d15_k10_highoverlap,158a0277ed3c,
synth_grid_d15_k10_highoverlap,d0fba6f03c0f,0.3267005381208766
synth_grid_d15_k10_highoverlap,f10f8ff36baa,0.3267005381208766
synth_grid_d15_k10_highoverlap,672c637760be,0.3316792321319665
synth_grid_d15_k10_highoverlap,0cd896f527d5,0.3567047284018674
synth_grid_d15_k10_highoverlap,4887a0323e21,
synth_grid_d15_k10_highoverlap,3d795ce47578,
synth_grid_d15_k10_highoverlap,639f74dd0e43,
synth_grid_d15_k10_highoverlap,9c3ccb4fd98f,
synth_grid_d15_k10_highoverlap,5647bbf0428d,0.3175054125231146
synth_grid_d15_k10_highoverlap,389d4ccb0588,0.3175054125231146
synth_grid_d15_k10_highoverlap,e34ce5984b64,0.31831889764968757
synth_grid_d15_k10_highoverlap,63470ebdd53e,0.3175054125231146
synth_grid_d15_k10_highoverlap,46814f50e13d,0.3175054125231146
synth_grid_d15_k10_highoverlap,e597041814f5,0.31831889764968757
synth_grid_d15_k10_highoverlap,024a1a8c54d1,0.3175054125231146
synth_grid_d15_k10_highoverlap,bdcde80d6dbb,0.3175054125231146
synth_grid_d15_k10_highoverlap,95475ce56089,0.31831889764968757
synth_grid_d15_k10_highoverlap,5009193136b4,0.3175054125231146
synth_grid_d15_k10_highoverlap,955728329102,0.3175054125231146
synth_grid_d15_k10_highoverlap,1f1b6dfa46dc,0.23094439494870603
synth_grid_d15_k10_highoverlap,272f18e90bd4,0.2485432802685345
synth_grid_d15_k10_highoverlap,0cc00684cc3f,0.27586504120700206
synth_grid_d15_k10_highoverlap,7203310ff7ba,0.2939595914559056
synth_grid_d15_k10_highoverlap,a399ab5a112a,0.31356970418907526
synth_grid_d15_k10_highoverlap,4d00158c440c,0.31203360528324
synth_grid_d15_k10_highoverlap,f028e3896d9e,0.21374073888135645
synth_grid_d15_k10_highoverlap,bc0e2be21bfb,0.22373002823082705
synth_grid_d15_k10_highoverlap,ae16e9272ff8,0.27837692897934013
synth_grid_d15_k10_highoverlap,803c0d3403ff,0.3059419114777999
synth_grid_d15_k10_highoverlap,579a8bd776f9,0.30452027796643283
synth_grid_d15_k10_highoverlap,ccd2d07c7a4a,0.3201231695335386
synth_grid_d15_k10_highoverlap,92f60358ba37,0.31203360528324
synth_grid_d15_k10_highoverlap,646357d2ae16,0.22905305886590857
synth_grid_d15_k10_highoverlap,5773d7049286,0.2393141994679008
synth_grid_d15_k10_highoverlap,a81f368f51bb,0.26537803381262826
synth_grid_d15_k10_highoverlap,70969dd2d720,0.27586504120700206
synth_grid_d15_k10_highoverlap,34b50b92b183,0.2939595914559056
synth_grid_d15_k10_highoverlap,48d260f98b0d,0.31356970418907526
synth_grid_d15_k10_highoverlap,1134a806601d,0.2623750216483726
synth_grid_d15_k10_highoverlap,0069693e350e,0.2623750216483726
synth_grid_d15_k10_highoverlap,2fa0af8799c8,0.2623750216483726
synth_grid_d15_k10_lowoverlap,76c89cda5ca5,0.5362927043667761
synth_grid_d15_k10_lowoverlap,23861655ac34,0.5333977342681019
synth_grid_d15_k10_lowoverlap,a042255d7a7d,0.6009920558601569
synth_grid_d15_k10_lowoverlap,47980bf71ea8,0.6945729312427289
synth_grid_d15_k10_lowoverlap,79d9b0fb5f02,1.696994968821669
synth_grid_d15_k10_lowoverlap,e511e76239fe,0.15743169985988315
synth_grid_d15_k10_lowoverlap,7741c3e44852,0.11926112527157129
synth_grid_d15_k10_lowoverlap,b2d6bf5f391d,0.1966679247051167
synth_grid_d15_k10_lowoverlap,3964e1ccb548,0.33036811184017967
synth_grid_d15_k10_lowoverlap,4c077151b389,0.44304779570262476
synth_grid_d15_k10_lowoverlap,f292f2a1db5b,0.4972606478448312
synth_grid_d15_k10_lowoverlap,a4dbad06fd4e,0.5821530630893353
synth_grid_d15_k10_lowoverlap,8eecd2798818,1.696994968821669
synth_grid_d15_k10_lowoverlap,4d9c9acccd21,0.13906770485010705
synth_grid_d15_k10_lowoverlap,9381fbddb6c5,0.13728668000500727
synth_grid_d15_k10_lowoverlap,8ec393598948,0.33036811184017967
synth_grid_d15_k10_lowoverlap,77e145ffcc55,0.44304779570262476
synth_grid_d15_k10_lowoverlap,632568e85407,0.4972606478448312
synth_grid_d15_k10_lowoverlap,fa9612cfa871,0.5821530630893353
synth_grid_d15_k10_lowoverlap,3d72e70b09e3,1.696994968821669
synth_grid_d15_k10_lowoverlap,45c510f16843,0.13302525295456327
synth_grid_d15_k10_lowoverlap,27a2752a569f,0.13952621246174687
synth_grid_d15_k10_lowoverlap,4ec824c366d4,
synth_grid_d15_k10_lowoverlap,4555573328fc,
synth_grid_d15_k10_lowoverlap,0f46e0814abc,
synth_grid_d15_k10_lowoverlap,759f97a6695c,
synth_grid_d15_k10_lowoverlap,9cd81f07f9eb,0.366955673457979
synth_grid_d15_k10_lowoverlap,bb5d6442dae0,0.35554235652426563
synth_grid_d15_k10_lowoverlap,c610648f3a0b,
synth_grid_d15_k10_lowoverlap,d9a6e957a479,
synth_grid_d15_k10_lowoverlap,e0981ae1c5a2,1.696994968821669
synth_grid_d15_k10_lowoverlap,08e381bd46b1,1.696994968821669
synth_grid_d15_k10_lowoverlap,f7183f4c1fed,1.696994968821669
synth_grid_d15_k10_lowoverlap,7c2e8cd4a56d,1.696994968821669
synth_grid_d15_k10_lowoverlap,07ebbef7de3c,1.696994968821669
synth_grid_d15_k10_lowoverlap,db49059653de,1.696994968821669
synth_grid_d15_k10_lowoverlap,19967cb83e78,1.696994968821669
synth_grid_d15_k10_lowoverlap,158a0277ed3c,1.696994968821669
synth_grid_d15_k10_lowoverlap,d0fba6f03c0f,1.696994968821669
synth_grid_d15_k10_lowoverlap,f10f8ff36baa,1.696994968821669
synth_grid_d15_k10_lowoverlap,672c637760be,1.696994968821669
synth_grid_d15_k10_lowoverlap,0cd896f527d5,1.696994968821669
synth_grid_d15_k10_lowoverlap,4887a0323e21,0.6509114069668719
synth_grid_d15_k10_lowoverlap,3d795ce47578,0.6509114069668719
synth_grid_d15_k10_lowoverlap,639f74dd0e43,0.6509114069668719
synth_grid_d15_k10_lowoverlap,9c3ccb4fd98f,0.6509114069668719
synth_grid_d15_k10_lowoverlap,5647bbf0428d,1.696994968821669
synth_grid_d15_k10_lowoverlap,389d4ccb0588,1.696994968821669
synth_grid_d15_k10_lowoverlap,e34ce5984b64,1.696994968821669
synth_grid_d15_k10_lowoverlap,63470ebdd53e,1.696994968821669
synth_grid_d15_k10_lowoverlap,46814f50e13d,1.696994968821669
synth_grid_d15_k10_lowoverlap,e597041814f5,1.696994968821669
synth_grid_d15_k10_lowoverlap,024a1a8c54d1,1.696994968821669
synth_grid_d15_k10_lowoverlap,bdcde80d6dbb,1.696994968821669
synth_grid_d15_k10_lowoverlap,95475ce56089,1.696994968821669
synth_grid_d15_k10_lowoverlap,5009193136b4,1.696994968821669
synth_grid_d15_k10_lowoverlap,955728329102,1.696994968821669
synth_grid_d15_k10_lowoverlap,1f1b6dfa46dc,1.696994968821669
synth_grid_d15_k10_lowoverlap,272f18e90bd4,0.5362927043667761
synth_grid_d15_k10_lowoverlap,0cc00684cc3f,0.5362927043667761
synth_grid_d15_k10_lowoverlap,7203310ff7ba,0.6567880746154856
synth_grid_d15_k10_lowoverlap,a399ab5a112a,0.6945729312427289
synth_grid_d15_k10_lowoverlap,4d00158c440c,1.696994968821669
synth_grid_d15_k10_lowoverlap,f028e3896d9e,0.19648946473012077
synth_grid_d15_k10_lowoverlap,bc0e2be21bfb,0.21222412735397897
synth_grid_d15_k10_lowoverlap,ae16e9272ff8,0.478032323907973
synth_grid_d15_k10_lowoverlap,803c0d3403ff,0.5175527375940727
synth_grid_d15_k10_lowoverlap,579a8bd776f9,0.5709010464180321
synth_grid_d15_k10_lowoverlap,ccd2d07c7a4a,0.6945729312427289
synth_grid_d15_k10_lowoverlap,92f60358ba37,1.696994968821669
synth_grid_d15_k10_lowoverlap,646357d2ae16,0.19229369384775924
synth_grid_d15_k10_lowoverlap,5773d7049286,0.2090559376713392
synth_grid_d15_k10_lowoverlap,a81f368f51bb,0.5960284339938325
synth_grid_d15_k10_lowoverlap,70969dd2d720,0.5960284339938325
synth_grid_d15_k10_lowoverlap,34b50b92b183,0.6567880746154856
synth_grid_d15_k10_lowoverlap,48d260f98b0d,0.6945729312427289
synth_grid_d15_k10_lowoverlap,1134a806601d,1.696994968821669
synth_grid_d15_k10_lowoverlap,0069693e350e,0.25815957504898573
synth_grid_d15_k10_lowoverlap,2fa0af8799c8,0.25815957504898573
synth_grid_d15_k10_medoverlap,76c89cda5ca5,0.3703394389257045
synth_grid_d15_k10_medoverlap,23861655ac34,0.3796478856868515
synth_grid_d15_k10_medoverlap,a042255d7a7d,0.38719247148182995
synth_grid_d15_k10_medoverlap,47980bf71ea8,0.448776627467582
synth_grid_d15_k10_medoverlap,79d9b0fb5f02,0.7163884552266585
synth_grid_d15_k10_medoverlap,e511e76239fe,0.20149351409712937
synth_grid_d15_k10_medoverlap,7741c3e44852,0.18203426675976853
synth_grid_d15_k10_medoverlap,b2d6bf5f391d,0.2136161715255757
synth_grid_d15_k10_medoverlap,3964e1ccb548,0.3703394389257045
synth_grid_d15_k10_medoverlap,4c077151b389,0.3796478856868515
synth_grid_d15_k10_medoverlap,f292f2a1db5b,0.3832802474601179
synth_grid_d15_k10_medoverlap,a4dbad06fd4e,0.41034852328733246
synth_grid_d15_k10_medoverlap,8eecd2798818,0.7163884552266585
synth_grid_d15_k10_medoverlap,4d9c9acccd21,0.17891976588654437
synth_grid_d15_k10_medoverlap,9381fbddb6c5,0.17891976588654437
synth_grid_d15_k10_medoverlap,8ec393598948,0.3703394389257045
synth_grid_d15_k10_medoverlap,77e145ffcc55,0.3796478856868515
synth_grid_d15_k10_medoverlap,632568e85407,0.3832802474601179
synth_grid_d15_k10_medoverlap,fa9612cfa871,0.41034852328733246
synth_grid_d15_k10_medoverlap,3d72e70b09e3,0.7163884552266585
synth_grid_d15_k10_medoverlap,45c510f16843,0.19417597624754696
synth_grid_d15_k10_medoverlap,27a2752a569f,0.19703061183389695
synth_grid_d15_k10_medoverlap,4ec824c366d4,
synth_grid_d15_k10_medoverlap,4555573328fc,
synth_grid_d15_k10_medoverlap,0f46e0814abc,
synth_grid_d15_k10_medoverlap,759f97a6695c,
synth_grid_d15_k10_medoverlap,9cd81f07f9eb,
synth_grid_d15_k10_medoverlap,bb5d6442dae0,
synth_grid_d15_k10_medoverlap,c610648f3a0b,
synth_grid_d15_k10_medoverlap,d9a6e957a479,
synth_grid_d15_k10_medoverlap,e0981ae1c5a2,
synth_grid_d15_k10_medoverlap,08e381bd46b1,
synth_grid_d15_k10_medoverlap,f7183f4c1fed,
synth_grid_d15_k10_medoverlap,7c2e8cd4a56d,
synth_grid_d15_k10_medoverlap,07ebbef7de3c,0.3698740456722482
synth_grid_d15_k10_medoverlap,db49059653de,0.9929237728523314
synth_grid_d15_k10_medoverlap,19967cb83e78,0.3389931434706608
synth_grid_d15_k10_medoverlap,158a0277ed3c,0.3421266691157797
synth_grid_d15_k10_medoverlap,d0fba6f03c0f,0.7163884552266585
synth_grid_d15_k10_medoverlap,f10f8ff36baa,0.7163884552266585
synth_grid_d15_k10_medoverlap,672c637760be,0.7163884552266585
synth_grid_d15_k10_medoverlap,0cd896f527d5,0.7163884552266585
synth_grid_d15_k10_medoverlap,4887a0323e21,
synth_grid_d15_k10_medoverlap,3d795ce47578,
synth_grid_d15_k10_medoverlap,639f74dd0e43,
synth_grid_d15_k10_medoverlap,9c3ccb4fd98f,
synth_grid_d15_k10_medoverlap,5647bbf0428d,0.7163884552266585
synth_grid_d15_k10_medoverlap,389d4ccb0588,0.7163884552266585
synth_grid_d15_k10_medoverlap,e34ce5984b64,0.7163884552266585
synth_grid_d15_k10_medoverlap,63470ebdd53e,0.7163884552266585
synth_grid_d15_k10_medoverlap,46814f50e13d,0.7163884552266585
synth_grid_d15_k10_medoverlap,e597041814f5,0.7163884552266585
synth_grid_d15_k10_medoverlap,024a1a8c54d1,0.7163884552266585
synth_grid_d15_k10_medoverlap,bdcde80d6dbb,0.7163884552266585
synth_grid_d15_k10_medoverlap,95475ce56089,0.7163884552266585
synth_grid_d15_k10_medoverlap,5009193136b4,0.7163884552266585
synth_grid_d15_k10_medoverlap,955728329102,0.7163884552266585
synth_grid_d15_k10_medoverlap,1f1b6dfa46dc,0.7163884552266585
synth_grid_d15_k10_medoverlap,272f18e90bd4,0.2953136175351502
synth_grid_d15_k10_medoverlap,0cc00684cc3f,0.3796478856868515
synth_grid_d15_k10_medoverlap,7203310ff7ba,0.38719247148182995
synth_grid_d15_k10_medoverlap,a399ab5a112a,0.448776627467582
synth_grid_d15_k10_medoverlap,4d00158c440c,0.7163884552266585
synth_grid_d15_k10_medoverlap,f028e3896d9e,0.245097590992833
synth_grid_d15_k10_medoverlap,bc0e2be21bfb,0.21700284671367898
synth_grid_d15_k10_medoverlap,ae16e9272ff8,0.32769370184349084
synth_grid_d15_k10_medoverlap,803c0d3403ff,0.3796478856868515
synth_grid_d15_k10_medoverlap,579a8bd776f9,0.38719247148182995
synth_grid_d15_k10_medoverlap,ccd2d07c7a4a,0.448776627467582
synth_grid_d15_k10_medoverlap,92f60358ba37,0.7163884552266585
synth_grid_d15_k10_medoverlap,646357d2ae16,0.245887697957254
synth_grid_d15_k10_medoverlap,5773d7049286,0.25272811115375204
synth_grid_d15_k10_medoverlap,a81f368f51bb,0.32769370184349084
synth_grid_d15_k10_medoverlap,70969dd2d720,0.3796478856868515
synth_grid_d15_k10_medoverlap,34b50b92b183,0.3796478856868515
synth_grid_d15_k10_medoverlap,48d260f98b0d,0.448776627467582
synth_grid_d15_k10_medoverlap,1134a806601d,0.7163884552266585
synth_grid_d15_k10_medoverlap,0069693e350e,0.42429085914052467
synth_grid_d15_k10_medoverlap,2fa0af8799c8,0.36223184758766747
synth_grid_d15_k3_highoverlap,76c89cda5ca5,0.3289967741488554
synth_grid_d15_k3_highoverlap,23861655ac34,0.39858360132470866
synth_grid_d15_k3_highoverlap,a042255d7a7d,0.21779757146740508
synth_grid_d15_k3_highoverlap,47980bf71ea8,0.22216957699880416
synth_grid_d15_k3_highoverlap,79d9b0fb5f02,0.2379631522776688
synth_grid_d15_k3_highoverlap,e511e76239fe,0.24200860696248883
synth_grid_d15_k3_highoverlap,7741c3e44852,0.24383444295809875
synth_grid_d15_k3_highoverlap,b2d6bf5f391d,0.2519770440736555
synth_grid_d15_k3_highoverlap,3964e1ccb548,0.3289967741488554
synth_grid_d15_k3_highoverlap,4c077151b389,0.39858360132470866
synth_grid_d15_k3_highoverlap,f292f2a1db5b,0.18963684996756525
synth_grid_d15_k3_highoverlap,a4dbad06fd4e,0.2005336505470913
synth_grid_d15_k3_highoverlap,8eecd2798818,0.21801382931301808
synth_grid_d15_k3_highoverlap,4d9c9acccd21,0.21822975150277685
synth_grid_d15_k3_highoverlap,9381fbddb6c5,0.2391094645010672
synth_grid_d15_k3_highoverlap,8ec393598948,0.3289967741488554
synth_grid_d15_k3_highoverlap,77e145ffcc55,0.39858360132470866
synth_grid_d15_k3_highoverlap,632568e85407,0.1519558318343858
synth_grid_d15_k3_highoverlap,fa9612cfa871,0.1519558318343858
synth_grid_d15_k3_highoverlap,3d72e70b09e3,0.1652015643971928
synth_grid_d15_k3_highoverlap,45c510f16843,0.19762941216021349
synth_grid_d15_k3_highoverlap,27a2752a569f,0.1892959785435001
synth_grid_d15_k3_highoverlap,4ec824c366d4,
synth_grid_d15_k3_highoverlap,4555573328fc,
synth_grid_d15_k3_highoverlap,0f46e0814abc,
synth_grid_d15_k3_highoverlap,759f97a6695c,
synth_grid_d15_k3_highoverlap,9cd81f07f9eb,
synth_grid_d15_k3_highoverlap,bb5d6442dae0,
synth_grid_d15_k3_highoverlap,c610648f3a0b,
synth_grid_d15_k3_highoverlap,d9a6e957a479,
synth_grid_d15_k3_highoverlap,e0981ae1c5a2,
synth_grid_d15_k3_highoverlap,08e381bd46b1,
synth_grid_d15_k3_highoverlap,f7183f4c1fed,
synth_grid_d15_k3_highoverlap,7c2e8cd4a56d,
synth_grid_d15_k3_highoverlap,07ebbef7de3c,
synth_grid_d15_k3_highoverlap,db49059653de,
synth_grid_d15_k3_highoverlap,19967cb83e78,
synth_grid_d15_k3_highoverlap,158a0277ed3c,
synth_grid_d15_k3_highoverlap,d0fba6f03c0f,0.38203926645548736
synth_grid_d15_k3_highoverlap,f10f8ff36baa,0.5632965302635329
synth_grid_d15_k3_highoverlap,672c637760be,0.298382505011017
synth_grid_d15_k3_highoverlap,0cd896f527d5,0.7311276591970284
synth_grid_d15_k3_highoverlap,4887a0323e21,
synth_grid_d15_k3_highoverlap,3d795ce47578,
synth_grid_d15_k3_highoverlap,639f74dd0e43,
synth_grid_d15_k3_highoverlap,9c3ccb4fd98f,
synth_grid_d15_k3_highoverlap,5647bbf0428d,0.42006181450798996
synth_grid_d15_k3_highoverlap,389d4ccb0588,0.42006181450798996
synth_grid_d15_k3_highoverlap,e34ce5984b64,0.36898754280246515
synth_grid_d15_k3_highoverlap,63470ebdd53e,0.42006181450798996
synth_grid_d15_k3_highoverlap,46814f50e13d,0.42006181450798996
synth_grid_d15_k3_highoverlap,e597041814f5,0.36898754280246515
synth_grid_d15_k3_highoverlap,024a1a8c54d1,0.42006181450798996
synth_grid_d15_k3_highoverlap,bdcde80d6dbb,0.42006181450798996
synth_grid_d15_k3_highoverlap,95475ce56089,0.36898754280246515
synth_grid_d15_k3_highoverlap,5009193136b4,0.42006181450798996
synth_grid_d15_k3_highoverlap,955728329102,0.42006181450798996
synth_grid_d15_k3_highoverlap,1f1b6dfa46dc,0.36898754280246515
synth_grid_d15_k3_highoverlap,272f18e90bd4,0.3289967741488554
synth_grid_d15_k3_highoverlap,0cc00684cc3f,0.39858360132470866
synth_grid_d15_k3_highoverlap,7203310ff7ba,0.21154898795783922
synth_grid_d15_k3_highoverlap,a399ab5a112a,0.21154898795783922
synth_grid_d15_k3_highoverlap,4d00158c440c,0.23473043172797864
synth_grid_d15_k3_highoverlap,f028e3896d9e,0.23669579868613438
synth_grid_d15_k3_highoverlap,bc0e2be21bfb,0.25647532667102235
synth_grid_d15_k3_highoverlap,ae16e9272ff8,0.3289967741488554
synth_grid_d15_k3_highoverlap,803c0d3403ff,0.39858360132470866
synth_grid_d15_k3_highoverlap,579a8bd776f9,0.23960353120319175
synth_grid_d15_k3_highoverlap,ccd2d07c7a4a,0.23016002758885662
synth_grid_d15_k3_highoverlap,92f60358ba37,0.24410583808334385
synth_grid_d15_k3_highoverlap,646357d2ae16,0.25907889786050786
synth_grid_d15_k3_highoverlap,5773d7049286,0.2810445038559318
synth_grid_d15_k3_highoverlap,a81f368f51bb,0.3289967741488554
synth_grid_d15_k3_highoverlap,70969dd2d720,0.39858360132470866
synth_grid_d15_k3_highoverlap,34b50b92b183,0.3946959177341139
synth_grid_d15_k3_highoverlap,48d260f98b0d,0.36047296103827403
synth_grid_d15_k3_highoverlap,1134a806601d,0.344575135212963
synth_grid_d15_k3_highoverlap,0069693e350e,0.3413515877901887
synth_grid_d15_k3_highoverlap,2fa0af8799c8,0.3060403930152859
synth_grid_d15_k3_lowoverlap,76c89cda5ca5,0.7483734492726257
synth_grid_d15_k3_lowoverlap,23861655ac34,1.659223639370128
synth_grid_d15_k3_lowoverlap,a042255d7a7d,0.12540110832571974
synth_grid_d15_k3_lowoverlap,47980bf71ea8,0.14905450251538013
synth_grid_d15_k3_lowoverlap,79d9b0fb5f02,0.16916525833441418
synth_grid_d15_k3_lowoverlap,e511e76239fe,0.1904970524922884
synth_grid_d15_k3_lowoverlap,7741c3e44852,0.16103126088700534
synth_grid_d15_k3_lowoverlap,b2d6bf5f391d,0.17807798678950326
synth_grid_d15_k3_lowoverlap,3964e1ccb548,0.7483734492726257
synth_grid_d15_k3_lowoverlap,4c077151b389,1.659223639370128
synth_grid_d15_k3_lowoverlap,f292f2a1db5b,0.11762265528725326
synth_grid_d15_k3_lowoverlap,a4dbad06fd4e,0.11632367884944461
synth_grid_d15_k3_lowoverlap,8eecd2798818,0.10893316184549258
synth_grid_d15_k3_lowoverlap,4d9c9acccd21,0.1351179348227108
synth_grid_d15_k3_lowoverlap,9381fbddb6c5,0.14095273096368
synth_grid_d15_k3_lowoverlap,8ec393598948,0.7483734492726257
synth_grid_d15_k3_lowoverlap,77e145ffcc55,1.659223639370128
synth_grid_d15_k3_lowoverlap,632568e85407,0.08474529439666442
synth_grid_d15_k3_lowoverlap,fa9612cfa871,0.09030255957965728
synth_grid_d15_k3_lowoverlap,3d72e70b09e3,0.1116484468154128
synth_grid_d15_k3_lowoverlap,45c510f16843,0.09667893114456272
synth_grid_d15_k3_lowoverlap,27a2752a569f,0.09142461076092691
synth_grid_d15_k3_lowoverlap,4ec824c366d4,
synth_grid_d15_k3_lowoverlap,4555573328fc,
synth_grid_d15_k3_lowoverlap,0f46e0814abc,
synth_grid_d15_k3_lowoverlap,759f97a6695c,
synth_grid_d15_k3_lowoverlap,9cd81f07f9eb,
synth_grid_d15_k3_lowoverlap,bb5d6442dae0,
synth_grid_d15_k3_lowoverlap,c610648f3a0b,
synth_grid_d15_k3_lowoverlap,d9a6e957a479,
synth_grid_d15_k3_lowoverlap,e0981ae1c5a2,0.23774717809909554
synth_grid_d15_k3_lowoverlap,08e381bd46b1,0.20653306379438022
synth_grid_d15_k3_lowoverlap,f7183f4c1fed,4.153797097513396
synth_grid_d15_k3_lowoverlap,7c2e8cd4a56d,6.136748537308045
synth_grid_d15_k3_lowoverlap,07ebbef7de3c,1.659223639370128
synth_grid_d15_k3_lowoverlap,db49059653de,1.659223639370128
synth_grid_d15_k3_lowoverlap,19967cb83e78,1.659223639370128
synth_grid_d15_k3_lowoverlap,158a0277ed3c,1.659223639370128
synth_grid_d15_k3_lowoverlap,d0fba6f03c0f,1.659223639370128
synth_grid_d15_k3_lowoverlap,f10f8ff36baa,1.659223639370128
synth_grid_d15_k3_lowoverlap,672c637760be,1.659223639370128
synth_grid_d15_k3_lowoverlap,0cd896f527d5,1.659223639370128
synth_grid_d15_k3_lowoverlap,4887a0323e21,1.659223639370128
synth_grid_d15_k3_lowoverlap,3d795ce47578,1.659223639370128
synth_grid_d15_k3_lowoverlap,639f74dd0e43,1.659223639370128
synth_grid_d15_k3_lowoverlap,9c3ccb4fd98f,1.659223639370128
synth_grid_d15_k3_lowoverlap,5647bbf0428d,1.659223639370128
synth_grid_d15_k3_lowoverlap,389d4ccb0588,1.659223639370128
synth_grid_d15_k3_lowoverlap,e34ce5984b64,1.659223639370128
synth_grid_d15_k3_lowoverlap,63470ebdd53e,1.659223639370128
synth_grid_d15_k3_lowoverlap,46814f50e13d,1.659223639370128
synth_grid_d15_k3_lowoverlap,e597041814f5,1.659223639370128
synth_grid_d15_k3_lowoverlap,024a1a8c54d1,1.659223639370128
synth_grid_d15_k3_lowoverlap,bdcde80d6dbb,1.659223639370128
synth_grid_d15_k3_lowoverlap,95475ce56089,1.659223639370128
synth_grid_d15_k3_lowoverlap,5009193136b4,1.659223639370128
synth_grid_d15_k3_lowoverlap,955728329102,1.659223639370128
synth_grid_d15_k3_lowoverlap,1f1b6dfa46dc,1.659223639370128
synth_grid_d15_k3_lowoverlap,272f18e90bd4,0.7483734492726257
synth_grid_d15_k3_lowoverlap,0cc00684cc3f,1.659223639370128
synth_grid_d15_k3_lowoverlap,7203310ff7ba,0.1104988177924922
synth_grid_d15_k3_lowoverlap,a399ab5a112a,0.1520279806149827
synth_grid_d15_k3_lowoverlap,4d00158c440c,0.19367628766815576
synth_grid_d15_k3_lowoverlap,f028e3896d9e,0.20326516822644305
synth_grid_d15_k3_lowoverlap,bc0e2be21bfb,0.20326516822644305
synth_grid_d15_k3_lowoverlap,ae16e9272ff8,0.7607239994797522
synth_grid_d15_k3_lowoverlap,803c0d3403ff,1.659223639370128
synth_grid_d15_k3_lowoverlap,579a8bd776f9,0.13206284540998567
synth_grid_d15_k3_lowoverlap,ccd2d07c7a4a,0.1735552408020468
synth_grid_d15_k3_lowoverlap,92f60358ba37,0.18467205372991788
synth_grid_d15_k3_lowoverlap,646357d2ae16,0.21373924180649945
synth_grid_d15_k3_lowoverlap,5773d7049286,0.23207684691303496
synth_grid_d15_k3_lowoverlap,a81f368f51bb,0.7483734492726257
synth_grid_d15_k3_lowoverlap,70969dd2d720,1.659223639370128
synth_grid_d15_k3_lowoverlap,34b50b92b183,0.24582908642660814
synth_grid_d15_k3_lowoverlap,48d260f98b0d,0.2271260368349979
synth_grid_d15_k3_lowoverlap,1134a806601d,0.18825545374140826
synth_grid_d15_k3_lowoverlap,0069693e350e,0.1716871968355649
synth_grid_d15_k3_lowoverlap,2fa0af8799c8,0.2003884492347395
synth_grid_d15_k3_medoverlap,76c89cda5ca5,0.742484126709409
synth_grid_d15_k3_medoverlap,23861655ac34,0.6374470143048224
synth_grid_d15_k3_medoverlap,a042255d7a7d,0.17279022725382598
synth_grid_d15_k3_medoverlap,47980bf71ea8,0.18597750072202968
synth_grid_d15_k3_medoverlap,79d9b0fb5f02,0.15771841221347632
synth_grid_d15_k3_medoverlap,e511e76239fe,0.23762989241861282
synth_grid_d15_k3_medoverlap,7741c3e44852,0.20480620002359406
synth_grid_d15_k3_medoverlap,b2d6bf5f391d,0.20886166556709618
synth_grid_d15_k3_medoverlap,3964e1ccb548,0.742484126709409
synth_grid_d15_k3_medoverlap,4c077151b389,0.6374470143048224
synth_grid_d15_k3_medoverlap,f292f2a1db5b,0.16314699037298716
synth_grid_d15_k3_medoverlap,a4dbad06fd4e,0.19095658567068927
synth_grid_d15_k3_medoverlap,8eecd2798818,0.17087918610935368
synth_grid_d15_k3_medoverlap,4d9c9acccd21,0.17168818261357097
synth_grid_d15_k3_medoverlap,9381fbddb6c5,0.19364416292489087
synth_grid_d15_k3_medoverlap,8ec393598948,0.742484126709409
synth_grid_d15_k3_medoverlap,77e145ffcc55,0.6374470143048224
synth_grid_d15_k3_medoverlap,632568e85407,0.1059256196226563
synth_grid_d15_k3_medoverlap,fa9612cfa871,0.12004661995997826
synth_grid_d15_k3_medoverlap,3d72e70b09e3,0.1604444597087122
synth_grid_d15_k3_medoverlap,45c510f16843,0.19983596413231075
synth_grid_d15_k3_medoverlap,27a2752a569f,0.18860979397506386
synth_grid_d15_k3_medoverlap,4ec824c366d4,
synth_grid_d15_k3_medoverlap,4555573328fc,
synth_grid_d15_k3_medoverlap,0f46e0814abc,
synth_grid_d15_k3_medoverlap,759f97a6695c,
synth_grid_d15_k3_medoverlap,9cd81f07f9eb,
synth_grid_d15_k3_medoverlap,bb5d6442dae0,
synth_grid_d15_k3_medoverlap,c610648f3a0b,
synth_grid_d15_k3_medoverlap,d9a6e957a479,
synth_grid_d15_k3_medoverlap,e0981ae1c5a2,
synth_grid_d15_k3_medoverlap,08e381bd46b1,
synth_grid_d15_k3_medoverlap,f7183f4c1fed,
synth_grid_d15_k3_medoverlap,7c2e8cd4a56d,
synth_grid_d15_k3_medoverlap,07ebbef7de3c,0.30814340984645383
synth_grid_d15_k3_medoverlap,db49059653de,0.3226454833679946
synth_grid_d15_k3_medoverlap,19967cb83e78,0.2872196387592844
synth_grid_d15_k3_medoverlap,158a0277ed3c,
synth_grid_d15_k3_medoverlap,d0fba6f03c0f,0.6374470143048224
synth_grid_d15_k3_medoverlap,f10f8ff36baa,0.6374470143048224
synth_grid_d15_k3_medoverlap,672c637760be,0.6374470143048224
synth_grid_d15_k3_medoverlap,0cd896f527d5,0.6374470143048224
synth_grid_d15_k3_medoverlap,4887a0323e21,0.742484126709409
synth_grid_d15_k3_medoverlap,3d795ce47578,0.742484126709409
synth_grid_d15_k3_medoverlap,639f74dd0e43,0.742484126709409
synth_grid_d15_k3_medoverlap,9c3ccb4fd98f,0.742484126709409
synth_grid_d15_k3_medoverlap,5647bbf0428d,0.6374470143048224
synth_grid_d15_k3_medoverlap,389d4ccb0588,0.6374470143048224
synth_grid_d15_k3_medoverlap,e34ce5984b64,0.6374470143048224
synth_grid_d15_k3_medoverlap,63470ebdd53e,0.6374470143048224
synth_grid_d15_k3_medoverlap,46814f50e13d,0.6374470143048224
synth_grid_d15_k3_medoverlap,e597041814f5,0.6374470143048224
synth_grid_d15_k3_medoverlap,024a1a8c54d1,0.6374470143048224
synth_grid_d15_k3_medoverlap,bdcde80d6dbb,0.6374470143048224
synth_grid_d15_k3_medoverlap,95475ce56089,0.6374470143048224
synth_grid_d15_k3_medoverlap,5009193136b4,0.6374470143048224
synth_grid_d15_k3_medoverlap,955728329102,0.6374470143048224
synth_grid_d15_k3_medoverlap,1f1b6dfa46dc,0.6374470143048224
synth_grid_d15_k3_medoverlap,272f18e90bd4,0.742484126709409
synth_grid_d15_k3_medoverlap,0cc00684cc3f,0.6374470143048224
synth_grid_d15_k3_medoverlap,7203310ff7ba,0.17020403195335418
synth_grid_d15_k3_medoverlap,a399ab5a112a,0.1966688729538213
synth_grid_d15_k3_medoverlap,4d00158c440c,0.21553560959257395
synth_grid_d15_k3_medoverlap,f028e3896d9e,0.20654404588355008
synth_grid_d15_k3_medoverlap,bc0e2be21bfb,0.21535041537749558
synth_grid_d15_k3_medoverlap,ae16e9272ff8,0.742484126709409
synth_grid_d15_k3_medoverlap,803c0d3403ff,0.6374470143048224
synth_grid_d15_k3_medoverlap,579a8bd776f9,0.20198090906858618
synth_grid_d15_k3_medoverlap,ccd2d07c7a4a,0.1986865554189741
synth_grid_d15_k3_medoverlap,92f60358ba37,0.23102857179757313
synth_grid_d15_k3_medoverlap,646357d2ae16,0.24980843007077763
synth_grid_d15_k3_medoverlap,5773d7049286,0.2662963844162303
synth_grid_d15_k3_medoverlap,a81f368f51bb,0.742484126709409
synth_grid_d15_k3_medoverlap,70969dd2d720,0.6374470143048224
synth_grid_d15_k3_medoverlap,34b50b92b183,0.3569257801577436
synth_grid_d15_k3_medoverlap,48d260f98b0d,0.2562717549853543
synth_grid_d15_k3_medoverlap,1134a806601d,0.2093065866084575
synth_grid_d15_k3_medoverlap,0069693e350e,0.22263129302595253
synth_grid_d15_k3_medoverlap,2fa0af8799c8,0.2788389898234161
synth_grid_d15_k6_highoverlap,76c89cda5ca5,0.19276979181122797
synth_grid_d15_k6_highoverlap,23861655ac34,0.2163854119667198
synth_grid_d15_k6_highoverlap,a042255d7a7d,0.24556292998594756
synth_grid_d15_k6_highoverlap,47980bf71ea8,0.2285466175370616
synth_grid_d15_k6_highoverlap,79d9b0fb5f02,0.19937120929158106
synth_grid_d15_k6_highoverlap,e511e76239fe,0.22619658707581175
synth_grid_d15_k6_highoverlap,7741c3e44852,0.23096180624916604
synth_grid_d15_k6_highoverlap,b2d6bf5f391d,0.23536619310252274
synth_grid_d15_k6_highoverlap,3964e1ccb548,0.26741100430638204
synth_grid_d15_k6_highoverlap,4c077151b389,0.2163854119667198
synth_grid_d15_k6_highoverlap,f292f2a1db5b,0.24556292998594756
synth_grid_d15_k6_highoverlap,a4dbad06fd4e,0.23940984224555323
synth_grid_d15_k6_highoverlap,8eecd2798818,0.18830877726369286
synth_grid_d15_k6_highoverlap,4d9c9acccd21,0.2200350559272046
synth_grid_d15_k6_highoverlap,9381fbddb6c5,0.2200350559272046
synth_grid_d15_k6_highoverlap,8ec393598948,0.26741100430638204
synth_grid_d15_k6_highoverlap,77e145ffcc55,0.2163854119667198
synth_grid_d15_k6_highoverlap,632568e85407,0.24556292998594756
synth_grid_d15_k6_highoverlap,fa9612cfa871,0.22133626191010453
synth_grid_d15_k6_highoverlap,3d72e70b09e3,0.2006629910040127
synth_grid_d15_k6_highoverlap,45c510f16843,0.18703290477200848
synth_grid_d15_k6_highoverlap,27a2752a569f,0.21868790966479312
synth_grid_d15_k6_highoverlap,4ec824c366d4,
synth_grid_d15_k6_highoverlap,4555573328fc,
synth_grid_d15_k6_highoverlap,0f46e0814abc,
synth_grid_d15_k6_highoverlap,759f97a6695c,
synth_grid_d15_k6_highoverlap,9cd81f07f9eb,
synth_grid_d15_k6_highoverlap,bb5d6442dae0,
synth_grid_d15_k6_highoverlap,c610648f3a0b,
synth_grid_d15_k6_highoverlap,d9a6e957a479,
synth_grid_d15_k6_highoverlap,e0981ae1c5a2,
synth_grid_d15_k6_highoverlap,08e381bd46b1,
synth_grid_d15_k6_highoverlap,f7183f4c1fed,
synth_grid_d15_k6_highoverlap,7c2e8cd4a56d,
synth_grid_d15_k6_highoverlap,07ebbef7de3c,
synth_grid_d15_k6_highoverlap,db49059653de,
synth_grid_d15_k6_highoverlap,19967cb83e78,
synth_grid_d15_k6_highoverlap,158a0277ed3c,
synth_grid_d15_k6_highoverlap,d0fba6f03c0f,0.27307283974320445
synth_grid_d15_k6_highoverlap,f10f8ff36baa,0.3426041389799272
synth_grid_d15_k6_highoverlap,672c637760be,0.37518658492201773
synth_grid_d15_k6_highoverlap,0cd896f527d5,0.29812306297334557
synth_grid_d15_k6_highoverlap,4887a0323e21,
synth_grid_d15_k6_highoverlap,3d795ce47578,
synth_grid_d15_k6_highoverlap,639f74dd0e43,
synth_grid_d15_k6_highoverlap,9c3ccb4fd98f,
synth_grid_d15_k6_highoverlap,5647bbf0428d,0.26910227138159315
synth_grid_d15_k6_highoverlap,389d4ccb0588,0.3222665122038932
synth_grid_d15_k6_highoverlap,e34ce5984b64,0.2759042627139926
synth_grid_d15_k6_highoverlap,63470ebdd53e,0.3222665122038932
synth_grid_d15_k6_highoverlap,46814f50e13d,0.3222665122038932
synth_grid_d15_k6_highoverlap,e597041814f5,0.2759042627139926
synth_grid_d15_k6_highoverlap,024a1a8c54d1,0.3222665122038932
synth_grid_d15_k6_highoverlap,bdcde80d6dbb,0.3222665122038932
synth_grid_d15_k6_highoverlap,95475ce56089,0.2759042627139926
synth_grid_d15_k6_highoverlap,5009193136b4,0.3222665122038932
synth_grid_d15_k6_highoverlap,955728329102,0.3222665122038932
synth_grid_d15_k6_highoverlap,1f1b6dfa46dc,0.2759042627139926
synth_grid_d15_k6_highoverlap,272f18e90bd4,0.19883515005164654
synth_grid_d15_k6_highoverlap,0cc00684cc3f,0.2231938181451315
synth_grid_d15_k6_highoverlap,7203310ff7ba,0.25328938508525134
synth_grid_d15_k6_highoverlap,a399ab5a112a,0.24814009530307635
synth_grid_d15_k6_highoverlap,4d00158c440c,0.22668458038291264
synth_grid_d15_k6_highoverlap,f028e3896d9e,0.26023836393221217
synth_grid_d15_k6_highoverlap,bc0e2be21bfb,0.27035660796967714
synth_grid_d15_k6_highoverlap,ae16e9272ff8,0.26741100430638204
synth_grid_d15_k6_highoverlap,803c0d3403ff,0.2231938181451315
synth_grid_d15_k6_highoverlap,579a8bd776f9,0.25328938508525134
synth_grid_d15_k6_highoverlap,ccd2d07c7a4a,0.23827028316964144
synth_grid_d15_k6_highoverlap,92f60358ba37,0.2606669630610872
synth_grid_d15_k6_highoverlap,646357d2ae16,0.26677830946766723
synth_grid_d15_k6_highoverlap,5773d7049286,0.274650999172161
synth_grid_d15_k6_highoverlap,a81f368f51bb,0.19883515005164654
synth_grid_d15_k6_highoverlap,70969dd2d720,0.2231938181451315
synth_grid_d15_k6_highoverlap,34b50b92b183,0.25328938508525134
synth_grid_d15_k6_highoverlap,48d260f98b0d,0.3171320866575068
synth_grid_d15_k6_highoverlap,1134a806601d,0.3222665122038932
synth_grid_d15_k6_highoverlap,0069693e350e,0.3222665122038932
synth_grid_d15_k6_highoverlap,2fa0af8799c8,0.32783033295862163
synth_grid_d15_k6_lowoverlap,76c89cda5ca5,0.7215052500371805
synth_grid_d15_k6_lowoverlap,23861655ac34,0.7833059496593607
synth_grid_d15_k6_lowoverlap,a042255d7a7d,0.8334895842324905
synth_grid_d15_k6_lowoverlap,47980bf71ea8,0.20558714367470382
synth_grid_d15_k6_lowoverlap,79d9b0fb5f02,0.15488051238984873
synth_grid_d15_k6_lowoverlap,e511e76239fe,0.1865289724607476
synth_grid_d15_k6_lowoverlap,7741c3e44852,0.17490399547871263
synth_grid_d15_k6_lowoverlap,b2d6bf5f391d,0.18624933744647537
synth_grid_d15_k6_lowoverlap,3964e1ccb548,0.6201552324175729
synth_grid_d15_k6_lowoverlap,4c077151b389,0.68863821116113
synth_grid_d15_k6_lowoverlap,f292f2a1db5b,0.7843470521030895
synth_grid_d15_k6_lowoverlap,a4dbad06fd4e,0.1862722585097256
synth_grid_d15_k6_lowoverlap,8eecd2798818,0.1478352102486247
synth_grid_d15_k6_lowoverlap,4d9c9acccd21,0.1478352102486247
synth_grid_d15_k6_lowoverlap,9381fbddb6c5,0.13587782542247892
synth_grid_d15_k6_lowoverlap,8ec393598948,0.6201552324175729
synth_grid_d15_k6_lowoverlap,77e145ffcc55,0.68863821116113
synth_grid_d15_k6_lowoverlap,632568e85407,0.7843470521030895
synth_grid_d15_k6_lowoverlap,fa9612cfa871,0.20558714367470382
synth_grid_d15_k6_lowoverlap,3d72e70b09e3,0.14997754988459933
synth_grid_d15_k6_lowoverlap,45c510f16843,0.14997754988459933
synth_grid_d15_k6_lowoverlap,27a2752a569f,0.14997754988459933
synth_grid_d15_k6_lowoverlap,4ec824c366d4,
synth_grid_d15_k6_lowoverlap,4555573328fc,
synth_grid_d15_k6_lowoverlap,0f46e0814abc,
synth_grid_d15_k6_lowoverlap,759f97a6695c,
synth_grid_d15_k6_lowoverlap,9cd81f07f9eb,0.3277019363935033
synth_grid_d15_k6_lowoverlap,bb5d6442dae0,0.3330850096003879
synth_grid_d15_k6_lowoverlap,c610648f3a0b,6.362436130844549
synth_grid_d15_k6_lowoverlap,d9a6e957a479,
synth_grid_d15_k6_lowoverlap,e0981ae1c5a2,3.8694987486375383
synth_grid_d15_k6_lowoverlap,08e381bd46b1,3.8694987486375383
synth_grid_d15_k6_lowoverlap,f7183f4c1fed,3.8694987486375383
synth_grid_d15_k6_lowoverlap,7c2e8cd4a56d,3.8694987486375383
synth_grid_d15_k6_lowoverlap,07ebbef7de3c,3.826360467100071
synth_grid_d15_k6_lowoverlap,db49059653de,3.826360467100071
synth_grid_d15_k6_lowoverlap,19967cb83e78,3.826360467100071
synth_grid_d15_k6_lowoverlap,158a0277ed3c,3.826360467100071
synth_grid_d15_k6_lowoverlap,d0fba6f03c0f,3.826360467100071
synth_grid_d15_k6_lowoverlap,f10f8ff36baa,3.826360467100071
synth_grid_d15_k6_lowoverlap,672c637760be,3.826360467100071
synth_grid_d15_k6_lowoverlap,0cd896f527d5,3.826360467100071
synth_grid_d15_k6_lowoverlap,4887a0323e21,0.7215052500371805
synth_grid_d15_k6_lowoverlap,3d795ce47578,0.7215052500371805
synth_grid_d15_k6_lowoverlap,639f74dd0e43,0.7215052500371805
synth_grid_d15_k6_lowoverlap,9c3ccb4fd98f,0.7215052500371805
synth_grid_d15_k6_lowoverlap,5647bbf0428d,3.826360467100071
synth_grid_d15_k6_lowoverlap,389d4ccb0588,3.826360467100071
synth_grid_d15_k6_lowoverlap,e34ce5984b64,3.826360467100071
synth_grid_d15_k6_lowoverlap,63470ebdd53e,3.826360467100071
synth_grid_d15_k6_lowoverlap,46814f50e13d,3.826360467100071
synth_grid_d15_k6_lowoverlap,e597041814f5,3.826360467100071
synth_grid_d15_k6_lowoverlap,024a1a8c54d1,3.826360467100071
synth_grid_d15_k6_lowoverlap,bdcde80d6dbb,3.826360467100071
synth_grid_d15_k6_lowoverlap,95475ce56089,3.826360467100071
synth_grid_d15_k6_lowoverlap,5009193136b4,3.826360467100071
synth_grid_d15_k6_lowoverlap,955728329102,3.826360467100071
synth_grid_d15_k6_lowoverlap,1f1b6dfa46dc,3.826360467100071
synth_grid_d15_k6_lowoverlap,272f18e90bd4,0.7215052500371805
synth_grid_d15_k6_lowoverlap,0cc00684cc3f,0.7833059496593607
synth_grid_d15_k6_lowoverlap,7203310ff7ba,0.8334895842324905
synth_grid_d15_k6_lowoverlap,a399ab5a112a,0.21714263327715358
synth_grid_d15_k6_lowoverlap,4d00158c440c,0.2280464197793886
synth_grid_d15_k6_lowoverlap,f028e3896d9e,0.2200229486416779
synth_grid_d15_k6_lowoverlap,bc0e2be21bfb,0.2206261151382881
synth_grid_d15_k6_lowoverlap,ae16e9272ff8,0.7215052500371805
synth_grid_d15_k6_lowoverlap,803c0d3403ff,0.7833059496593607
synth_grid_d15_k6_lowoverlap,579a8bd776f9,0.8334895842324905
synth_grid_d15_k6_lowoverlap,ccd2d07c7a4a,0.2437130996171853
synth_grid_d15_k6_lowoverlap,92f60358ba37,0.21618572493699117
synth_grid_d15_k6_lowoverlap,646357d2ae16,0.21923318626702237
synth_grid_d15_k6_lowoverlap,5773d7049286,0.24001258175245507
synth_grid_d15_k6_lowoverlap,a81f368f51bb,0.7215052500371805
synth_grid_d15_k6_lowoverlap,70969dd2d720,0.7833059496593607
synth_grid_d15_k6_lowoverlap,34b50b92b183,0.8334895842324905
synth_grid_d15_k6_lowoverlap,48d260f98b0d,0.3848355688225458
synth_grid_d15_k6_lowoverlap,1134a806601d,0.37848398445776016
synth_grid_d15_k6_lowoverlap,0069693e350e,0.3342539734012717
synth_grid_d15_k6_lowoverlap,2fa0af8799c8,0.2961088036759385
synth_grid_d15_k6_medoverlap,76c89cda5ca5,0.5272581243715092
synth_grid_d15_k6_medoverlap,23861655ac34,0.4984663004276145
synth_grid_d15_k6_medoverlap,a042255d7a7d,0.5851234044045257
synth_grid_d15_k6_medoverlap,47980bf71ea8,0.16696843647905854
synth_grid_d15_k6_medoverlap,79d9b0fb5f02,0.15593273261116747
synth_grid_d15_k6_medoverlap,e511e76239fe,0.1950366821970868
synth_grid_d15_k6_medoverlap,7741c3e44852,0.2030642783119877
synth_grid_d15_k6_medoverlap,b2d6bf5f391d,0.1986308022468467
synth_grid_d15_k6_medoverlap,3964e1ccb548,0.41066393049762634
synth_grid_d15_k6_medoverlap,4c077151b389,0.4638345714080859
synth_grid_d15_k6_medoverlap,f292f2a1db5b,0.5851234044045257
synth_grid_d15_k6_medoverlap,a4dbad06fd4e,0.15593273261116747
synth_grid_d15_k6_medoverlap,8eecd2798818,0.13338357376086976
synth_grid_d15_k6_medoverlap,4d9c9acccd21,0.13338357376086976
synth_grid_d15_k6_medoverlap,9381fbddb6c5,0.1374577701068832
synth_grid_d15_k6_medoverlap,8ec393598948,0.41066393049762634
synth_grid_d15_k6_medoverlap,77e145ffcc55,0.4638345714080859
synth_grid_d15_k6_medoverlap,632568e85407,0.5851234044045257
synth_grid_d15_k6_medoverlap,fa9612cfa871,0.1719768695120911
synth_grid_d15_k6_medoverlap,3d72e70b09e3,0.17009046691226606
synth_grid_d15_k6_medoverlap,45c510f16843,0.13338357376086976
synth_grid_d15_k6_medoverlap,27a2752a569f,0.1465022599036336
synth_grid_d15_k6_medoverlap,4ec824c366d4,
synth_grid_d15_k6_medoverlap,4555573328fc,
synth_grid_d15_k6_medoverlap,0f46e0814abc,
synth_grid_d15_k6_medoverlap,759f97a6695c,
synth_grid_d15_k6_medoverlap,9cd81f07f9eb,
synth_grid_d15_k6_medoverlap,bb5d6442dae0,
synth_grid_d15_k6_medoverlap,c610648f3a0b,
synth_grid_d15_k6_medoverlap,d9a6e957a479,
synth_grid_d15_k6_medoverlap,e0981ae1c5a2,
synth_grid_d15_k6_medoverlap,08e381bd46b1,
synth_grid_d15_k6_medoverlap,f7183f4c1fed,
synth_grid_d15_k6_medoverlap,7c2e8cd4a56d,
synth_grid_d15_k6_medoverlap,07ebbef7de3c,0.3367046906967166
synth_grid_d15_k6_medoverlap,db49059653de,0.3189079651764468
synth_grid_d15_k6_medoverlap,19967cb83e78,1.0758753673812729
synth_grid_d15_k6_medoverlap,158a0277ed3c,1.6441661032266122
synth_grid_d15_k6_medoverlap,d0fba6f03c0f,0.7780030080694346
synth_grid_d15_k6_medoverlap,f10f8ff36baa,0.7780030080694346
synth_grid_d15_k6_medoverlap,672c637760be,0.7780030080694346
synth_grid_d15_k6_medoverlap,0cd896f527d5,0.7780030080694346
synth_grid_d15_k6_medoverlap,4887a0323e21,
synth_grid_d15_k6_medoverlap,3d795ce47578,
synth_grid_d15_k6_medoverlap,639f74dd0e43,
synth_grid_d15_k6_medoverlap,9c3ccb4fd98f,
synth_grid_d15_k6_medoverlap,5647bbf0428d,0.7780030080694346
synth_grid_d15_k6_medoverlap,389d4ccb0588,0.7780030080694346
synth_grid_d15_k6_medoverlap,e34ce5984b64,0.7780030080694346
synth_grid_d15_k6_medoverlap,63470ebdd53e,0.7780030080694346
synth_grid_d15_k6_medoverlap,46814f50e13d,0.7780030080694346
synth_grid_d15_k6_medoverlap,e597041814f5,0.7780030080694346
synth_grid_d15_k6_medoverlap,024a1a8c54d1,0.7780030080694346
synth_grid_d15_k6_medoverlap,bdcde80d6dbb,0.7780030080694346
synth_grid_d15_k6_medoverlap,95475ce56089,0.7780030080694346
synth_grid_d15_k6_medoverlap,5009193136b4,0.7780030080694346
synth_grid_d15_k6_medoverlap,955728329102,0.7780030080694346
synth_grid_d15_k6_medoverlap,1f1b6dfa46dc,0.7780030080694346
synth_grid_d15_k6_medoverlap,272f18e90bd4,0.5272581243715092
synth_grid_d15_k6_medoverlap,0cc00684cc3f,0.4984663004276145
synth_grid_d15_k6_medoverlap,7203310ff7ba,0.5851234044045257
synth_grid_d15_k6_medoverlap,a399ab5a112a,0.18812526405390914
synth_grid_d15_k6_medoverlap,4d00158c440c,0.2142283231846133
synth_grid_d15_k6_medoverlap,f028e3896d9e,0.19609568360378496
synth_grid_d15_k6_medoverlap,bc0e2be21bfb,0.2293018514140945
synth_grid_d15_k6_medoverlap,ae16e9272ff8,0.5272581243715092
synth_grid_d15_k6_medoverlap,803c0d3403ff,0.45283224610188283
synth_grid_d15_k6_medoverlap,579a8bd776f9,0.5851234044045257
synth_grid_d15_k6_medoverlap,ccd2d07c7a4a,0.21024914997693706
synth_grid_d15_k6_medoverlap,92f60358ba37,0.20873600223018557
synth_grid_d15_k6_medoverlap,646357d2ae16,0.2371458701028019
synth_grid_d15_k6_medoverlap,5773d7049286,0.25916428239188705
synth_grid_d15_k6_medoverlap,a81f368f51bb,0.5272581243715092
synth_grid_d15_k6_medoverlap,70969dd2d720,0.4984663004276145
synth_grid_d15_k6_medoverlap,34b50b92b183,0.5851234044045257
synth_grid_d15_k6_medoverlap,48d260f98b0d,0.28230560248939807
synth_grid_d15_k6_medoverlap,1134a806601d,0.28800929929215474
synth_grid_d15_k6_medoverlap,0069693e350e,0.29451012699488294
synth_grid_d15_k6_medoverlap,2fa0af8799c8,0.2902261220378603
synth_grid_d2_k10_highoverlap,76c89cda5ca5,0.0028398391350466707
synth_grid_d2_k10_highoverlap,23861655ac34,0.005435201363589707
synth_grid_d2_k10_highoverlap,a042255d7a7d,0.005022186244203528
synth_grid_d2_k10_highoverlap,47980bf71ea8,0.00632806527606854
synth_grid_d2_k10_highoverlap,79d9b0fb5f02,0.005949888680968992
synth_grid_d2_k10_highoverlap,e511e76239fe,0.009102775582905032
synth_grid_d2_k10_highoverlap,7741c3e44852,0.008320156994577305
synth_grid_d2_k10_highoverlap,b2d6bf5f391d,0.007842695443368143
synth_grid_d2_k10_highoverlap,3964e1ccb548,0.0029657332674751266
synth_grid_d2_k10_highoverlap,4c077151b389,0.002956767998006678
synth_grid_d2_k10_highoverlap,f292f2a1db5b,0.0069024652740243275
synth_grid_d2_k10_highoverlap,a4dbad06fd4e,0.005280120456206613
synth_grid_d2_k10_highoverlap,8eecd2798818,0.0033565022591304887
synth_grid_d2_k10_highoverlap,4d9c9acccd21,0.0033550218654112302
synth_grid_d2_k10_highoverlap,9381fbddb6c5,0.007432202516491101
synth_grid_d2_k10_highoverlap,8ec393598948,0.006752742131173622
synth_grid_d2_k10_highoverlap,77e145ffcc55,0.0040080689497399395
synth_grid_d2_k10_highoverlap,632568e85407,0.006465554751306114
synth_grid_d2_k10_highoverlap,fa9612cfa871,0.0035938300047999487
synth_grid_d2_k10_highoverlap,3d72e70b09e3,0.003439576468189028
synth_grid_d2_k10_highoverlap,45c510f16843,0.00432235999784548
synth_grid_d2_k10_highoverlap,27a2752a569f,0.00788239926176819
synth_grid_d2_k10_highoverlap,4ec824c366d4,0.0249355485342446
synth_grid_d2_k10_highoverlap,4555573328fc,0.0085503430470758
synth_grid_d2_k10_highoverlap,0f46e0814abc,0.009573185229284147
synth_grid_d2_k10_highoverlap,759f97a6695c,
synth_grid_d2_k10_highoverlap,9cd81f07f9eb,0.0581264644190999
synth_grid_d2_k10_highoverlap,bb5d6442dae0,0.021141789176030556
synth_grid_d2_k10_highoverlap,c610648f3a0b,
synth_grid_d2_k10_highoverlap,d9a6e957a479,
synth_grid_d2_k10_highoverlap,e0981ae1c5a2,
synth_grid_d2_k10_highoverlap,08e381bd46b1,
synth_grid_d2_k10_highoverlap,f7183f4c1fed,
synth_grid_d2_k10_highoverlap,7c2e8cd4a56d,
synth_grid_d2_k10_highoverlap,07ebbef7de3c,
synth_grid_d2_k10_highoverlap,db49059653de,
synth_grid_d2_k10_highoverlap,19967cb83e78,
synth_grid_d2_k10_highoverlap,158a0277ed3c,
synth_grid_d2_k10_highoverlap,d0fba6f03c0f,
synth_grid_d2_k10_highoverlap,f10f8ff36baa,
synth_grid_d2_k10_highoverlap,672c637760be,
synth_grid_d2_k10_highoverlap,0cd896f527d5,
synth_grid_d2_k10_highoverlap,4887a0323e21,
synth_grid_d2_k10_highoverlap,3d795ce47578,
synth_grid_d2_k10_highoverlap,639f74dd0e43,
synth_grid_d2_k10_highoverlap,9c3ccb4fd98f,
synth_grid_d2_k10_highoverlap,5647bbf0428d,0.052703542957664676
synth_grid_d2_k10_highoverlap,389d4ccb0588,0.02700097541980671
synth_grid_d2_k10_highoverlap,e34ce5984b64,0.031127800439044208
synth_grid_d2_k10_highoverlap,63470ebdd53e,0.043108801612133194
synth_grid_d2_k10_highoverlap,46814f50e13d,0.02784632924334516
synth_grid_d2_k10_highoverlap,e597041814f5,0.02823726098568307
synth_grid_d2_k10_highoverlap,024a1a8c54d1,0.025877913968904747
synth_grid_d2_k10_highoverlap,bdcde80d6dbb,0.0323994622624799
synth_grid_d2_k10_highoverlap,95475ce56089,0.02823726098568307
synth_grid_d2_k10_highoverlap,5009193136b4,0.02735844410827771
synth_grid_d2_k10_highoverlap,955728329102,0.03320485863384122
synth_grid_d2_k10_highoverlap,1f1b6dfa46dc,0.0313238214311289
synth_grid_d2_k10_highoverlap,272f18e90bd4,0.008079008062071331
synth_grid_d2_k10_highoverlap,0cc00684cc3f,0.008725028242537772
synth_grid_d2_k10_highoverlap,7203310ff7ba,0.010590264681798769
synth_grid_d2_k10_highoverlap,a399ab5a112a,0.011906149220211392
synth_grid_d2_k10_highoverlap,4d00158c440c,0.011906149220211392
synth_grid_d2_k10_highoverlap,f028e3896d9e,0.016732012804614834
synth_grid_d2_k10_highoverlap,bc0e2be21bfb,0.01860094757124314
synth_grid_d2_k10_highoverlap,ae16e9272ff8,0.00680418892452326
synth_grid_d2_k10_highoverlap,803c0d3403ff,0.009371743136311882
synth_grid_d2_k10_highoverlap,579a8bd776f9,0.011238933323771516
synth_grid_d2_k10_highoverlap,ccd2d07c7a4a,0.011655637234408473
synth_grid_d2_k10_highoverlap,92f60358ba37,0.014191569939985623
synth_grid_d2_k10_highoverlap,646357d2ae16,0.018268743105486786
synth_grid_d2_k10_highoverlap,5773d7049286,0.02035185776298491
synth_grid_d2_k10_highoverlap,a81f368f51bb,0.06982390244374921
synth_grid_d2_k10_highoverlap,70969dd2d720,0.011719747142099866
synth_grid_d2_k10_highoverlap,34b50b92b183,0.01489964548903853
synth_grid_d2_k10_highoverlap,48d260f98b0d,0.01489964548903853
synth_grid_d2_k10_highoverlap,1134a806601d,0.013309894465803612
synth_grid_d2_k10_highoverlap,0069693e350e,0.016895980606649548
synth_grid_d2_k10_highoverlap,2fa0af8799c8,0.020583032249493722
synth_grid_d2_k10_lowoverlap,76c89cda5ca5,0.22372603028054455
synth_grid_d2_k10_lowoverlap,23861655ac34,0.3783549487200189
synth_grid_d2_k10_lowoverlap,a042255d7a7d,0.023204337722373004
synth_grid_d2_k10_lowoverlap,47980bf71ea8,0.15281013666873944
synth_grid_d2_k10_lowoverlap,79d9b0fb5f02,0.01853576624330974
synth_grid_d2_k10_lowoverlap,e511e76239fe,0.007105598418837152
synth_grid_d2_k10_lowoverlap,7741c3e44852,0.006536274314410411
synth_grid_d2_k10_lowoverlap,b2d6bf5f391d,0.004021748011594787
synth_grid_d2_k10_lowoverlap,3964e1ccb548,0.22372603028054455
synth_grid_d2_k10_lowoverlap,4c077151b389,0.3783549487200189
synth_grid_d2_k10_lowoverlap,f292f2a1db5b,0.15017423587495263
synth_grid_d2_k10_lowoverlap,a4dbad06fd4e,0.18749990036410744
synth_grid_d2_k10_lowoverlap,8eecd2798818,0.014597950642498598
synth_grid_d2_k10_lowoverlap,4d9c9acccd21,0.01084786399201671
synth_grid_d2_k10_lowoverlap,9381fbddb6c5,0.007140162083786967
synth_grid_d2_k10_lowoverlap,8ec393598948,0.015038347379625814
synth_grid_d2_k10_lowoverlap,77e145ffcc55,0.3783549487200189
synth_grid_d2_k10_lowoverlap,632568e85407,0.15017423587495263
synth_grid_d2_k10_lowoverlap,fa9612cfa871,0.18749990036410744
synth_grid_d2_k10_lowoverlap,3d72e70b09e3,0.01074470044859247
synth_grid_d2_k10_lowoverlap,45c510f16843,0.009998832253291406
synth_grid_d2_k10_lowoverlap,27a2752a569f,0.00808104867911505
synth_grid_d2_k10_lowoverlap,4ec824c366d4,0.258611291919476
synth_grid_d2_k10_lowoverlap,4555573328fc,0.258611291919476
synth_grid_d2_k10_lowoverlap,0f46e0814abc,0.258611291919476
synth_grid_d2_k10_lowoverlap,759f97a6695c,0.2769964840962166
synth_grid_d2_k10_lowoverlap,9cd81f07f9eb,0.2728342546752685
synth_grid_d2_k10_lowoverlap,bb5d6442dae0,0.2728342546752685
synth_grid_d2_k10_lowoverlap,c610648f3a0b,0.2728342546752685
synth_grid_d2_k10_lowoverlap,d9a6e957a479,0.2728342546752685
synth_grid_d2_k10_lowoverlap,e0981ae1c5a2,0.3783549487200189
synth_grid_d2_k10_lowoverlap,08e381bd46b1,0.3783549487200189
synth_grid_d2_k10_lowoverlap,f7183f4c1fed,0.3783549487200189
synth_grid_d2_k10_lowoverlap,7c2e8cd4a56d,0.3783549487200189
synth_grid_d2_k10_lowoverlap,07ebbef7de3c,0.2689495575881756
synth_grid_d2_k10_lowoverlap,db49059653de,0.2689495575881756
synth_grid_d2_k10_lowoverlap,19967cb83e78,0.2689495575881756
synth_grid_d2_k10_lowoverlap,158a0277ed3c,0.2689495575881756
synth_grid_d2_k10_lowoverlap,d0fba6f03c0f,
synth_grid_d2_k10_lowoverlap,f10f8ff36baa,
synth_grid_d2_k10_lowoverlap,672c637760be,
synth_grid_d2_k10_lowoverlap,0cd896f527d5,
synth_grid_d2_k10_lowoverlap,4887a0323e21,
synth_grid_d2_k10_lowoverlap,3d795ce47578,
synth_grid_d2_k10_lowoverlap,639f74dd0e43,
synth_grid_d2_k10_lowoverlap,9c3ccb4fd98f,
synth_grid_d2_k10_lowoverlap,5647bbf0428d,0.17983762536062575
synth_grid_d2_k10_lowoverlap,389d4ccb0588,0.17983762536062575
synth_grid_d2_k10_lowoverlap,e34ce5984b64,0.17983762536062575
synth_grid_d2_k10_lowoverlap,63470ebdd53e,0.17983762536062575
synth_grid_d2_k10_lowoverlap,46814f50e13d,0.17983762536062575
synth_grid_d2_k10_lowoverlap,e597041814f5,0.17983762536062575
synth_grid_d2_k10_lowoverlap,024a1a8c54d1,0.17983762536062575
synth_grid_d2_k10_lowoverlap,bdcde80d6dbb,0.17983762536062575
synth_grid_d2_k10_lowoverlap,95475ce56089,0.17983762536062575
synth_grid_d2_k10_lowoverlap,5009193136b4,0.17983762536062575
synth_grid_d2_k10_lowoverlap,955728329102,0.17983762536062575
synth_grid_d2_k10_lowoverlap,1f1b6dfa46dc,0.17983762536062575
synth_grid_d2_k10_lowoverlap,272f18e90bd4,0.22372603028054455
synth_grid_d2_k10_lowoverlap,0cc00684cc3f,0.3783549487200189
synth_grid_d2_k10_lowoverlap,7203310ff7ba,0.15017423587495263
synth_grid_d2_k10_lowoverlap,a399ab5a112a,0.15281013666873944
synth_grid_d2_k10_lowoverlap,4d00158c440c,0.02868499055792037
synth_grid_d2_k10_lowoverlap,f028e3896d9e,0.02450088166012732
synth_grid_d2_k10_lowoverlap,bc0e2be21bfb,0.021533730018252976
synth_grid_d2_k10_lowoverlap,ae16e9272ff8,0.22372603028054455
synth_grid_d2_k10_lowoverlap,803c0d3403ff,0.3783549487200189
synth_grid_d2_k10_lowoverlap,579a8bd776f9,0.15017423587495263
synth_grid_d2_k10_lowoverlap,ccd2d07c7a4a,0.12980223053409964
synth_grid_d2_k10_lowoverlap,92f60358ba37,0.017796011667549173
synth_grid_d2_k10_lowoverlap,646357d2ae16,0.022243184568252236
synth_grid_d2_k10_lowoverlap,5773d7049286,0.0223187264346142
synth_grid_d2_k10_lowoverlap,a81f368f51bb,0.2119650020935142
synth_grid_d2_k10_lowoverlap,70969dd2d720,0.3783549487200189
synth_grid_d2_k10_lowoverlap,34b50b92b183,0.15017423587495263
synth_grid_d2_k10_lowoverlap,48d260f98b0d,0.15281013666873944
synth_grid_d2_k10_lowoverlap,1134a806601d,0.036038126746662416
synth_grid_d2_k10_lowoverlap,0069693e350e,0.03669489798795909
synth_grid_d2_k10_lowoverlap,2fa0af8799c8,0.03669489798795909
synth_grid_d2_k10_medoverlap,76c89cda5ca5,0.005545613093723688
synth_grid_d2_k10_medoverlap,23861655ac34,0.0067613477084848125
synth_grid_d2_k10_medoverlap,a042255d7a7d,0.007791353710042842
synth_grid_d2_k10_medoverlap,47980bf71ea8,0.006477480541675097
synth_grid_d2_k10_medoverlap,79d9b0fb5f02,0.01046297267684981
synth_grid_d2_k10_medoverlap,e511e76239fe,0.007872914965057582
synth_grid_d2_k10_medoverlap,7741c3e44852,0.010495727469714354
synth_grid_d2_k10_medoverlap,b2d6bf5f391d,0.011750943052599662
synth_grid_d2_k10_medoverlap,3964e1ccb548,0.009488301266653405
synth_grid_d2_k10_medoverlap,4c077151b389,0.005860192782957185
synth_grid_d2_k10_medoverlap,f292f2a1db5b,0.004971769518590892
synth_grid_d2_k10_medoverlap,a4dbad06fd4e,0.011584811369351458
synth_grid_d2_k10_medoverlap,8eecd2798818,0.0022333519413307145
synth_grid_d2_k10_medoverlap,4d9c9acccd21,0.00934485200195858
synth_grid_d2_k10_medoverlap,9381fbddb6c5,0.006868947461596376
synth_grid_d2_k10_medoverlap,8ec393598948,0.006235992737715053
synth_grid_d2_k10_medoverlap,77e145ffcc55,0.00887741297008666
synth_grid_d2_k10_medoverlap,632568e85407,0.006670954490020863
synth_grid_d2_k10_medoverlap,fa9612cfa871,0.012967787043161063
synth_grid_d2_k10_medoverlap,3d72e70b09e3,0.0044082398291924625
synth_grid_d2_k10_medoverlap,45c510f16843,0.004067819205319151
synth_grid_d2_k10_medoverlap,27a2752a569f,0.005419786334730261
synth_grid_d2_k10_medoverlap,4ec824c366d4,0.02862440868389524
synth_grid_d2_k10_medoverlap,4555573328fc,0.010861652866515564
synth_grid_d2_k10_medoverlap,0f46e0814abc,0.004706165923827585
synth_grid_d2_k10_medoverlap,759f97a6695c,0.029500382145206772
synth_grid_d2_k10_medoverlap,9cd81f07f9eb,
synth_grid_d2_k10_medoverlap,bb5d6442dae0,
synth_grid_d2_k10_medoverlap,c610648f3a0b,
synth_grid_d2_k10_medoverlap,d9a6e957a479,0.01535956524881832
synth_grid_d2_k10_medoverlap,e0981ae1c5a2,
synth_grid_d2_k10_medoverlap,08e381bd46b1,
synth_grid_d2_k10_medoverlap,f7183f4c1fed,
synth_grid_d2_k10_medoverlap,7c2e8cd4a56d,
synth_grid_d2_k10_medoverlap,07ebbef7de3c,
synth_grid_d2_k10_medoverlap,db49059653de,
synth_grid_d2_k10_medoverlap,19967cb83e78,
synth_grid_d2_k10_medoverlap,158a0277ed3c,
synth_grid_d2_k10_medoverlap,d0fba6f03c0f,
synth_grid_d2_k10_medoverlap,f10f8ff36baa,
synth_grid_d2_k10_medoverlap,672c637760be,
synth_grid_d2_k10_medoverlap,0cd896f527d5,
synth_grid_d2_k10_medoverlap,4887a0323e21,
synth_grid_d2_k10_medoverlap,3d795ce47578,
synth_grid_d2_k10_medoverlap,639f74dd0e43,
synth_grid_d2_k10_medoverlap,9c3ccb4fd98f,
synth_grid_d2_k10_medoverlap,5647bbf0428d,0.05821250015753621
synth_grid_d2_k10_medoverlap,389d4ccb0588,0.038167926704515305
synth_grid_d2_k10_medoverlap,e34ce5984b64,0.028639366417733306
synth_grid_d2_k10_medoverlap,63470ebdd53e,0.01811674837743638
synth_grid_d2_k10_medoverlap,46814f50e13d,0.02276519617929718
synth_grid_d2_k10_medoverlap,e597041814f5,0.028639366417733306
synth_grid_d2_k10_medoverlap,024a1a8c54d1,0.034763153650694475
synth_grid_d2_k10_medoverlap,bdcde80d6dbb,0.028706005896643797
synth_grid_d2_k10_medoverlap,95475ce56089,0.028639366417733306
synth_grid_d2_k10_medoverlap,5009193136b4,0.039846828734097096
synth_grid_d2_k10_medoverlap,955728329102,0.028706005896643797
synth_grid_d2_k10_medoverlap,1f1b6dfa46dc,0.028639366417733306
synth_grid_d2_k10_medoverlap,272f18e90bd4,0.018584883219938373
synth_grid_d2_k10_medoverlap,0cc00684cc3f,0.018584883219938373
synth_grid_d2_k10_medoverlap,7203310ff7ba,0.022195856275568335
synth_grid_d2_k10_medoverlap,a399ab5a112a,0.021964588522042694
synth_grid_d2_k10_medoverlap,4d00158c440c,0.00961073772145059
synth_grid_d2_k10_medoverlap,f028e3896d9e,0.013300687982755735
synth_grid_d2_k10_medoverlap,bc0e2be21bfb,0.014499521720863653
synth_grid_d2_k10_medoverlap,ae16e9272ff8,0.008214665645820659
synth_grid_d2_k10_medoverlap,803c0d3403ff,0.010613998858228186
synth_grid_d2_k10_medoverlap,579a8bd776f9,0.014077782350160117
synth_grid_d2_k10_medoverlap,ccd2d07c7a4a,0.015456904908014294
synth_grid_d2_k10_medoverlap,92f60358ba37,0.01890640011562442
synth_grid_d2_k10_medoverlap,646357d2ae16,0.024140181325112114
synth_grid_d2_k10_medoverlap,5773d7049286,0.02843203793609752
synth_grid_d2_k10_medoverlap,a81f368f51bb,0.024426777104308264
synth_grid_d2_k10_medoverlap,70969dd2d720,0.015476372712875192
synth_grid_d2_k10_medoverlap,34b50b92b183,0.01685517135018945
synth_grid_d2_k10_medoverlap,48d260f98b0d,0.017636578686244547
synth_grid_d2_k10_medoverlap,1134a806601d,0.020965487534473363
synth_grid_d2_k10_medoverlap,0069693e350e,0.020453295332445155
synth_grid_d2_k10_medoverlap,2fa0af8799c8,0.020370719580865653
synth_grid_d2_k3_highoverlap,76c89cda5ca5,0.016922017858559492
synth_grid_d2_k3_highoverlap,23861655ac34,0.020882817453672455
synth_grid_d2_k3_highoverlap,a042255d7a7d,0.01575998319961729
synth_grid_d2_k3_highoverlap,47980bf71ea8,0.02554467759889829
synth_grid_d2_k3_highoverlap,79d9b0fb5f02,0.02708339329352678
synth_grid_d2_k3_highoverlap,e511e76239fe,0.025439062058846232
synth_grid_d2_k3_highoverlap,7741c3e44852,0.02607225446250703
synth_grid_d2_k3_highoverlap,b2d6bf5f391d,0.020811338874643287
synth_grid_d2_k3_highoverlap,3964e1ccb548,0.008758382403964298
synth_grid_d2_k3_highoverlap,4c077151b389,0.009215688475420356
synth_grid_d2_k3_highoverlap,f292f2a1db5b,0.009928091236349766
synth_grid_d2_k3_highoverlap,a4dbad06fd4e,0.017133894017774817
synth_grid_d2_k3_highoverlap,8eecd2798818,0.012908699822866444
synth_grid_d2_k3_highoverlap,4d9c9acccd21,0.01161594498525784
synth_grid_d2_k3_highoverlap,9381fbddb6c5,0.006552539866576914
synth_grid_d2_k3_highoverlap,8ec393598948,0.004356789065331742
synth_grid_d2_k3_highoverlap,77e145ffcc55,0.009215688475420356
synth_grid_d2_k3_highoverlap,632568e85407,0.01773264214654491
synth_grid_d2_k3_highoverlap,fa9612cfa871,0.008501165712207446
synth_grid_d2_k3_highoverlap,3d72e70b09e3,0.004928838758782086
synth_grid_d2_k3_highoverlap,45c510f16843,0.014141180738603149
synth_grid_d2_k3_highoverlap,27a2752a569f,0.012603734255001494
synth_grid_d2_k3_highoverlap,4ec824c366d4,0.12196523564901583
synth_grid_d2_k3_highoverlap,4555573328fc,0.2168144352512456
synth_grid_d2_k3_highoverlap,0f46e0814abc,
synth_grid_d2_k3_highoverlap,759f97a6695c,
synth_grid_d2_k3_highoverlap,9cd81f07f9eb,0.06989263859848245
synth_grid_d2_k3_highoverlap,bb5d6442dae0,0.03833878586315712
synth_grid_d2_k3_highoverlap,c610648f3a0b,
synth_grid_d2_k3_highoverlap,d9a6e957a479,0.18211503906936322
synth_grid_d2_k3_highoverlap,e0981ae1c5a2,
synth_grid_d2_k3_highoverlap,08e381bd46b1,
synth_grid_d2_k3_highoverlap,f7183f4c1fed,
synth_grid_d2_k3_highoverlap,7c2e8cd4a56d,
synth_grid_d2_k3_highoverlap,07ebbef7de3c,
synth_grid_d2_k3_highoverlap,db49059653de,
synth_grid_d2_k3_highoverlap,19967cb83e78,
synth_grid_d2_k3_highoverlap,158a0277ed3c,
synth_grid_d2_k3_highoverlap,d0fba6f03c0f,
synth_grid_d2_k3_highoverlap,f10f8ff36baa,
synth_grid_d2_k3_highoverlap,672c637760be,
synth_grid_d2_k3_highoverlap,0cd896f527d5,
synth_grid_d2_k3_highoverlap,4887a0323e21,
synth_grid_d2_k3_highoverlap,3d795ce47578,
synth_grid_d2_k3_highoverlap,639f74dd0e43,
synth_grid_d2_k3_highoverlap,9c3ccb4fd98f,
synth_grid_d2_k3_highoverlap,5647bbf0428d,0.10185571123235986
synth_grid_d2_k3_highoverlap,389d4ccb0588,0.043772003505948676
synth_grid_d2_k3_highoverlap,e34ce5984b64,0.04878601558564557
synth_grid_d2_k3_highoverlap,63470ebdd53e,0.04124851716936876
synth_grid_d2_k3_highoverlap,46814f50e13d,0.06231750591471991
synth_grid_d2_k3_highoverlap,e597041814f5,0.0394640972540369
synth_grid_d2_k3_highoverlap,024a1a8c54d1,0.05401443993258292
synth_grid_d2_k3_highoverlap,bdcde80d6dbb,0.06231750591471991
synth_grid_d2_k3_highoverlap,95475ce56089,0.0394640972540369
synth_grid_d2_k3_highoverlap,5009193136b4,0.05401443993258292
synth_grid_d2_k3_highoverlap,955728329102,0.06231750591471991
synth_grid_d2_k3_highoverlap,1f1b6dfa46dc,0.0394640972540369
synth_grid_d2_k3_highoverlap,272f18e90bd4,0.028101703214859643
synth_grid_d2_k3_highoverlap,0cc00684cc3f,0.024491646526089907
synth_grid_d2_k3_highoverlap,7203310ff7ba,0.028841794983767696
synth_grid_d2_k3_highoverlap,a399ab5a112a,0.028589991560206567
synth_grid_d2_k3_highoverlap,4d00158c440c,0.03198688831977679
synth_grid_d2_k3_highoverlap,f028e3896d9e,0.03198688831977679
synth_grid_d2_k3_highoverlap,bc0e2be21bfb,0.05258733665477024
synth_grid_d2_k3_highoverlap,ae16e9272ff8,0.014629157466422018
synth_grid_d2_k3_highoverlap,803c0d3403ff,0.01850359874045957
synth_grid_d2_k3_highoverlap,579a8bd776f9,0.020231720349644242
synth_grid_d2_k3_highoverlap,ccd2d07c7a4a,0.023471037579314867
synth_grid_d2_k3_highoverlap,92f60358ba37,0.027029924161909618
synth_grid_d2_k3_highoverlap,646357d2ae16,0.03656529411688727
synth_grid_d2_k3_highoverlap,5773d7049286,0.04600567860769537
synth_grid_d2_k3_highoverlap,a81f368f51bb,0.14665914779760125
synth_grid_d2_k3_highoverlap,70969dd2d720,0.020830352459148327
synth_grid_d2_k3_highoverlap,34b50b92b183,0.024491646526089907
synth_grid_d2_k3_highoverlap,48d260f98b0d,0.02505144709779382
synth_grid_d2_k3_highoverlap,1134a806601d,0.02505144709779382
synth_grid_d2_k3_highoverlap,0069693e350e,0.033721131730077264
synth_grid_d2_k3_highoverlap,2fa0af8799c8,0.037244410570491646
synth_grid_d2_k3_lowoverlap,76c89cda5ca5,0.7402305611760815
synth_grid_d2_k3_lowoverlap,23861655ac34,3.2689637419251354
synth_grid_d2_k3_lowoverlap,a042255d7a7d,0.009207525706053318
synth_grid_d2_k3_lowoverlap,47980bf71ea8,0.009899034010254899
synth_grid_d2_k3_lowoverlap,79d9b0fb5f02,0.03332640741836762
synth_grid_d2_k3_lowoverlap,e511e76239fe,0.017344348585726435
synth_grid_d2_k3_lowoverlap,7741c3e44852,0.025292557615884753
synth_grid_d2_k3_lowoverlap,b2d6bf5f391d,0.023565257018290115
synth_grid_d2_k3_lowoverlap,3964e1ccb548,0.7402305611760815
synth_grid_d2_k3_lowoverlap,4c077151b389,3.2689637419251354
synth_grid_d2_k3_lowoverlap,f292f2a1db5b,0.013031205559328806
synth_grid_d2_k3_lowoverlap,a4dbad06fd4e,0.011412543975632444
synth_grid_d2_k3_lowoverlap,8eecd2798818,0.010099111738116031
synth_grid_d2_k3_lowoverlap,4d9c9acccd21,0.012282043404712811
synth_grid_d2_k3_lowoverlap,9381fbddb6c5,0.004301431670825716
synth_grid_d2_k3_lowoverlap,8ec393598948,0.7402305611760815
synth_grid_d2_k3_lowoverlap,77e145ffcc55,3.2689637419251354
synth_grid_d2_k3_lowoverlap,632568e85407,0.008893559758929302
synth_grid_d2_k3_lowoverlap,fa9612cfa871,0.007468954649070463
synth_grid_d2_k3_lowoverlap,3d72e70b09e3,0.01825039335238802
synth_grid_d2_k3_lowoverlap,45c510f16843,0.021364260401859035
synth_grid_d2_k3_lowoverlap,27a2752a569f,0.008104484516578147
synth_grid_d2_k3_lowoverlap,4ec824c366d4,3.5109199097050356
synth_grid_d2_k3_lowoverlap,4555573328fc,3.5109199097050356
synth_grid_d2_k3_lowoverlap,0f46e0814abc,3.5109199097050356
synth_grid_d2_k3_lowoverlap,759f97a6695c,3.7377517637173767
synth_grid_d2_k3_lowoverlap,9cd81f07f9eb,3.2689637419251354
synth_grid_d2_k3_lowoverlap,bb5d6442dae0,3.2689637419251354
synth_grid_d2_k3_lowoverlap,c610648f3a0b,3.2689637419251354
synth_grid_d2_k3_lowoverlap,d9a6e957a479,3.2689637419251354
synth_grid_d2_k3_lowoverlap,e0981ae1c5a2,3.2689637419251354
synth_grid_d2_k3_lowoverlap,08e381bd46b1,3.2689637419251354
synth_grid_d2_k3_lowoverlap,f7183f4c1fed,3.2689637419251354
synth_grid_d2_k3_lowoverlap,7c2e8cd4a56d,3.2689637419251354
synth_grid_d2_k3_lowoverlap,07ebbef7de3c,3.2689637419251354
synth_grid_d2_k3_lowoverlap,db49059653de,3.2689637419251354
synth_grid_d2_k3_lowoverlap,19967cb83e78,3.2689637419251354
synth_grid_d2_k3_lowoverlap,158a0277ed3c,3.2689637419251354
synth_grid_d2_k3_lowoverlap,d0fba6f03c0f,
synth_grid_d2_k3_lowoverlap,f10f8ff36baa,
synth_grid_d2_k3_lowoverlap,672c637760be,
synth_grid_d2_k3_lowoverlap,0cd896f527d5,
synth_grid_d2_k3_lowoverlap,4887a0323e21,
synth_grid_d2_k3_lowoverlap,3d795ce47578,
synth_grid_d2_k3_lowoverlap,639f74dd0e43,
synth_grid_d2_k3_lowoverlap,9c3ccb4fd98f,
synth_grid_d2_k3_lowoverlap,5647bbf0428d,3.2689637419251354
synth_grid_d2_k3_lowoverlap,389d4ccb0588,3.2689637419251354
synth_grid_d2_k3_lowoverlap,e34ce5984b64,3.2689637419251354
synth_grid_d2_k3_lowoverlap,63470ebdd53e,3.2689637419251354
synth_grid_d2_k3_lowoverlap,46814f50e13d,3.2689637419251354
synth_grid_d2_k3_lowoverlap,e597041814f5,3.2689637419251354
synth_grid_d2_k3_lowoverlap,024a1a8c54d1,3.2689637419251354
synth_grid_d2_k3_lowoverlap,bdcde80d6dbb,3.2689637419251354
synth_grid_d2_k3_lowoverlap,95475ce56089,3.2689637419251354
synth_grid_d2_k3_lowoverlap,5009193136b4,3.2689637419251354
synth_grid_d2_k3_lowoverlap,955728329102,3.2689637419251354
synth_grid_d2_k3_lowoverlap,1f1b6dfa46dc,3.2689637419251354
synth_grid_d2_k3_lowoverlap,272f18e90bd4,0.7402305611760815
synth_grid_d2_k3_lowoverlap,0cc00684cc3f,3.2689637419251354
synth_grid_d2_k3_lowoverlap,7203310ff7ba,0.026198599917035135
synth_grid_d2_k3_lowoverlap,a399ab5a112a,0.025882934313699854
synth_grid_d2_k3_lowoverlap,4d00158c440c,0.026992465960152156
synth_grid_d2_k3_lowoverlap,f028e3896d9e,0.03784577881234327
synth_grid_d2_k3_lowoverlap,bc0e2be21bfb,0.04423226130063655
synth_grid_d2_k3_lowoverlap,ae16e9272ff8,0.7402305611760815
synth_grid_d2_k3_lowoverlap,803c0d3403ff,3.2689637419251354
synth_grid_d2_k3_lowoverlap,579a8bd776f9,0.024677530261848827
synth_grid_d2_k3_lowoverlap,ccd2d07c7a4a,0.02822913551326951
synth_grid_d2_k3_lowoverlap,92f60358ba37,0.030944936521140515
synth_grid_d2_k3_lowoverlap,646357d2ae16,0.03692657447203181
synth_grid_d2_k3_lowoverlap,5773d7049286,0.046794441528822256
synth_grid_d2_k3_lowoverlap,a81f368f51bb,0.7402305611760815
synth_grid_d2_k3_lowoverlap,70969dd2d720,3.2689637419251354
synth_grid_d2_k3_lowoverlap,34b50b92b183,0.19290754809348049
synth_grid_d2_k3_lowoverlap,48d260f98b0d,0.2005752859954676
synth_grid_d2_k3_lowoverlap,1134a806601d,0.13593833246404421
synth_grid_d2_k3_lowoverlap,0069693e350e,0.03634556768834873
synth_grid_d2_k3_lowoverlap,2fa0af8799c8,0.0456962679806326
synth_grid_d2_k3_medoverlap,76c89cda5ca5,0.4061605281516477
synth_grid_d2_k3_medoverlap,23861655ac34,0.042948845579330486
synth_grid_d2_k3_medoverlap,a042255d7a7d,0.016162854719210362
synth_grid_d2_k3_medoverlap,47980bf71ea8,0.024602549509031475
synth_grid_d2_k3_medoverlap,79d9b0fb5f02,0.019604795750999333
synth_grid_d2_k3_medoverlap,e511e76239fe,0.022720053458463497
synth_grid_d2_k3_medoverlap,7741c3e44852,0.029341496020505013
synth_grid_d2_k3_medoverlap,b2d6bf5f391d,0.03580323858317536
synth_grid_d2_k3_medoverlap,3964e1ccb548,0.4061605281516477
synth_grid_d2_k3_medoverlap,4c077151b389,0.04500004685654848
synth_grid_d2_k3_medoverlap,f292f2a1db5b,0.010562449532423968
synth_grid_d2_k3_medoverlap,a4dbad06fd4e,0.008826632802261496
synth_grid_d2_k3_medoverlap,8eecd2798818,0.013408917724081787
synth_grid_d2_k3_medoverlap,4d9c9acccd21,0.016688759472021343
synth_grid_d2_k3_medoverlap,9381fbddb6c5,0.016068765733837715
synth_grid_d2_k3_medoverlap,8ec393598948,0.4061605281516477
synth_grid_d2_k3_medoverlap,77e145ffcc55,0.04500004685654848
synth_grid_d2_k3_medoverlap,632568e85407,0.00709155072800392
synth_grid_d2_k3_medoverlap,fa9612cfa871,0.008826632802261496
synth_grid_d2_k3_medoverlap,3d72e70b09e3,0.012769968270450975
synth_grid_d2_k3_medoverlap,45c510f16843,0.009744794328522844
synth_grid_d2_k3_medoverlap,27a2752a569f,0.02780237693751549
synth_grid_d2_k3_medoverlap,4ec824c366d4,0.0869384245452528
synth_grid_d2_k3_medoverlap,4555573328fc,0.03639030958624168
synth_grid_d2_k3_medoverlap,0f46e0814abc,0.0671810425322387
synth_grid_d2_k3_medoverlap,759f97a6695c,
synth_grid_d2_k3_medoverlap,9cd81f07f9eb,0.4061605281516477
synth_grid_d2_k3_medoverlap,bb5d6442dae0,0.40783395812645706
synth_grid_d2_k3_medoverlap,c610648f3a0b,0.40783395812645706
synth_grid_d2_k3_medoverlap,d9a6e957a479,0.4948423352171568
synth_grid_d2_k3_medoverlap,e0981ae1c5a2,0.4061605281516477
synth_grid_d2_k3_medoverlap,08e381bd46b1,0.4061605281516477
synth_grid_d2_k3_medoverlap,f7183f4c1fed,0.4061605281516477
synth_grid_d2_k3_medoverlap,7c2e8cd4a56d,0.4061605281516477
synth_grid_d2_k3_medoverlap,07ebbef7de3c,0.4061605281516477
synth_grid_d2_k3_medoverlap,db49059653de,0.4061605281516477
synth_grid_d2_k3_medoverlap,19967cb83e78,0.4061605281516477
synth_grid_d2_k3_medoverlap,158a0277ed3c,0.4061605281516477
synth_grid_d2_k3_medoverlap,d0fba6f03c0f,
synth_grid_d2_k3_medoverlap,f10f8ff36baa,
synth_grid_d2_k3_medoverlap,672c637760be,
synth_grid_d2_k3_medoverlap,0cd896f527d5,
synth_grid_d2_k3_medoverlap,4887a0323e21,
synth_grid_d2_k3_medoverlap,3d795ce47578,
synth_grid_d2_k3_medoverlap,639f74dd0e43,
synth_grid_d2_k3_medoverlap,9c3ccb4fd98f,
synth_grid_d2_k3_medoverlap,5647bbf0428d,0.4061605281516477
synth_grid_d2_k3_medoverlap,389d4ccb0588,0.05276819965855769
synth_grid_d2_k3_medoverlap,e34ce5984b64,0.032512321385931034
synth_grid_d2_k3_medoverlap,63470ebdd53e,0.4061605281516477
synth_grid_d2_k3_medoverlap,46814f50e13d,0.05276819965855769
synth_grid_d2_k3_medoverlap,e597041814f5,0.032512321385931034
synth_grid_d2_k3_medoverlap,024a1a8c54d1,0.4061605281516477
synth_grid_d2_k3_medoverlap,bdcde80d6dbb,0.05276819965855769
synth_grid_d2_k3_medoverlap,95475ce56089,0.032512321385931034
synth_grid_d2_k3_medoverlap,5009193136b4,0.4061605281516477
synth_grid_d2_k3_medoverlap,955728329102,0.05276819965855769
synth_grid_d2_k3_medoverlap,1f1b6dfa46dc,0.032512321385931034
synth_grid_d2_k3_medoverlap,272f18e90bd4,0.4061605281516477
synth_grid_d2_k3_medoverlap,0cc00684cc3f,0.04321990089799644
synth_grid_d2_k3_medoverlap,7203310ff7ba,0.03015553824634479
synth_grid_d2_k3_medoverlap,a399ab5a112a,0.034416149147143
synth_grid_d2_k3_medoverlap,4d00158c440c,0.036763960874044696
synth_grid_d2_k3_medoverlap,f028e3896d9e,0.0495221510187138
synth_grid_d2_k3_medoverlap,bc0e2be21bfb,0.05997913470603716
synth_grid_d2_k3_medoverlap,ae16e9272ff8,0.4061605281516477
synth_grid_d2_k3_medoverlap,803c0d3403ff,0.04500004685654848
synth_grid_d2_k3_medoverlap,579a8bd776f9,0.03458374915326903
synth_grid_d2_k3_medoverlap,ccd2d07c7a4a,0.026271372683473796
synth_grid_d2_k3_medoverlap,92f60358ba37,0.030717449105572756
synth_grid_d2_k3_medoverlap,646357d2ae16,0.039535005622351245
synth_grid_d2_k3_medoverlap,5773d7049286,0.027232124056735526
synth_grid_d2_k3_medoverlap,a81f368f51bb,0.4061605281516477
synth_grid_d2_k3_medoverlap,70969dd2d720,0.03743464523526181
synth_grid_d2_k3_medoverlap,34b50b92b183,0.05276819965855769
synth_grid_d2_k3_medoverlap,48d260f98b0d,0.056949110247758845
synth_grid_d2_k3_medoverlap,1134a806601d,0.03335111330348948
synth_grid_d2_k3_medoverlap,0069693e350e,0.04225959350654402
synth_grid_d2_k3_medoverlap,2fa0af8799c8,0.05050632207184818
synth_grid_d2_k6_highoverlap,76c89cda5ca5,0.021005880676451996
synth_grid_d2_k6_highoverlap,23861655ac34,0.00982629743210043
synth_grid_d2_k6_highoverlap,a042255d7a7d,0.006557634381578204
synth_grid_d2_k6_highoverlap,47980bf71ea8,0.008349430061763538
synth_grid_d2_k6_highoverlap,79d9b0fb5f02,0.012981089014000562
synth_grid_d2_k6_highoverlap,e511e76239fe,0.012344151432877317
synth_grid_d2_k6_highoverlap,7741c3e44852,0.015219588925859041
synth_grid_d2_k6_highoverlap,b2d6bf5f391d,0.018342373756216567
synth_grid_d2_k6_highoverlap,3964e1ccb548,0.008957800172895014
synth_grid_d2_k6_highoverlap,4c077151b389,0.004735968562809833
synth_grid_d2_k6_highoverlap,f292f2a1db5b,0.008412223596116913
synth_grid_d2_k6_highoverlap,a4dbad06fd4e,0.009206855894021364
synth_grid_d2_k6_highoverlap,8eecd2798818,0.005395037253423761
synth_grid_d2_k6_highoverlap,4d9c9acccd21,0.004742588524062073
synth_grid_d2_k6_highoverlap,9381fbddb6c5,0.01036291185045786
synth_grid_d2_k6_highoverlap,8ec393598948,0.009534402993300127
synth_grid_d2_k6_highoverlap,77e145ffcc55,0.013637931438882879
synth_grid_d2_k6_highoverlap,632568e85407,0.010163769086695165
synth_grid_d2_k6_highoverlap,fa9612cfa871,0.0012570752828990979
synth_grid_d2_k6_highoverlap,3d72e70b09e3,0.005818709739934443
synth_grid_d2_k6_highoverlap,45c510f16843,0.006296327266958126
synth_grid_d2_k6_highoverlap,27a2752a569f,0.007257199764078701
synth_grid_d2_k6_highoverlap,4ec824c366d4,0.03447769249711159
synth_grid_d2_k6_highoverlap,4555573328fc,0.019259111383681977
synth_grid_d2_k6_highoverlap,0f46e0814abc,0.0260987108646215
synth_grid_d2_k6_highoverlap,759f97a6695c,
synth_grid_d2_k6_highoverlap,9cd81f07f9eb,0.05621488277451893
synth_grid_d2_k6_highoverlap,bb5d6442dae0,0.05168509031150215
synth_grid_d2_k6_highoverlap,c610648f3a0b,
synth_grid_d2_k6_highoverlap,d9a6e957a479,
synth_grid_d2_k6_highoverlap,e0981ae1c5a2,
synth_grid_d2_k6_highoverlap,08e381bd46b1,
synth_grid_d2_k6_highoverlap,f7183f4c1fed,
synth_grid_d2_k6_highoverlap,7c2e8cd4a56d,
synth_grid_d2_k6_highoverlap,07ebbef7de3c,
synth_grid_d2_k6_highoverlap,db49059653de,
synth_grid_d2_k6_highoverlap,19967cb83e78,
synth_grid_d2_k6_highoverlap,158a0277ed3c,
synth_grid_d2_k6_highoverlap,d0fba6f03c0f,
synth_grid_d2_k6_highoverlap,f10f8ff36baa,
synth_grid_d2_k6_highoverlap,672c637760be,
synth_grid_d2_k6_highoverlap,0cd896f527d5,
synth_grid_d2_k6_highoverlap,4887a0323e21,
synth_grid_d2_k6_highoverlap,3d795ce47578,
synth_grid_d2_k6_highoverlap,639f74dd0e43,
synth_grid_d2_k6_highoverlap,9c3ccb4fd98f,
synth_grid_d2_k6_highoverlap,5647bbf0428d,0.06983747457442623
synth_grid_d2_k6_highoverlap,389d4ccb0588,0.03145396944647353
synth_grid_d2_k6_highoverlap,e34ce5984b64,0.033452321188077505
synth_grid_d2_k6_highoverlap,63470ebdd53e,0.07393383012026891
synth_grid_d2_k6_highoverlap,46814f50e13d,0.04769784722015226
synth_grid_d2_k6_highoverlap,e597041814f5,0.0664575894469348
synth_grid_d2_k6_highoverlap,024a1a8c54d1,0.04118345870752354
synth_grid_d2_k6_highoverlap,bdcde80d6dbb,0.050255291002410954
synth_grid_d2_k6_highoverlap,95475ce56089,0.0664575894469348
synth_grid_d2_k6_highoverlap,5009193136b4,0.04250749506122092
synth_grid_d2_k6_highoverlap,955728329102,0.014169420884413744
synth_grid_d2_k6_highoverlap,1f1b6dfa46dc,0.0664575894469348
synth_grid_d2_k6_highoverlap,272f18e90bd4,0.024777936363579
synth_grid_d2_k6_highoverlap,0cc00684cc3f,0.014298960731617062
synth_grid_d2_k6_highoverlap,7203310ff7ba,0.015331819958311356
synth_grid_d2_k6_highoverlap,a399ab5a112a,0.017130935915775778
synth_grid_d2_k6_highoverlap,4d00158c440c,0.019327686747076925
synth_grid_d2_k6_highoverlap,f028e3896d9e,0.023123891927051252
synth_grid_d2_k6_highoverlap,bc0e2be21bfb,0.030467330825674876
synth_grid_d2_k6_highoverlap,ae16e9272ff8,0.010694145181716084
synth_grid_d2_k6_highoverlap,803c0d3403ff,0.012939494903234969
synth_grid_d2_k6_highoverlap,579a8bd776f9,0.011002099642983243
synth_grid_d2_k6_highoverlap,ccd2d07c7a4a,0.013550594120516025
synth_grid_d2_k6_highoverlap,92f60358ba37,0.01471080260424892
synth_grid_d2_k6_highoverlap,646357d2ae16,0.019859708160342906
synth_grid_d2_k6_highoverlap,5773d7049286,0.022536475796873862
synth_grid_d2_k6_highoverlap,a81f368f51bb,0.03153995175361833
synth_grid_d2_k6_highoverlap,70969dd2d720,0.026364982679034824
synth_grid_d2_k6_highoverlap,34b50b92b183,0.021878589818403123
synth_grid_d2_k6_highoverlap,48d260f98b0d,0.023851850878979383
synth_grid_d2_k6_highoverlap,1134a806601d,0.023851850878979383
synth_grid_d2_k6_highoverlap,0069693e350e,0.033234678964040316
synth_grid_d2_k6_highoverlap,2fa0af8799c8,0.037609246736273395
synth_grid_d2_k6_lowoverlap,76c89cda5ca5,0.38848491702932036
synth_grid_d2_k6_lowoverlap,23861655ac34,0.1039345260812217
synth_grid_d2_k6_lowoverlap,a042255d7a7d,0.03193063650617517
synth_grid_d2_k6_lowoverlap,47980bf71ea8,0.0189752331091781
synth_grid_d2_k6_lowoverlap,79d9b0fb5f02,0.016169687484167753
synth_grid_d2_k6_lowoverlap,e511e76239fe,0.017568526972329072
synth_grid_d2_k6_lowoverlap,7741c3e44852,0.014101975183903383
synth_grid_d2_k6_lowoverlap,b2d6bf5f391d,0.012579181910025732
synth_grid_d2_k6_lowoverlap,3964e1ccb548,0.0676209636129293
synth_grid_d2_k6_lowoverlap,4c077151b389,0.03803836157488199
synth_grid_d2_k6_lowoverlap,f292f2a1db5b,0.05808087990014945
synth_grid_d2_k6_lowoverlap,a4dbad06fd4e,0.011773651360705892
synth_grid_d2_k6_lowoverlap,8eecd2798818,0.01064972697170051
synth_grid_d2_k6_lowoverlap,4d9c9acccd21,0.013509161270512339
synth_grid_d2_k6_lowoverlap,9381fbddb6c5,0.011554748221332872
synth_grid_d2_k6_lowoverlap,8ec393598948,0.019717397899621833
synth_grid_d2_k6_lowoverlap,77e145ffcc55,0.055658563586644984
synth_grid_d2_k6_lowoverlap,632568e85407,0.05808087990014945
synth_grid_d2_k6_lowoverlap,fa9612cfa871,0.006464397154085113
synth_grid_d2_k6_lowoverlap,3d72e70b09e3,0.0027127674536191384
synth_grid_d2_k6_lowoverlap,45c510f16843,0.010815640622045724
synth_grid_d2_k6_lowoverlap,27a2752a569f,0.009265641026987854
synth_grid_d2_k6_lowoverlap,4ec824c366d4,0.06599788892853098
synth_grid_d2_k6_lowoverlap,4555573328fc,0.11755862481666292
synth_grid_d2_k6_lowoverlap,0f46e0814abc,0.22002483244288393
synth_grid_d2_k6_lowoverlap,759f97a6695c,0.34676255901123776
synth_grid_d2_k6_lowoverlap,9cd81f07f9eb,0.1028767875136168
synth_grid_d2_k6_lowoverlap,bb5d6442dae0,0.1028767875136168
synth_grid_d2_k6_lowoverlap,c610648f3a0b,0.07595705336195367
synth_grid_d2_k6_lowoverlap,d9a6e957a479,0.07595705336195367
synth_grid_d2_k6_lowoverlap,e0981ae1c5a2,0.38848491702932036
synth_grid_d2_k6_lowoverlap,08e381bd46b1,0.38848491702932036
synth_grid_d2_k6_lowoverlap,f7183f4c1fed,0.38848491702932036
synth_grid_d2_k6_lowoverlap,7c2e8cd4a56d,0.38848491702932036
synth_grid_d2_k6_lowoverlap,07ebbef7de3c,0.38848491702932036
synth_grid_d2_k6_lowoverlap,db49059653de,0.38848491702932036
synth_grid_d2_k6_lowoverlap,19967cb83e78,0.38848491702932036
synth_grid_d2_k6_lowoverlap,158a0277ed3c,0.38848491702932036
synth_grid_d2_k6_lowoverlap,d0fba6f03c0f,
synth_grid_d2_k6_lowoverlap,f10f8ff36baa,
synth_grid_d2_k6_lowoverlap,672c637760be,
synth_grid_d2_k6_lowoverlap,0cd896f527d5,
synth_grid_d2_k6_lowoverlap,4887a0323e21,
synth_grid_d2_k6_lowoverlap,3d795ce47578,
synth_grid_d2_k6_lowoverlap,639f74dd0e43,
synth_grid_d2_k6_lowoverlap,9c3ccb4fd98f,
synth_grid_d2_k6_lowoverlap,5647bbf0428d,0.017511762670405308
synth_grid_d2_k6_lowoverlap,389d4ccb0588,0.07237362520988201
synth_grid_d2_k6_lowoverlap,e34ce5984b64,0.04884777988922748
synth_grid_d2_k6_lowoverlap,63470ebdd53e,0.07237362520988201
synth_grid_d2_k6_lowoverlap,46814f50e13d,0.07237362520988201
synth_grid_d2_k6_lowoverlap,e597041814f5,0.04884777988922748
synth_grid_d2_k6_lowoverlap,024a1a8c54d1,0.07237362520988201
synth_grid_d2_k6_lowoverlap,bdcde80d6dbb,0.07237362520988201
synth_grid_d2_k6_lowoverlap,95475ce56089,0.04884777988922748
synth_grid_d2_k6_lowoverlap,5009193136b4,0.07237362520988201
synth_grid_d2_k6_lowoverlap,955728329102,0.07237362520988201
synth_grid_d2_k6_lowoverlap,1f1b6dfa46dc,0.04884777988922748
synth_grid_d2_k6_lowoverlap,272f18e90bd4,0.38848491702932036
synth_grid_d2_k6_lowoverlap,0cc00684cc3f,0.1039345260812217
synth_grid_d2_k6_lowoverlap,7203310ff7ba,0.04481856892234178
synth_grid_d2_k6_lowoverlap,a399ab5a112a,0.020591473815929993
synth_grid_d2_k6_lowoverlap,4d00158c440c,0.025187503359912867
synth_grid_d2_k6_lowoverlap,f028e3896d9e,0.029051674635480834
synth_grid_d2_k6_lowoverlap,bc0e2be21bfb,0.02541949613207456
synth_grid_d2_k6_lowoverlap,ae16e9272ff8,0.0676209636129293
synth_grid_d2_k6_lowoverlap,803c0d3403ff,0.1039345260812217
synth_grid_d2_k6_lowoverlap,579a8bd776f9,0.016788877738173277
synth_grid_d2_k6_lowoverlap,ccd2d07c7a4a,0.022387121662370925
synth_grid_d2_k6_lowoverlap,92f60358ba37,0.01709161143514037
synth_grid_d2_k6_lowoverlap,646357d2ae16,0.02308044157406735
synth_grid_d2_k6_lowoverlap,5773d7049286,0.026587967569025914
synth_grid_d2_k6_lowoverlap,a81f368f51bb,0.38848491702932036
synth_grid_d2_k6_lowoverlap,70969dd2d720,0.1039345260812217
synth_grid_d2_k6_lowoverlap,34b50b92b183,0.11881436007343428
synth_grid_d2_k6_lowoverlap,48d260f98b0d,0.049465030962314534
synth_grid_d2_k6_lowoverlap,1134a806601d,0.014674438873118211
synth_grid_d2_k6_lowoverlap,0069693e350e,0.02159088779386323
synth_grid_d2_k6_lowoverlap,2fa0af8799c8,0.023903676329171057
synth_grid_d2_k6_medoverlap,76c89cda5ca5,0.017047212201400656
synth_grid_d2_k6_medoverlap,23861655ac34,0.010703578952136363
synth_grid_d2_k6_medoverlap,a042255d7a7d,0.017483379043715268
synth_grid_d2_k6_medoverlap,47980bf71ea8,0.007955913525421842
synth_grid_d2_k6_medoverlap,79d9b0fb5f02,0.009370644653806194
synth_grid_d2_k6_medoverlap,e511e76239fe,0.007606008080311856
synth_grid_d2_k6_medoverlap,7741c3e44852,0.016080805749682747
synth_grid_d2_k6_medoverlap,b2d6bf5f391d,0.02396912218927404
synth_grid_d2_k6_medoverlap,3964e1ccb548,0.09232353586228548
synth_grid_d2_k6_medoverlap,4c077151b389,0.004929778381562637
synth_grid_d2_k6_medoverlap,f292f2a1db5b,0.013194719479236445
synth_grid_d2_k6_medoverlap,a4dbad06fd4e,0.008475041015441748
synth_grid_d2_k6_medoverlap,8eecd2798818,0.007492149282479753
synth_grid_d2_k6_medoverlap,4d9c9acccd21,0.0029557650941809083
synth_grid_d2_k6_medoverlap,9381fbddb6c5,0.006865287237184898
synth_grid_d2_k6_medoverlap,8ec393598948,0.07309685510497442
synth_grid_d2_k6_medoverlap,77e145ffcc55,0.009998798590897008
synth_grid_d2_k6_medoverlap,632568e85407,0.010154419894416991
synth_grid_d2_k6_medoverlap,fa9612cfa871,0.004737197278149447
synth_grid_d2_k6_medoverlap,3d72e70b09e3,0.007492149282479753
synth_grid_d2_k6_medoverlap,45c510f16843,0.012032789831943579
synth_grid_d2_k6_medoverlap,27a2752a569f,0.006549648358527202
synth_grid_d2_k6_medoverlap,4ec824c366d4,0.031230653617673233
synth_grid_d2_k6_medoverlap,4555573328fc,0.01631566453943409
synth_grid_d2_k6_medoverlap,0f46e0814abc,0.011304281780891092
synth_grid_d2_k6_medoverlap,759f97a6695c,
synth_grid_d2_k6_medoverlap,9cd81f07f9eb,0.09232353586228548
synth_grid_d2_k6_medoverlap,bb5d6442dae0,0.09232353586228548
synth_grid_d2_k6_medoverlap,c610648f3a0b,0.14538154409683343
synth_grid_d2_k6_medoverlap,d9a6e957a479,0.20626897236353126
synth_grid_d2_k6_medoverlap,e0981ae1c5a2,
synth_grid_d2_k6_medoverlap,08e381bd46b1,
synth_grid_d2_k6_medoverlap,f7183f4c1fed,
synth_grid_d2_k6_medoverlap,7c2e8cd4a56d,0.07888317339738031
synth_grid_d2_k6_medoverlap,07ebbef7de3c,
synth_grid_d2_k6_medoverlap,db49059653de,
synth_grid_d2_k6_medoverlap,19967cb83e78,
synth_grid_d2_k6_medoverlap,158a0277ed3c,
synth_grid_d2_k6_medoverlap,d0fba6f03c0f,
synth_grid_d2_k6_medoverlap,f10f8ff36baa,
synth_grid_d2_k6_medoverlap,672c637760be,
synth_grid_d2_k6_medoverlap,0cd896f527d5,
synth_grid_d2_k6_medoverlap,4887a0323e21,
synth_grid_d2_k6_medoverlap,3d795ce47578,
synth_grid_d2_k6_medoverlap,639f74dd0e43,
synth_grid_d2_k6_medoverlap,9c3ccb4fd98f,
synth_grid_d2_k6_medoverlap,5647bbf0428d,0.07454679972472375
synth_grid_d2_k6_medoverlap,389d4ccb0588,0.09232353586228548
synth_grid_d2_k6_medoverlap,e34ce5984b64,0.07888317339738031
synth_grid_d2_k6_medoverlap,63470ebdd53e,0.09232353586228548
synth_grid_d2_k6_medoverlap,46814f50e13d,0.09232353586228548
synth_grid_d2_k6_medoverlap,e597041814f5,0.07888317339738031
synth_grid_d2_k6_medoverlap,024a1a8c54d1,0.09232353586228548
synth_grid_d2_k6_medoverlap,bdcde80d6dbb,0.09232353586228548
synth_grid_d2_k6_medoverlap,95475ce56089,0.07888317339738031
synth_grid_d2_k6_medoverlap,5009193136b4,0.09232353586228548
synth_grid_d2_k6_medoverlap,955728329102,0.09232353586228548
synth_grid_d2_k6_medoverlap,1f1b6dfa46dc,0.07888317339738031
synth_grid_d2_k6_medoverlap,272f18e90bd4,0.09232353586228548
synth_grid_d2_k6_medoverlap,0cc00684cc3f,0.0184346997330824
synth_grid_d2_k6_medoverlap,7203310ff7ba,0.027055379187080675
synth_grid_d2_k6_medoverlap,a399ab5a112a,0.02778637250098571
synth_grid_d2_k6_medoverlap,4d00158c440c,0.03365970102089262
synth_grid_d2_k6_medoverlap,f028e3896d9e,0.02944609605046789
synth_grid_d2_k6_medoverlap,bc0e2be21bfb,0.02944609605046789
synth_grid_d2_k6_medoverlap,ae16e9272ff8,0.09232353586228548
synth_grid_d2_k6_medoverlap,803c0d3403ff,0.016151853578155587
synth_grid_d2_k6_medoverlap,579a8bd776f9,0.017959553814783844
synth_grid_d2_k6_medoverlap,ccd2d07c7a4a,0.020384448111192763
synth_grid_d2_k6_medoverlap,92f60358ba37,0.02456420897466195
synth_grid_d2_k6_medoverlap,646357d2ae16,0.030231348661944615
synth_grid_d2_k6_medoverlap,5773d7049286,0.03581858134338185
synth_grid_d2_k6_medoverlap,a81f368f51bb,0.09232353586228548
synth_grid_d2_k6_medoverlap,70969dd2d720,0.022893047937354742
synth_grid_d2_k6_medoverlap,34b50b92b183,0.032571023386275065
synth_grid_d2_k6_medoverlap,48d260f98b0d,0.032571023386275065
synth_grid_d2_k6_medoverlap,1134a806601d,0.026270870869257598
synth_grid_d2_k6_medoverlap,0069693e350e,0.016996629147965188
synth_grid_d2_k6_medoverlap,2fa0af8799c8,0.021842941079573512
synth_grid_d30_k10_highoverlap,76c89cda5ca5,0.4072056853342867
synth_grid_d30_k10_highoverlap,23861655ac34,0.2522740860011012
synth_grid_d30_k10_highoverlap,a042255d7a7d,0.44974798185721826
synth_grid_d30_k10_highoverlap,47980bf71ea8,0.4225643237418431
synth_grid_d30_k10_highoverlap,79d9b0fb5f02,0.6601384419816168
synth_grid_d30_k10_highoverlap,e511e76239fe,0.3081750732583812
synth_grid_d30_k10_highoverlap,7741c3e44852,0.277215445146556
synth_grid_d30_k10_highoverlap,b2d6bf5f391d,0.3197984280921076
synth_grid_d30_k10_highoverlap,3964e1ccb548,0.38649536838133275
synth_grid_d30_k10_highoverlap,4c077151b389,0.4072056853342867
synth_grid_d30_k10_highoverlap,f292f2a1db5b,0.40507058187982736
synth_grid_d30_k10_highoverlap,a4dbad06fd4e,0.40507058187982736
synth_grid_d30_k10_highoverlap,8eecd2798818,0.2102230078233002
synth_grid_d30_k10_highoverlap,4d9c9acccd21,0.3081750732583812
synth_grid_d30_k10_highoverlap,9381fbddb6c5,0.29860037513895554
synth_grid_d30_k10_highoverlap,8ec393598948,0.38649536838133275
synth_grid_d30_k10_highoverlap,77e145ffcc55,0.4072056853342867
synth_grid_d30_k10_highoverlap,632568e85407,0.40507058187982736
synth_grid_d30_k10_highoverlap,fa9612cfa871,0.40507058187982736
synth_grid_d30_k10_highoverlap,3d72e70b09e3,0.2102230078233002
synth_grid_d30_k10_highoverlap,45c510f16843,0.3038325012904126
synth_grid_d30_k10_highoverlap,27a2752a569f,0.29860037513895554
synth_grid_d30_k10_highoverlap,4ec824c366d4,
synth_grid_d30_k10_highoverlap,4555573328fc,
synth_grid_d30_k10_highoverlap,0f46e0814abc,
synth_grid_d30_k10_highoverlap,759f97a6695c,
synth_grid_d30_k10_highoverlap,9cd81f07f9eb,
synth_grid_d30_k10_highoverlap,bb5d6442dae0,
synth_grid_d30_k10_highoverlap,c610648f3a0b,
synth_grid_d30_k10_highoverlap,d9a6e957a479,
synth_grid_d30_k10_highoverlap,e0981ae1c5a2,
synth_grid_d30_k10_highoverlap,08e381bd46b1,
synth_grid_d30_k10_highoverlap,f7183f4c1fed,
synth_grid_d30_k10_highoverlap,7c2e8cd4a56d,
synth_grid_d30_k10_highoverlap,07ebbef7de3c,
synth_grid_d30_k10_highoverlap,db49059653de,
synth_grid_d30_k10_highoverlap,19967cb83e78,
synth_grid_d30_k10_highoverlap,158a0277ed3c,
synth_grid_d30_k10_highoverlap,d0fba6f03c0f,
synth_grid_d30_k10_highoverlap,f10f8ff36baa,
synth_grid_d30_k10_highoverlap,672c637760be,
synth_grid_d30_k10_highoverlap,0cd896f527d5,
synth_grid_d30_k10_highoverlap,4887a0323e21,
synth_grid_d30_k10_highoverlap,3d795ce47578,
synth_grid_d30_k10_highoverlap,639f74dd0e43,
synth_grid_d30_k10_highoverlap,9c3ccb4fd98f,
synth_grid_d30_k10_highoverlap,5647bbf0428d,0.6601384419816168
synth_grid_d30_k10_highoverlap,389d4ccb0588,0.6601384419816168
synth_grid_d30_k10_highoverlap,e34ce5984b64,0.6601384419816168
synth_grid_d30_k10_highoverlap,63470ebdd53e,0.6601384419816168
synth_grid_d30_k10_highoverlap,46814f50e13d,0.6601384419816168
synth_grid_d30_k10_highoverlap,e597041814f5,0.6601384419816168
synth_grid_d30_k10_highoverlap,024a1a8c54d1,0.6601384419816168
synth_grid_d30_k10_highoverlap,bdcde80d6dbb,0.6601384419816168
synth_grid_d30_k10_highoverlap,95475ce56089,0.6601384419816168
synth_grid_d30_k10_highoverlap,5009193136b4,0.6601384419816168
synth_grid_d30_k10_highoverlap,955728329102,0.6601384419816168
synth_grid_d30_k10_highoverlap,1f1b6dfa46dc,0.6601384419816168
synth_grid_d30_k10_highoverlap,272f18e90bd4,0.398964873517815
synth_grid_d30_k10_highoverlap,0cc00684cc3f,0.4208829578354272
synth_grid_d30_k10_highoverlap,7203310ff7ba,0.44974798185721826
synth_grid_d30_k10_highoverlap,a399ab5a112a,0.4701837214587151
synth_grid_d30_k10_highoverlap,4d00158c440c,0.6601384419816168
synth_grid_d30_k10_highoverlap,f028e3896d9e,0.33872365889468314
synth_grid_d30_k10_highoverlap,bc0e2be21bfb,0.3409561496785801
synth_grid_d30_k10_highoverlap,ae16e9272ff8,0.40822479689397634
synth_grid_d30_k10_highoverlap,803c0d3403ff,0.422651812311243
synth_grid_d30_k10_highoverlap,579a8bd776f9,0.44974798185721826
synth_grid_d30_k10_highoverlap,ccd2d07c7a4a,0.4701837214587151
synth_grid_d30_k10_highoverlap,92f60358ba37,0.6601384419816168
synth_grid_d30_k10_highoverlap,646357d2ae16,0.3575982633419557
synth_grid_d30_k10_highoverlap,5773d7049286,0.3707432886945338
synth_grid_d30_k10_highoverlap,a81f368f51bb,0.41238071183321046
synth_grid_d30_k10_highoverlap,70969dd2d720,0.4208829578354272
synth_grid_d30_k10_highoverlap,34b50b92b183,0.44974798185721826
synth_grid_d30_k10_highoverlap,48d260f98b0d,0.4701837214587151
synth_grid_d30_k10_highoverlap,1134a806601d,0.6601384419816168
synth_grid_d30_k10_highoverlap,0069693e350e,0.47626940605563095
synth_grid_d30_k10_highoverlap,2fa0af8799c8,0.47626940605563095
synth_grid_d30_k10_lowoverlap,76c89cda5ca5,0.6872927064713572
synth_grid_d30_k10_lowoverlap,23861655ac34,0.636560710915689
synth_grid_d30_k10_lowoverlap,a042255d7a7d,0.7390475963515359
synth_grid_d30_k10_lowoverlap,47980bf71ea8,0.8148998665853178
synth_grid_d30_k10_lowoverlap,79d9b0fb5f02,4.517229561255865
synth_grid_d30_k10_lowoverlap,e511e76239fe,0.33632309941862715
synth_grid_d30_k10_lowoverlap,7741c3e44852,0.28987423841198634
synth_grid_d30_k10_lowoverlap,b2d6bf5f391d,0.3053393793821397
synth_grid_d30_k10_lowoverlap,3964e1ccb548,0.6791497378430118
synth_grid_d30_k10_lowoverlap,4c077151b389,0.636560710915689
synth_grid_d30_k10_lowoverlap,f292f2a1db5b,0.7390475963515359
synth_grid_d30_k10_lowoverlap,a4dbad06fd4e,0.8070565977029578
synth_grid_d30_k10_lowoverlap,8eecd2798818,4.517229561255865
synth_grid_d30_k10_lowoverlap,4d9c9acccd21,0.31493471701691245
synth_grid_d30_k10_lowoverlap,9381fbddb6c5,0.29010240342747984
synth_grid_d30_k10_lowoverlap,8ec393598948,0.6791497378430118
synth_grid_d30_k10_lowoverlap,77e145ffcc55,0.636560710915689
synth_grid_d30_k10_lowoverlap,632568e85407,0.7390475963515359
synth_grid_d30_k10_lowoverlap,fa9612cfa871,0.8070565977029578
synth_grid_d30_k10_lowoverlap,3d72e70b09e3,4.517229561255865
synth_grid_d30_k10_lowoverlap,45c510f16843,0.3059551839626303
synth_grid_d30_k10_lowoverlap,27a2752a569f,0.29010240342747984
synth_grid_d30_k10_lowoverlap,4ec824c366d4,
synth_grid_d30_k10_lowoverlap,4555573328fc,
synth_grid_d30_k10_lowoverlap,0f46e0814abc,
synth_grid_d30_k10_lowoverlap,759f97a6695c,
synth_grid_d30_k10_lowoverlap,9cd81f07f9eb,
synth_grid_d30_k10_lowoverlap,bb5d6442dae0,
synth_grid_d30_k10_lowoverlap,c610648f3a0b,
synth_grid_d30_k10_lowoverlap,d9a6e957a479,
synth_grid_d30_k10_lowoverlap,e0981ae1c5a2,0.5281920842224033
synth_grid_d30_k10_lowoverlap,08e381bd46b1,0.44352021648918516
synth_grid_d30_k10_lowoverlap,f7183f4c1fed,0.5202558065745295
synth_grid_d30_k10_lowoverlap,7c2e8cd4a56d,
synth_grid_d30_k10_lowoverlap,07ebbef7de3c,4.517229561255865
synth_grid_d30_k10_lowoverlap,db49059653de,4.517229561255865
synth_grid_d30_k10_lowoverlap,19967cb83e78,4.517229561255865
synth_grid_d30_k10_lowoverlap,158a0277ed3c,4.517229561255865
synth_grid_d30_k10_lowoverlap,d0fba6f03c0f,4.517229561255865
synth_grid_d30_k10_lowoverlap,f10f8ff36baa,4.517229561255865
synth_grid_d30_k10_lowoverlap,672c637760be,4.517229561255865
synth_grid_d30_k10_lowoverlap,0cd896f527d5,4.517229561255865
synth_grid_d30_k10_lowoverlap,4887a0323e21,4.517229561255865
synth_grid_d30_k10_lowoverlap,3d795ce47578,4.517229561255865
synth_grid_d30_k10_lowoverlap,639f74dd0e43,4.517229561255865
synth_grid_d30_k10_lowoverlap,9c3ccb4fd98f,4.517229561255865
synth_grid_d30_k10_lowoverlap,5647bbf0428d,4.517229561255865
synth_grid_d30_k10_lowoverlap,389d4ccb0588,4.517229561255865
synth_grid_d30_k10_lowoverlap,e34ce5984b64,4.517229561255865
synth_grid_d30_k10_lowoverlap,63470ebdd53e,4.517229561255865
synth_grid_d30_k10_lowoverlap,46814f50e13d,4.517229561255865
synth_grid_d30_k10_lowoverlap,e597041814f5,4.517229561255865
synth_grid_d30_k10_lowoverlap,024a1a8c54d1,4.517229561255865
synth_grid_d30_k10_lowoverlap,bdcde80d6dbb,4.517229561255865
synth_grid_d30_k10_lowoverlap,95475ce56089,4.517229561255865
synth_grid_d30_k10_lowoverlap,5009193136b4,4.517229561255865
synth_grid_d30_k10_lowoverlap,955728329102,4.517229561255865
synth_grid_d30_k10_lowoverlap,1f1b6dfa46dc,4.517229561255865
synth_grid_d30_k10_lowoverlap,272f18e90bd4,0.7047914753534293
synth_grid_d30_k10_lowoverlap,0cc00684cc3f,0.7644068313372157
synth_grid_d30_k10_lowoverlap,7203310ff7ba,0.790771515088914
synth_grid_d30_k10_lowoverlap,a399ab5a112a,0.790771515088914
synth_grid_d30_k10_lowoverlap,4d00158c440c,4.517229561255865
synth_grid_d30_k10_lowoverlap,f028e3896d9e,0.3504258913391094
synth_grid_d30_k10_lowoverlap,bc0e2be21bfb,0.34061580742045977
synth_grid_d30_k10_lowoverlap,ae16e9272ff8,0.7047914753534293
synth_grid_d30_k10_lowoverlap,803c0d3403ff,0.7644068313372157
synth_grid_d30_k10_lowoverlap,579a8bd776f9,0.790771515088914
synth_grid_d30_k10_lowoverlap,ccd2d07c7a4a,0.8148998665853178
synth_grid_d30_k10_lowoverlap,92f60358ba37,4.517229561255865
synth_grid_d30_k10_lowoverlap,646357d2ae16,0.3537131489102267
synth_grid_d30_k10_lowoverlap,5773d7049286,0.36318711249639046
synth_grid_d30_k10_lowoverlap,a81f368f51bb,0.7405074670630359
synth_grid_d30_k10_lowoverlap,70969dd2d720,0.6872927064713572
synth_grid_d30_k10_lowoverlap,34b50b92b183,0.790771515088914
synth_grid_d30_k10_lowoverlap,48d260f98b0d,0.8148998665853178
synth_grid_d30_k10_lowoverlap,1134a806601d,4.517229561255865
synth_grid_d30_k10_lowoverlap,0069693e350e,0.5092166315530388
synth_grid_d30_k10_lowoverlap,2fa0af8799c8,0.5203855425686977
synth_grid_d30_k10_medoverlap,76c89cda5ca5,0.4811879219284494
synth_grid_d30_k10_medoverlap,23861655ac34,0.5944023353708002
synth_grid_d30_k10_medoverlap,a042255d7a7d,0.5757982488735094
synth_grid_d30_k10_medoverlap,47980bf71ea8,0.6092963619051529
synth_grid_d30_k10_medoverlap,79d9b0fb5f02,1.045546978328603
synth_grid_d30_k10_medoverlap,e511e76239fe,0.29937796756238333
synth_grid_d30_k10_medoverlap,7741c3e44852,0.3107646220829746
synth_grid_d30_k10_medoverlap,b2d6bf5f391d,0.3204928857690503
synth_grid_d30_k10_medoverlap,3964e1ccb548,0.5282337770607727
synth_grid_d30_k10_medoverlap,4c077151b389,0.3901093196525824
synth_grid_d30_k10_medoverlap,f292f2a1db5b,0.40720192028835533
synth_grid_d30_k10_medoverlap,a4dbad06fd4e,0.42218221250232585
synth_grid_d30_k10_medoverlap,8eecd2798818,1.045546978328603
synth_grid_d30_k10_medoverlap,4d9c9acccd21,0.32386316009402016
synth_grid_d30_k10_medoverlap,9381fbddb6c5,0.32977918580306936
synth_grid_d30_k10_medoverlap,8ec393598948,0.5282337770607727
synth_grid_d30_k10_medoverlap,77e145ffcc55,0.3901093196525824
synth_grid_d30_k10_medoverlap,632568e85407,0.40720192028835533
synth_grid_d30_k10_medoverlap,fa9612cfa871,0.42218221250232585
synth_grid_d30_k10_medoverlap,3d72e70b09e3,1.045546978328603
synth_grid_d30_k10_medoverlap,45c510f16843,0.29407763682762095
synth_grid_d30_k10_medoverlap,27a2752a569f,0.3107646220829746
synth_grid_d30_k10_medoverlap,4ec824c366d4,
synth_grid_d30_k10_medoverlap,4555573328fc,
synth_grid_d30_k10_medoverlap,0f46e0814abc,
synth_grid_d30_k10_medoverlap,759f97a6695c,
synth_grid_d30_k10_medoverlap,9cd81f07f9eb,
synth_grid_d30_k10_medoverlap,bb5d6442dae0,
synth_grid_d30_k10_medoverlap,c610648f3a0b,
synth_grid_d30_k10_medoverlap,d9a6e957a479,
synth_grid_d30_k10_medoverlap,e0981ae1c5a2,
synth_grid_d30_k10_medoverlap,08e381bd46b1,
synth_grid_d30_k10_medoverlap,f7183f4c1fed,
synth_grid_d30_k10_medoverlap,7c2e8cd4a56d,
synth_grid_d30_k10_medoverlap,07ebbef7de3c,
synth_grid_d30_k10_medoverlap,db49059653de,
synth_grid_d30_k10_medoverlap,19967cb83e78,
synth_grid_d30_k10_medoverlap,158a0277ed3c,
synth_grid_d30_k10_medoverlap,d0fba6f03c0f,1.1139535855719855
synth_grid_d30_k10_medoverlap,f10f8ff36baa,1.1139535855719855
synth_grid_d30_k10_medoverlap,672c637760be,1.1139535855719855
synth_grid_d30_k10_medoverlap,0cd896f527d5,1.1139535855719855
synth_grid_d30_k10_medoverlap,4887a0323e21,0.6708702456710912
synth_grid_d30_k10_medoverlap,3d795ce47578,0.6708702456710912
synth_grid_d30_k10_medoverlap,639f74dd0e43,0.6708702456710912
synth_grid_d30_k10_medoverlap,9c3ccb4fd98f,0.6708702456710912
synth_grid_d30_k10_medoverlap,5647bbf0428d,1.045546978328603
synth_grid_d30_k10_medoverlap,389d4ccb0588,1.045546978328603
synth_grid_d30_k10_medoverlap,e34ce5984b64,1.045546978328603
synth_grid_d30_k10_medoverlap,63470ebdd53e,1.045546978328603
synth_grid_d30_k10_medoverlap,46814f50e13d,1.045546978328603
synth_grid_d30_k10_medoverlap,e597041814f5,1.045546978328603
synth_grid_d30_k10_medoverlap,024a1a8c54d1,1.045546978328603
synth_grid_d30_k10_medoverlap,bdcde80d6dbb,1.045546978328603
synth_grid_d30_k10_medoverlap,95475ce56089,1.045546978328603
synth_grid_d30_k10_medoverlap,5009193136b4,1.045546978328603
synth_grid_d30_k10_medoverlap,955728329102,1.045546978328603
synth_grid_d30_k10_medoverlap,1f1b6dfa46dc,1.045546978328603
synth_grid_d30_k10_medoverlap,272f18e90bd4,0.4811879219284494
synth_grid_d30_k10_medoverlap,0cc00684cc3f,0.5396591186272595
synth_grid_d30_k10_medoverlap,7203310ff7ba,0.5742910305827081
synth_grid_d30_k10_medoverlap,a399ab5a112a,0.6092963619051529
synth_grid_d30_k10_medoverlap,4d00158c440c,1.045546978328603
synth_grid_d30_k10_medoverlap,f028e3896d9e,0.3284861109673421
synth_grid_d30_k10_medoverlap,bc0e2be21bfb,0.3284861109673421
synth_grid_d30_k10_medoverlap,ae16e9272ff8,0.5681618907451033
synth_grid_d30_k10_medoverlap,803c0d3403ff,0.5944023353708002
synth_grid_d30_k10_medoverlap,579a8bd776f9,0.5867329200404274
synth_grid_d30_k10_medoverlap,ccd2d07c7a4a,0.612298709982237
synth_grid_d30_k10_medoverlap,92f60358ba37,1.045546978328603
synth_grid_d30_k10_medoverlap,646357d2ae16,0.3477648455199426
synth_grid_d30_k10_medoverlap,5773d7049286,0.3534707514470614
synth_grid_d30_k10_medoverlap,a81f368f51bb,0.5692896562527822
synth_grid_d30_k10_medoverlap,70969dd2d720,0.5719994566350417
synth_grid_d30_k10_medoverlap,34b50b92b183,0.5892873278880282
synth_grid_d30_k10_medoverlap,48d260f98b0d,0.6092963619051529
synth_grid_d30_k10_medoverlap,1134a806601d,1.045546978328603
synth_grid_d30_k10_medoverlap,0069693e350e,0.487362731549998
synth_grid_d30_k10_medoverlap,2fa0af8799c8,0.4834937121649033
synth_grid_d30_k3_highoverlap,76c89cda5ca5,0.5042433472889905
synth_grid_d30_k3_highoverlap,23861655ac34,0.6086169522444295
synth_grid_d30_k3_highoverlap,a042255d7a7d,0.2422100365267692
synth_grid_d30_k3_highoverlap,47980bf71ea8,0.2772518996544889
synth_grid_d30_k3_highoverlap,79d9b0fb5f02,0.264293759859609
synth_grid_d30_k3_highoverlap,e511e76239fe,0.264293759859609
synth_grid_d30_k3_highoverlap,7741c3e44852,0.2692650033895666
synth_grid_d30_k3_highoverlap,b2d6bf5f391d,0.2976426713144062
synth_grid_d30_k3_highoverlap,3964e1ccb548,0.5042433472889905
synth_grid_d30_k3_highoverlap,4c077151b389,0.6086169522444295
synth_grid_d30_k3_highoverlap,f292f2a1db5b,0.29916247590108147
synth_grid_d30_k3_highoverlap,a4dbad06fd4e,0.30964060944556815
synth_grid_d30_k3_highoverlap,8eecd2798818,0.2800209537452971
synth_grid_d30_k3_highoverlap,4d9c9acccd21,0.2966653782771244
synth_grid_d30_k3_highoverlap,9381fbddb6c5,0.264293759859609
synth_grid_d30_k3_highoverlap,8ec393598948,0.5042433472889905
synth_grid_d30_k3_highoverlap,77e145ffcc55,0.6086169522444295
synth_grid_d30_k3_highoverlap,632568e85407,0.29147358086091546
synth_grid_d30_k3_highoverlap,fa9612cfa871,0.29147358086091546
synth_grid_d30_k3_highoverlap,3d72e70b09e3,0.28729911144110637
synth_grid_d30_k3_highoverlap,45c510f16843,0.28980599718415495
synth_grid_d30_k3_highoverlap,27a2752a569f,0.27573866074295456
synth_grid_d30_k3_highoverlap,4ec824c366d4,
synth_grid_d30_k3_highoverlap,4555573328fc,
synth_grid_d30_k3_highoverlap,0f46e0814abc,
synth_grid_d30_k3_highoverlap,759f97a6695c,
synth_grid_d30_k3_highoverlap,9cd81f07f9eb,
synth_grid_d30_k3_highoverlap,bb5d6442dae0,
synth_grid_d30_k3_highoverlap,c610648f3a0b,
synth_grid_d30_k3_highoverlap,d9a6e957a479,
synth_grid_d30_k3_highoverlap,e0981ae1c5a2,
synth_grid_d30_k3_highoverlap,08e381bd46b1,
synth_grid_d30_k3_highoverlap,f7183f4c1fed,
synth_grid_d30_k3_highoverlap,7c2e8cd4a56d,
synth_grid_d30_k3_highoverlap,07ebbef7de3c,
synth_grid_d30_k3_highoverlap,db49059653de,
synth_grid_d30_k3_highoverlap,19967cb83e78,
synth_grid_d30_k3_highoverlap,158a0277ed3c,
synth_grid_d30_k3_highoverlap,d0fba6f03c0f,
synth_grid_d30_k3_highoverlap,f10f8ff36baa,
synth_grid_d30_k3_highoverlap,672c637760be,
synth_grid_d30_k3_highoverlap,0cd896f527d5,
synth_grid_d30_k3_highoverlap,4887a0323e21,0.6086169522444295
synth_grid_d30_k3_highoverlap,3d795ce47578,0.6086169522444295
synth_grid_d30_k3_highoverlap,639f74dd0e43,0.6086169522444295
synth_grid_d30_k3_highoverlap,9c3ccb4fd98f,0.6086169522444295
synth_grid_d30_k3_highoverlap,5647bbf0428d,0.6086169522444295
synth_grid_d30_k3_highoverlap,389d4ccb0588,0.6086169522444295
synth_grid_d30_k3_highoverlap,e34ce5984b64,0.6086169522444295
synth_grid_d30_k3_highoverlap,63470ebdd53e,0.6086169522444295
synth_grid_d30_k3_highoverlap,46814f50e13d,0.6086169522444295
synth_grid_d30_k3_highoverlap,e597041814f5,0.6086169522444295
synth_grid_d30_k3_highoverlap,024a1a8c54d1,0.6086169522444295
synth_grid_d30_k3_highoverlap,bdcde80d6dbb,0.6086169522444295
synth_grid_d30_k3_highoverlap,95475ce56089,0.6086169522444295
synth_grid_d30_k3_highoverlap,5009193136b4,0.6086169522444295
synth_grid_d30_k3_highoverlap,955728329102,0.6086169522444295
synth_grid_d30_k3_highoverlap,1f1b6dfa46dc,0.6086169522444295
synth_grid_d30_k3_highoverlap,272f18e90bd4,0.5042433472889905
synth_grid_d30_k3_highoverlap,0cc00684cc3f,0.6086169522444295
synth_grid_d30_k3_highoverlap,7203310ff7ba,0.3300054012127054
synth_grid_d30_k3_highoverlap,a399ab5a112a,0.29695407543339997
synth_grid_d30_k3_highoverlap,4d00158c440c,0.3028022044813094
synth_grid_d30_k3_highoverlap,f028e3896d9e,0.3090406683862525
synth_grid_d30_k3_highoverlap,bc0e2be21bfb,0.3397203736983347
synth_grid_d30_k3_highoverlap,ae16e9272ff8,0.5042433472889905
synth_grid_d30_k3_highoverlap,803c0d3403ff,0.6086169522444295
synth_grid_d30_k3_highoverlap,579a8bd776f9,0.2969833988912883
synth_grid_d30_k3_highoverlap,ccd2d07c7a4a,0.3114912118838422
synth_grid_d30_k3_highoverlap,92f60358ba37,0.3254686085920472
synth_grid_d30_k3_highoverlap,646357d2ae16,0.34547231827854813
synth_grid_d30_k3_highoverlap,5773d7049286,0.36039442833062546
synth_grid_d30_k3_highoverlap,a81f368f51bb,0.5042433472889905
synth_grid_d30_k3_highoverlap,70969dd2d720,0.6086169522444295
synth_grid_d30_k3_highoverlap,34b50b92b183,0.5208899114976011
synth_grid_d30_k3_highoverlap,48d260f98b0d,0.4713622712773084
synth_grid_d30_k3_highoverlap,1134a806601d,0.43865578560129836
synth_grid_d30_k3_highoverlap,0069693e350e,0.4267649988226174
synth_grid_d30_k3_highoverlap,2fa0af8799c8,0.4267649988226174
synth_grid_d30_k3_lowoverlap,76c89cda5ca5,0.8311587705958675
synth_grid_d30_k3_lowoverlap,23861655ac34,1.8152248550446675
synth_grid_d30_k3_lowoverlap,a042255d7a7d,0.11125799275660676
synth_grid_d30_k3_lowoverlap,47980bf71ea8,0.15312024108979716
synth_grid_d30_k3_lowoverlap,79d9b0fb5f02,0.18961630651681505
synth_grid_d30_k3_lowoverlap,e511e76239fe,0.22006868166135166
synth_grid_d30_k3_lowoverlap,7741c3e44852,0.2395242436399607
synth_grid_d30_k3_lowoverlap,b2d6bf5f391d,0.31443894340360984
synth_grid_d30_k3_lowoverlap,3964e1ccb548,0.8311587705958675
synth_grid_d30_k3_lowoverlap,4c077151b389,1.8152248550446675
synth_grid_d30_k3_lowoverlap,f292f2a1db5b,0.10601511263700898
synth_grid_d30_k3_lowoverlap,a4dbad06fd4e,0.10612536701228482
synth_grid_d30_k3_lowoverlap,8eecd2798818,0.15476285353725835
synth_grid_d30_k3_lowoverlap,4d9c9acccd21,0.24443333465328007
synth_grid_d30_k3_lowoverlap,9381fbddb6c5,0.2615944405056008
synth_grid_d30_k3_lowoverlap,8ec393598948,0.8311587705958675
synth_grid_d30_k3_lowoverlap,77e145ffcc55,1.8152248550446675
synth_grid_d30_k3_lowoverlap,632568e85407,0.11097076461057569
synth_grid_d30_k3_lowoverlap,fa9612cfa871,0.10594280370369435
synth_grid_d30_k3_lowoverlap,3d72e70b09e3,0.13835563713051158
synth_grid_d30_k3_lowoverlap,45c510f16843,0.14394178132298657
synth_grid_d30_k3_lowoverlap,27a2752a569f,0.1688734078293245
synth_grid_d30_k3_lowoverlap,4ec824c366d4,
synth_grid_d30_k3_lowoverlap,4555573328fc,
synth_grid_d30_k3_lowoverlap,0f46e0814abc,
synth_grid_d30_k3_lowoverlap,759f97a6695c,
synth_grid_d30_k3_lowoverlap,9cd81f07f9eb,
synth_grid_d30_k3_lowoverlap,bb5d6442dae0,
synth_grid_d30_k3_lowoverlap,c610648f3a0b,
synth_grid_d30_k3_lowoverlap,d9a6e957a479,
synth_grid_d30_k3_lowoverlap,e0981ae1c5a2,
synth_grid_d30_k3_lowoverlap,08e381bd46b1,
synth_grid_d30_k3_lowoverlap,f7183f4c1fed,
synth_grid_d30_k3_lowoverlap,7c2e8cd4a56d,
synth_grid_d30_k3_lowoverlap,07ebbef7de3c,1.815224855044668
synth_grid_d30_k3_lowoverlap,db49059653de,1.815224855044668
synth_grid_d30_k3_lowoverlap,19967cb83e78,1.815224855044668
synth_grid_d30_k3_lowoverlap,158a0277ed3c,1.9750201503332145
synth_grid_d30_k3_lowoverlap,d0fba6f03c0f,1.815224855044668
synth_grid_d30_k3_lowoverlap,f10f8ff36baa,1.815224855044668
synth_grid_d30_k3_lowoverlap,672c637760be,1.815224855044668
synth_grid_d30_k3_lowoverlap,0cd896f527d5,1.815224855044668
synth_grid_d30_k3_lowoverlap,4887a0323e21,1.815224855044668
synth_grid_d30_k3_lowoverlap,3d795ce47578,1.815224855044668
synth_grid_d30_k3_lowoverlap,639f74dd0e43,1.815224855044668
synth_grid_d30_k3_lowoverlap,9c3ccb4fd98f,1.815224855044668
synth_grid_d30_k3_lowoverlap,5647bbf0428d,1.8152248550446675
synth_grid_d30_k3_lowoverlap,389d4ccb0588,1.8152248550446675
synth_grid_d30_k3_lowoverlap,e34ce5984b64,1.8152248550446675
synth_grid_d30_k3_lowoverlap,63470ebdd53e,1.8152248550446675
synth_grid_d30_k3_lowoverlap,46814f50e13d,1.8152248550446675
synth_grid_d30_k3_lowoverlap,e597041814f5,1.8152248550446675
synth_grid_d30_k3_lowoverlap,024a1a8c54d1,1.8152248550446675
synth_grid_d30_k3_lowoverlap,bdcde80d6dbb,1.8152248550446675
synth_grid_d30_k3_lowoverlap,95475ce56089,1.8152248550446675
synth_grid_d30_k3_lowoverlap,5009193136b4,1.8152248550446675
synth_grid_d30_k3_lowoverlap,955728329102,1.8152248550446675
synth_grid_d30_k3_lowoverlap,1f1b6dfa46dc,1.8152248550446675
synth_grid_d30_k3_lowoverlap,272f18e90bd4,0.8311587705958675
synth_grid_d30_k3_lowoverlap,0cc00684cc3f,1.8152248550446675
synth_grid_d30_k3_lowoverlap,7203310ff7ba,0.12054915373222429
synth_grid_d30_k3_lowoverlap,a399ab5a112a,0.20716970195303797
synth_grid_d30_k3_lowoverlap,4d00158c440c,0.23102198851318728
synth_grid_d30_k3_lowoverlap,f028e3896d9e,0.2509307458621851
synth_grid_d30_k3_lowoverlap,bc0e2be21bfb,0.2509307458621851
synth_grid_d30_k3_lowoverlap,ae16e9272ff8,0.8311587705958675
synth_grid_d30_k3_lowoverlap,803c0d3403ff,1.8152248550446675
synth_grid_d30_k3_lowoverlap,579a8bd776f9,0.12131277708050887
synth_grid_d30_k3_lowoverlap,ccd2d07c7a4a,0.17705535765799052
synth_grid_d30_k3_lowoverlap,92f60358ba37,0.22386468945506413
synth_grid_d30_k3_lowoverlap,646357d2ae16,0.2942033200329499
synth_grid_d30_k3_lowoverlap,5773d7049286,0.3431670187826033
synth_grid_d30_k3_lowoverlap,a81f368f51bb,0.8311587705958675
synth_grid_d30_k3_lowoverlap,70969dd2d720,1.8152248550446675
synth_grid_d30_k3_lowoverlap,34b50b92b183,0.12131277708050887
synth_grid_d30_k3_lowoverlap,48d260f98b0d,0.1812107042381047
synth_grid_d30_k3_lowoverlap,1134a806601d,0.22221187185674704
synth_grid_d30_k3_lowoverlap,0069693e350e,0.28243028297971184
synth_grid_d30_k3_lowoverlap,2fa0af8799c8,0.28243028297971184
synth_grid_d30_k3_medoverlap,76c89cda5ca5,0.6259774801172222
synth_grid_d30_k3_medoverlap,23861655ac34,0.9069187112781915
synth_grid_d30_k3_medoverlap,a042255d7a7d,0.25677405104371065
synth_grid_d30_k3_medoverlap,47980bf71ea8,0.271520330765465
synth_grid_d30_k3_medoverlap,79d9b0fb5f02,0.2512840537906904
synth_grid_d30_k3_medoverlap,e511e76239fe,0.26658668117596335
synth_grid_d30_k3_medoverlap,7741c3e44852,0.30221947668350446
synth_grid_d30_k3_medoverlap,b2d6bf5f391d,0.299758723763652
synth_grid_d30_k3_medoverlap,3964e1ccb548,0.5412205409662985
synth_grid_d30_k3_medoverlap,4c077151b389,0.9069187112781915
synth_grid_d30_k3_medoverlap,f292f2a1db5b,0.2489322034922769
synth_grid_d30_k3_medoverlap,a4dbad06fd4e,0.27002736160595303
synth_grid_d30_k3_medoverlap,8eecd2798818,0.2669432466345883
synth_grid_d30_k3_medoverlap,4d9c9acccd21,0.30521143179331
synth_grid_d30_k3_medoverlap,9381fbddb6c5,0.29158051878453034
synth_grid_d30_k3_medoverlap,8ec393598948,0.5412205409662985
synth_grid_d30_k3_medoverlap,77e145ffcc55,0.9069187112781915
synth_grid_d30_k3_medoverlap,632568e85407,0.24744649248612993
synth_grid_d30_k3_medoverlap,fa9612cfa871,0.26721978108290023
synth_grid_d30_k3_medoverlap,3d72e70b09e3,0.26721978108290023
synth_grid_d30_k3_medoverlap,45c510f16843,0.2646380600544091
synth_grid_d30_k3_medoverlap,27a2752a569f,0.2578950923840635
synth_grid_d30_k3_medoverlap,4ec824c366d4,
synth_grid_d30_k3_medoverlap,4555573328fc,
synth_grid_d30_k3_medoverlap,0f46e0814abc,
synth_grid_d30_k3_medoverlap,759f97a6695c,
synth_grid_d30_k3_medoverlap,9cd81f07f9eb,
synth_grid_d30_k3_medoverlap,bb5d6442dae0,
synth_grid_d30_k3_medoverlap,c610648f3a0b,
synth_grid_d30_k3_medoverlap,d9a6e957a479,
synth_grid_d30_k3_medoverlap,e0981ae1c5a2,
synth_grid_d30_k3_medoverlap,08e381bd46b1,
synth_grid_d30_k3_medoverlap,f7183f4c1fed,
synth_grid_d30_k3_medoverlap,7c2e8cd4a56d,
synth_grid_d30_k3_medoverlap,07ebbef7de3c,
synth_grid_d30_k3_medoverlap,db49059653de,
synth_grid_d30_k3_medoverlap,19967cb83e78,
synth_grid_d30_k3_medoverlap,158a0277ed3c,
synth_grid_d30_k3_medoverlap,d0fba6f03c0f,0.5422308150553551
synth_grid_d30_k3_medoverlap,f10f8ff36baa,0.6654901149877378
synth_grid_d30_k3_medoverlap,672c637760be,
synth_grid_d30_k3_medoverlap,0cd896f527d5,
synth_grid_d30_k3_medoverlap,4887a0323e21,0.9069187112781915
synth_grid_d30_k3_medoverlap,3d795ce47578,0.9069187112781915
synth_grid_d30_k3_medoverlap,639f74dd0e43,0.9069187112781915
synth_grid_d30_k3_medoverlap,9c3ccb4fd98f,0.9069187112781915
synth_grid_d30_k3_medoverlap,5647bbf0428d,0.9069187112781915
synth_grid_d30_k3_medoverlap,389d4ccb0588,0.9069187112781915
synth_grid_d30_k3_medoverlap,e34ce5984b64,0.9069187112781915
synth_grid_d30_k3_medoverlap,63470ebdd53e,0.9069187112781915
synth_grid_d30_k3_medoverlap,46814f50e13d,0.9069187112781915
synth_grid_d30_k3_medoverlap,e597041814f5,0.9069187112781915
synth_grid_d30_k3_medoverlap,024a1a8c54d1,0.9069187112781915
synth_grid_d30_k3_medoverlap,bdcde80d6dbb,0.9069187112781915
synth_grid_d30_k3_medoverlap,95475ce56089,0.9069187112781915
synth_grid_d30_k3_medoverlap,5009193136b4,0.9069187112781915
synth_grid_d30_k3_medoverlap,955728329102,0.9069187112781915
synth_grid_d30_k3_medoverlap,1f1b6dfa46dc,0.9069187112781915
synth_grid_d30_k3_medoverlap,272f18e90bd4,0.6259774801172222
synth_grid_d30_k3_medoverlap,0cc00684cc3f,0.9069187112781915
synth_grid_d30_k3_medoverlap,7203310ff7ba,0.27383387943499443
synth_grid_d30_k3_medoverlap,a399ab5a112a,0.2947569844826017
synth_grid_d30_k3_medoverlap,4d00158c440c,0.2947569844826017
synth_grid_d30_k3_medoverlap,f028e3896d9e,0.31465519561861666
synth_grid_d30_k3_medoverlap,bc0e2be21bfb,0.3228399748726922
synth_grid_d30_k3_medoverlap,ae16e9272ff8,0.6259774801172222
synth_grid_d30_k3_medoverlap,803c0d3403ff,0.9069187112781915
synth_grid_d30_k3_medoverlap,579a8bd776f9,0.3016096509478051
synth_grid_d30_k3_medoverlap,ccd2d07c7a4a,0.2990451124652683
synth_grid_d30_k3_medoverlap,92f60358ba37,0.2996093364206669
synth_grid_d30_k3_medoverlap,646357d2ae16,0.3145838921179123
synth_grid_d30_k3_medoverlap,5773d7049286,0.33364775716051714
synth_grid_d30_k3_medoverlap,a81f368f51bb,0.6259774801172222
synth_grid_d30_k3_medoverlap,70969dd2d720,0.9069187112781915
synth_grid_d30_k3_medoverlap,34b50b92b183,0.39912968616529676
synth_grid_d30_k3_medoverlap,48d260f98b0d,0.4286370253686429
synth_grid_d30_k3_medoverlap,1134a806601d,0.40920502643475065
synth_grid_d30_k3_medoverlap,0069693e350e,0.3603871239120479
synth_grid_d30_k3_medoverlap,2fa0af8799c8,0.3603871239120479
synth_grid_d30_k6_highoverlap,76c89cda5ca5,0.45883210391029805
synth_grid_d30_k6_highoverlap,23861655ac34,0.42337375704685265
synth_grid_d30_k6_highoverlap,a042255d7a7d,0.4920966288051116
synth_grid_d30_k6_highoverlap,47980bf71ea8,0.3110896465377907
synth_grid_d30_k6_highoverlap,79d9b0fb5f02,0.31045007255738544
synth_grid_d30_k6_highoverlap,e511e76239fe,0.3482400211498781
synth_grid_d30_k6_highoverlap,7741c3e44852,0.326466279343757
synth_grid_d30_k6_highoverlap,b2d6bf5f391d,0.3376588522060858
synth_grid_d30_k6_highoverlap,3964e1ccb548,0.45883210391029805
synth_grid_d30_k6_highoverlap,4c077151b389,0.4661228856198933
synth_grid_d30_k6_highoverlap,f292f2a1db5b,0.4920966288051116
synth_grid_d30_k6_highoverlap,a4dbad06fd4e,0.30251567825218206
synth_grid_d30_k6_highoverlap,8eecd2798818,0.28048735983641604
synth_grid_d30_k6_highoverlap,4d9c9acccd21,0.2960486427335373
synth_grid_d30_k6_highoverlap,9381fbddb6c5,0.3416040694963224
synth_grid_d30_k6_highoverlap,8ec393598948,0.45883210391029805
synth_grid_d30_k6_highoverlap,77e145ffcc55,0.4661228856198933
synth_grid_d30_k6_highoverlap,632568e85407,0.4920966288051116
synth_grid_d30_k6_highoverlap,fa9612cfa871,0.3151045587559504
synth_grid_d30_k6_highoverlap,3d72e70b09e3,0.2901054015538773
synth_grid_d30_k6_highoverlap,45c510f16843,0.2807636275341717
synth_grid_d30_k6_highoverlap,27a2752a569f,0.30594508625567896
synth_grid_d30_k6_highoverlap,4ec824c366d4,
synth_grid_d30_k6_highoverlap,4555573328fc,
synth_grid_d30_k6_highoverlap,0f46e0814abc,
synth_grid_d30_k6_highoverlap,759f97a6695c,
synth_grid_d30_k6_highoverlap,9cd81f07f9eb,
synth_grid_d30_k6_highoverlap,bb5d6442dae0,
synth_grid_d30_k6_highoverlap,c610648f3a0b,
synth_grid_d30_k6_highoverlap,d9a6e957a479,
synth_grid_d30_k6_highoverlap,e0981ae1c5a2,
synth_grid_d30_k6_highoverlap,08e381bd46b1,
synth_grid_d30_k6_highoverlap,f7183f4c1fed,
synth_grid_d30_k6_highoverlap,7c2e8cd4a56d,
synth_grid_d30_k6_highoverlap,07ebbef7de3c,
synth_grid_d30_k6_highoverlap,db49059653de,
synth_grid_d30_k6_highoverlap,19967cb83e78,
synth_grid_d30_k6_highoverlap,158a0277ed3c,
synth_grid_d30_k6_highoverlap,d0fba6f03c0f,
synth_grid_d30_k6_highoverlap,f10f8ff36baa,
synth_grid_d30_k6_highoverlap,672c637760be,
synth_grid_d30_k6_highoverlap,0cd896f527d5,
synth_grid_d30_k6_highoverlap,4887a0323e21,0.4661228856198933
synth_grid_d30_k6_highoverlap,3d795ce47578,0.4661228856198933
synth_grid_d30_k6_highoverlap,639f74dd0e43,0.4661228856198933
synth_grid_d30_k6_highoverlap,9c3ccb4fd98f,0.4661228856198933
synth_grid_d30_k6_highoverlap,5647bbf0428d,0.6342001542594343
synth_grid_d30_k6_highoverlap,389d4ccb0588,0.6342001542594343
synth_grid_d30_k6_highoverlap,e34ce5984b64,0.6342001542594343
synth_grid_d30_k6_highoverlap,63470ebdd53e,0.6342001542594343
synth_grid_d30_k6_highoverlap,46814f50e13d,0.6342001542594343
synth_grid_d30_k6_highoverlap,e597041814f5,0.6342001542594343
synth_grid_d30_k6_highoverlap,024a1a8c54d1,0.6342001542594343
synth_grid_d30_k6_highoverlap,bdcde80d6dbb,0.6342001542594343
synth_grid_d30_k6_highoverlap,95475ce56089,0.6342001542594343
synth_grid_d30_k6_highoverlap,5009193136b4,0.6342001542594343
synth_grid_d30_k6_highoverlap,955728329102,0.6342001542594343
synth_grid_d30_k6_highoverlap,1f1b6dfa46dc,0.6342001542594343
synth_grid_d30_k6_highoverlap,272f18e90bd4,0.45883210391029805
synth_grid_d30_k6_highoverlap,0cc00684cc3f,0.42337375704685265
synth_grid_d30_k6_highoverlap,7203310ff7ba,0.4920966288051116
synth_grid_d30_k6_highoverlap,a399ab5a112a,0.3306048083679892
synth_grid_d30_k6_highoverlap,4d00158c440c,0.324200175230251
synth_grid_d30_k6_highoverlap,f028e3896d9e,0.36227664334654147
synth_grid_d30_k6_highoverlap,bc0e2be21bfb,0.3622104487891082
synth_grid_d30_k6_highoverlap,ae16e9272ff8,0.4313882863468324
synth_grid_d30_k6_highoverlap,803c0d3403ff,0.4511737290386424
synth_grid_d30_k6_highoverlap,579a8bd776f9,0.4920966288051116
synth_grid_d30_k6_highoverlap,ccd2d07c7a4a,0.3228245785793298
synth_grid_d30_k6_highoverlap,92f60358ba37,0.3422101589035664
synth_grid_d30_k6_highoverlap,646357d2ae16,0.375616990674934
synth_grid_d30_k6_highoverlap,5773d7049286,0.37147092338535453
synth_grid_d30_k6_highoverlap,a81f368f51bb,0.4956698968058075
synth_grid_d30_k6_highoverlap,70969dd2d720,0.4661228856198933
synth_grid_d30_k6_highoverlap,34b50b92b183,0.4920966288051116
synth_grid_d30_k6_highoverlap,48d260f98b0d,0.4877993035591882
synth_grid_d30_k6_highoverlap,1134a806601d,0.5018526946851488
synth_grid_d30_k6_highoverlap,0069693e350e,0.4731041550594874
synth_grid_d30_k6_highoverlap,2fa0af8799c8,0.4124146402004552
synth_grid_d30_k6_lowoverlap,76c89cda5ca5,0.786102294350106
synth_grid_d30_k6_lowoverlap,23861655ac34,0.8004191641071836
synth_grid_d30_k6_lowoverlap,a042255d7a7d,0.8911796862975607
synth_grid_d30_k6_lowoverlap,47980bf71ea8,0.3286211636470157
synth_grid_d30_k6_lowoverlap,79d9b0fb5f02,0.3295061051849107
synth_grid_d30_k6_lowoverlap,e511e76239fe,0.3493332818642411
synth_grid_d30_k6_lowoverlap,7741c3e44852,0.3517360824840428
synth_grid_d30_k6_lowoverlap,b2d6bf5f391d,0.33109696750087547
synth_grid_d30_k6_lowoverlap,3964e1ccb548,0.6850552600582451
synth_grid_d30_k6_lowoverlap,4c077151b389,0.7254209466940192
synth_grid_d30_k6_lowoverlap,f292f2a1db5b,0.8911796862975607
synth_grid_d30_k6_lowoverlap,a4dbad06fd4e,0.35820320816354934
synth_grid_d30_k6_lowoverlap,8eecd2798818,0.3286211636470157
synth_grid_d30_k6_lowoverlap,4d9c9acccd21,0.3260549766884189
synth_grid_d30_k6_lowoverlap,9381fbddb6c5,0.3517360824840428
synth_grid_d30_k6_lowoverlap,8ec393598948,0.6850552600582451
synth_grid_d30_k6_lowoverlap,77e145ffcc55,0.7254209466940192
synth_grid_d30_k6_lowoverlap,632568e85407,0.8911796862975607
synth_grid_d30_k6_lowoverlap,fa9612cfa871,0.3144404998775753
synth_grid_d30_k6_lowoverlap,3d72e70b09e3,0.3144404998775753
synth_grid_d30_k6_lowoverlap,45c510f16843,0.3117379317391476
synth_grid_d30_k6_lowoverlap,27a2752a569f,0.30494121709742483
synth_grid_d30_k6_lowoverlap,4ec824c366d4,
synth_grid_d30_k6_lowoverlap,4555573328fc,
synth_grid_d30_k6_lowoverlap,0f46e0814abc,
synth_grid_d30_k6_lowoverlap,759f97a6695c,
synth_grid_d30_k6_lowoverlap,9cd81f07f9eb,
synth_grid_d30_k6_lowoverlap,bb5d6442dae0,
synth_grid_d30_k6_lowoverlap,c610648f3a0b,
synth_grid_d30_k6_lowoverlap,d9a6e957a479,
synth_grid_d30_k6_lowoverlap,e0981ae1c5a2,0.5854737189067541
synth_grid_d30_k6_lowoverlap,08e381bd46b1,11.000358501402118
synth_grid_d30_k6_lowoverlap,f7183f4c1fed,
synth_grid_d30_k6_lowoverlap,7c2e8cd4a56d,
synth_grid_d30_k6_lowoverlap,07ebbef7de3c,4.947878869949486
synth_grid_d30_k6_lowoverlap,db49059653de,4.947878869949486
synth_grid_d30_k6_lowoverlap,19967cb83e78,4.947878869949486
synth_grid_d30_k6_lowoverlap,158a0277ed3c,4.947878869949486
synth_grid_d30_k6_lowoverlap,d0fba6f03c0f,4.947878869949486
synth_grid_d30_k6_lowoverlap,f10f8ff36baa,4.947878869949486
synth_grid_d30_k6_lowoverlap,672c637760be,4.947878869949486
synth_grid_d30_k6_lowoverlap,0cd896f527d5,4.947878869949486
synth_grid_d30_k6_lowoverlap,4887a0323e21,4.947878869949486
synth_grid_d30_k6_lowoverlap,3d795ce47578,4.947878869949486
synth_grid_d30_k6_lowoverlap,639f74dd0e43,4.947878869949486
synth_grid_d30_k6_lowoverlap,9c3ccb4fd98f,4.947878869949486
synth_grid_d30_k6_lowoverlap,5647bbf0428d,4.947878869949486
synth_grid_d30_k6_lowoverlap,389d4ccb0588,4.947878869949486
synth_grid_d30_k6_lowoverlap,e34ce5984b64,4.947878869949486
synth_grid_d30_k6_lowoverlap,63470ebdd53e,4.947878869949486
synth_grid_d30_k6_lowoverlap,46814f50e13d,4.947878869949486
synth_grid_d30_k6_lowoverlap,e597041814f5,4.947878869949486
synth_grid_d30_k6_lowoverlap,024a1a8c54d1,4.947878869949486
synth_grid_d30_k6_lowoverlap,bdcde80d6dbb,4.947878869949486
synth_grid_d30_k6_lowoverlap,95475ce56089,4.947878869949486
synth_grid_d30_k6_lowoverlap,5009193136b4,4.947878869949486
synth_grid_d30_k6_lowoverlap,955728329102,4.947878869949486
synth_grid_d30_k6_lowoverlap,1f1b6dfa46dc,4.947878869949486
synth_grid_d30_k6_lowoverlap,272f18e90bd4,0.786102294350106
synth_grid_d30_k6_lowoverlap,0cc00684cc3f,0.8004191641071836
synth_grid_d30_k6_lowoverlap,7203310ff7ba,0.8911796862975607
synth_grid_d30_k6_lowoverlap,a399ab5a112a,0.3603088623789781
synth_grid_d30_k6_lowoverlap,4d00158c440c,0.3335577465432879
synth_grid_d30_k6_lowoverlap,f028e3896d9e,0.3335577465432879
synth_grid_d30_k6_lowoverlap,bc0e2be21bfb,0.35255269904869196
synth_grid_d30_k6_lowoverlap,ae16e9272ff8,0.786102294350106
synth_grid_d30_k6_lowoverlap,803c0d3403ff,0.8004191641071836
synth_grid_d30_k6_lowoverlap,579a8bd776f9,0.8911796862975607
synth_grid_d30_k6_lowoverlap,ccd2d07c7a4a,0.36302641249044987
synth_grid_d30_k6_lowoverlap,92f60358ba37,0.3749641881615996
synth_grid_d30_k6_lowoverlap,646357d2ae16,0.3863189732554105
synth_grid_d30_k6_lowoverlap,5773d7049286,0.3820651815069902
synth_grid_d30_k6_lowoverlap,a81f368f51bb,0.8307712205806252
synth_grid_d30_k6_lowoverlap,70969dd2d720,0.8004191641071836
synth_grid_d30_k6_lowoverlap,34b50b92b183,0.8911796862975607
synth_grid_d30_k6_lowoverlap,48d260f98b0d,0.5673621727929434
synth_grid_d30_k6_lowoverlap,1134a806601d,0.4706455436835007
synth_grid_d30_k6_lowoverlap,0069693e350e,0.4706455436835007
synth_grid_d30_k6_lowoverlap,2fa0af8799c8,0.4706455436835007
synth_grid_d30_k6_medoverlap,76c89cda5ca5,0.5465235910904552
synth_grid_d30_k6_medoverlap,23861655ac34,0.5517911551138162
synth_grid_d30_k6_medoverlap,a042255d7a7d,0.6100559101728348
synth_grid_d30_k6_medoverlap,47980bf71ea8,0.22659921377071507
synth_grid_d30_k6_medoverlap,79d9b0fb5f02,0.28316154242038377
synth_grid_d30_k6_medoverlap,e511e76239fe,0.3028294032609381
synth_grid_d30_k6_medoverlap,7741c3e44852,0.26490033060231816
synth_grid_d30_k6_medoverlap,b2d6bf5f391d,0.3104800200238578
synth_grid_d30_k6_medoverlap,3964e1ccb548,0.4678207639860668
synth_grid_d30_k6_medoverlap,4c077151b389,0.5517911551138162
synth_grid_d30_k6_medoverlap,f292f2a1db5b,0.6100559101728348
synth_grid_d30_k6_medoverlap,a4dbad06fd4e,0.30786578983645757
synth_grid_d30_k6_medoverlap,8eecd2798818,0.29211225140779595
synth_grid_d30_k6_medoverlap,4d9c9acccd21,0.2737578713946284
synth_grid_d30_k6_medoverlap,9381fbddb6c5,0.2520986492104926
synth_grid_d30_k6_medoverlap,8ec393598948,0.4678207639860668
synth_grid_d30_k6_medoverlap,77e145ffcc55,0.5517911551138162
synth_grid_d30_k6_medoverlap,632568e85407,0.6100559101728348
synth_grid_d30_k6_medoverlap,fa9612cfa871,0.2768641540074814
synth_grid_d30_k6_medoverlap,3d72e70b09e3,0.2768641540074814
synth_grid_d30_k6_medoverlap,45c510f16843,0.2807963127674273
synth_grid_d30_k6_medoverlap,27a2752a569f,0.2732644692187801
synth_grid_d30_k6_medoverlap,4ec824c366d4,
synth_grid_d30_k6_medoverlap,4555573328fc,
synth_grid_d30_k6_medoverlap,0f46e0814abc,
synth_grid_d30_k6_medoverlap,759f97a6695c,
synth_grid_d30_k6_medoverlap,9cd81f07f9eb,
synth_grid_d30_k6_medoverlap,bb5d6442dae0,
synth_grid_d30_k6_medoverlap,c610648f3a0b,
synth_grid_d30_k6_medoverlap,d9a6e957a479,
synth_grid_d30_k6_medoverlap,e0981ae1c5a2,
synth_grid_d30_k6_medoverlap,08e381bd46b1,
synth_grid_d30_k6_medoverlap,f7183f4c1fed,
synth_grid_d30_k6_medoverlap,7c2e8cd4a56d,
synth_grid_d30_k6_medoverlap,07ebbef7de3c,
synth_grid_d30_k6_medoverlap,db49059653de,
synth_grid_d30_k6_medoverlap,19967cb83e78,
synth_grid_d30_k6_medoverlap,158a0277ed3c,
synth_grid_d30_k6_medoverlap,d0fba6f03c0f,1.2577998576351777
synth_grid_d30_k6_medoverlap,f10f8ff36baa,1.2577998576351777
synth_grid_d30_k6_medoverlap,672c637760be,1.2577998576351777
synth_grid_d30_k6_medoverlap,0cd896f527d5,1.2577998576351777
synth_grid_d30_k6_medoverlap,4887a0323e21,1.1921434031493008
synth_grid_d30_k6_medoverlap,3d795ce47578,1.1921434031493008
synth_grid_d30_k6_medoverlap,639f74dd0e43,1.1921434031493008
synth_grid_d30_k6_medoverlap,9c3ccb4fd98f,1.1921434031493008
synth_grid_d30_k6_medoverlap,5647bbf0428d,1.1921434031493008
synth_grid_d30_k6_medoverlap,389d4ccb0588,1.1921434031493008
synth_grid_d30_k6_medoverlap,e34ce5984b64,1.1921434031493008
synth_grid_d30_k6_medoverlap,63470ebdd53e,1.1921434031493008
synth_grid_d30_k6_medoverlap,46814f50e13d,1.1921434031493008
synth_grid_d30_k6_medoverlap,e597041814f5,1.1921434031493008
synth_grid_d30_k6_medoverlap,024a1a8c54d1,1.1921434031493008
synth_grid_d30_k6_medoverlap,bdcde80d6dbb,1.1921434031493008
synth_grid_d30_k6_medoverlap,95475ce56089,1.1921434031493008
synth_grid_d30_k6_medoverlap,5009193136b4,1.1921434031493008
synth_grid_d30_k6_medoverlap,955728329102,1.1921434031493008
synth_grid_d30_k6_medoverlap,1f1b6dfa46dc,1.1921434031493008
synth_grid_d30_k6_medoverlap,272f18e90bd4,0.5465235910904552
synth_grid_d30_k6_medoverlap,0cc00684cc3f,0.6236393986449642
synth_grid_d30_k6_medoverlap,7203310ff7ba,0.6100559101728348
synth_grid_d30_k6_medoverlap,a399ab5a112a,0.3059225043976311
synth_grid_d30_k6_medoverlap,4d00158c440c,0.3341477402977968
synth_grid_d30_k6_medoverlap,f028e3896d9e,0.34633665950222153
synth_grid_d30_k6_medoverlap,bc0e2be21bfb,0.322317602864953
synth_grid_d30_k6_medoverlap,ae16e9272ff8,0.5009896705608401
synth_grid_d30_k6_medoverlap,803c0d3403ff,0.5517911551138162
synth_grid_d30_k6_medoverlap,579a8bd776f9,0.6100559101728348
synth_grid_d30_k6_medoverlap,ccd2d07c7a4a,0.32502229941448263
synth_grid_d30_k6_medoverlap,92f60358ba37,0.3085931553324024
synth_grid_d30_k6_medoverlap,646357d2ae16,0.32260680896253746
synth_grid_d30_k6_medoverlap,5773d7049286,0.33851608388144344
synth_grid_d30_k6_medoverlap,a81f368f51bb,0.5465235910904552
synth_grid_d30_k6_medoverlap,70969dd2d720,0.6236393986449642
synth_grid_d30_k6_medoverlap,34b50b92b183,0.6100559101728348
synth_grid_d30_k6_medoverlap,48d260f98b0d,0.46208036533431257
synth_grid_d30_k6_medoverlap,1134a806601d,0.4274327530825829
synth_grid_d30_k6_medoverlap,0069693e350e,0.38332427543879344
synth_grid_d30_k6_medoverlap,2fa0af8799c8,0.3504144974956519
synth_grid_d5_k10_highoverlap,76c89cda5ca5,0.052490810907334214
synth_grid_d5_k10_highoverlap,23861655ac34,0.04248280185714844
synth_grid_d5_k10_highoverlap,a042255d7a7d,0.03956199138792662
synth_grid_d5_k10_highoverlap,47980bf71ea8,0.05620647893428941
synth_grid_d5_k10_highoverlap,79d9b0fb5f02,0.07453189917663294
synth_grid_d5_k10_highoverlap,e511e76239fe,0.06300706644313316
synth_grid_d5_k10_highoverlap,7741c3e44852,0.05761996146123511
synth_grid_d5_k10_highoverlap,b2d6bf5f391d,0.06288803744177439
synth_grid_d5_k10_highoverlap,3964e1ccb548,0.0742269859004871
synth_grid_d5_k10_highoverlap,4c077151b389,0.055907415255329926
synth_grid_d5_k10_highoverlap,f292f2a1db5b,0.048237868830422435
synth_grid_d5_k10_highoverlap,a4dbad06fd4e,0.05809395079968936
synth_grid_d5_k10_highoverlap,8eecd2798818,0.0588139346586768
synth_grid_d5_k10_highoverlap,4d9c9acccd21,0.05250266684690278
synth_grid_d5_k10_highoverlap,9381fbddb6c5,0.05992811252953506
synth_grid_d5_k10_highoverlap,8ec393598948,0.07390297736516531
synth_grid_d5_k10_highoverlap,77e145ffcc55,0.03836415497272135
synth_grid_d5_k10_highoverlap,632568e85407,0.045324707595213225
synth_grid_d5_k10_highoverlap,fa9612cfa871,0.06986820031673777
synth_grid_d5_k10_highoverlap,3d72e70b09e3,0.04789665593707428
synth_grid_d5_k10_highoverlap,45c510f16843,0.04387896478611796
synth_grid_d5_k10_highoverlap,27a2752a569f,0.05222780712553116
synth_grid_d5_k10_highoverlap,4ec824c366d4,
synth_grid_d5_k10_highoverlap,4555573328fc,
synth_grid_d5_k10_highoverlap,0f46e0814abc,
synth_grid_d5_k10_highoverlap,759f97a6695c,
synth_grid_d5_k10_highoverlap,9cd81f07f9eb,0.5897811656178842
synth_grid_d5_k10_highoverlap,bb5d6442dae0,
synth_grid_d5_k10_highoverlap,c610648f3a0b,
synth_grid_d5_k10_highoverlap,d9a6e957a479,
synth_grid_d5_k10_highoverlap,e0981ae1c5a2,0.10530755651261624
synth_grid_d5_k10_highoverlap,08e381bd46b1,0.051030784527854936
synth_grid_d5_k10_highoverlap,f7183f4c1fed,0.2657376730476548
synth_grid_d5_k10_highoverlap,7c2e8cd4a56d,
synth_grid_d5_k10_highoverlap,07ebbef7de3c,
synth_grid_d5_k10_highoverlap,db49059653de,
synth_grid_d5_k10_highoverlap,19967cb83e78,
synth_grid_d5_k10_highoverlap,158a0277ed3c,0.06399587774116451
synth_grid_d5_k10_highoverlap,d0fba6f03c0f,
synth_grid_d5_k10_highoverlap,f10f8ff36baa,
synth_grid_d5_k10_highoverlap,672c637760be,
synth_grid_d5_k10_highoverlap,0cd896f527d5,
synth_grid_d5_k10_highoverlap,4887a0323e21,
synth_grid_d5_k10_highoverlap,3d795ce47578,
synth_grid_d5_k10_highoverlap,639f74dd0e43,
synth_grid_d5_k10_highoverlap,9c3ccb4fd98f,
synth_grid_d5_k10_highoverlap,5647bbf0428d,0.11285836316042881
synth_grid_d5_k10_highoverlap,389d4ccb0588,0.1329735023999454
synth_grid_d5_k10_highoverlap,e34ce5984b64,0.12426467614763075
synth_grid_d5_k10_highoverlap,63470ebdd53e,0.1219121419912072
synth_grid_d5_k10_highoverlap,46814f50e13d,0.1329735023999454
synth_grid_d5_k10_highoverlap,e597041814f5,0.12426467614763075
synth_grid_d5_k10_highoverlap,024a1a8c54d1,0.1219121419912072
synth_grid_d5_k10_highoverlap,bdcde80d6dbb,0.1329735023999454
synth_grid_d5_k10_highoverlap,95475ce56089,0.12426467614763075
synth_grid_d5_k10_highoverlap,5009193136b4,0.1219121419912072
synth_grid_d5_k10_highoverlap,955728329102,0.1329735023999454
synth_grid_d5_k10_highoverlap,1f1b6dfa46dc,0.12426467614763075
synth_grid_d5_k10_highoverlap,272f18e90bd4,0.07227084111366182
synth_grid_d5_k10_highoverlap,0cc00684cc3f,0.07497319763294488
synth_grid_d5_k10_highoverlap,7203310ff7ba,0.061094095336302376
synth_grid_d5_k10_highoverlap,a399ab5a112a,0.07401396784225249
synth_grid_d5_k10_highoverlap,4d00158c440c,0.08158850029296728
synth_grid_d5_k10_highoverlap,f028e3896d9e,0.07476069641825892
synth_grid_d5_k10_highoverlap,bc0e2be21bfb,0.07476069641825892
synth_grid_d5_k10_highoverlap,ae16e9272ff8,0.08658187157781864
synth_grid_d5_k10_highoverlap,803c0d3403ff,0.08682766502751514
synth_grid_d5_k10_highoverlap,579a8bd776f9,0.06601290053399014
synth_grid_d5_k10_highoverlap,ccd2d07c7a4a,0.07792157288294413
synth_grid_d5_k10_highoverlap,92f60358ba37,0.06671674183008154
synth_grid_d5_k10_highoverlap,646357d2ae16,0.07092876602625689
synth_grid_d5_k10_highoverlap,5773d7049286,0.07440132816868462
synth_grid_d5_k10_highoverlap,a81f368f51bb,0.09926933600052676
synth_grid_d5_k10_highoverlap,70969dd2d720,0.08682766502751514
synth_grid_d5_k10_highoverlap,34b50b92b183,0.08009876806720977
synth_grid_d5_k10_highoverlap,48d260f98b0d,0.07062004542564289
synth_grid_d5_k10_highoverlap,1134a806601d,0.07062004542564289
synth_grid_d5_k10_highoverlap,0069693e350e,0.07345066012517214
synth_grid_d5_k10_highoverlap,2fa0af8799c8,0.07345066012517214
synth_grid_d5_k10_lowoverlap,76c89cda5ca5,0.33411389029522714
synth_grid_d5_k10_lowoverlap,23861655ac34,0.4657657601800002
synth_grid_d5_k10_lowoverlap,a042255d7a7d,0.6189100475842085
synth_grid_d5_k10_lowoverlap,47980bf71ea8,0.6181535321697778
synth_grid_d5_k10_lowoverlap,79d9b0fb5f02,0.5944034532626891
synth_grid_d5_k10_lowoverlap,e511e76239fe,0.07238576851498375
synth_grid_d5_k10_lowoverlap,7741c3e44852,0.04966135235143111
synth_grid_d5_k10_lowoverlap,b2d6bf5f391d,0.05089091393464517
synth_grid_d5_k10_lowoverlap,3964e1ccb548,0.4096520427926512
synth_grid_d5_k10_lowoverlap,4c077151b389,0.4657657601800002
synth_grid_d5_k10_lowoverlap,f292f2a1db5b,0.5635793980230317
synth_grid_d5_k10_lowoverlap,a4dbad06fd4e,0.6181535321697778
synth_grid_d5_k10_lowoverlap,8eecd2798818,0.5944034532626891
synth_grid_d5_k10_lowoverlap,4d9c9acccd21,0.04619599609805972
synth_grid_d5_k10_lowoverlap,9381fbddb6c5,0.057130622191779105
synth_grid_d5_k10_lowoverlap,8ec393598948,0.4096520427926512
synth_grid_d5_k10_lowoverlap,77e145ffcc55,0.4657657601800002
synth_grid_d5_k10_lowoverlap,632568e85407,0.5635793980230317
synth_grid_d5_k10_lowoverlap,fa9612cfa871,0.6181535321697778
synth_grid_d5_k10_lowoverlap,3d72e70b09e3,0.5944034532626891
synth_grid_d5_k10_lowoverlap,45c510f16843,0.06057989454767944
synth_grid_d5_k10_lowoverlap,27a2752a569f,0.05484904137921126
synth_grid_d5_k10_lowoverlap,4ec824c366d4,0.1988394709083844
synth_grid_d5_k10_lowoverlap,4555573328fc,0.11698039874934425
synth_grid_d5_k10_lowoverlap,0f46e0814abc,0.10577960727002664
synth_grid_d5_k10_lowoverlap,759f97a6695c,
synth_grid_d5_k10_lowoverlap,9cd81f07f9eb,0.5944034532626891
synth_grid_d5_k10_lowoverlap,bb5d6442dae0,0.5944034532626891
synth_grid_d5_k10_lowoverlap,c610648f3a0b,0.5944034532626891
synth_grid_d5_k10_lowoverlap,d9a6e957a479,0.5944034532626891
synth_grid_d5_k10_lowoverlap,e0981ae1c5a2,0.703229878822967
synth_grid_d5_k10_lowoverlap,08e381bd46b1,0.703229878822967
synth_grid_d5_k10_lowoverlap,f7183f4c1fed,0.703229878822967
synth_grid_d5_k10_lowoverlap,7c2e8cd4a56d,0.703229878822967
synth_grid_d5_k10_lowoverlap,07ebbef7de3c,0.703229878822967
synth_grid_d5_k10_lowoverlap,db49059653de,0.703229878822967
synth_grid_d5_k10_lowoverlap,19967cb83e78,0.703229878822967
synth_grid_d5_k10_lowoverlap,158a0277ed3c,0.703229878822967
synth_grid_d5_k10_lowoverlap,d0fba6f03c0f,0.4468875320120668
synth_grid_d5_k10_lowoverlap,f10f8ff36baa,0.4468875320120668
synth_grid_d5_k10_lowoverlap,672c637760be,0.4468875320120668
synth_grid_d5_k10_lowoverlap,0cd896f527d5,0.4468875320120668
synth_grid_d5_k10_lowoverlap,4887a0323e21,
synth_grid_d5_k10_lowoverlap,3d795ce47578,
synth_grid_d5_k10_lowoverlap,639f74dd0e43,
synth_grid_d5_k10_lowoverlap,9c3ccb4fd98f,
synth_grid_d5_k10_lowoverlap,5647bbf0428d,0.5944034532626891
synth_grid_d5_k10_lowoverlap,389d4ccb0588,0.5944034532626891
synth_grid_d5_k10_lowoverlap,e34ce5984b64,0.5944034532626891
synth_grid_d5_k10_lowoverlap,63470ebdd53e,0.5944034532626891
synth_grid_d5_k10_lowoverlap,46814f50e13d,0.5944034532626891
synth_grid_d5_k10_lowoverlap,e597041814f5,0.5944034532626891
synth_grid_d5_k10_lowoverlap,024a1a8c54d1,0.5944034532626891
synth_grid_d5_k10_lowoverlap,bdcde80d6dbb,0.5944034532626891
synth_grid_d5_k10_lowoverlap,95475ce56089,0.5944034532626891
synth_grid_d5_k10_lowoverlap,5009193136b4,0.5944034532626891
synth_grid_d5_k10_lowoverlap,955728329102,0.5944034532626891
synth_grid_d5_k10_lowoverlap,1f1b6dfa46dc,0.5944034532626891
synth_grid_d5_k10_lowoverlap,272f18e90bd4,0.4096520427926512
synth_grid_d5_k10_lowoverlap,0cc00684cc3f,0.4657657601800002
synth_grid_d5_k10_lowoverlap,7203310ff7ba,0.6189100475842085
synth_grid_d5_k10_lowoverlap,a399ab5a112a,0.6181535321697778
synth_grid_d5_k10_lowoverlap,4d00158c440c,0.5944034532626891
synth_grid_d5_k10_lowoverlap,f028e3896d9e,0.08373308576733494
synth_grid_d5_k10_lowoverlap,bc0e2be21bfb,0.07475040035332121
synth_grid_d5_k10_lowoverlap,ae16e9272ff8,0.41981040115005874
synth_grid_d5_k10_lowoverlap,803c0d3403ff,0.4657657601800002
synth_grid_d5_k10_lowoverlap,579a8bd776f9,0.6189100475842085
synth_grid_d5_k10_lowoverlap,ccd2d07c7a4a,0.6181535321697778
synth_grid_d5_k10_lowoverlap,92f60358ba37,0.5944034532626891
synth_grid_d5_k10_lowoverlap,646357d2ae16,0.09035094962924074
synth_grid_d5_k10_lowoverlap,5773d7049286,0.09800883062379741
synth_grid_d5_k10_lowoverlap,a81f368f51bb,0.5027755229171333
synth_grid_d5_k10_lowoverlap,70969dd2d720,0.4657657601800002
synth_grid_d5_k10_lowoverlap,34b50b92b183,0.6189100475842085
synth_grid_d5_k10_lowoverlap,48d260f98b0d,0.6181535321697778
synth_grid_d5_k10_lowoverlap,1134a806601d,0.5944034532626891
synth_grid_d5_k10_lowoverlap,0069693e350e,0.24364574525752553
synth_grid_d5_k10_lowoverlap,2fa0af8799c8,0.18198152887783828
synth_grid_d5_k10_medoverlap,76c89cda5ca5,0.036252218973184216
synth_grid_d5_k10_medoverlap,23861655ac34,0.07401659782828965
synth_grid_d5_k10_medoverlap,a042255d7a7d,0.054554203192377776
synth_grid_d5_k10_medoverlap,47980bf71ea8,0.04554581671692497
synth_grid_d5_k10_medoverlap,79d9b0fb5f02,0.05517232787962102
synth_grid_d5_k10_medoverlap,e511e76239fe,0.05517232787962102
synth_grid_d5_k10_medoverlap,7741c3e44852,0.06172808894474862
synth_grid_d5_k10_medoverlap,b2d6bf5f391d,0.04281098926252522
synth_grid_d5_k10_medoverlap,3964e1ccb548,0.08943373112566888
synth_grid_d5_k10_medoverlap,4c077151b389,0.03037532030747429
synth_grid_d5_k10_medoverlap,f292f2a1db5b,0.09280166186220647
synth_grid_d5_k10_medoverlap,a4dbad06fd4e,0.0617915265696837
synth_grid_d5_k10_medoverlap,8eecd2798818,0.05517232787962102
synth_grid_d5_k10_medoverlap,4d9c9acccd21,0.040996604052484946
synth_grid_d5_k10_medoverlap,9381fbddb6c5,0.053917883986372914
synth_grid_d5_k10_medoverlap,8ec393598948,0.07308290323268098
synth_grid_d5_k10_medoverlap,77e145ffcc55,0.030363504766809275
synth_grid_d5_k10_medoverlap,632568e85407,0.09822183358819958
synth_grid_d5_k10_medoverlap,fa9612cfa871,0.02355217857434067
synth_grid_d5_k10_medoverlap,3d72e70b09e3,0.05517232787962102
synth_grid_d5_k10_medoverlap,45c510f16843,0.057400282913832104
synth_grid_d5_k10_medoverlap,27a2752a569f,0.0404193483702277
synth_grid_d5_k10_medoverlap,4ec824c366d4,
synth_grid_d5_k10_medoverlap,4555573328fc,
synth_grid_d5_k10_medoverlap,0f46e0814abc,
synth_grid_d5_k10_medoverlap,759f97a6695c,
synth_grid_d5_k10_medoverlap,9cd81f07f9eb,0.19450710251232134
synth_grid_d5_k10_medoverlap,bb5d6442dae0,0.15015973805912253
synth_grid_d5_k10_medoverlap,c610648f3a0b,
synth_grid_d5_k10_medoverlap,d9a6e957a479,
synth_grid_d5_k10_medoverlap,e0981ae1c5a2,0.1039404916073731
synth_grid_d5_k10_medoverlap,08e381bd46b1,0.11409087048886435
synth_grid_d5_k10_medoverlap,f7183f4c1fed,0.17198156448407215
synth_grid_d5_k10_medoverlap,7c2e8cd4a56d,0.07035714325249534
synth_grid_d5_k10_medoverlap,07ebbef7de3c,0.17906752130276796
synth_grid_d5_k10_medoverlap,db49059653de,0.17906752130276796
synth_grid_d5_k10_medoverlap,19967cb83e78,0.17906752130276796
synth_grid_d5_k10_medoverlap,158a0277ed3c,0.17906752130276796
synth_grid_d5_k10_medoverlap,d0fba6f03c0f,
synth_grid_d5_k10_medoverlap,f10f8ff36baa,
synth_grid_d5_k10_medoverlap,672c637760be,
synth_grid_d5_k10_medoverlap,0cd896f527d5,
synth_grid_d5_k10_medoverlap,4887a0323e21,
synth_grid_d5_k10_medoverlap,3d795ce47578,
synth_grid_d5_k10_medoverlap,639f74dd0e43,
synth_grid_d5_k10_medoverlap,9c3ccb4fd98f,
synth_grid_d5_k10_medoverlap,5647bbf0428d,0.15391676849451116
synth_grid_d5_k10_medoverlap,389d4ccb0588,0.15391676849451116
synth_grid_d5_k10_medoverlap,e34ce5984b64,0.10317180107319461
synth_grid_d5_k10_medoverlap,63470ebdd53e,0.12345776372475131
synth_grid_d5_k10_medoverlap,46814f50e13d,0.15391676849451116
synth_grid_d5_k10_medoverlap,e597041814f5,0.10317180107319461
synth_grid_d5_k10_medoverlap,024a1a8c54d1,0.12345776372475131
synth_grid_d5_k10_medoverlap,bdcde80d6dbb,0.15391676849451116
synth_grid_d5_k10_medoverlap,95475ce56089,0.10317180107319461
synth_grid_d5_k10_medoverlap,5009193136b4,0.12345776372475131
synth_grid_d5_k10_medoverlap,955728329102,0.15391676849451116
synth_grid_d5_k10_medoverlap,1f1b6dfa46dc,0.10317180107319461
synth_grid_d5_k10_medoverlap,272f18e90bd4,0.17906752130276796
synth_grid_d5_k10_medoverlap,0cc00684cc3f,0.10575378159418607
synth_grid_d5_k10_medoverlap,7203310ff7ba,0.09324775351611776
synth_grid_d5_k10_medoverlap,a399ab5a112a,0.10560868035920064
synth_grid_d5_k10_medoverlap,4d00158c440c,0.09462186673022077
synth_grid_d5_k10_medoverlap,f028e3896d9e,0.08093240724140084
synth_grid_d5_k10_medoverlap,bc0e2be21bfb,0.07985663989855987
synth_grid_d5_k10_medoverlap,ae16e9272ff8,0.08943373112566888
synth_grid_d5_k10_medoverlap,803c0d3403ff,0.09425968477735132
synth_grid_d5_k10_medoverlap,579a8bd776f9,0.1039404916073731
synth_grid_d5_k10_medoverlap,ccd2d07c7a4a,0.07152609550028274
synth_grid_d5_k10_medoverlap,92f60358ba37,0.0727301468766258
synth_grid_d5_k10_medoverlap,646357d2ae16,0.07987494910080757
synth_grid_d5_k10_medoverlap,5773d7049286,0.07319183994726053
synth_grid_d5_k10_medoverlap,a81f368f51bb,0.17906752130276796
synth_grid_d5_k10_medoverlap,70969dd2d720,0.08943373112566888
synth_grid_d5_k10_medoverlap,34b50b92b183,0.09419451184505769
synth_grid_d5_k10_medoverlap,48d260f98b0d,0.10688568499707442
synth_grid_d5_k10_medoverlap,1134a806601d,0.11241895662842029
synth_grid_d5_k10_medoverlap,0069693e350e,0.11682476305277817
synth_grid_d5_k10_medoverlap,2fa0af8799c8,0.10591510755154485
synth_grid_d5_k3_highoverlap,76c89cda5ca5,0.07744220177815711
synth_grid_d5_k3_highoverlap,23861655ac34,0.10701372735821621
synth_grid_d5_k3_highoverlap,a042255d7a7d,0.06577441596020993
synth_grid_d5_k3_highoverlap,47980bf71ea8,0.07368782760362103
synth_grid_d5_k3_highoverlap,79d9b0fb5f02,0.07299613899412927
synth_grid_d5_k3_highoverlap,e511e76239fe,0.07115934117011811
synth_grid_d5_k3_highoverlap,7741c3e44852,0.09551284026837048
synth_grid_d5_k3_highoverlap,b2d6bf5f391d,0.11076182561187614
synth_grid_d5_k3_highoverlap,3964e1ccb548,0.10440278322187933
synth_grid_d5_k3_highoverlap,4c077151b389,0.12085668415220727
synth_grid_d5_k3_highoverlap,f292f2a1db5b,0.07234598547528567
synth_grid_d5_k3_highoverlap,a4dbad06fd4e,0.07841093489079957
synth_grid_d5_k3_highoverlap,8eecd2798818,0.018025101481659735
synth_grid_d5_k3_highoverlap,4d9c9acccd21,0.04693113617624324
synth_grid_d5_k3_highoverlap,9381fbddb6c5,0.06162877272123364
synth_grid_d5_k3_highoverlap,8ec393598948,0.08203879725695952
synth_grid_d5_k3_highoverlap,77e145ffcc55,0.1121546262695886
synth_grid_d5_k3_highoverlap,632568e85407,0.0639624163855045
synth_grid_d5_k3_highoverlap,fa9612cfa871,0.04268168452844779
synth_grid_d5_k3_highoverlap,3d72e70b09e3,0.04022453965025044
synth_grid_d5_k3_highoverlap,45c510f16843,0.052980256159446786
synth_grid_d5_k3_highoverlap,27a2752a569f,0.06668430908995031
synth_grid_d5_k3_highoverlap,4ec824c366d4,
synth_grid_d5_k3_highoverlap,4555573328fc,
synth_grid_d5_k3_highoverlap,0f46e0814abc,
synth_grid_d5_k3_highoverlap,759f97a6695c,
synth_grid_d5_k3_highoverlap,9cd81f07f9eb,
synth_grid_d5_k3_highoverlap,bb5d6442dae0,
synth_grid_d5_k3_highoverlap,c610648f3a0b,
synth_grid_d5_k3_highoverlap,d9a6e957a479,
synth_grid_d5_k3_highoverlap,e0981ae1c5a2,0.23625418326282713
synth_grid_d5_k3_highoverlap,08e381bd46b1,1.80859995066003
synth_grid_d5_k3_highoverlap,f7183f4c1fed,
synth_grid_d5_k3_highoverlap,7c2e8cd4a56d,
synth_grid_d5_k3_highoverlap,07ebbef7de3c,
synth_grid_d5_k3_highoverlap,db49059653de,
synth_grid_d5_k3_highoverlap,19967cb83e78,
synth_grid_d5_k3_highoverlap,158a0277ed3c,0.05416019344638768
synth_grid_d5_k3_highoverlap,d0fba6f03c0f,
synth_grid_d5_k3_highoverlap,f10f8ff36baa,
synth_grid_d5_k3_highoverlap,672c637760be,
synth_grid_d5_k3_highoverlap,0cd896f527d5,
synth_grid_d5_k3_highoverlap,4887a0323e21,
synth_grid_d5_k3_highoverlap,3d795ce47578,
synth_grid_d5_k3_highoverlap,639f74dd0e43,
synth_grid_d5_k3_highoverlap,9c3ccb4fd98f,
synth_grid_d5_k3_highoverlap,5647bbf0428d,0.15142893540873392
synth_grid_d5_k3_highoverlap,389d4ccb0588,0.25642175902580056
synth_grid_d5_k3_highoverlap,e34ce5984b64,0.22281559138317747
synth_grid_d5_k3_highoverlap,63470ebdd53e,0.1790820560785646
synth_grid_d5_k3_highoverlap,46814f50e13d,0.25642175902580056
synth_grid_d5_k3_highoverlap,e597041814f5,0.22281559138317747
synth_grid_d5_k3_highoverlap,024a1a8c54d1,0.1790820560785646
synth_grid_d5_k3_highoverlap,bdcde80d6dbb,0.25642175902580056
synth_grid_d5_k3_highoverlap,95475ce56089,0.22281559138317747
synth_grid_d5_k3_highoverlap,5009193136b4,0.1790820560785646
synth_grid_d5_k3_highoverlap,955728329102,0.25642175902580056
synth_grid_d5_k3_highoverlap,1f1b6dfa46dc,0.22281559138317747
synth_grid_d5_k3_highoverlap,272f18e90bd4,0.11774061529575981
synth_grid_d5_k3_highoverlap,0cc00684cc3f,0.09293893384834725
synth_grid_d5_k3_highoverlap,7203310ff7ba,0.10333442231642531
synth_grid_d5_k3_highoverlap,a399ab5a112a,0.09227332255687565
synth_grid_d5_k3_highoverlap,4d00158c440c,0.09842188575015626
synth_grid_d5_k3_highoverlap,f028e3896d9e,0.10653461032824783
synth_grid_d5_k3_highoverlap,bc0e2be21bfb,0.11480936105563018
synth_grid_d5_k3_highoverlap,ae16e9272ff8,0.09038321600496839
synth_grid_d5_k3_highoverlap,803c0d3403ff,0.07073983511386701
synth_grid_d5_k3_highoverlap,579a8bd776f9,0.09364183050685562
synth_grid_d5_k3_highoverlap,ccd2d07c7a4a,0.09780646885528271
synth_grid_d5_k3_highoverlap,92f60358ba37,0.10441844817093143
synth_grid_d5_k3_highoverlap,646357d2ae16,0.11486417982793842
synth_grid_d5_k3_highoverlap,5773d7049286,0.12817069700538064
synth_grid_d5_k3_highoverlap,a81f368f51bb,0.15380991556740817
synth_grid_d5_k3_highoverlap,70969dd2d720,0.1171862933845271
synth_grid_d5_k3_highoverlap,34b50b92b183,0.10641444259444688
synth_grid_d5_k3_highoverlap,48d260f98b0d,0.10711772402907956
synth_grid_d5_k3_highoverlap,1134a806601d,0.12516311529069263
synth_grid_d5_k3_highoverlap,0069693e350e,0.13299725304471213
synth_grid_d5_k3_highoverlap,2fa0af8799c8,0.13591384650323304
synth_grid_d5_k3_lowoverlap,76c89cda5ca5,0.6575335645646012
synth_grid_d5_k3_lowoverlap,23861655ac34,1.0751901295247535
synth_grid_d5_k3_lowoverlap,a042255d7a7d,0.033605624457799486
synth_grid_d5_k3_lowoverlap,47980bf71ea8,0.04651956256567663
synth_grid_d5_k3_lowoverlap,79d9b0fb5f02,0.05480681540804572
synth_grid_d5_k3_lowoverlap,e511e76239fe,0.07221018198962811
synth_grid_d5_k3_lowoverlap,7741c3e44852,0.0475067960833275
synth_grid_d5_k3_lowoverlap,b2d6bf5f391d,0.06935565999642666
synth_grid_d5_k3_lowoverlap,3964e1ccb548,0.5148841992750826
synth_grid_d5_k3_lowoverlap,4c077151b389,1.0751901295247535
synth_grid_d5_k3_lowoverlap,f292f2a1db5b,0.018299960008816774
synth_grid_d5_k3_lowoverlap,a4dbad06fd4e,0.01848104429647463
synth_grid_d5_k3_lowoverlap,8eecd2798818,0.03546503930656476
synth_grid_d5_k3_lowoverlap,4d9c9acccd21,0.05295863902181171
synth_grid_d5_k3_lowoverlap,9381fbddb6c5,0.04500560981777497
synth_grid_d5_k3_lowoverlap,8ec393598948,0.5148841992750826
synth_grid_d5_k3_lowoverlap,77e145ffcc55,1.0751901295247535
synth_grid_d5_k3_lowoverlap,632568e85407,0.04229600232234821
synth_grid_d5_k3_lowoverlap,fa9612cfa871,0.0393535931753747
synth_grid_d5_k3_lowoverlap,3d72e70b09e3,0.04295054700971787
synth_grid_d5_k3_lowoverlap,45c510f16843,0.039880796080527955
synth_grid_d5_k3_lowoverlap,27a2752a569f,0.04295054700971787
synth_grid_d5_k3_lowoverlap,4ec824c366d4,0.3937350249068716
synth_grid_d5_k3_lowoverlap,4555573328fc,
synth_grid_d5_k3_lowoverlap,0f46e0814abc,
synth_grid_d5_k3_lowoverlap,759f97a6695c,
synth_grid_d5_k3_lowoverlap,9cd81f07f9eb,1.1775102537583397
synth_grid_d5_k3_lowoverlap,bb5d6442dae0,1.2594232545527724
synth_grid_d5_k3_lowoverlap,c610648f3a0b,1.4949920509434853
synth_grid_d5_k3_lowoverlap,d9a6e957a479,1.5284679564071242
synth_grid_d5_k3_lowoverlap,e0981ae1c5a2,1.0751901295247535
synth_grid_d5_k3_lowoverlap,08e381bd46b1,1.0751901295247535
synth_grid_d5_k3_lowoverlap,f7183f4c1fed,1.0751901295247535
synth_grid_d5_k3_lowoverlap,7c2e8cd4a56d,1.172084022812071
synth_grid_d5_k3_lowoverlap,07ebbef7de3c,1.0751901295247535
synth_grid_d5_k3_lowoverlap,db49059653de,1.0751901295247535
synth_grid_d5_k3_lowoverlap,19967cb83e78,1.0751901295247535
synth_grid_d5_k3_lowoverlap,158a0277ed3c,1.0751901295247535
synth_grid_d5_k3_lowoverlap,d0fba6f03c0f,1.0751901295247535
synth_grid_d5_k3_lowoverlap,f10f8ff36baa,1.0751901295247535
synth_grid_d5_k3_lowoverlap,672c637760be,1.0751901295247535
synth_grid_d5_k3_lowoverlap,0cd896f527d5,1.0751901295247535
synth_grid_d5_k3_lowoverlap,4887a0323e21,
synth_grid_d5_k3_lowoverlap,3d795ce47578,
synth_grid_d5_k3_lowoverlap,639f74dd0e43,
synth_grid_d5_k3_lowoverlap,9c3ccb4fd98f,
synth_grid_d5_k3_lowoverlap,5647bbf0428d,1.0751901295247535
synth_grid_d5_k3_lowoverlap,389d4ccb0588,1.0751901295247535
synth_grid_d5_k3_lowoverlap,e34ce5984b64,1.0751901295247535
synth_grid_d5_k3_lowoverlap,63470ebdd53e,1.0751901295247535
synth_grid_d5_k3_lowoverlap,46814f50e13d,1.0751901295247535
synth_grid_d5_k3_lowoverlap,e597041814f5,1.0751901295247535
synth_grid_d5_k3_lowoverlap,024a1a8c54d1,1.0751901295247535
synth_grid_d5_k3_lowoverlap,bdcde80d6dbb,1.0751901295247535
synth_grid_d5_k3_lowoverlap,95475ce56089,1.0751901295247535
synth_grid_d5_k3_lowoverlap,5009193136b4,1.0751901295247535
synth_grid_d5_k3_lowoverlap,955728329102,1.0751901295247535
synth_grid_d5_k3_lowoverlap,1f1b6dfa46dc,1.0751901295247535
synth_grid_d5_k3_lowoverlap,272f18e90bd4,0.6575335645646012
synth_grid_d5_k3_lowoverlap,0cc00684cc3f,1.0751901295247535
synth_grid_d5_k3_lowoverlap,7203310ff7ba,0.061106664198367466
synth_grid_d5_k3_lowoverlap,a399ab5a112a,0.07669240637860147
synth_grid_d5_k3_lowoverlap,4d00158c440c,0.08012301754656243
synth_grid_d5_k3_lowoverlap,f028e3896d9e,0.09752710465417468
synth_grid_d5_k3_lowoverlap,bc0e2be21bfb,0.09295144247151735
synth_grid_d5_k3_lowoverlap,ae16e9272ff8,0.6575335645646012
synth_grid_d5_k3_lowoverlap,803c0d3403ff,1.0751901295247535
synth_grid_d5_k3_lowoverlap,579a8bd776f9,0.05209610939457863
synth_grid_d5_k3_lowoverlap,ccd2d07c7a4a,0.0728566336735749
synth_grid_d5_k3_lowoverlap,92f60358ba37,0.09454879832847923
synth_grid_d5_k3_lowoverlap,646357d2ae16,0.10968701283431255
synth_grid_d5_k3_lowoverlap,5773d7049286,0.11899606210234073
synth_grid_d5_k3_lowoverlap,a81f368f51bb,0.6575335645646012
synth_grid_d5_k3_lowoverlap,70969dd2d720,1.0751901295247535
synth_grid_d5_k3_lowoverlap,34b50b92b183,0.11686874968897619
synth_grid_d5_k3_lowoverlap,48d260f98b0d,0.10791504425670173
synth_grid_d5_k3_lowoverlap,1134a806601d,0.07651208179822383
synth_grid_d5_k3_lowoverlap,0069693e350e,0.08688986625157943
synth_grid_d5_k3_lowoverlap,2fa0af8799c8,0.10982850159395617
synth_grid_d5_k3_medoverlap,76c89cda5ca5,0.3907221234692912
synth_grid_d5_k3_medoverlap,23861655ac34,0.4198448093807758
synth_grid_d5_k3_medoverlap,a042255d7a7d,0.0490395973537958
synth_grid_d5_k3_medoverlap,47980bf71ea8,0.06437476895731528
synth_grid_d5_k3_medoverlap,79d9b0fb5f02,0.07231194116172342
synth_grid_d5_k3_medoverlap,e511e76239fe,0.07416330812576602
synth_grid_d5_k3_medoverlap,7741c3e44852,0.05484989857816781
synth_grid_d5_k3_medoverlap,b2d6bf5f391d,0.08851159797022418
synth_grid_d5_k3_medoverlap,3964e1ccb548,0.30198422855681734
synth_grid_d5_k3_medoverlap,4c077151b389,0.4198448093807758
synth_grid_d5_k3_medoverlap,f292f2a1db5b,0.04353386679159793
synth_grid_d5_k3_medoverlap,a4dbad06fd4e,0.04751489326995315
synth_grid_d5_k3_medoverlap,8eecd2798818,0.05746322973105471
synth_grid_d5_k3_medoverlap,4d9c9acccd21,0.04998349128464911
synth_grid_d5_k3_medoverlap,9381fbddb6c5,0.045064857954193314
synth_grid_d5_k3_medoverlap,8ec393598948,0.30198422855681734
synth_grid_d5_k3_medoverlap,77e145ffcc55,0.4198448093807758
synth_grid_d5_k3_medoverlap,632568e85407,0.039506340216521586
synth_grid_d5_k3_medoverlap,fa9612cfa871,0.05380514991321173
synth_grid_d5_k3_medoverlap,3d72e70b09e3,0.07833341904539404
synth_grid_d5_k3_medoverlap,45c510f16843,0.05394463711072978
synth_grid_d5_k3_medoverlap,27a2752a569f,0.03718333063530815
synth_grid_d5_k3_medoverlap,4ec824c366d4,
synth_grid_d5_k3_medoverlap,4555573328fc,
synth_grid_d5_k3_medoverlap,0f46e0814abc,
synth_grid_d5_k3_medoverlap,759f97a6695c,
synth_grid_d5_k3_medoverlap,9cd81f07f9eb,0.15959852221547235
synth_grid_d5_k3_medoverlap,bb5d6442dae0,0.10790572429815849
synth_grid_d5_k3_medoverlap,c610648f3a0b,0.25197680705710346
synth_grid_d5_k3_medoverlap,d9a6e957a479,
synth_grid_d5_k3_medoverlap,e0981ae1c5a2,0.7679262826301235
synth_grid_d5_k3_medoverlap,08e381bd46b1,0.7824374767453933
synth_grid_d5_k3_medoverlap,f7183f4c1fed,0.7824374767453933
synth_grid_d5_k3_medoverlap,7c2e8cd4a56d,0.988278860842916
synth_grid_d5_k3_medoverlap,07ebbef7de3c,0.4198448093807758
synth_grid_d5_k3_medoverlap,db49059653de,0.4198448093807758
synth_grid_d5_k3_medoverlap,19967cb83e78,0.4198448093807758
synth_grid_d5_k3_medoverlap,158a0277ed3c,0.4198448093807758
synth_grid_d5_k3_medoverlap,d0fba6f03c0f,0.3907221234692912
synth_grid_d5_k3_medoverlap,f10f8ff36baa,0.3907221234692912
synth_grid_d5_k3_medoverlap,672c637760be,0.3907221234692912
synth_grid_d5_k3_medoverlap,0cd896f527d5,0.3907221234692912
synth_grid_d5_k3_medoverlap,4887a0323e21,
synth_grid_d5_k3_medoverlap,3d795ce47578,
synth_grid_d5_k3_medoverlap,639f74dd0e43,
synth_grid_d5_k3_medoverlap,9c3ccb4fd98f,
synth_grid_d5_k3_medoverlap,5647bbf0428d,0.4198448093807758
synth_grid_d5_k3_medoverlap,389d4ccb0588,0.4198448093807758
synth_grid_d5_k3_medoverlap,e34ce5984b64,0.4198448093807758
synth_grid_d5_k3_medoverlap,63470ebdd53e,0.4198448093807758
synth_grid_d5_k3_medoverlap,46814f50e13d,0.4198448093807758
synth_grid_d5_k3_medoverlap,e597041814f5,0.4198448093807758
synth_grid_d5_k3_medoverlap,024a1a8c54d1,0.4198448093807758
synth_grid_d5_k3_medoverlap,bdcde80d6dbb,0.4198448093807758
synth_grid_d5_k3_medoverlap,95475ce56089,0.4198448093807758
synth_grid_d5_k3_medoverlap,5009193136b4,0.4198448093807758
synth_grid_d5_k3_medoverlap,955728329102,0.4198448093807758
synth_grid_d5_k3_medoverlap,1f1b6dfa46dc,0.4198448093807758
synth_grid_d5_k3_medoverlap,272f18e90bd4,0.3907221234692912
synth_grid_d5_k3_medoverlap,0cc00684cc3f,0.4198448093807758
synth_grid_d5_k3_medoverlap,7203310ff7ba,0.06616136846975842
synth_grid_d5_k3_medoverlap,a399ab5a112a,0.09376387028744174
synth_grid_d5_k3_medoverlap,4d00158c440c,0.09899902855175785
synth_grid_d5_k3_medoverlap,f028e3896d9e,0.09899902855175785
synth_grid_d5_k3_medoverlap,bc0e2be21bfb,0.09899902855175785
synth_grid_d5_k3_medoverlap,ae16e9272ff8,0.30198422855681734
synth_grid_d5_k3_medoverlap,803c0d3403ff,0.4198448093807758
synth_grid_d5_k3_medoverlap,579a8bd776f9,0.08410736019934226
synth_grid_d5_k3_medoverlap,ccd2d07c7a4a,0.10678775107673837
synth_grid_d5_k3_medoverlap,92f60358ba37,0.10086238447610543
synth_grid_d5_k3_medoverlap,646357d2ae16,0.11073810051252307
synth_grid_d5_k3_medoverlap,5773d7049286,0.12494652316094292
synth_grid_d5_k3_medoverlap,a81f368f51bb,0.3907221234692912
synth_grid_d5_k3_medoverlap,70969dd2d720,0.4198448093807758
synth_grid_d5_k3_medoverlap,34b50b92b183,0.2518309013399642
synth_grid_d5_k3_medoverlap,48d260f98b0d,0.12453728970770189
synth_grid_d5_k3_medoverlap,1134a806601d,0.1250080986155684
synth_grid_d5_k3_medoverlap,0069693e350e,0.1052587278619526
synth_grid_d5_k3_medoverlap,2fa0af8799c8,0.1288793388980397
synth_grid_d5_k6_highoverlap,76c89cda5ca5,0.048957931043949215
synth_grid_d5_k6_highoverlap,23861655ac34,0.05493630290147198
synth_grid_d5_k6_highoverlap,a042255d7a7d,0.08574291135719839
synth_grid_d5_k6_highoverlap,47980bf71ea8,0.033737164319226555
synth_grid_d5_k6_highoverlap,79d9b0fb5f02,0.05867998462558444
synth_grid_d5_k6_highoverlap,e511e76239fe,0.045124501267028
synth_grid_d5_k6_highoverlap,7741c3e44852,0.06719411955807617
synth_grid_d5_k6_highoverlap,b2d6bf5f391d,0.0620248681808495
synth_grid_d5_k6_highoverlap,3964e1ccb548,0.09644534369376542
synth_grid_d5_k6_highoverlap,4c077151b389,0.09387321959333099
synth_grid_d5_k6_highoverlap,f292f2a1db5b,0.027296979032056582
synth_grid_d5_k6_highoverlap,a4dbad06fd4e,0.047853951098040096
synth_grid_d5_k6_highoverlap,8eecd2798818,0.027527544973548267
synth_grid_d5_k6_highoverlap,4d9c9acccd21,0.04980111881253268
synth_grid_d5_k6_highoverlap,9381fbddb6c5,0.018120277568709438
synth_grid_d5_k6_highoverlap,8ec393598948,0.09644534369376542
synth_grid_d5_k6_highoverlap,77e145ffcc55,0.040325258267829796
synth_grid_d5_k6_highoverlap,632568e85407,0.027296979032056582
synth_grid_d5_k6_highoverlap,fa9612cfa871,0.06520060872277597
synth_grid_d5_k6_highoverlap,3d72e70b09e3,0.03241807915191908
synth_grid_d5_k6_highoverlap,45c510f16843,0.036083238363034856
synth_grid_d5_k6_highoverlap,27a2752a569f,0.020967056186557503
synth_grid_d5_k6_highoverlap,4ec824c366d4,
synth_grid_d5_k6_highoverlap,4555573328fc,
synth_grid_d5_k6_highoverlap,0f46e0814abc,
synth_grid_d5_k6_highoverlap,759f97a6695c,
synth_grid_d5_k6_highoverlap,9cd81f07f9eb,0.642028007314425
synth_grid_d5_k6_highoverlap,bb5d6442dae0,
synth_grid_d5_k6_highoverlap,c610648f3a0b,
synth_grid_d5_k6_highoverlap,d9a6e957a479,
synth_grid_d5_k6_highoverlap,e0981ae1c5a2,0.13818361429461148
synth_grid_d5_k6_highoverlap,08e381bd46b1,0.10496476717907462
synth_grid_d5_k6_highoverlap,f7183f4c1fed,0.7631235133886914
synth_grid_d5_k6_highoverlap,7c2e8cd4a56d,
synth_grid_d5_k6_highoverlap,07ebbef7de3c,
synth_grid_d5_k6_highoverlap,db49059653de,
synth_grid_d5_k6_highoverlap,19967cb83e78,
synth_grid_d5_k6_highoverlap,158a0277ed3c,
synth_grid_d5_k6_highoverlap,d0fba6f03c0f,
synth_grid_d5_k6_highoverlap,f10f8ff36baa,
synth_grid_d5_k6_highoverlap,672c637760be,
synth_grid_d5_k6_highoverlap,0cd896f527d5,
synth_grid_d5_k6_highoverlap,4887a0323e21,
synth_grid_d5_k6_highoverlap,3d795ce47578,
synth_grid_d5_k6_highoverlap,639f74dd0e43,
synth_grid_d5_k6_highoverlap,9c3ccb4fd98f,
synth_grid_d5_k6_highoverlap,5647bbf0428d,0.11881519553563724
synth_grid_d5_k6_highoverlap,389d4ccb0588,0.1282389054002309
synth_grid_d5_k6_highoverlap,e34ce5984b64,0.15395929820817417
synth_grid_d5_k6_highoverlap,63470ebdd53e,0.1401744351421562
synth_grid_d5_k6_highoverlap,46814f50e13d,0.1282389054002309
synth_grid_d5_k6_highoverlap,e597041814f5,0.15395929820817417
synth_grid_d5_k6_highoverlap,024a1a8c54d1,0.14926947970464907
synth_grid_d5_k6_highoverlap,bdcde80d6dbb,0.1282389054002309
synth_grid_d5_k6_highoverlap,95475ce56089,0.15395929820817417
synth_grid_d5_k6_highoverlap,5009193136b4,0.15795818122107536
synth_grid_d5_k6_highoverlap,955728329102,0.1282389054002309
synth_grid_d5_k6_highoverlap,1f1b6dfa46dc,0.15395929820817417
synth_grid_d5_k6_highoverlap,272f18e90bd4,0.09921479030607001
synth_grid_d5_k6_highoverlap,0cc00684cc3f,0.09950206317011763
synth_grid_d5_k6_highoverlap,7203310ff7ba,0.08451849311880777
synth_grid_d5_k6_highoverlap,a399ab5a112a,0.07944024285433074
synth_grid_d5_k6_highoverlap,4d00158c440c,0.07944024285433074
synth_grid_d5_k6_highoverlap,f028e3896d9e,0.08636365395360487
synth_grid_d5_k6_highoverlap,bc0e2be21bfb,0.0955589438392801
synth_grid_d5_k6_highoverlap,ae16e9272ff8,0.07152836869837997
synth_grid_d5_k6_highoverlap,803c0d3403ff,0.08437802304909378
synth_grid_d5_k6_highoverlap,579a8bd776f9,0.06741330061321617
synth_grid_d5_k6_highoverlap,ccd2d07c7a4a,0.07400494179696697
synth_grid_d5_k6_highoverlap,92f60358ba37,0.07594346531356244
synth_grid_d5_k6_highoverlap,646357d2ae16,0.08215235370928425
synth_grid_d5_k6_highoverlap,5773d7049286,0.08688371321625823
synth_grid_d5_k6_highoverlap,a81f368f51bb,0.09921479030607001
synth_grid_d5_k6_highoverlap,70969dd2d720,0.09950206317011763
synth_grid_d5_k6_highoverlap,34b50b92b183,0.09950206317011763
synth_grid_d5_k6_highoverlap,48d260f98b0d,0.10461601878480946
synth_grid_d5_k6_highoverlap,1134a806601d,0.09470873228630568
synth_grid_d5_k6_highoverlap,0069693e350e,0.08438666730016028
synth_grid_d5_k6_highoverlap,2fa0af8799c8,0.08832317901008634
synth_grid_d5_k6_lowoverlap,76c89cda5ca5,0.6593757701323678
synth_grid_d5_k6_lowoverlap,23861655ac34,0.5232171051520829
synth_grid_d5_k6_lowoverlap,a042255d7a7d,0.689403603062436
synth_grid_d5_k6_lowoverlap,47980bf71ea8,0.08684666721911419
synth_grid_d5_k6_lowoverlap,79d9b0fb5f02,0.05961037293707456
synth_grid_d5_k6_lowoverlap,e511e76239fe,0.053296419329668554
synth_grid_d5_k6_lowoverlap,7741c3e44852,0.050158185335276315
synth_grid_d5_k6_lowoverlap,b2d6bf5f391d,0.042264104378953636
synth_grid_d5_k6_lowoverlap,3964e1ccb548,0.6593757701323678
synth_grid_d5_k6_lowoverlap,4c077151b389,0.512881435410324
synth_grid_d5_k6_lowoverlap,f292f2a1db5b,0.689403603062436
synth_grid_d5_k6_lowoverlap,a4dbad06fd4e,0.0778485983596848
synth_grid_d5_k6_lowoverlap,8eecd2798818,0.06638625897638784
synth_grid_d5_k6_lowoverlap,4d9c9acccd21,0.056420199223508875
synth_grid_d5_k6_lowoverlap,9381fbddb6c5,0.061464271484772764
synth_grid_d5_k6_lowoverlap,8ec393598948,0.6593757701323678
synth_grid_d5_k6_lowoverlap,77e145ffcc55,0.512881435410324
synth_grid_d5_k6_lowoverlap,632568e85407,0.689403603062436
synth_grid_d5_k6_lowoverlap,fa9612cfa871,0.06461417367944612
synth_grid_d5_k6_lowoverlap,3d72e70b09e3,0.07107928469157786
synth_grid_d5_k6_lowoverlap,45c510f16843,0.039402698989593664
synth_grid_d5_k6_lowoverlap,27a2752a569f,0.04376062799486615
synth_grid_d5_k6_lowoverlap,4ec824c366d4,0.19723126579882147
synth_grid_d5_k6_lowoverlap,4555573328fc,0.12168731066321367
synth_grid_d5_k6_lowoverlap,0f46e0814abc,5.402713940695263
synth_grid_d5_k6_lowoverlap,759f97a6695c,
synth_grid_d5_k6_lowoverlap,9cd81f07f9eb,2.251298853949143
synth_grid_d5_k6_lowoverlap,bb5d6442dae0,2.251298853949143
synth_grid_d5_k6_lowoverlap,c610648f3a0b,2.251298853949143
synth_grid_d5_k6_lowoverlap,d9a6e957a479,2.251298853949143
synth_grid_d5_k6_lowoverlap,e0981ae1c5a2,2.251298853949143
synth_grid_d5_k6_lowoverlap,08e381bd46b1,2.251298853949143
synth_grid_d5_k6_lowoverlap,f7183f4c1fed,2.251298853949143
synth_grid_d5_k6_lowoverlap,7c2e8cd4a56d,2.251298853949143
synth_grid_d5_k6_lowoverlap,07ebbef7de3c,2.251298853949143
synth_grid_d5_k6_lowoverlap,db49059653de,2.251298853949143
synth_grid_d5_k6_lowoverlap,19967cb83e78,2.251298853949143
synth_grid_d5_k6_lowoverlap,158a0277ed3c,2.251298853949143
synth_grid_d5_k6_lowoverlap,d0fba6f03c0f,0.5956114036920837
synth_grid_d5_k6_lowoverlap,f10f8ff36baa,0.5956114036920837
synth_grid_d5_k6_lowoverlap,672c637760be,0.5956114036920837
synth_grid_d5_k6_lowoverlap,0cd896f527d5,0.5956114036920837
synth_grid_d5_k6_lowoverlap,4887a0323e21,
synth_grid_d5_k6_lowoverlap,3d795ce47578,
synth_grid_d5_k6_lowoverlap,639f74dd0e43,
synth_grid_d5_k6_lowoverlap,9c3ccb4fd98f,
synth_grid_d5_k6_lowoverlap,5647bbf0428d,2.251298853949143
synth_grid_d5_k6_lowoverlap,389d4ccb0588,2.251298853949143
synth_grid_d5_k6_lowoverlap,e34ce5984b64,2.251298853949143
synth_grid_d5_k6_lowoverlap,63470ebdd53e,2.251298853949143
synth_grid_d5_k6_lowoverlap,46814f50e13d,2.251298853949143
synth_grid_d5_k6_lowoverlap,e597041814f5,2.251298853949143
synth_grid_d5_k6_lowoverlap,024a1a8c54d1,2.251298853949143
synth_grid_d5_k6_lowoverlap,bdcde80d6dbb,2.251298853949143
synth_grid_d5_k6_lowoverlap,95475ce56089,2.251298853949143
synth_grid_d5_k6_lowoverlap,5009193136b4,2.251298853949143
synth_grid_d5_k6_lowoverlap,955728329102,2.251298853949143
synth_grid_d5_k6_lowoverlap,1f1b6dfa46dc,2.251298853949143
synth_grid_d5_k6_lowoverlap,272f18e90bd4,0.6593757701323678
synth_grid_d5_k6_lowoverlap,0cc00684cc3f,0.5232171051520829
synth_grid_d5_k6_lowoverlap,7203310ff7ba,0.689403603062436
synth_grid_d5_k6_lowoverlap,a399ab5a112a,0.10480220653908631
synth_grid_d5_k6_lowoverlap,4d00158c440c,0.08684250439378528
synth_grid_d5_k6_lowoverlap,f028e3896d9e,0.08989892233655412
synth_grid_d5_k6_lowoverlap,bc0e2be21bfb,0.09431556169788474
synth_grid_d5_k6_lowoverlap,ae16e9272ff8,0.6593757701323678
synth_grid_d5_k6_lowoverlap,803c0d3403ff,0.5232171051520829
synth_grid_d5_k6_lowoverlap,579a8bd776f9,0.689403603062436
synth_grid_d5_k6_lowoverlap,ccd2d07c7a4a,0.11957796545992011
synth_grid_d5_k6_lowoverlap,92f60358ba37,0.08837530747651506
synth_grid_d5_k6_lowoverlap,646357d2ae16,0.0965868670558686
synth_grid_d5_k6_lowoverlap,5773d7049286,0.10493174541865552
synth_grid_d5_k6_lowoverlap,a81f368f51bb,0.6593757701323678
synth_grid_d5_k6_lowoverlap,70969dd2d720,0.6593757701323678
synth_grid_d5_k6_lowoverlap,34b50b92b183,0.689403603062436
synth_grid_d5_k6_lowoverlap,48d260f98b0d,0.2659285005366338
synth_grid_d5_k6_lowoverlap,1134a806601d,0.26667840043411684
synth_grid_d5_k6_lowoverlap,0069693e350e,0.17414764616238082
synth_grid_d5_k6_lowoverlap,2fa0af8799c8,0.1863946822908756
synth_grid_d5_k6_medoverlap,76c89cda5ca5,0.35185890349736315
synth_grid_d5_k6_medoverlap,23861655ac34,0.34192008141853836
synth_grid_d5_k6_medoverlap,a042255d7a7d,0.36761156298289377
synth_grid_d5_k6_medoverlap,47980bf71ea8,0.05845236858723113
synth_grid_d5_k6_medoverlap,79d9b0fb5f02,0.037933592628203894
synth_grid_d5_k6_medoverlap,e511e76239fe,0.07272364371348589
synth_grid_d5_k6_medoverlap,7741c3e44852,0.06735180892377518
synth_grid_d5_k6_medoverlap,b2d6bf5f391d,0.06447424682610041
synth_grid_d5_k6_medoverlap,3964e1ccb548,0.35185890349736315
synth_grid_d5_k6_medoverlap,4c077151b389,0.34192008141853836
synth_grid_d5_k6_medoverlap,f292f2a1db5b,0.36761156298289377
synth_grid_d5_k6_medoverlap,a4dbad06fd4e,0.07797761079131203
synth_grid_d5_k6_medoverlap,8eecd2798818,0.04507584979624221
synth_grid_d5_k6_medoverlap,4d9c9acccd21,0.047188979853252454
synth_grid_d5_k6_medoverlap,9381fbddb6c5,0.06435581640411835
synth_grid_d5_k6_medoverlap,8ec393598948,0.35185890349736315
synth_grid_d5_k6_medoverlap,77e145ffcc55,0.34192008141853836
synth_grid_d5_k6_medoverlap,632568e85407,0.36761156298289377
synth_grid_d5_k6_medoverlap,fa9612cfa871,0.07797761079131203
synth_grid_d5_k6_medoverlap,3d72e70b09e3,0.06199101499872273
synth_grid_d5_k6_medoverlap,45c510f16843,0.05691316253121993
synth_grid_d5_k6_medoverlap,27a2752a569f,0.06368559267195274
synth_grid_d5_k6_medoverlap,4ec824c366d4,
synth_grid_d5_k6_medoverlap,4555573328fc,
synth_grid_d5_k6_medoverlap,0f46e0814abc,
synth_grid_d5_k6_medoverlap,759f97a6695c,
synth_grid_d5_k6_medoverlap,9cd81f07f9eb,0.206014669349221
synth_grid_d5_k6_medoverlap,bb5d6442dae0,0.2293305855281613
synth_grid_d5_k6_medoverlap,c610648f3a0b,1.1050526561370286
synth_grid_d5_k6_medoverlap,d9a6e957a479,2.0215298482583024
synth_grid_d5_k6_medoverlap,e0981ae1c5a2,0.488878188526394
synth_grid_d5_k6_medoverlap,08e381bd46b1,0.488878188526394
synth_grid_d5_k6_medoverlap,f7183f4c1fed,0.4968352998262571
synth_grid_d5_k6_medoverlap,7c2e8cd4a56d,0.5072438352264935
synth_grid_d5_k6_medoverlap,07ebbef7de3c,0.36761156298289377
synth_grid_d5_k6_medoverlap,db49059653de,0.36761156298289377
synth_grid_d5_k6_medoverlap,19967cb83e78,0.36761156298289377
synth_grid_d5_k6_medoverlap,158a0277ed3c,0.36761156298289377
synth_grid_d5_k6_medoverlap,d0fba6f03c0f,
synth_grid_d5_k6_medoverlap,f10f8ff36baa,
synth_grid_d5_k6_medoverlap,672c637760be,
synth_grid_d5_k6_medoverlap,0cd896f527d5,
synth_grid_d5_k6_medoverlap,4887a0323e21,
synth_grid_d5_k6_medoverlap,3d795ce47578,
synth_grid_d5_k6_medoverlap,639f74dd0e43,
synth_grid_d5_k6_medoverlap,9c3ccb4fd98f,
synth_grid_d5_k6_medoverlap,5647bbf0428d,0.488878188526394
synth_grid_d5_k6_medoverlap,389d4ccb0588,0.488878188526394
synth_grid_d5_k6_medoverlap,e34ce5984b64,0.488878188526394
synth_grid_d5_k6_medoverlap,63470ebdd53e,0.488878188526394
synth_grid_d5_k6_medoverlap,46814f50e13d,0.488878188526394
synth_grid_d5_k6_medoverlap,e597041814f5,0.488878188526394
synth_grid_d5_k6_medoverlap,024a1a8c54d1,0.488878188526394
synth_grid_d5_k6_medoverlap,bdcde80d6dbb,0.488878188526394
synth_grid_d5_k6_medoverlap,95475ce56089,0.488878188526394
synth_grid_d5_k6_medoverlap,5009193136b4,0.488878188526394
synth_grid_d5_k6_medoverlap,955728329102,0.488878188526394
synth_grid_d5_k6_medoverlap,1f1b6dfa46dc,0.488878188526394
synth_grid_d5_k6_medoverlap,272f18e90bd4,0.35185890349736315
synth_grid_d5_k6_medoverlap,0cc00684cc3f,0.34192008141853836
synth_grid_d5_k6_medoverlap,7203310ff7ba,0.36761156298289377
synth_grid_d5_k6_medoverlap,a399ab5a112a,0.09783151107393671
synth_grid_d5_k6_medoverlap,4d00158c440c,0.07075160247446913
synth_grid_d5_k6_medoverlap,f028e3896d9e,0.07799930279249
synth_grid_d5_k6_medoverlap,bc0e2be21bfb,0.0792400359661693
synth_grid_d5_k6_medoverlap,ae16e9272ff8,0.35185890349736315
synth_grid_d5_k6_medoverlap,803c0d3403ff,0.34192008141853836
synth_grid_d5_k6_medoverlap,579a8bd776f9,0.36761156298289377
synth_grid_d5_k6_medoverlap,ccd2d07c7a4a,0.08220191087073292
synth_grid_d5_k6_medoverlap,92f60358ba37,0.08870630796193285
synth_grid_d5_k6_medoverlap,646357d2ae16,0.09558557964911073
synth_grid_d5_k6_medoverlap,5773d7049286,0.08791039300267797
synth_grid_d5_k6_medoverlap,a81f368f51bb,0.35185890349736315
synth_grid_d5_k6_medoverlap,70969dd2d720,0.34192008141853836
synth_grid_d5_k6_medoverlap,34b50b92b183,0.36761156298289377
synth_grid_d5_k6_medoverlap,48d260f98b0d,0.2659375849491124
synth_grid_d5_k6_medoverlap,1134a806601d,0.2045380965948123
synth_grid_d5_k6_medoverlap,0069693e350e,0.19564758179219735
synth_grid_d5_k6_medoverlap,2fa0af8799c8,0.13525170971091377
synth_imb_1_1_5_2d,76c89cda5ca5,0.12696192623597155
synth_imb_1_1_5_2d,23861655ac34,0.05058639330599951
synth_imb_1_1_5_2d,a042255d7a7d,0.012857515284085588
synth_imb_1_1_5_2d,47980bf71ea8,0.006774319284876659
synth_imb_1_1_5_2d,79d9b0fb5f02,0.006486579531817545
synth_imb_1_1_5_2d,e511e76239fe,0.012496114525448842
synth_imb_1_1_5_2d,7741c3e44852,0.020870258661069854
synth_imb_1_1_5_2d,b2d6bf5f391d,0.027633224654447265
synth_imb_1_1_5_2d,3964e1ccb548,0.12696192623597155
synth_imb_1_1_5_2d,4c077151b389,0.03352061681920134
synth_imb_1_1_5_2d,f292f2a1db5b,0.0052690264129251615
synth_imb_1_1_5_2d,a4dbad06fd4e,0.006399458566498012
synth_imb_1_1_5_2d,8eecd2798818,0.010428715416050996
synth_imb_1_1_5_2d,4d9c9acccd21,0.011279056056087582
synth_imb_1_1_5_2d,9381fbddb6c5,0.006444182648127276
synth_imb_1_1_5_2d,8ec393598948,0.12696192623597155
synth_imb_1_1_5_2d,77e145ffcc55,0.03352061681920134
synth_imb_1_1_5_2d,632568e85407,0.0044410250807790045
synth_imb_1_1_5_2d,fa9612cfa871,0.0058819452306508755
synth_imb_1_1_5_2d,3d72e70b09e3,0.009358556911471595
synth_imb_1_1_5_2d,45c510f16843,0.005435879478918065
synth_imb_1_1_5_2d,27a2752a569f,0.007483886408102009
synth_imb_1_1_5_2d,3a9260f9550f,0.02231105301969267
synth_imb_1_1_5_2d,0dfb18d06f3a,0.01533974975738753
synth_imb_1_1_5_2d,c104b3d67121,0.013561284346081994
synth_imb_1_1_5_2d,7f10ff06a55f,0.014937703630328775
synth_imb_1_1_5_2d,afb4fe7d2eaa,0.018229308177941106
synth_imb_1_1_5_2d,627cdef1f058,0.023411432726319112
synth_imb_1_1_5_2d,c5dfd3221b79,0.12696192623597155
synth_imb_1_1_5_2d,e3ae029f4d54,0.04163454841727055
synth_imb_1_1_5_2d,98d2a79e4c00,0.005427873242872226
synth_imb_1_1_5_2d,0481ef8f35a2,0.004496202662681128
synth_imb_1_1_5_2d,9a585386bc6d,0.013299721866794015
synth_imb_1_1_5_2d,971471268792,0.006205927463502709
synth_imb_1_1_5_2d,4ec824c366d4,0.0405137828502031
synth_imb_1_1_5_2d,4555573328fc,0.03513172841143013
synth_imb_1_1_5_2d,0f46e0814abc,0.0068434362233648315
synth_imb_1_1_5_2d,759f97a6695c,0.4345949992546354
synth_imb_1_1_5_2d,9cd81f07f9eb,0.06514810249700423
synth_imb_1_1_5_2d,bb5d6442dae0,0.07137326312130417
synth_imb_1_1_5_2d,c610648f3a0b,0.01462550668830188
synth_imb_1_1_5_2d,d9a6e957a479,0.4014769029951753
synth_imb_1_1_5_2d,e0981ae1c5a2,0.12696192623597155
synth_imb_1_1_5_2d,08e381bd46b1,0.12696192623597155
synth_imb_1_1_5_2d,f7183f4c1fed,0.13698218215347988
synth_imb_1_1_5_2d,7c2e8cd4a56d,0.04223865116399077
synth_imb_1_1_5_2d,07ebbef7de3c,
synth_imb_1_1_5_2d,db49059653de,
synth_imb_1_1_5_2d,19967cb83e78,
synth_imb_1_1_5_2d,158a0277ed3c,
synth_imb_1_1_5_2d,d0fba6f03c0f,
synth_imb_1_1_5_2d,f10f8ff36baa,
synth_imb_1_1_5_2d,672c637760be,
synth_imb_1_1_5_2d,0cd896f527d5,
synth_imb_1_1_5_2d,4887a0323e21,
synth_imb_1_1_5_2d,3d795ce47578,
synth_imb_1_1_5_2d,639f74dd0e43,
synth_imb_1_1_5_2d,9c3ccb4fd98f,
synth_imb_1_1_5_2d,5647bbf0428d,0.06514810249700423
synth_imb_1_1_5_2d,389d4ccb0588,0.13222445332818109
synth_imb_1_1_5_2d,e34ce5984b64,0.1324298762404102
synth_imb_1_1_5_2d,63470ebdd53e,0.12696192623597155
synth_imb_1_1_5_2d,46814f50e13d,0.13222445332818109
synth_imb_1_1_5_2d,e597041814f5,0.1324298762404102
synth_imb_1_1_5_2d,024a1a8c54d1,0.12696192623597155
synth_imb_1_1_5_2d,bdcde80d6dbb,0.13222445332818109
synth_imb_1_1_5_2d,95475ce56089,0.1324298762404102
synth_imb_1_1_5_2d,5009193136b4,0.12696192623597155
synth_imb_1_1_5_2d,955728329102,0.13222445332818109
synth_imb_1_1_5_2d,1f1b6dfa46dc,0.1324298762404102
synth_imb_1_1_5_2d,272f18e90bd4,0.12696192623597155
synth_imb_1_1_5_2d,0cc00684cc3f,0.04193770930804461
synth_imb_1_1_5_2d,7203310ff7ba,0.011333682003886885
synth_imb_1_1_5_2d,a399ab5a112a,0.016075709583859104
synth_imb_1_1_5_2d,4d00158c440c,0.020833417263992807
synth_imb_1_1_5_2d,f028e3896d9e,0.025660073709895165
synth_imb_1_1_5_2d,bc0e2be21bfb,0.031840554649506525
synth_imb_1_1_5_2d,ae16e9272ff8,0.00705266930148553
synth_imb_1_1_5_2d,803c0d3403ff,0.008118383891662839
synth_imb_1_1_5_2d,579a8bd776f9,0.010248485748423044
synth_imb_1_1_5_2d,ccd2d07c7a4a,0.011729246903132437
synth_imb_1_1_5_2d,92f60358ba37,0.02025142339064066
synth_imb_1_1_5_2d,646357d2ae16,0.023930220319271476
synth_imb_1_1_5_2d,5773d7049286,0.02885431155385947
synth_imb_1_1_5_2d,a81f368f51bb,0.038088642108690576
synth_imb_1_1_5_2d,70969dd2d720,0.04193770930804461
synth_imb_1_1_5_2d,34b50b92b183,0.05796197055615186
synth_imb_1_1_5_2d,48d260f98b0d,0.028335809101400697
synth_imb_1_1_5_2d,1134a806601d,0.02407795003139599
synth_imb_1_1_5_2d,0069693e350e,0.03365926412068211
synth_imb_1_1_5_2d,2fa0af8799c8,0.03598940959421027
synth_imb_extreme_5d,76c89cda5ca5,0.041043769892267594
synth_imb_extreme_5d,23861655ac34,0.12281766216974396
synth_imb_extreme_5d,a042255d7a7d,0.031220305689751413
synth_imb_extreme_5d,47980bf71ea8,0.043586199819788354
synth_imb_extreme_5d,79d9b0fb5f02,0.028483058226839622
synth_imb_extreme_5d,e511e76239fe,0.032049755541045284
synth_imb_extreme_5d,7741c3e44852,0.03911978173438618
synth_imb_extreme_5d,b2d6bf5f391d,0.03964836287223449
synth_imb_extreme_5d,3964e1ccb548,0.20968488298065593
synth_imb_extreme_5d,4c077151b389,0.24567285267844635
synth_imb_extreme_5d,f292f2a1db5b,0.023239965885698908
synth_imb_extreme_5d,a4dbad06fd4e,0.03778088753130404
synth_imb_extreme_5d,8eecd2798818,0.02197135219429334
synth_imb_extreme_5d,4d9c9acccd21,0.032049755541045284
synth_imb_extreme_5d,9381fbddb6c5,0.02688376043341589
synth_imb_extreme_5d,8ec393598948,0.20968488298065593
synth_imb_extreme_5d,77e145ffcc55,0.24567285267844635
synth_imb_extreme_5d,632568e85407,0.03354588213214482
synth_imb_extreme_5d,fa9612cfa871,0.02647243148907948
synth_imb_extreme_5d,3d72e70b09e3,0.043243291991974665
synth_imb_extreme_5d,45c510f16843,0.04847978432171155
synth_imb_extreme_5d,27a2752a569f,0.032049755541045284
synth_imb_extreme_5d,3a9260f9550f,0.4375376942249792
synth_imb_extreme_5d,0dfb18d06f3a,0.4082042633454539
synth_imb_extreme_5d,c104b3d67121,0.038234707444316646
synth_imb_extreme_5d,7f10ff06a55f,0.02687197027321221
synth_imb_extreme_5d,afb4fe7d2eaa,0.046652849563030604
synth_imb_extreme_5d,627cdef1f058,0.02805356475104537
synth_imb_extreme_5d,c5dfd3221b79,0.4375376942249792
synth_imb_extreme_5d,e3ae029f4d54,0.2070198396729936
synth_imb_extreme_5d,98d2a79e4c00,0.026790515288194715
synth_imb_extreme_5d,0481ef8f35a2,0.040940802605888976
synth_imb_extreme_5d,9a585386bc6d,0.032049755541045284
synth_imb_extreme_5d,971471268792,0.03857482410935684
synth_imb_extreme_5d,4ec824c366d4,
synth_imb_extreme_5d,4555573328fc,
synth_imb_extreme_5d,0f46e0814abc,
synth_imb_extreme_5d,759f97a6695c,
synth_imb_extreme_5d,9cd81f07f9eb,0.132512931256646
synth_imb_extreme_5d,bb5d6442dae0,0.07465956050569679
synth_imb_extreme_5d,c610648f3a0b,0.09309695239169459
synth_imb_extreme_5d,d9a6e957a479,
synth_imb_extreme_5d,e0981ae1c5a2,0.14883263655271256
synth_imb_extreme_5d,08e381bd46b1,0.09121053660670449
synth_imb_extreme_5d,f7183f4c1fed,0.5684412593566774
synth_imb_extreme_5d,7c2e8cd4a56d,0.6495139962523643
synth_imb_extreme_5d,07ebbef7de3c,0.3865061607145989
synth_imb_extreme_5d,db49059653de,0.3865061607145989
synth_imb_extreme_5d,19967cb83e78,0.3865061607145989
synth_imb_extreme_5d,158a0277ed3c,0.3865061607145989
synth_imb_extreme_5d,d0fba6f03c0f,0.4082042633454539
synth_imb_extreme_5d,f10f8ff36baa,0.4082042633454539
synth_imb_extreme_5d,672c637760be,0.4082042633454539
synth_imb_extreme_5d,0cd896f527d5,0.4082042633454539
synth_imb_extreme_5d,4887a0323e21,
synth_imb_extreme_5d,3d795ce47578,
synth_imb_extreme_5d,639f74dd0e43,
synth_imb_extreme_5d,9c3ccb4fd98f,
synth_imb_extreme_5d,5647bbf0428d,0.3865061607145989
synth_imb_extreme_5d,389d4ccb0588,0.3865061607145989
synth_imb_extreme_5d,e34ce5984b64,0.3865061607145989
synth_imb_extreme_5d,63470ebdd53e,0.3865061607145989
synth_imb_extreme_5d,46814f50e13d,0.3865061607145989
synth_imb_extreme_5d,e597041814f5,0.3865061607145989
synth_imb_extreme_5d,024a1a8c54d1,0.3865061607145989
synth_imb_extreme_5d,bdcde80d6dbb,0.3865061607145989
synth_imb_extreme_5d,95475ce56089,0.3865061607145989
synth_imb_extreme_5d,5009193136b4,0.3865061607145989
synth_imb_extreme_5d,955728329102,0.3865061607145989
synth_imb_extreme_5d,1f1b6dfa46dc,0.3865061607145989
synth_imb_extreme_5d,272f18e90bd4,0.2070198396729936
synth_imb_extreme_5d,0cc00684cc3f,0.24567285267844635
synth_imb_extreme_5d,7203310ff7ba,0.05259770947051326
synth_imb_extreme_5d,a399ab5a112a,0.058620796300983796
synth_imb_extreme_5d,4d00158c440c,0.061345136967826196
synth_imb_extreme_5d,f028e3896d9e,0.061345136967826196
synth_imb_extreme_5d,bc0e2be21bfb,0.061345136967826196
synth_imb_extreme_5d,ae16e9272ff8,0.4375376942249792
synth_imb_extreme_5d,803c0d3403ff,0.4082042633454539
synth_imb_extreme_5d,579a8bd776f9,0.04487709932312059
synth_imb_extreme_5d,ccd2d07c7a4a,0.055961845250896626
synth_imb_extreme_5d,92f60358ba37,0.06097048414773037
synth_imb_extreme_5d,646357d2ae16,0.07380298083189663
synth_imb_extreme_5d,5773d7049286,0.08048891736480245
synth_imb_extreme_5d,a81f368f51bb,0.4375376942249792
synth_imb_extreme_5d,70969dd2d720,0.4082042633454539
synth_imb_extreme_5d,34b50b92b183,0.1855233281071325
synth_imb_extreme_5d,48d260f98b0d,0.13391501921043097
synth_imb_extreme_5d,1134a806601d,0.08334990734960798
synth_imb_extreme_5d,0069693e350e,0.08334990734960798
synth_imb_extreme_5d,2fa0af8799c8,0.08334990734960798
synth_imb_extreme_d15,76c89cda5ca5,0.3470727393167418
synth_imb_extreme_d15,23861655ac34,0.44841941635169913
synth_imb_extreme_d15,a042255d7a7d,0.1894605005361555
synth_imb_extreme_d15,47980bf71ea8,0.1885834143983065
synth_imb_extreme_d15,79d9b0fb5f02,0.17606516370187533
synth_imb_extreme_d15,e511e76239fe,0.17606516370187533
synth_imb_extreme_d15,7741c3e44852,0.17537624401213142
synth_imb_extreme_d15,b2d6bf5f391d,0.15523663440568658
synth_imb_extreme_d15,3964e1ccb548,0.3470727393167418
synth_imb_extreme_d15,4c077151b389,0.44841941635169913
synth_imb_extreme_d15,f292f2a1db5b,0.1848573999384908
synth_imb_extreme_d15,a4dbad06fd4e,0.16857813224567283
synth_imb_extreme_d15,8eecd2798818,0.1834661347821013
synth_imb_extreme_d15,4d9c9acccd21,0.13607868480146795
synth_imb_extreme_d15,9381fbddb6c5,0.17283651518789034
synth_imb_extreme_d15,8ec393598948,0.3470727393167418
synth_imb_extreme_d15,77e145ffcc55,0.44841941635169913
synth_imb_extreme_d15,632568e85407,0.18127335290393798
synth_imb_extreme_d15,fa9612cfa871,0.1834661347821013
synth_imb_extreme_d15,3d72e70b09e3,0.1885834143983065
synth_imb_extreme_d15,45c510f16843,0.1871145601391089
synth_imb_extreme_d15,27a2752a569f,0.1834661347821013
synth_imb_extreme_d15,4ec824c366d4,
synth_imb_extreme_d15,4555573328fc,
synth_imb_extreme_d15,0f46e0814abc,
synth_imb_extreme_d15,759f97a6695c,
synth_imb_extreme_d15,9cd81f07f9eb,
synth_imb_extreme_d15,bb5d6442dae0,
synth_imb_extreme_d15,c610648f3a0b,
synth_imb_extreme_d15,d9a6e957a479,
synth_imb_extreme_d15,e0981ae1c5a2,
synth_imb_extreme_d15,08e381bd46b1,
synth_imb_extreme_d15,f7183f4c1fed,
synth_imb_extreme_d15,7c2e8cd4a56d,
synth_imb_extreme_d15,07ebbef7de3c,
synth_imb_extreme_d15,db49059653de,
synth_imb_extreme_d15,19967cb83e78,
synth_imb_extreme_d15,158a0277ed3c,
synth_imb_extreme_d15,d0fba6f03c0f,0.33650732602883054
synth_imb_extreme_d15,f10f8ff36baa,0.3288296737142264
synth_imb_extreme_d15,672c637760be,
synth_imb_extreme_d15,0cd896f527d5,
synth_imb_extreme_d15,4887a0323e21,0.7788768562474586
synth_imb_extreme_d15,3d795ce47578,0.7788768562474586
synth_imb_extreme_d15,639f74dd0e43,0.7788768562474586
synth_imb_extreme_d15,9c3ccb4fd98f,0.7788768562474586
synth_imb_extreme_d15,5647bbf0428d,0.7788768562474586
synth_imb_extreme_d15,389d4ccb0588,0.7788768562474586
synth_imb_extreme_d15,e34ce5984b64,0.7788768562474586
synth_imb_extreme_d15,63470ebdd53e,0.7788768562474586
synth_imb_extreme_d15,46814f50e13d,0.7788768562474586
synth_imb_extreme_d15,e597041814f5,0.7788768562474586
synth_imb_extreme_d15,024a1a8c54d1,0.7788768562474586
synth_imb_extreme_d15,bdcde80d6dbb,0.7788768562474586
synth_imb_extreme_d15,95475ce56089,0.7788768562474586
synth_imb_extreme_d15,5009193136b4,0.7788768562474586
synth_imb_extreme_d15,955728329102,0.7788768562474586
synth_imb_extreme_d15,1f1b6dfa46dc,0.7788768562474586
synth_imb_extreme_d15,272f18e90bd4,0.3470727393167418
synth_imb_extreme_d15,0cc00684cc3f,0.44841941635169913
synth_imb_extreme_d15,7203310ff7ba,0.19420761847934753
synth_imb_extreme_d15,a399ab5a112a,0.2071198351242175
synth_imb_extreme_d15,4d00158c440c,0.2071198351242175
synth_imb_extreme_d15,f028e3896d9e,0.2071198351242175
synth_imb_extreme_d15,bc0e2be21bfb,0.2071198351242175
synth_imb_extreme_d15,ae16e9272ff8,0.5896014366222627
synth_imb_extreme_d15,803c0d3403ff,0.5139298102246435
synth_imb_extreme_d15,579a8bd776f9,0.2040806375783177
synth_imb_extreme_d15,ccd2d07c7a4a,0.21120734561194315
synth_imb_extreme_d15,92f60358ba37,0.2332848753162593
synth_imb_extreme_d15,646357d2ae16,0.23920900578873244
synth_imb_extreme_d15,5773d7049286,0.2520183895471417
synth_imb_extreme_d15,a81f368f51bb,0.5896014366222627
synth_imb_extreme_d15,70969dd2d720,0.5139298102246435
synth_imb_extreme_d15,34b50b92b183,0.5642494161218448
synth_imb_extreme_d15,48d260f98b0d,0.37234816570650897
synth_imb_extreme_d15,1134a806601d,0.31453219058595727
synth_imb_extreme_d15,0069693e350e,0.28554196831469175
synth_imb_extreme_d15,2fa0af8799c8,0.25039809239891
synth_imb_extreme_d5,76c89cda5ca5,0.30156410289691693
synth_imb_extreme_d5,23861655ac34,0.44900665036948895
synth_imb_extreme_d5,a042255d7a7d,0.03478260890938312
synth_imb_extreme_d5,47980bf71ea8,0.04426239632313384
synth_imb_extreme_d5,79d9b0fb5f02,0.04426239632313384
synth_imb_extreme_d5,e511e76239fe,0.0471213886703592
synth_imb_extreme_d5,7741c3e44852,0.035716829753654034
synth_imb_extreme_d5,b2d6bf5f391d,0.05609707954719048
synth_imb_extreme_d5,3964e1ccb548,0.30156410289691693
synth_imb_extreme_d5,4c077151b389,0.015157924885003001
synth_imb_extreme_d5,f292f2a1db5b,0.03293064214801935
synth_imb_extreme_d5,a4dbad06fd4e,0.042747821778812554
synth_imb_extreme_d5,8eecd2798818,0.04003026858724573
synth_imb_extreme_d5,4d9c9acccd21,0.029271049811308444
synth_imb_extreme_d5,9381fbddb6c5,0.03188138680943948
synth_imb_extreme_d5,8ec393598948,0.30156410289691693
synth_imb_extreme_d5,77e145ffcc55,0.019578660293260903
synth_imb_extreme_d5,632568e85407,0.0322001535204546
synth_imb_extreme_d5,fa9612cfa871,0.04902214988564944
synth_imb_extreme_d5,3d72e70b09e3,0.04121544420656472
synth_imb_extreme_d5,45c510f16843,0.035499439218326025
synth_imb_extreme_d5,27a2752a569f,0.02903479238382287
synth_imb_extreme_d5,4ec824c366d4,
synth_imb_extreme_d5,4555573328fc,
synth_imb_extreme_d5,0f46e0814abc,
synth_imb_extreme_d5,759f97a6695c,
synth_imb_extreme_d5,9cd81f07f9eb,0.41500072831941764
synth_imb_extreme_d5,bb5d6442dae0,2.5152182674525956
synth_imb_extreme_d5,c610648f3a0b,
synth_imb_extreme_d5,d9a6e957a479,
synth_imb_extreme_d5,e0981ae1c5a2,0.1489425167430664
synth_imb_extreme_d5,08e381bd46b1,0.1224762603388712
synth_imb_extreme_d5,f7183f4c1fed,0.084277448253437
synth_imb_extreme_d5,7c2e8cd4a56d,
synth_imb_extreme_d5,07ebbef7de3c,0.19295464012469557
synth_imb_extreme_d5,db49059653de,0.467417673397525
synth_imb_extreme_d5,19967cb83e78,0.5457893426206649
synth_imb_extreme_d5,158a0277ed3c,
synth_imb_extreme_d5,d0fba6f03c0f,0.44900665036948895
synth_imb_extreme_d5,f10f8ff36baa,0.44900665036948895
synth_imb_extreme_d5,672c637760be,0.44900665036948895
synth_imb_extreme_d5,0cd896f527d5,0.4799839725551698
synth_imb_extreme_d5,4887a0323e21,
synth_imb_extreme_d5,3d795ce47578,
synth_imb_extreme_d5,639f74dd0e43,
synth_imb_extreme_d5,9c3ccb4fd98f,
synth_imb_extreme_d5,5647bbf0428d,0.28452354426276705
synth_imb_extreme_d5,389d4ccb0588,0.44900665036948895
synth_imb_extreme_d5,e34ce5984b64,0.44900665036948895
synth_imb_extreme_d5,63470ebdd53e,0.28452354426276705
synth_imb_extreme_d5,46814f50e13d,0.44900665036948895
synth_imb_extreme_d5,e597041814f5,0.44900665036948895
synth_imb_extreme_d5,024a1a8c54d1,0.44900665036948895
synth_imb_extreme_d5,bdcde80d6dbb,0.44900665036948895
synth_imb_extreme_d5,95475ce56089,0.44900665036948895
synth_imb_extreme_d5,5009193136b4,0.44900665036948895
synth_imb_extreme_d5,955728329102,0.44900665036948895
synth_imb_extreme_d5,1f1b6dfa46dc,0.44900665036948895
synth_imb_extreme_d5,272f18e90bd4,0.30156410289691693
synth_imb_extreme_d5,0cc00684cc3f,0.44900665036948895
synth_imb_extreme_d5,7203310ff7ba,0.04744354838871037
synth_imb_extreme_d5,a399ab5a112a,0.061587270055620306
synth_imb_extreme_d5,4d00158c440c,0.061587270055620306
synth_imb_extreme_d5,f028e3896d9e,0.06158727005562032
synth_imb_extreme_d5,bc0e2be21bfb,0.06707950660594604
synth_imb_extreme_d5,ae16e9272ff8,0.32316846338265776
synth_imb_extreme_d5,803c0d3403ff,0.44900665036948895
synth_imb_extreme_d5,579a8bd776f9,0.051212019775982755
synth_imb_extreme_d5,ccd2d07c7a4a,0.05789780825215109
synth_imb_extreme_d5,92f60358ba37,0.06357948108784897
synth_imb_extreme_d5,646357d2ae16,0.06981512930707763
synth_imb_extreme_d5,5773d7049286,0.07839994762981291
synth_imb_extreme_d5,a81f368f51bb,0.32316846338265776
synth_imb_extreme_d5,70969dd2d720,0.44900665036948895
synth_imb_extreme_d5,34b50b92b183,0.28452354426276705
synth_imb_extreme_d5,48d260f98b0d,0.17455381053852692
synth_imb_extreme_d5,1134a806601d,0.09522525243175221
synth_imb_extreme_d5,0069693e350e,0.10345286500620979
synth_imb_extreme_d5,2fa0af8799c8,0.07638712253549519
synth_imb_many_small_3d,76c89cda5ca5,0.277976455595445
synth_imb_many_small_3d,23861655ac34,0.504913455010189
synth_imb_many_small_3d,a042255d7a7d,0.018630389004743737
synth_imb_many_small_3d,47980bf71ea8,0.022093670906458023
synth_imb_many_small_3d,79d9b0fb5f02,0.024866652590063737
synth_imb_many_small_3d,e511e76239fe,0.01705268270927565
synth_imb_many_small_3d,7741c3e44852,0.022691403817092958
synth_imb_many_small_3d,b2d6bf5f391d,0.02657544485546753
synth_imb_many_small_3d,3964e1ccb548,0.277976455595445
synth_imb_many_small_3d,4c077151b389,0.504913455010189
synth_imb_many_small_3d,f292f2a1db5b,0.008030561162722482
synth_imb_many_small_3d,a4dbad06fd4e,0.02957869598064038
synth_imb_many_small_3d,8eecd2798818,0.02247043149556997
synth_imb_many_small_3d,4d9c9acccd21,0.02557992191137713
synth_imb_many_small_3d,9381fbddb6c5,0.015177314579107398
synth_imb_many_small_3d,8ec393598948,0.277976455595445
synth_imb_many_small_3d,77e145ffcc55,0.504913455010189
synth_imb_many_small_3d,632568e85407,0.008030561162722482
synth_imb_many_small_3d,fa9612cfa871,0.021330577891507004
synth_imb_many_small_3d,3d72e70b09e3,0.015054832221484566
synth_imb_many_small_3d,45c510f16843,0.021522331747345767
synth_imb_many_small_3d,27a2752a569f,0.03605428509255053
synth_imb_many_small_3d,3a9260f9550f,0.39583476135484325
synth_imb_many_small_3d,0dfb18d06f3a,0.504913455010189
synth_imb_many_small_3d,c104b3d67121,0.12190877754132654
synth_imb_many_small_3d,7f10ff06a55f,0.06092703967980706
synth_imb_many_small_3d,afb4fe7d2eaa,0.056701818524691125
synth_imb_many_small_3d,627cdef1f058,0.02064205341147316
synth_imb_many_small_3d,c5dfd3221b79,0.34176134075245973
synth_imb_many_small_3d,e3ae029f4d54,0.11552633087272726
synth_imb_many_small_3d,98d2a79e4c00,0.010495817796423544
synth_imb_many_small_3d,0481ef8f35a2,0.022093670906458023
synth_imb_many_small_3d,9a585386bc6d,0.012125120942833488
synth_imb_many_small_3d,971471268792,0.015950958980145268
synth_imb_many_small_3d,4ec824c366d4,0.2402198284800505
synth_imb_many_small_3d,4555573328fc,0.3578512558246349
synth_imb_many_small_3d,0f46e0814abc,
synth_imb_many_small_3d,759f97a6695c,
synth_imb_many_small_3d,9cd81f07f9eb,0.12691346035233142
synth_imb_many_small_3d,bb5d6442dae0,0.13093351545249018
synth_imb_many_small_3d,c610648f3a0b,
synth_imb_many_small_3d,d9a6e957a479,
synth_imb_many_small_3d,e0981ae1c5a2,0.423642689140071
synth_imb_many_small_3d,08e381bd46b1,0.423642689140071
synth_imb_many_small_3d,f7183f4c1fed,0.45199751506085195
synth_imb_many_small_3d,7c2e8cd4a56d,
synth_imb_many_small_3d,07ebbef7de3c,0.504913455010189
synth_imb_many_small_3d,db49059653de,0.504913455010189
synth_imb_many_small_3d,19967cb83e78,0.504913455010189
synth_imb_many_small_3d,158a0277ed3c,0.2587984783740007
synth_imb_many_small_3d,d0fba6f03c0f,0.504913455010189
synth_imb_many_small_3d,f10f8ff36baa,0.504913455010189
synth_imb_many_small_3d,672c637760be,0.504913455010189
synth_imb_many_small_3d,0cd896f527d5,0.504913455010189
synth_imb_many_small_3d,4887a0323e21,
synth_imb_many_small_3d,3d795ce47578,
synth_imb_many_small_3d,639f74dd0e43,
synth_imb_many_small_3d,9c3ccb4fd98f,
synth_imb_many_small_3d,5647bbf0428d,0.2587984783740007
synth_imb_many_small_3d,389d4ccb0588,0.18069702572782223
synth_imb_many_small_3d,e34ce5984b64,0.504913455010189
synth_imb_many_small_3d,63470ebdd53e,0.2587984783740007
synth_imb_many_small_3d,46814f50e13d,0.504913455010189
synth_imb_many_small_3d,e597041814f5,0.504913455010189
synth_imb_many_small_3d,024a1a8c54d1,0.2587984783740007
synth_imb_many_small_3d,bdcde80d6dbb,0.504913455010189
synth_imb_many_small_3d,95475ce56089,0.504913455010189
synth_imb_many_small_3d,5009193136b4,0.504913455010189
synth_imb_many_small_3d,955728329102,0.504913455010189
synth_imb_many_small_3d,1f1b6dfa46dc,0.504913455010189
synth_imb_many_small_3d,272f18e90bd4,0.277976455595445
synth_imb_many_small_3d,0cc00684cc3f,0.504913455010189
synth_imb_many_small_3d,7203310ff7ba,0.034069933705572375
synth_imb_many_small_3d,a399ab5a112a,0.034069933705572375
synth_imb_many_small_3d,4d00158c440c,0.034069933705572375
synth_imb_many_small_3d,f028e3896d9e,0.04264618093103892
synth_imb_many_small_3d,bc0e2be21bfb,0.04264618093103892
synth_imb_many_small_3d,ae16e9272ff8,0.39583476135484325
synth_imb_many_small_3d,803c0d3403ff,0.504913455010189
synth_imb_many_small_3d,579a8bd776f9,0.020276610731003765
synth_imb_many_small_3d,ccd2d07c7a4a,0.023203671098258386
synth_imb_many_small_3d,92f60358ba37,0.02707321384290301
synth_imb_many_small_3d,646357d2ae16,0.03189705761814452
synth_imb_many_small_3d,5773d7049286,0.03568369752922296
synth_imb_many_small_3d,a81f368f51bb,0.39583476135484325
synth_imb_many_small_3d,70969dd2d720,0.504913455010189
synth_imb_many_small_3d,34b50b92b183,0.13083136235375425
synth_imb_many_small_3d,48d260f98b0d,0.12949839889531425
synth_imb_many_small_3d,1134a806601d,0.14223404056932681
synth_imb_many_small_3d,0069693e350e,0.0766791628766971
synth_imb_many_small_3d,2fa0af8799c8,0.08260990907995945
synth_imb_many_small_d15,76c89cda5ca5,0.3603366404971096
synth_imb_many_small_d15,23861655ac34,0.3603366404971096
synth_imb_many_small_d15,a042255d7a7d,0.5889051901478726
synth_imb_many_small_d15,47980bf71ea8,0.19206642367548457
synth_imb_many_small_d15,79d9b0fb5f02,0.1539297629675917
synth_imb_many_small_d15,e511e76239fe,0.20898210084225222
synth_imb_many_small_d15,7741c3e44852,0.15078365137225178
synth_imb_many_small_d15,b2d6bf5f391d,0.1539297629675917
synth_imb_many_small_d15,3964e1ccb548,0.4634188708402528
synth_imb_many_small_d15,4c077151b389,0.4076136139116066
synth_imb_many_small_d15,f292f2a1db5b,0.09174551074944425
synth_imb_many_small_d15,a4dbad06fd4e,0.1677635798227247
synth_imb_many_small_d15,8eecd2798818,0.19062820165860386
synth_imb_many_small_d15,4d9c9acccd21,0.18754998922513025
synth_imb_many_small_d15,9381fbddb6c5,0.19557590835863672
synth_imb_many_small_d15,8ec393598948,0.4634188708402528
synth_imb_many_small_d15,77e145ffcc55,0.3603366404971096
synth_imb_many_small_d15,632568e85407,0.06722563007632364
synth_imb_many_small_d15,fa9612cfa871,0.17581357000026396
synth_imb_many_small_d15,3d72e70b09e3,0.18828386763028618
synth_imb_many_small_d15,45c510f16843,0.18750677962113096
synth_imb_many_small_d15,27a2752a569f,0.19121431312517992
synth_imb_many_small_d15,4ec824c366d4,
synth_imb_many_small_d15,4555573328fc,
synth_imb_many_small_d15,0f46e0814abc,
synth_imb_many_small_d15,759f97a6695c,
synth_imb_many_small_d15,9cd81f07f9eb,
synth_imb_many_small_d15,bb5d6442dae0,
synth_imb_many_small_d15,c610648f3a0b,
synth_imb_many_small_d15,d9a6e957a479,
synth_imb_many_small_d15,e0981ae1c5a2,
synth_imb_many_small_d15,08e381bd46b1,
synth_imb_many_small_d15,f7183f4c1fed,
synth_imb_many_small_d15,7c2e8cd4a56d,
synth_imb_many_small_d15,07ebbef7de3c,
synth_imb_many_small_d15,db49059653de,
synth_imb_many_small_d15,19967cb83e78,
synth_imb_many_small_d15,158a0277ed3c,
synth_imb_many_small_d15,d0fba6f03c0f,0.34593673454299545
synth_imb_many_small_d15,f10f8ff36baa,1.2681737041586232
synth_imb_many_small_d15,672c637760be,
synth_imb_many_small_d15,0cd896f527d5,
synth_imb_many_small_d15,4887a0323e21,0.5889051901478726
synth_imb_many_small_d15,3d795ce47578,0.5889051901478726
synth_imb_many_small_d15,639f74dd0e43,0.5889051901478726
synth_imb_many_small_d15,9c3ccb4fd98f,0.5889051901478726
synth_imb_many_small_d15,5647bbf0428d,0.7703677750879188
synth_imb_many_small_d15,389d4ccb0588,0.7703677750879188
synth_imb_many_small_d15,e34ce5984b64,0.7703677750879188
synth_imb_many_small_d15,63470ebdd53e,0.7703677750879188
synth_imb_many_small_d15,46814f50e13d,0.7703677750879188
synth_imb_many_small_d15,e597041814f5,0.7703677750879188
synth_imb_many_small_d15,024a1a8c54d1,0.7703677750879188
synth_imb_many_small_d15,bdcde80d6dbb,0.7703677750879188
synth_imb_many_small_d15,95475ce56089,0.7703677750879188
synth_imb_many_small_d15,5009193136b4,0.5889051901478726
synth_imb_many_small_d15,955728329102,0.5889051901478726
synth_imb_many_small_d15,1f1b6dfa46dc,0.5889051901478726
synth_imb_many_small_d15,272f18e90bd4,0.32723176952591687
synth_imb_many_small_d15,0cc00684cc3f,0.3603366404971096
synth_imb_many_small_d15,7203310ff7ba,0.5889051901478726
synth_imb_many_small_d15,a399ab5a112a,0.2091055411298344
synth_imb_many_small_d15,4d00158c440c,0.21717634761120405
synth_imb_many_small_d15,f028e3896d9e,0.23191794333340546
synth_imb_many_small_d15,bc0e2be21bfb,0.23635196681326157
synth_imb_many_small_d15,ae16e9272ff8,0.4634188708402528
synth_imb_many_small_d15,803c0d3403ff,0.5074739372112573
synth_imb_many_small_d15,579a8bd776f9,0.5889051901478726
synth_imb_many_small_d15,ccd2d07c7a4a,0.21206879293681644
synth_imb_many_small_d15,92f60358ba37,0.21997603477613656
synth_imb_many_small_d15,646357d2ae16,0.2372775900734221
synth_imb_many_small_d15,5773d7049286,0.2496821523634082
synth_imb_many_small_d15,a81f368f51bb,0.4634188708402528
synth_imb_many_small_d15,70969dd2d720,0.5242204635016757
synth_imb_many_small_d15,34b50b92b183,0.5889051901478726
synth_imb_many_small_d15,48d260f98b0d,0.30208385198428905
synth_imb_many_small_d15,1134a806601d,0.30208385198428905
synth_imb_many_small_d15,0069693e350e,0.28937331824027557
synth_imb_many_small_d15,2fa0af8799c8,0.26842694441579534
synth_imb_many_small_d5,76c89cda5ca5,0.318790352269305
synth_imb_many_small_d5,23861655ac34,0.33771944189998243
synth_imb_many_small_d5,a042255d7a7d,0.34240637193560114
synth_imb_many_small_d5,47980bf71ea8,0.056074579008334895
synth_imb_many_small_d5,79d9b0fb5f02,0.049661879678268454
synth_imb_many_small_d5,e511e76239fe,0.0589827645434874
synth_imb_many_small_d5,7741c3e44852,0.049661879678268454
synth_imb_many_small_d5,b2d6bf5f391d,0.03576142150122888
synth_imb_many_small_d5,3964e1ccb548,0.318790352269305
synth_imb_many_small_d5,4c077151b389,0.33771944189998243
synth_imb_many_small_d5,f292f2a1db5b,0.0335927116409072
synth_imb_many_small_d5,a4dbad06fd4e,0.04019153123103001
synth_imb_many_small_d5,8eecd2798818,0.049087335172766096
synth_imb_many_small_d5,4d9c9acccd21,0.05400394588759034
synth_imb_many_small_d5,9381fbddb6c5,0.03899205193501894
synth_imb_many_small_d5,8ec393598948,0.318790352269305
synth_imb_many_small_d5,77e145ffcc55,0.33771944189998243
synth_imb_many_small_d5,632568e85407,0.0420553483614595
synth_imb_many_small_d5,fa9612cfa871,0.03911799209912653
synth_imb_many_small_d5,3d72e70b09e3,0.05299361039992955
synth_imb_many_small_d5,45c510f16843,0.05066608556608654
synth_imb_many_small_d5,27a2752a569f,0.04971402532823113
synth_imb_many_small_d5,4ec824c366d4,
synth_imb_many_small_d5,4555573328fc,
synth_imb_many_small_d5,0f46e0814abc,
synth_imb_many_small_d5,759f97a6695c,
synth_imb_many_small_d5,9cd81f07f9eb,0.15367064997662985
synth_imb_many_small_d5,bb5d6442dae0,0.129088696809214
synth_imb_many_small_d5,c610648f3a0b,0.229049996558739
synth_imb_many_small_d5,d9a6e957a479,
synth_imb_many_small_d5,e0981ae1c5a2,0.18572739855689452
synth_imb_many_small_d5,08e381bd46b1,1.196510813566519
synth_imb_many_small_d5,f7183f4c1fed,
synth_imb_many_small_d5,7c2e8cd4a56d,
synth_imb_many_small_d5,07ebbef7de3c,0.4566839163551886
synth_imb_many_small_d5,db49059653de,0.4566839163551886
synth_imb_many_small_d5,19967cb83e78,0.4566839163551886
synth_imb_many_small_d5,158a0277ed3c,0.4566839163551886
synth_imb_many_small_d5,d0fba6f03c0f,0.5806377703355692
synth_imb_many_small_d5,f10f8ff36baa,0.5806377703355692
synth_imb_many_small_d5,672c637760be,0.5806377703355692
synth_imb_many_small_d5,0cd896f527d5,0.5806377703355692
synth_imb_many_small_d5,4887a0323e21,
synth_imb_many_small_d5,3d795ce47578,
synth_imb_many_small_d5,639f74dd0e43,
synth_imb_many_small_d5,9c3ccb4fd98f,
synth_imb_many_small_d5,5647bbf0428d,0.4566839163551886
synth_imb_many_small_d5,389d4ccb0588,0.4566839163551886
synth_imb_many_small_d5,e34ce5984b64,0.4566839163551886
synth_imb_many_small_d5,63470ebdd53e,0.4566839163551886
synth_imb_many_small_d5,46814f50e13d,0.4566839163551886
synth_imb_many_small_d5,e597041814f5,0.34240637193560114
synth_imb_many_small_d5,024a1a8c54d1,0.4566839163551886
synth_imb_many_small_d5,bdcde80d6dbb,0.4566839163551886
synth_imb_many_small_d5,95475ce56089,0.5806377703355692
synth_imb_many_small_d5,5009193136b4,0.33771944189998243
synth_imb_many_small_d5,955728329102,0.33771944189998243
synth_imb_many_small_d5,1f1b6dfa46dc,0.33771944189998243
synth_imb_many_small_d5,272f18e90bd4,0.318790352269305
synth_imb_many_small_d5,0cc00684cc3f,0.33771944189998243
synth_imb_many_small_d5,7203310ff7ba,0.34240637193560114
synth_imb_many_small_d5,a399ab5a112a,0.066910102964013
synth_imb_many_small_d5,4d00158c440c,0.07361795811545847
synth_imb_many_small_d5,f028e3896d9e,0.07736454037605693
synth_imb_many_small_d5,bc0e2be21bfb,0.07736454037605693
synth_imb_many_small_d5,ae16e9272ff8,0.3226529606490561
synth_imb_many_small_d5,803c0d3403ff,0.39714404376856766
synth_imb_many_small_d5,579a8bd776f9,0.34240637193560114
synth_imb_many_small_d5,ccd2d07c7a4a,0.0644918298474849
synth_imb_many_small_d5,92f60358ba37,0.07677579465566231
synth_imb_many_small_d5,646357d2ae16,0.08830567251135049
synth_imb_many_small_d5,5773d7049286,0.0940968802837029
synth_imb_many_small_d5,a81f368f51bb,0.31253403615831893
synth_imb_many_small_d5,70969dd2d720,0.39714404376856766
synth_imb_many_small_d5,34b50b92b183,0.34240637193560114
synth_imb_many_small_d5,48d260f98b0d,0.2566170567317716
synth_imb_many_small_d5,1134a806601d,0.1915299000939519
synth_imb_many_small_d5,0069693e350e,0.11379692321406125
synth_imb_many_small_d5,2fa0af8799c8,0.12185300427979055
synth_imb_mild_d15,76c89cda5ca5,0.37955778111186095
synth_imb_mild_d15,23861655ac34,0.5469256649691993
synth_imb_mild_d15,a042255d7a7d,0.1345367502999212
synth_imb_mild_d15,47980bf71ea8,0.12988767052998287
synth_imb_mild_d15,79d9b0fb5f02,0.17241004758625408
synth_imb_mild_d15,e511e76239fe,0.20148169307466923
synth_imb_mild_d15,7741c3e44852,0.1869596726032517
synth_imb_mild_d15,b2d6bf5f391d,0.20656463982211345
synth_imb_mild_d15,3964e1ccb548,0.49623303355676074
synth_imb_mild_d15,4c077151b389,0.5469256649691993
synth_imb_mild_d15,f292f2a1db5b,0.10172625867102549
synth_imb_mild_d15,a4dbad06fd4e,0.11720713970860776
synth_imb_mild_d15,8eecd2798818,0.16794064572850903
synth_imb_mild_d15,4d9c9acccd21,0.13998701457965498
synth_imb_mild_d15,9381fbddb6c5,0.11903640112263758
synth_imb_mild_d15,8ec393598948,0.49623303355676074
synth_imb_mild_d15,77e145ffcc55,0.5469256649691993
synth_imb_mild_d15,632568e85407,0.14103517858775227
synth_imb_mild_d15,fa9612cfa871,0.1345367502999212
synth_imb_mild_d15,3d72e70b09e3,0.1093285613835969
synth_imb_mild_d15,45c510f16843,0.12240831022419654
synth_imb_mild_d15,27a2752a569f,0.1070307808616909
synth_imb_mild_d15,4ec824c366d4,
synth_imb_mild_d15,4555573328fc,
synth_imb_mild_d15,0f46e0814abc,
synth_imb_mild_d15,759f97a6695c,
synth_imb_mild_d15,9cd81f07f9eb,
synth_imb_mild_d15,bb5d6442dae0,
synth_imb_mild_d15,c610648f3a0b,
synth_imb_mild_d15,d9a6e957a479,
synth_imb_mild_d15,e0981ae1c5a2,
synth_imb_mild_d15,08e381bd46b1,
synth_imb_mild_d15,f7183f4c1fed,
synth_imb_mild_d15,7c2e8cd4a56d,
synth_imb_mild_d15,07ebbef7de3c,0.5271295449649844
synth_imb_mild_d15,db49059653de,
synth_imb_mild_d15,19967cb83e78,
synth_imb_mild_d15,158a0277ed3c,
synth_imb_mild_d15,d0fba6f03c0f,0.5469256649691993
synth_imb_mild_d15,f10f8ff36baa,0.5469256649691993
synth_imb_mild_d15,672c637760be,0.556006713045672
synth_imb_mild_d15,0cd896f527d5,0.556006713045672
synth_imb_mild_d15,4887a0323e21,
synth_imb_mild_d15,3d795ce47578,
synth_imb_mild_d15,639f74dd0e43,
synth_imb_mild_d15,9c3ccb4fd98f,
synth_imb_mild_d15,5647bbf0428d,0.5469256649691993
synth_imb_mild_d15,389d4ccb0588,0.5469256649691993
synth_imb_mild_d15,e34ce5984b64,0.5469256649691993
synth_imb_mild_d15,63470ebdd53e,0.5469256649691993
synth_imb_mild_d15,46814f50e13d,0.5469256649691993
synth_imb_mild_d15,e597041814f5,0.5469256649691993
synth_imb_mild_d15,024a1a8c54d1,0.5469256649691993
synth_imb_mild_d15,bdcde80d6dbb,0.5469256649691993
synth_imb_mild_d15,95475ce56089,0.5469256649691993
synth_imb_mild_d15,5009193136b4,0.5469256649691993
synth_imb_mild_d15,955728329102,0.5469256649691993
synth_imb_mild_d15,1f1b6dfa46dc,0.5469256649691993
synth_imb_mild_d15,272f18e90bd4,0.37955778111186095
synth_imb_mild_d15,0cc00684cc3f,0.5469256649691993
synth_imb_mild_d15,7203310ff7ba,0.14351890184546617
synth_imb_mild_d15,a399ab5a112a,0.1682740202388603
synth_imb_mild_d15,4d00158c440c,0.17013742397596257
synth_imb_mild_d15,f028e3896d9e,0.19248468425035653
synth_imb_mild_d15,bc0e2be21bfb,0.19268906238991346
synth_imb_mild_d15,ae16e9272ff8,0.49623303355676074
synth_imb_mild_d15,803c0d3403ff,0.5469256649691993
synth_imb_mild_d15,579a8bd776f9,0.15731514157531273
synth_imb_mild_d15,ccd2d07c7a4a,0.1892447066295992
synth_imb_mild_d15,92f60358ba37,0.1966988582201051
synth_imb_mild_d15,646357d2ae16,0.21533458953300658
synth_imb_mild_d15,5773d7049286,0.230585407510442
synth_imb_mild_d15,a81f368f51bb,0.49623303355676074
synth_imb_mild_d15,70969dd2d720,0.5469256649691993
synth_imb_mild_d15,34b50b92b183,0.3238962606921245
synth_imb_mild_d15,48d260f98b0d,0.26857074669328307
synth_imb_mild_d15,1134a806601d,0.23941556077471363
synth_imb_mild_d15,0069693e350e,0.2119035541723925
synth_imb_mild_d15,2fa0af8799c8,0.1863014523274337
synth_imb_mild_d5,76c89cda5ca5,0.283552800685091
synth_imb_mild_d5,23861655ac34,0.15858086796359724
synth_imb_mild_d5,a042255d7a7d,0.0472912260929613
synth_imb_mild_d5,47980bf71ea8,0.0490693296895806
synth_imb_mild_d5,79d9b0fb5f02,0.057597187981809975
synth_imb_mild_d5,e511e76239fe,0.06438134117192183
synth_imb_mild_d5,7741c3e44852,0.07245075974768898
synth_imb_mild_d5,b2d6bf5f391d,0.07134193022838564
synth_imb_mild_d5,3964e1ccb548,0.283552800685091
synth_imb_mild_d5,4c077151b389,0.14705486758307074
synth_imb_mild_d5,f292f2a1db5b,0.035280018877453766
synth_imb_mild_d5,a4dbad06fd4e,0.05140935903226507
synth_imb_mild_d5,8eecd2798818,0.04369882271311848
synth_imb_mild_d5,4d9c9acccd21,0.04525800663899421
synth_imb_mild_d5,9381fbddb6c5,0.038463656474498696
synth_imb_mild_d5,8ec393598948,0.283552800685091
synth_imb_mild_d5,77e145ffcc55,0.14705486758307074
synth_imb_mild_d5,632568e85407,0.03808665106931301
synth_imb_mild_d5,fa9612cfa871,0.04497463740999888
synth_imb_mild_d5,3d72e70b09e3,0.04603420622614713
synth_imb_mild_d5,45c510f16843,0.05855755732003891
synth_imb_mild_d5,27a2752a569f,0.036474986182864995
synth_imb_mild_d5,4ec824c366d4,
synth_imb_mild_d5,4555573328fc,
synth_imb_mild_d5,0f46e0814abc,
synth_imb_mild_d5,759f97a6695c,
synth_imb_mild_d5,9cd81f07f9eb,0.31478962811228756
synth_imb_mild_d5,bb5d6442dae0,0.4470343540845006
synth_imb_mild_d5,c610648f3a0b,
synth_imb_mild_d5,d9a6e957a479,
synth_imb_mild_d5,e0981ae1c5a2,0.1710204856940633
synth_imb_mild_d5,08e381bd46b1,0.28938658950431145
synth_imb_mild_d5,f7183f4c1fed,0.5249587767316214
synth_imb_mild_d5,7c2e8cd4a56d,1.4512227193253973
synth_imb_mild_d5,07ebbef7de3c,0.283552800685091
synth_imb_mild_d5,db49059653de,0.283552800685091
synth_imb_mild_d5,19967cb83e78,0.283552800685091
synth_imb_mild_d5,158a0277ed3c,0.283552800685091
synth_imb_mild_d5,d0fba6f03c0f,
synth_imb_mild_d5,f10f8ff36baa,
synth_imb_mild_d5,672c637760be,
synth_imb_mild_d5,0cd896f527d5,
synth_imb_mild_d5,4887a0323e21,
synth_imb_mild_d5,3d795ce47578,
synth_imb_mild_d5,639f74dd0e43,
synth_imb_mild_d5,9c3ccb4fd98f,
synth_imb_mild_d5,5647bbf0428d,0.283552800685091
synth_imb_mild_d5,389d4ccb0588,0.283552800685091
synth_imb_mild_d5,e34ce5984b64,0.16403421487387776
synth_imb_mild_d5,63470ebdd53e,0.283552800685091
synth_imb_mild_d5,46814f50e13d,0.283552800685091
synth_imb_mild_d5,e597041814f5,0.16403421487387776
synth_imb_mild_d5,024a1a8c54d1,0.283552800685091
synth_imb_mild_d5,bdcde80d6dbb,0.283552800685091
synth_imb_mild_d5,95475ce56089,0.16403421487387776
synth_imb_mild_d5,5009193136b4,0.283552800685091
synth_imb_mild_d5,955728329102,0.283552800685091
synth_imb_mild_d5,1f1b6dfa46dc,0.16403421487387776
synth_imb_mild_d5,272f18e90bd4,0.283552800685091
synth_imb_mild_d5,0cc00684cc3f,0.14705486758307074
synth_imb_mild_d5,7203310ff7ba,0.0717985093279647
synth_imb_mild_d5,a399ab5a112a,0.07292679525727658
synth_imb_mild_d5,4d00158c440c,0.07562850475642692
synth_imb_mild_d5,f028e3896d9e,0.09874220401651022
synth_imb_mild_d5,bc0e2be21bfb,0.07183328060181086
synth_imb_mild_d5,ae16e9272ff8,0.07918126293276732
synth_imb_mild_d5,803c0d3403ff,0.12263888407171596
synth_imb_mild_d5,579a8bd776f9,0.06249176573957764
synth_imb_mild_d5,ccd2d07c7a4a,0.07122124009580891
synth_imb_mild_d5,92f60358ba37,0.07943194047869354
synth_imb_mild_d5,646357d2ae16,0.08636612998416475
synth_imb_mild_d5,5773d7049286,0.09146391372042395
synth_imb_mild_d5,a81f368f51bb,0.283552800685091
synth_imb_mild_d5,70969dd2d720,0.15847725137651483
synth_imb_mild_d5,34b50b92b183,0.09081512566407755
synth_imb_mild_d5,48d260f98b0d,0.09081512566407755
synth_imb_mild_d5,1134a806601d,0.09081512566407755
synth_imb_mild_d5,0069693e350e,0.09422922666363058
synth_imb_mild_d5,2fa0af8799c8,0.09422922666363058
synth_imb_moderate_d15,76c89cda5ca5,0.5008524413925879
synth_imb_moderate_d15,23861655ac34,0.8785964834021069
synth_imb_moderate_d15,a042255d7a7d,0.12814033769727295
synth_imb_moderate_d15,47980bf71ea8,0.14458338434430118
synth_imb_moderate_d15,79d9b0fb5f02,0.14055063741669113
synth_imb_moderate_d15,e511e76239fe,0.1971382977972015
synth_imb_moderate_d15,7741c3e44852,0.1663386222583787
synth_imb_moderate_d15,b2d6bf5f391d,0.1792796156530324
synth_imb_moderate_d15,3964e1ccb548,0.5008524413925879
synth_imb_moderate_d15,4c077151b389,0.8785964834021069
synth_imb_moderate_d15,f292f2a1db5b,0.1526266394975866
synth_imb_moderate_d15,a4dbad06fd4e,0.12895135755989362
synth_imb_moderate_d15,8eecd2798818,0.17950202961321898
synth_imb_moderate_d15,4d9c9acccd21,0.16981206939248336
synth_imb_moderate_d15,9381fbddb6c5,0.17827815149292994
synth_imb_moderate_d15,8ec393598948,0.5008524413925879
synth_imb_moderate_d15,77e145ffcc55,0.8785964834021069
synth_imb_moderate_d15,632568e85407,0.14458338434430118
synth_imb_moderate_d15,fa9612cfa871,0.14458338434430118
synth_imb_moderate_d15,3d72e70b09e3,0.12814033769727295
synth_imb_moderate_d15,45c510f16843,0.1624423381287516
synth_imb_moderate_d15,27a2752a569f,0.17222748104260438
synth_imb_moderate_d15,4ec824c366d4,
synth_imb_moderate_d15,4555573328fc,
synth_imb_moderate_d15,0f46e0814abc,
synth_imb_moderate_d15,759f97a6695c,
synth_imb_moderate_d15,9cd81f07f9eb,
synth_imb_moderate_d15,bb5d6442dae0,
synth_imb_moderate_d15,c610648f3a0b,
synth_imb_moderate_d15,d9a6e957a479,
synth_imb_moderate_d15,e0981ae1c5a2,
synth_imb_moderate_d15,08e381bd46b1,
synth_imb_moderate_d15,f7183f4c1fed,
synth_imb_moderate_d15,7c2e8cd4a56d,
synth_imb_moderate_d15,07ebbef7de3c,0.9627327191787278
synth_imb_moderate_d15,db49059653de,
synth_imb_moderate_d15,19967cb83e78,
synth_imb_moderate_d15,158a0277ed3c,
synth_imb_moderate_d15,d0fba6f03c0f,0.8785964834021069
synth_imb_moderate_d15,f10f8ff36baa,0.8785964834021069
synth_imb_moderate_d15,672c637760be,0.8785964834021069
synth_imb_moderate_d15,0cd896f527d5,0.8785964834021069
synth_imb_moderate_d15,4887a0323e21,0.8785964834021069
synth_imb_moderate_d15,3d795ce47578,0.8785964834021069
synth_imb_moderate_d15,639f74dd0e43,0.8785964834021069
synth_imb_moderate_d15,9c3ccb4fd98f,0.8785964834021069
synth_imb_moderate_d15,5647bbf0428d,0.8785964834021069
synth_imb_moderate_d15,389d4ccb0588,0.8785964834021069
synth_imb_moderate_d15,e34ce5984b64,0.8785964834021069
synth_imb_moderate_d15,63470ebdd53e,0.8785964834021069
synth_imb_moderate_d15,46814f50e13d,0.8785964834021069
synth_imb_moderate_d15,e597041814f5,0.8785964834021069
synth_imb_moderate_d15,024a1a8c54d1,0.8785964834021069
synth_imb_moderate_d15,bdcde80d6dbb,0.8785964834021069
synth_imb_moderate_d15,95475ce56089,0.8785964834021069
synth_imb_moderate_d15,5009193136b4,0.8785964834021069
synth_imb_moderate_d15,955728329102,0.8785964834021069
synth_imb_moderate_d15,1f1b6dfa46dc,0.8785964834021069
synth_imb_moderate_d15,272f18e90bd4,0.5008524413925879
synth_imb_moderate_d15,0cc00684cc3f,0.8785964834021069
synth_imb_moderate_d15,7203310ff7ba,0.18674011919834643
synth_imb_moderate_d15,a399ab5a112a,0.17416601461991124
synth_imb_moderate_d15,4d00158c440c,0.20665447839252954
synth_imb_moderate_d15,f028e3896d9e,0.20951902628435312
synth_imb_moderate_d15,bc0e2be21bfb,0.19635021815078132
synth_imb_moderate_d15,ae16e9272ff8,0.5008524413925879
synth_imb_moderate_d15,803c0d3403ff,0.8785964834021069
synth_imb_moderate_d15,579a8bd776f9,0.1849103117053607
synth_imb_moderate_d15,ccd2d07c7a4a,0.1884251138844556
synth_imb_moderate_d15,92f60358ba37,0.2022249200777408
synth_imb_moderate_d15,646357d2ae16,0.20828514482721283
synth_imb_moderate_d15,5773d7049286,0.22840114805860798
synth_imb_moderate_d15,a81f368f51bb,0.5008524413925879
synth_imb_moderate_d15,70969dd2d720,0.8785964834021069
synth_imb_moderate_d15,34b50b92b183,0.28990641320625266
synth_imb_moderate_d15,48d260f98b0d,0.26322661339400916
synth_imb_moderate_d15,1134a806601d,0.2499397047615842
synth_imb_moderate_d15,0069693e350e,0.2560905372569526
synth_imb_moderate_d15,2fa0af8799c8,0.23188018236011443
synth_imb_moderate_d5,76c89cda5ca5,0.3947704562792915
synth_imb_moderate_d5,23861655ac34,0.40799283532431513
synth_imb_moderate_d5,a042255d7a7d,0.024456564081039196
synth_imb_moderate_d5,47980bf71ea8,0.025334646599067766
synth_imb_moderate_d5,79d9b0fb5f02,0.034648754501199995
synth_imb_moderate_d5,e511e76239fe,0.02792278113327626
synth_imb_moderate_d5,7741c3e44852,0.05494808048184041
synth_imb_moderate_d5,b2d6bf5f391d,0.03615010048227945
synth_imb_moderate_d5,3964e1ccb548,0.3947704562792915
synth_imb_moderate_d5,4c077151b389,0.40799283532431513
synth_imb_moderate_d5,f292f2a1db5b,0.024456564081039196
synth_imb_moderate_d5,a4dbad06fd4e,0.02532218213240146
synth_imb_moderate_d5,8eecd2798818,0.018401955140836892
synth_imb_moderate_d5,4d9c9acccd21,0.01782373890642104
synth_imb_moderate_d5,9381fbddb6c5,0.02563420807445887
synth_imb_moderate_d5,8ec393598948,0.3947704562792915
synth_imb_moderate_d5,77e145ffcc55,0.40799283532431513
synth_imb_moderate_d5,632568e85407,0.020418788647476076
synth_imb_moderate_d5,fa9612cfa871,0.01782373890642104
synth_imb_moderate_d5,3d72e70b09e3,0.02635097115234853
synth_imb_moderate_d5,45c510f16843,0.01777136191648455
synth_imb_moderate_d5,27a2752a569f,0.020418788647476076
synth_imb_moderate_d5,4ec824c366d4,
synth_imb_moderate_d5,4555573328fc,
synth_imb_moderate_d5,0f46e0814abc,
synth_imb_moderate_d5,759f97a6695c,
synth_imb_moderate_d5,9cd81f07f9eb,0.09355096969478945
synth_imb_moderate_d5,bb5d6442dae0,0.08671744649818604
synth_imb_moderate_d5,c610648f3a0b,0.09596071355225104
synth_imb_moderate_d5,d9a6e957a479,
synth_imb_moderate_d5,e0981ae1c5a2,0.11303168064134896
synth_imb_moderate_d5,08e381bd46b1,0.10138909528461766
synth_imb_moderate_d5,f7183f4c1fed,0.05184108417537048
synth_imb_moderate_d5,7c2e8cd4a56d,1.0808966311460058
synth_imb_moderate_d5,07ebbef7de3c,0.40799283532431513
synth_imb_moderate_d5,db49059653de,0.40799283532431513
synth_imb_moderate_d5,19967cb83e78,0.40799283532431513
synth_imb_moderate_d5,158a0277ed3c,0.40799283532431513
synth_imb_moderate_d5,d0fba6f03c0f,0.40799283532431513
synth_imb_moderate_d5,f10f8ff36baa,0.40799283532431513
synth_imb_moderate_d5,672c637760be,0.40799283532431513
synth_imb_moderate_d5,0cd896f527d5,0.40799283532431513
synth_imb_moderate_d5,4887a0323e21,
synth_imb_moderate_d5,3d795ce47578,
synth_imb_moderate_d5,639f74dd0e43,
synth_imb_moderate_d5,9c3ccb4fd98f,
synth_imb_moderate_d5,5647bbf0428d,0.40799283532431513
synth_imb_moderate_d5,389d4ccb0588,0.40799283532431513
synth_imb_moderate_d5,e34ce5984b64,0.40799283532431513
synth_imb_moderate_d5,63470ebdd53e,0.40799283532431513
synth_imb_moderate_d5,46814f50e13d,0.40799283532431513
synth_imb_moderate_d5,e597041814f5,0.40799283532431513
synth_imb_moderate_d5,024a1a8c54d1,0.40799283532431513
synth_imb_moderate_d5,bdcde80d6dbb,0.40799283532431513
synth_imb_moderate_d5,95475ce56089,0.40799283532431513
synth_imb_moderate_d5,5009193136b4,0.40799283532431513
synth_imb_moderate_d5,955728329102,0.40799283532431513
synth_imb_moderate_d5,1f1b6dfa46dc,0.3947704562792915
synth_imb_moderate_d5,272f18e90bd4,0.3947704562792915
synth_imb_moderate_d5,0cc00684cc3f,0.40799283532431513
synth_imb_moderate_d5,7203310ff7ba,0.03298047989965842
synth_imb_moderate_d5,a399ab5a112a,0.03298047989965842
synth_imb_moderate_d5,4d00158c440c,0.03298047989965842
synth_imb_moderate_d5,f028e3896d9e,0.04751124005651789
synth_imb_moderate_d5,bc0e2be21bfb,0.06846711195393271
synth_imb_moderate_d5,ae16e9272ff8,0.2770123887587395
synth_imb_moderate_d5,803c0d3403ff,0.40799283532431513
synth_imb_moderate_d5,579a8bd776f9,0.032375308050800064
synth_imb_moderate_d5,ccd2d07c7a4a,0.04640233767865205
synth_imb_moderate_d5,92f60358ba37,0.05289289784438572
synth_imb_moderate_d5,646357d2ae16,0.06539592721928197
synth_imb_moderate_d5,5773d7049286,0.06996375185396761
synth_imb_moderate_d5,a81f368f51bb,0.3947704562792915
synth_imb_moderate_d5,70969dd2d720,0.40799283532431513
synth_imb_moderate_d5,34b50b92b183,0.0960970604106735
synth_imb_moderate_d5,48d260f98b0d,0.06297251599268076
synth_imb_moderate_d5,1134a806601d,0.06704769496913938
synth_imb_moderate_d5,0069693e350e,0.06961846645923711
synth_imb_moderate_d5,2fa0af8799c8,0.0760365141219638
synth_imb_one_large_10d,76c89cda5ca5,0.13196851581450425
synth_imb_one_large_10d,23861655ac34,0.31391960170587113
synth_imb_one_large_10d,a042255d7a7d,0.6402295920742609
synth_imb_one_large_10d,47980bf71ea8,0.09010381636151492
synth_imb_one_large_10d,79d9b0fb5f02,0.06943164122974092
synth_imb_one_large_10d,e511e76239fe,0.09010381636151492
synth_imb_one_large_10d,7741c3e44852,0.10819835781933045
synth_imb_one_large_10d,b2d6bf5f391d,0.07721988343806284
synth_imb_one_large_10d,3964e1ccb548,0.49132383045050815
synth_imb_one_large_10d,4c077151b389,0.31391960170587113
synth_imb_one_large_10d,f292f2a1db5b,0.6402295920742609
synth_imb_one_large_10d,a4dbad06fd4e,0.08307086409957012
synth_imb_one_large_10d,8eecd2798818,0.06589748471488477
synth_imb_one_large_10d,4d9c9acccd21,0.09010381636151492
synth_imb_one_large_10d,9381fbddb6c5,0.09662281998625644
synth_imb_one_large_10d,8ec393598948,0.49132383045050815
synth_imb_one_large_10d,77e145ffcc55,0.31391960170587113
synth_imb_one_large_10d,632568e85407,0.6402295920742609
synth_imb_one_large_10d,fa9612cfa871,0.08307086409957012
synth_imb_one_large_10d,3d72e70b09e3,0.09010381636151492
synth_imb_one_large_10d,45c510f16843,0.06943164122974092
synth_imb_one_large_10d,27a2752a569f,0.11563070354566266
synth_imb_one_large_10d,3a9260f9550f,0.49132383045050815
synth_imb_one_large_10d,0dfb18d06f3a,0.39112432577102535
synth_imb_one_large_10d,c104b3d67121,0.6402295920742609
synth_imb_one_large_10d,7f10ff06a55f,0.1889808437247261
synth_imb_one_large_10d,afb4fe7d2eaa,0.08050101519531364
synth_imb_one_large_10d,627cdef1f058,0.06029655635630441
synth_imb_one_large_10d,c5dfd3221b79,0.26998846773761176
synth_imb_one_large_10d,e3ae029f4d54,0.28340659226504605
synth_imb_one_large_10d,98d2a79e4c00,0.04398199801229286
synth_imb_one_large_10d,0481ef8f35a2,0.0892772206347959
synth_imb_one_large_10d,9a585386bc6d,0.06943164122974092
synth_imb_one_large_10d,971471268792,0.07222482566012381
synth_imb_one_large_10d,4ec824c366d4,
synth_imb_one_large_10d,4555573328fc,
synth_imb_one_large_10d,0f46e0814abc,
synth_imb_one_large_10d,759f97a6695c,
synth_imb_one_large_10d,9cd81f07f9eb,
synth_imb_one_large_10d,bb5d6442dae0,
synth_imb_one_large_10d,c610648f3a0b,
synth_imb_one_large_10d,d9a6e957a479,
synth_imb_one_large_10d,e0981ae1c5a2,0.5450689963892834
synth_imb_one_large_10d,08e381bd46b1,
synth_imb_one_large_10d,f7183f4c1fed,
synth_imb_one_large_10d,7c2e8cd4a56d,
synth_imb_one_large_10d,07ebbef7de3c,0.27447808444217703
synth_imb_one_large_10d,db49059653de,0.18742092706048866
synth_imb_one_large_10d,19967cb83e78,0.8996763323166718
synth_imb_one_large_10d,158a0277ed3c,
synth_imb_one_large_10d,d0fba6f03c0f,0.6402295920742609
synth_imb_one_large_10d,f10f8ff36baa,0.6402295920742609
synth_imb_one_large_10d,672c637760be,0.6402295920742609
synth_imb_one_large_10d,0cd896f527d5,0.6402295920742609
synth_imb_one_large_10d,4887a0323e21,
synth_imb_one_large_10d,3d795ce47578,
synth_imb_one_large_10d,639f74dd0e43,
synth_imb_one_large_10d,9c3ccb4fd98f,
synth_imb_one_large_10d,5647bbf0428d,0.6402295920742609
synth_imb_one_large_10d,389d4ccb0588,0.6402295920742609
synth_imb_one_large_10d,e34ce5984b64,0.6402295920742609
synth_imb_one_large_10d,63470ebdd53e,0.6402295920742609
synth_imb_one_large_10d,46814f50e13d,0.6402295920742609
synth_imb_one_large_10d,e597041814f5,0.6402295920742609
synth_imb_one_large_10d,024a1a8c54d1,0.6402295920742609
synth_imb_one_large_10d,bdcde80d6dbb,0.6402295920742609
synth_imb_one_large_10d,95475ce56089,0.6402295920742609
synth_imb_one_large_10d,5009193136b4,0.6402295920742609
synth_imb_one_large_10d,955728329102,0.6402295920742609
synth_imb_one_large_10d,1f1b6dfa46dc,0.6402295920742609
synth_imb_one_large_10d,272f18e90bd4,0.2468736073673899
synth_imb_one_large_10d,0cc00684cc3f,0.31391960170587113
synth_imb_one_large_10d,7203310ff7ba,0.6402295920742609
synth_imb_one_large_10d,a399ab5a112a,0.1225906896814464
synth_imb_one_large_10d,4d00158c440c,0.129525871757696
synth_imb_one_large_10d,f028e3896d9e,0.129525871757696
synth_imb_one_large_10d,bc0e2be21bfb,0.129525871757696
synth_imb_one_large_10d,ae16e9272ff8,0.28340659226504605
synth_imb_one_large_10d,803c0d3403ff,0.31391960170587113
synth_imb_one_large_10d,579a8bd776f9,0.6402295920742609
synth_imb_one_large_10d,ccd2d07c7a4a,0.129525871757696
synth_imb_one_large_10d,92f60358ba37,0.13476711881790052
synth_imb_one_large_10d,646357d2ae16,0.1428910857184395
synth_imb_one_large_10d,5773d7049286,0.1487605912927991
synth_imb_one_large_10d,a81f368f51bb,0.49132383045050815
synth_imb_one_large_10d,70969dd2d720,0.39112432577102535
synth_imb_one_large_10d,34b50b92b183,0.6402295920742609
synth_imb_one_large_10d,48d260f98b0d,0.40470736011993913
synth_imb_one_large_10d,1134a806601d,0.25663707866463886
synth_imb_one_large_10d,0069693e350e,0.21673197624052973
synth_imb_one_large_10d,2fa0af8799c8,0.23045103842872752
synth_mixed_shapes_2d,76c89cda5ca5,0.3098335321606916
synth_mixed_shapes_2d,23861655ac34,0.015015328636028363
synth_mixed_shapes_2d,a042255d7a7d,0.018683795661385984
synth_mixed_shapes_2d,47980bf71ea8,0.017055631141877366
synth_mixed_shapes_2d,79d9b0fb5f02,0.0038391114756498677
synth_mixed_shapes_2d,e511e76239fe,0.008331320060717984
synth_mixed_shapes_2d,7741c3e44852,0.022214777354651376
synth_mixed_shapes_2d,b2d6bf5f391d,0.026425088389560595
synth_mixed_shapes_2d,3964e1ccb548,0.3098335321606916
synth_mixed_shapes_2d,4c077151b389,0.18774790634466124
synth_mixed_shapes_2d,f292f2a1db5b,0.00877712253140903
synth_mixed_shapes_2d,a4dbad06fd4e,0.00877712253140903
synth_mixed_shapes_2d,8eecd2798818,0.009939656370471884
synth_mixed_shapes_2d,4d9c9acccd21,0.01532037651957126
synth_mixed_shapes_2d,9381fbddb6c5,0.005845147609622637
synth_mixed_shapes_2d,8ec393598948,0.11972643188807283
synth_mixed_shapes_2d,77e145ffcc55,0.18774790634466124
synth_mixed_shapes_2d,632568e85407,0.027768667151548635
synth_mixed_shapes_2d,fa9612cfa871,0.005437631920574864
synth_mixed_shapes_2d,3d72e70b09e3,0.011205453679743706
synth_mixed_shapes_2d,45c510f16843,0.004624354515955609
synth_mixed_shapes_2d,27a2752a569f,0.009071552169161286
synth_mixed_shapes_2d,4ec824c366d4,0.07941571879598767
synth_mixed_shapes_2d,4555573328fc,0.07941571879598767
synth_mixed_shapes_2d,0f46e0814abc,0.011307722808965918
synth_mixed_shapes_2d,759f97a6695c,0.07647295128507078
synth_mixed_shapes_2d,9cd81f07f9eb,0.18774790634466124
synth_mixed_shapes_2d,bb5d6442dae0,0.18774790634466124
synth_mixed_shapes_2d,c610648f3a0b,0.18774790634466124
synth_mixed_shapes_2d,d9a6e957a479,0.18774790634466124
synth_mixed_shapes_2d,e0981ae1c5a2,0.3098335321606916
synth_mixed_shapes_2d,08e381bd46b1,0.3098335321606916
synth_mixed_shapes_2d,f7183f4c1fed,0.3098335321606916
synth_mixed_shapes_2d,7c2e8cd4a56d,0.3098335321606916
synth_mixed_shapes_2d,07ebbef7de3c,0.3098335321606916
synth_mixed_shapes_2d,db49059653de,0.3098335321606916
synth_mixed_shapes_2d,19967cb83e78,0.3098335321606916
synth_mixed_shapes_2d,158a0277ed3c,0.3098335321606916
synth_mixed_shapes_2d,d0fba6f03c0f,
synth_mixed_shapes_2d,f10f8ff36baa,
synth_mixed_shapes_2d,672c637760be,
synth_mixed_shapes_2d,0cd896f527d5,
synth_mixed_shapes_2d,4887a0323e21,
synth_mixed_shapes_2d,3d795ce47578,
synth_mixed_shapes_2d,639f74dd0e43,
synth_mixed_shapes_2d,9c3ccb4fd98f,
synth_mixed_shapes_2d,5647bbf0428d,0.02260931364511115
synth_mixed_shapes_2d,389d4ccb0588,0.07907554463872188
synth_mixed_shapes_2d,e34ce5984b64,0.06232843525108662
synth_mixed_shapes_2d,63470ebdd53e,0.07907554463872188
synth_mixed_shapes_2d,46814f50e13d,0.07907554463872188
synth_mixed_shapes_2d,e597041814f5,0.06232843525108662
synth_mixed_shapes_2d,024a1a8c54d1,0.05356720545877488
synth_mixed_shapes_2d,bdcde80d6dbb,0.07907554463872188
synth_mixed_shapes_2d,95475ce56089,0.06232843525108662
synth_mixed_shapes_2d,5009193136b4,0.07907554463872188
synth_mixed_shapes_2d,955728329102,0.07907554463872188
synth_mixed_shapes_2d,1f1b6dfa46dc,0.06232843525108662
synth_mixed_shapes_2d,272f18e90bd4,0.3098335321606916
synth_mixed_shapes_2d,0cc00684cc3f,0.18774790634466124
synth_mixed_shapes_2d,7203310ff7ba,0.02456429485731008
synth_mixed_shapes_2d,a399ab5a112a,0.02439757622052336
synth_mixed_shapes_2d,4d00158c440c,0.024789809043109283
synth_mixed_shapes_2d,f028e3896d9e,0.02688359261998502
synth_mixed_shapes_2d,bc0e2be21bfb,0.03381579820081711
synth_mixed_shapes_2d,ae16e9272ff8,0.3098335321606916
synth_mixed_shapes_2d,803c0d3403ff,0.18774790634466124
synth_mixed_shapes_2d,579a8bd776f9,0.02138035236092167
synth_mixed_shapes_2d,ccd2d07c7a4a,0.028610010725383047
synth_mixed_shapes_2d,92f60358ba37,0.025715281459870704
synth_mixed_shapes_2d,646357d2ae16,0.02505815412239747
synth_mixed_shapes_2d,5773d7049286,0.031190520430335638
synth_mixed_shapes_2d,a81f368f51bb,0.3098335321606916
synth_mixed_shapes_2d,70969dd2d720,0.18774790634466124
synth_mixed_shapes_2d,34b50b92b183,0.04090158362719119
synth_mixed_shapes_2d,48d260f98b0d,0.04619343863642909
synth_mixed_shapes_2d,1134a806601d,0.027878177510143404
synth_mixed_shapes_2d,0069693e350e,0.03177977310964749
synth_mixed_shapes_2d,2fa0af8799c8,0.03696024403602068
synth_moons_noise0.05,76c89cda5ca5,0.0076996013196429305
synth_moons_noise0.05,23861655ac34,0.005374544655833563
synth_moons_noise0.05,a042255d7a7d,0.01513771381328373
synth_moons_noise0.05,47980bf71ea8,0.01878084014404659
synth_moons_noise0.05,79d9b0fb5f02,0.020187877981865835
synth_moons_noise0.05,e511e76239fe,0.01108876082094322
synth_moons_noise0.05,7741c3e44852,0.02442801552960132
synth_moons_noise0.05,b2d6bf5f391d,0.029431305468305625
synth_moons_noise0.05,3964e1ccb548,0.001488847705121867
synth_moons_noise0.05,4c077151b389,0.01440983992974573
synth_moons_noise0.05,f292f2a1db5b,0.004381105472730662
synth_moons_noise0.05,a4dbad06fd4e,0.01238063516973286
synth_moons_noise0.05,8eecd2798818,0.006860200599528756
synth_moons_noise0.05,4d9c9acccd21,0.010097170016564988
synth_moons_noise0.05,9381fbddb6c5,0.022193643705918437
synth_moons_noise0.05,8ec393598948,0.016344473931153694
synth_moons_noise0.05,77e145ffcc55,0.010771813696827648
synth_moons_noise0.05,632568e85407,0.008572520350980209
synth_moons_noise0.05,fa9612cfa871,0.008806231735363707
synth_moons_noise0.05,3d72e70b09e3,0.01054360563814081
synth_moons_noise0.05,45c510f16843,0.012822377092921588
synth_moons_noise0.05,27a2752a569f,0.003640338679413845
synth_moons_noise0.05,3a9260f9550f,0.007301061641452673
synth_moons_noise0.05,0dfb18d06f3a,0.00918376614100634
synth_moons_noise0.05,c104b3d67121,0.012273298801569264
synth_moons_noise0.05,7f10ff06a55f,0.018151468281258448
synth_moons_noise0.05,afb4fe7d2eaa,0.01863760795505175
synth_moons_noise0.05,627cdef1f058,0.021307780593216905
synth_moons_noise0.05,c5dfd3221b79,0.18989868729270526
synth_moons_noise0.05,e3ae029f4d54,0.009830223092246184
synth_moons_noise0.05,98d2a79e4c00,0.007538784638258835
synth_moons_noise0.05,0481ef8f35a2,0.022632651934213037
synth_moons_noise0.05,9a585386bc6d,0.015511236500177045
synth_moons_noise0.05,971471268792,0.023544620904121367
synth_moons_noise0.05,4ec824c366d4,0.22750024200375413
synth_moons_noise0.05,4555573328fc,0.23156853658121776
synth_moons_noise0.05,0f46e0814abc,0.009322256544457912
synth_moons_noise0.05,759f97a6695c,0.3482287171564566
synth_moons_noise0.05,9cd81f07f9eb,0.18989868729270526
synth_moons_noise0.05,bb5d6442dae0,0.18989868729270526
synth_moons_noise0.05,c610648f3a0b,0.18989868729270526
synth_moons_noise0.05,d9a6e957a479,0.18989868729270526
synth_moons_noise0.05,e0981ae1c5a2,0.18989868729270526
synth_moons_noise0.05,08e381bd46b1,0.18989868729270526
synth_moons_noise0.05,f7183f4c1fed,0.18989868729270526
synth_moons_noise0.05,7c2e8cd4a56d,0.18989868729270526
synth_moons_noise0.05,07ebbef7de3c,
synth_moons_noise0.05,db49059653de,
synth_moons_noise0.05,19967cb83e78,
synth_moons_noise0.05,158a0277ed3c,
synth_moons_noise0.05,d0fba6f03c0f,
synth_moons_noise0.05,f10f8ff36baa,
synth_moons_noise0.05,672c637760be,
synth_moons_noise0.05,0cd896f527d5,
synth_moons_noise0.05,4887a0323e21,
synth_moons_noise0.05,3d795ce47578,
synth_moons_noise0.05,639f74dd0e43,
synth_moons_noise0.05,9c3ccb4fd98f,
synth_moons_noise0.05,5647bbf0428d,0.18989868729270526
synth_moons_noise0.05,389d4ccb0588,0.18989868729270526
synth_moons_noise0.05,e34ce5984b64,0.18989868729270526
synth_moons_noise0.05,63470ebdd53e,0.18989868729270526
synth_moons_noise0.05,46814f50e13d,0.18989868729270526
synth_moons_noise0.05,e597041814f5,0.18989868729270526
synth_moons_noise0.05,024a1a8c54d1,0.18989868729270526
synth_moons_noise0.05,bdcde80d6dbb,0.18989868729270526
synth_moons_noise0.05,95475ce56089,0.18989868729270526
synth_moons_noise0.05,5009193136b4,0.18989868729270526
synth_moons_noise0.05,955728329102,0.18989868729270526
synth_moons_noise0.05,1f1b6dfa46dc,0.18989868729270526
synth_moons_noise0.05,272f18e90bd4,0.01389940439989933
synth_moons_noise0.05,0cc00684cc3f,0.01481889516991176
synth_moons_noise0.05,7203310ff7ba,0.020536892839778532
synth_moons_noise0.05,a399ab5a112a,0.021916996328038913
synth_moons_noise0.05,4d00158c440c,0.03180887580544915
synth_moons_noise0.05,f028e3896d9e,0.03434082647658756
synth_moons_noise0.05,bc0e2be21bfb,0.042444323283057
synth_moons_noise0.05,ae16e9272ff8,0.019966392863720425
synth_moons_noise0.05,803c0d3403ff,0.020323443771022943
synth_moons_noise0.05,579a8bd776f9,0.016104641705268298
synth_moons_noise0.05,ccd2d07c7a4a,0.020035927514940023
synth_moons_noise0.05,92f60358ba37,0.02496629653086956
synth_moons_noise0.05,646357d2ae16,0.028797188559674843
synth_moons_noise0.05,5773d7049286,0.0457805215818786
synth_moons_noise0.05,a81f368f51bb,0.017445745128806294
synth_moons_noise0.05,70969dd2d720,0.01775772031477627
synth_moons_noise0.05,34b50b92b183,0.02295116413986202
synth_moons_noise0.05,48d260f98b0d,0.025132889307156885
synth_moons_noise0.05,1134a806601d,0.024493374542900407
synth_moons_noise0.05,0069693e350e,0.03908167716599997
synth_moons_noise0.05,2fa0af8799c8,0.04698479176687201
synth_moons_noise0.15,76c89cda5ca5,0.010555504736712218
synth_moons_noise0.15,23861655ac34,0.010903070189936274
synth_moons_noise0.15,a042255d7a7d,0.008371682526825503
synth_moons_noise0.15,47980bf71ea8,0.014308975318797207
synth_moons_noise0.15,79d9b0fb5f02,0.027231497125180543
synth_moons_noise0.15,e511e76239fe,0.017130988541180472
synth_moons_noise0.15,7741c3e44852,0.023953857679111644
synth_moons_noise0.15,b2d6bf5f391d,0.02569587152312775
synth_moons_noise0.15,3964e1ccb548,0.00657603855498108
synth_moons_noise0.15,4c077151b389,0.008208510001059021
synth_moons_noise0.15,f292f2a1db5b,0.012484286976177294
synth_moons_noise0.15,a4dbad06fd4e,0.009903961944180409
synth_moons_noise0.15,8eecd2798818,0.010810577284309057
synth_moons_noise0.15,4d9c9acccd21,0.01392794219560516
synth_moons_noise0.15,9381fbddb6c5,0.004250147879114986
synth_moons_noise0.15,8ec393598948,0.010555504736712218
synth_moons_noise0.15,77e145ffcc55,0.0030339311407234612
synth_moons_noise0.15,632568e85407,0.006166763230696259
synth_moons_noise0.15,fa9612cfa871,0.015158575860501677
synth_moons_noise0.15,3d72e70b09e3,0.012603900151489496
synth_moons_noise0.15,45c510f16843,0.017595841446816723
synth_moons_noise0.15,27a2752a569f,0.00861554276961219
synth_moons_noise0.15,3a9260f9550f,0.015920152530895425
synth_moons_noise0.15,0dfb18d06f3a,0.005864999450913866
synth_moons_noise0.15,c104b3d67121,0.016923585821232913
synth_moons_noise0.15,7f10ff06a55f,0.016247553971618783
synth_moons_noise0.15,afb4fe7d2eaa,0.015531800038246328
synth_moons_noise0.15,627cdef1f058,0.01968194480244805
synth_moons_noise0.15,c5dfd3221b79,0.013205416946262406
synth_moons_noise0.15,e3ae029f4d54,0.012200105099633029
synth_moons_noise0.15,98d2a79e4c00,0.011149181839049836
synth_moons_noise0.15,0481ef8f35a2,0.0215325987380193
synth_moons_noise0.15,9a585386bc6d,0.028426509491515917
synth_moons_noise0.15,971471268792,0.0144458608977718
synth_moons_noise0.15,4ec824c366d4,0.042181868085408254
synth_moons_noise0.15,4555573328fc,0.031523047255805355
synth_moons_noise0.15,0f46e0814abc,0.09693109606919958
synth_moons_noise0.15,759f97a6695c,
synth_moons_noise0.15,9cd81f07f9eb,0.07850574892258941
synth_moons_noise0.15,bb5d6442dae0,
synth_moons_noise0.15,c610648f3a0b,
synth_moons_noise0.15,d9a6e957a479,
synth_moons_noise0.15,e0981ae1c5a2,
synth_moons_noise0.15,08e381bd46b1,
synth_moons_noise0.15,f7183f4c1fed,
synth_moons_noise0.15,7c2e8cd4a56d,
synth_moons_noise0.15,07ebbef7de3c,
synth_moons_noise0.15,db49059653de,
synth_moons_noise0.15,19967cb83e78,
synth_moons_noise0.15,158a0277ed3c,
synth_moons_noise0.15,d0fba6f03c0f,
synth_moons_noise0.15,f10f8ff36baa,
synth_moons_noise0.15,672c637760be,
synth_moons_noise0.15,0cd896f527d5,
synth_moons_noise0.15,4887a0323e21,
synth_moons_noise0.15,3d795ce47578,
synth_moons_noise0.15,639f74dd0e43,
synth_moons_noise0.15,9c3ccb4fd98f,
synth_moons_noise0.15,5647bbf0428d,0.09135229945439362
synth_moons_noise0.15,389d4ccb0588,0.022590848810379763
synth_moons_noise0.15,e34ce5984b64,0.046934863278739004
synth_moons_noise0.15,63470ebdd53e,0.07937644206966095
synth_moons_noise0.15,46814f50e13d,0.022590848810379763
synth_moons_noise0.15,e597041814f5,0.046934863278739004
synth_moons_noise0.15,024a1a8c54d1,0.028673234427562103
synth_moons_noise0.15,bdcde80d6dbb,0.022590848810379763
synth_moons_noise0.15,95475ce56089,0.046934863278739004
synth_moons_noise0.15,5009193136b4,0.04497079043337218
synth_moons_noise0.15,955728329102,0.029156309090109786
synth_moons_noise0.15,1f1b6dfa46dc,0.016944425120683254
synth_moons_noise0.15,272f18e90bd4,0.025295951876482287
synth_moons_noise0.15,0cc00684cc3f,0.01585092231025146
synth_moons_noise0.15,7203310ff7ba,0.02148862012248375
synth_moons_noise0.15,a399ab5a112a,0.024778215052073387
synth_moons_noise0.15,4d00158c440c,0.02741483357754762
synth_moons_noise0.15,f028e3896d9e,0.032154460305395864
synth_moons_noise0.15,bc0e2be21bfb,0.03603106546166118
synth_moons_noise0.15,ae16e9272ff8,0.020115245037836568
synth_moons_noise0.15,803c0d3403ff,0.02103446358503692
synth_moons_noise0.15,579a8bd776f9,0.03039859886972214
synth_moons_noise0.15,ccd2d07c7a4a,0.03363397078207707
synth_moons_noise0.15,92f60358ba37,0.042400862966691745
synth_moons_noise0.15,646357d2ae16,0.035280677439233445
synth_moons_noise0.15,5773d7049286,0.042059225745276846
synth_moons_noise0.15,a81f368f51bb,0.027890608877512352
synth_moons_noise0.15,70969dd2d720,0.02094955855852371
synth_moons_noise0.15,34b50b92b183,0.03229967528261712
synth_moons_noise0.15,48d260f98b0d,0.034033817720808476
synth_moons_noise0.15,1134a806601d,0.04123175463840358
synth_moons_noise0.15,0069693e350e,0.04693692146376894
synth_moons_noise0.15,2fa0af8799c8,0.059426126120523504
synth_moons_noise0.30,76c89cda5ca5,0.009042934102867403
synth_moons_noise0.30,23861655ac34,0.01005472597055683
synth_moons_noise0.30,a042255d7a7d,0.014819884074236366
synth_moons_noise0.30,47980bf71ea8,0.012416987633173797
synth_moons_noise0.30,79d9b0fb5f02,0.020943455330152804
synth_moons_noise0.30,e511e76239fe,0.008123417969158468
synth_moons_noise0.30,7741c3e44852,0.015621440829962743
synth_moons_noise0.30,b2d6bf5f391d,0.02296314147394114
synth_moons_noise0.30,3964e1ccb548,0.009042934102867403
synth_moons_noise0.30,4c077151b389,0.007057097410264338
synth_moons_noise0.30,f292f2a1db5b,0.012922364614536174
synth_moons_noise0.30,a4dbad06fd4e,0.0050182330242265006
synth_moons_noise0.30,8eecd2798818,0.008897645094203209
synth_moons_noise0.30,4d9c9acccd21,0.003324102868368056
synth_moons_noise0.30,9381fbddb6c5,0.02030881207384986
synth_moons_noise0.30,8ec393598948,0.01169897491999169
synth_moons_noise0.30,77e145ffcc55,0.007057097410264338
synth_moons_noise0.30,632568e85407,0.012922364614536174
synth_moons_noise0.30,fa9612cfa871,0.0057310384865688875
synth_moons_noise0.30,3d72e70b09e3,0.004725511741165736
synth_moons_noise0.30,45c510f16843,0.007173516818317473
synth_moons_noise0.30,27a2752a569f,0.0050842099935405095
synth_moons_noise0.30,3a9260f9550f,0.006616558145103038
synth_moons_noise0.30,0dfb18d06f3a,0.006817991110612346
synth_moons_noise0.30,c104b3d67121,0.012760301238231268
synth_moons_noise0.30,7f10ff06a55f,0.009112432966232726
synth_moons_noise0.30,afb4fe7d2eaa,0.01717292790907294
synth_moons_noise0.30,627cdef1f058,0.014527114738872183
synth_moons_noise0.30,c5dfd3221b79,0.011557763492476029
synth_moons_noise0.30,e3ae029f4d54,0.007732158463325301
synth_moons_noise0.30,98d2a79e4c00,0.0038164972939937467
synth_moons_noise0.30,0481ef8f35a2,0.01864977031265828
synth_moons_noise0.30,9a585386bc6d,0.01364691736585095
synth_moons_noise0.30,971471268792,0.014556507547378554
synth_moons_noise0.30,4ec824c366d4,0.06296605394508681
synth_moons_noise0.30,4555573328fc,0.079352020646981
synth_moons_noise0.30,0f46e0814abc,7.455999238431343
synth_moons_noise0.30,759f97a6695c,
synth_moons_noise0.30,9cd81f07f9eb,
synth_moons_noise0.30,bb5d6442dae0,
synth_moons_noise0.30,c610648f3a0b,
synth_moons_noise0.30,d9a6e957a479,
synth_moons_noise0.30,e0981ae1c5a2,
synth_moons_noise0.30,08e381bd46b1,
synth_moons_noise0.30,f7183f4c1fed,
synth_moons_noise0.30,7c2e8cd4a56d,
synth_moons_noise0.30,07ebbef7de3c,
synth_moons_noise0.30,db49059653de,
synth_moons_noise0.30,19967cb83e78,
synth_moons_noise0.30,158a0277ed3c,
synth_moons_noise0.30,d0fba6f03c0f,
synth_moons_noise0.30,f10f8ff36baa,
synth_moons_noise0.30,672c637760be,
synth_moons_noise0.30,0cd896f527d5,
synth_moons_noise0.30,4887a0323e21,
synth_moons_noise0.30,3d795ce47578,
synth_moons_noise0.30,639f74dd0e43,
synth_moons_noise0.30,9c3ccb4fd98f,
synth_moons_noise0.30,5647bbf0428d,0.08294079559698418
synth_moons_noise0.30,389d4ccb0588,0.056193721314880214
synth_moons_noise0.30,e34ce5984b64,0.06082095853157384
synth_moons_noise0.30,63470ebdd53e,0.04866222786313597
synth_moons_noise0.30,46814f50e13d,0.07046495226973477
synth_moons_noise0.30,e597041814f5,0.033415747033254145
synth_moons_noise0.30,024a1a8c54d1,0.060394193295698784
synth_moons_noise0.30,bdcde80d6dbb,0.05556055726133648
synth_moons_noise0.30,95475ce56089,0.033415747033254145
synth_moons_noise0.30,5009193136b4,0.04527268398271421
synth_moons_noise0.30,955728329102,0.02904546475960822
synth_moons_noise0.30,1f1b6dfa46dc,0.033415747033254145
synth_moons_noise0.30,272f18e90bd4,0.015437596682696925
synth_moons_noise0.30,0cc00684cc3f,0.017010738316952847
synth_moons_noise0.30,7203310ff7ba,0.022568533026999245
synth_moons_noise0.30,a399ab5a112a,0.022568533026999245
synth_moons_noise0.30,4d00158c440c,0.025269919018315604
synth_moons_noise0.30,f028e3896d9e,0.031513423514430663
synth_moons_noise0.30,bc0e2be21bfb,0.04043885119084712
synth_moons_noise0.30,ae16e9272ff8,0.017677625055280914
synth_moons_noise0.30,803c0d3403ff,0.01834603797352447
synth_moons_noise0.30,579a8bd776f9,0.019475398327482046
synth_moons_noise0.30,ccd2d07c7a4a,0.023489832121168716
synth_moons_noise0.30,92f60358ba37,0.024842803203977915
synth_moons_noise0.30,646357d2ae16,0.030829975380095877
synth_moons_noise0.30,5773d7049286,0.036515261523254704
synth_moons_noise0.30,a81f368f51bb,0.023448439086858817
synth_moons_noise0.30,70969dd2d720,0.023448439086858817
synth_moons_noise0.30,34b50b92b183,0.020436224456331947
synth_moons_noise0.30,48d260f98b0d,0.02332735207199094
synth_moons_noise0.30,1134a806601d,0.030051661838416885
synth_moons_noise0.30,0069693e350e,0.03824197361600174
synth_moons_noise0.30,2fa0af8799c8,0.04499274472888865
synth_moons_plus_blob,76c89cda5ca5,0.01047827242483992
synth_moons_plus_blob,23861655ac34,0.00954551969857827
synth_moons_plus_blob,a042255d7a7d,0.013738967085182323
synth_moons_plus_blob,47980bf71ea8,0.01925453959948063
synth_moons_plus_blob,79d9b0fb5f02,0.034031037916920415
synth_moons_plus_blob,e511e76239fe,0.030698881908643033
synth_moons_plus_blob,7741c3e44852,0.030725162068493142
synth_moons_plus_blob,b2d6bf5f391d,0.029244843311767087
synth_moons_plus_blob,3964e1ccb548,0.008837531121697387
synth_moons_plus_blob,4c077151b389,0.005066567260068627
synth_moons_plus_blob,f292f2a1db5b,0.008727194845110843
synth_moons_plus_blob,a4dbad06fd4e,0.01925453959948063
synth_moons_plus_blob,8eecd2798818,0.011031118162720262
synth_moons_plus_blob,4d9c9acccd21,0.0017798606743793957
synth_moons_plus_blob,9381fbddb6c5,0.02214346665741032
synth_moons_plus_blob,8ec393598948,0.010374945759985807
synth_moons_plus_blob,77e145ffcc55,0.011199507203929163
synth_moons_plus_blob,632568e85407,0.013524483384278087
synth_moons_plus_blob,fa9612cfa871,0.019476800554098027
synth_moons_plus_blob,3d72e70b09e3,0.01671056313973141
synth_moons_plus_blob,45c510f16843,0.01358591179960211
synth_moons_plus_blob,27a2752a569f,0.016033033488084103
synth_moons_plus_blob,4ec824c366d4,0.07032609688685068
synth_moons_plus_blob,4555573328fc,0.06919995410503876
synth_moons_plus_blob,0f46e0814abc,
synth_moons_plus_blob,759f97a6695c,
synth_moons_plus_blob,9cd81f07f9eb,0.08080515760068942
synth_moons_plus_blob,bb5d6442dae0,0.08080515760068942
synth_moons_plus_blob,c610648f3a0b,0.018038262460815496
synth_moons_plus_blob,d9a6e957a479,0.03166269110325793
synth_moons_plus_blob,e0981ae1c5a2,
synth_moons_plus_blob,08e381bd46b1,
synth_moons_plus_blob,f7183f4c1fed,
synth_moons_plus_blob,7c2e8cd4a56d,
synth_moons_plus_blob,07ebbef7de3c,
synth_moons_plus_blob,db49059653de,
synth_moons_plus_blob,19967cb83e78,
synth_moons_plus_blob,158a0277ed3c,
synth_moons_plus_blob,d0fba6f03c0f,
synth_moons_plus_blob,f10f8ff36baa,
synth_moons_plus_blob,672c637760be,
synth_moons_plus_blob,0cd896f527d5,
synth_moons_plus_blob,4887a0323e21,
synth_moons_plus_blob,3d795ce47578,
synth_moons_plus_blob,639f74dd0e43,
synth_moons_plus_blob,9c3ccb4fd98f,
synth_moons_plus_blob,5647bbf0428d,0.08202926625122366
synth_moons_plus_blob,389d4ccb0588,0.016161541714983078
synth_moons_plus_blob,e34ce5984b64,0.08751343898200997
synth_moons_plus_blob,63470ebdd53e,0.05747378680500574
synth_moons_plus_blob,46814f50e13d,0.05794549805045696
synth_moons_plus_blob,e597041814f5,0.08751343898200997
synth_moons_plus_blob,024a1a8c54d1,0.05804296176459651
synth_moons_plus_blob,bdcde80d6dbb,0.032889051465043645
synth_moons_plus_blob,95475ce56089,0.09773977924021149
synth_moons_plus_blob,5009193136b4,0.06231891843810286
synth_moons_plus_blob,955728329102,0.032889051465043645
synth_moons_plus_blob,1f1b6dfa46dc,0.09773977924021149
synth_moons_plus_blob,272f18e90bd4,0.0251750686672103
synth_moons_plus_blob,0cc00684cc3f,0.018266282074665966
synth_moons_plus_blob,7203310ff7ba,0.027840376565049067
synth_moons_plus_blob,a399ab5a112a,0.027840376565049067
synth_moons_plus_blob,4d00158c440c,0.037439928703605824
synth_moons_plus_blob,f028e3896d9e,0.05011112339977933
synth_moons_plus_blob,bc0e2be21bfb,0.0640246736554612
synth_moons_plus_blob,ae16e9272ff8,0.03446103121858098
synth_moons_plus_blob,803c0d3403ff,0.02736764108916685
synth_moons_plus_blob,579a8bd776f9,0.0359507462735978
synth_moons_plus_blob,ccd2d07c7a4a,0.047534980872751174
synth_moons_plus_blob,92f60358ba37,0.056899196320626684
synth_moons_plus_blob,646357d2ae16,0.045528158527929255
synth_moons_plus_blob,5773d7049286,0.06042810563589634
synth_moons_plus_blob,a81f368f51bb,0.031101956791575392
synth_moons_plus_blob,70969dd2d720,0.03239408673681913
synth_moons_plus_blob,34b50b92b183,0.045745650981474276
synth_moons_plus_blob,48d260f98b0d,0.05041066163476684
synth_moons_plus_blob,1134a806601d,0.03562732628394356
synth_moons_plus_blob,0069693e350e,0.041152115705241014
synth_moons_plus_blob,2fa0af8799c8,0.0532867929370042
synth_nested_rings_3,76c89cda5ca5,0.0016528621377699933
synth_nested_rings_3,23861655ac34,0.0024369648237107066
synth_nested_rings_3,a042255d7a7d,0.015130244408139124
synth_nested_rings_3,47980bf71ea8,0.0238177269829322
synth_nested_rings_3,79d9b0fb5f02,0.022211585808649934
synth_nested_rings_3,e511e76239fe,0.019735754599185022
synth_nested_rings_3,7741c3e44852,0.014247245994121735
synth_nested_rings_3,b2d6bf5f391d,0.028805168218376434
synth_nested_rings_3,3964e1ccb548,0.0026690990866206827
synth_nested_rings_3,4c077151b389,0.0032864412644091757
synth_nested_rings_3,f292f2a1db5b,0.01077494877847579
synth_nested_rings_3,a4dbad06fd4e,0.0111671253477936
synth_nested_rings_3,8eecd2798818,0.008926931390696688
synth_nested_rings_3,4d9c9acccd21,0.00768470660964701
synth_nested_rings_3,9381fbddb6c5,0.008622798721372933
synth_nested_rings_3,8ec393598948,0.006693428091909722
synth_nested_rings_3,77e145ffcc55,0.003143964091260983
synth_nested_rings_3,632568e85407,0.0058350594744424195
synth_nested_rings_3,fa9612cfa871,0.005809322390267773
synth_nested_rings_3,3d72e70b09e3,0.011448055136718928
synth_nested_rings_3,45c510f16843,0.005555062586484469
synth_nested_rings_3,27a2752a569f,0.005012184078189164
synth_nested_rings_3,4ec824c366d4,0.07492855725449427
synth_nested_rings_3,4555573328fc,0.03600334994173487
synth_nested_rings_3,0f46e0814abc,0.02756341111785164
synth_nested_rings_3,759f97a6695c,1.585541696858749
synth_nested_rings_3,9cd81f07f9eb,0.09398974809490244
synth_nested_rings_3,bb5d6442dae0,0.09398974809490244
synth_nested_rings_3,c610648f3a0b,0.019789526322774226
synth_nested_rings_3,d9a6e957a479,0.021737407615984812
synth_nested_rings_3,e0981ae1c5a2,
synth_nested_rings_3,08e381bd46b1,
synth_nested_rings_3,f7183f4c1fed,
synth_nested_rings_3,7c2e8cd4a56d,
synth_nested_rings_3,07ebbef7de3c,
synth_nested_rings_3,db49059653de,
synth_nested_rings_3,19967cb83e78,
synth_nested_rings_3,158a0277ed3c,
synth_nested_rings_3,d0fba6f03c0f,
synth_nested_rings_3,f10f8ff36baa,
synth_nested_rings_3,672c637760be,
synth_nested_rings_3,0cd896f527d5,
synth_nested_rings_3,4887a0323e21,
synth_nested_rings_3,3d795ce47578,
synth_nested_rings_3,639f74dd0e43,
synth_nested_rings_3,9c3ccb4fd98f,
synth_nested_rings_3,5647bbf0428d,0.043753387088198155
synth_nested_rings_3,389d4ccb0588,0.015771389182910114
synth_nested_rings_3,e34ce5984b64,0.06421790136707838
synth_nested_rings_3,63470ebdd53e,0.08411153566328437
synth_nested_rings_3,46814f50e13d,0.09398974809490244
synth_nested_rings_3,e597041814f5,0.07230721579389232
synth_nested_rings_3,024a1a8c54d1,0.09398974809490244
synth_nested_rings_3,bdcde80d6dbb,0.09398974809490244
synth_nested_rings_3,95475ce56089,0.060738874005308884
synth_nested_rings_3,5009193136b4,0.09398974809490244
synth_nested_rings_3,955728329102,0.09398974809490244
synth_nested_rings_3,1f1b6dfa46dc,0.060738874005308884
synth_nested_rings_3,272f18e90bd4,0.03258783140856142
synth_nested_rings_3,0cc00684cc3f,0.024627388780530623
synth_nested_rings_3,7203310ff7ba,0.023430683196640895
synth_nested_rings_3,a399ab5a112a,0.029239152715555713
synth_nested_rings_3,4d00158c440c,0.02664625204439293
synth_nested_rings_3,f028e3896d9e,0.033737811945917844
synth_nested_rings_3,bc0e2be21bfb,0.03867417624791165
synth_nested_rings_3,ae16e9272ff8,0.009593837139712241
synth_nested_rings_3,803c0d3403ff,0.009943571529037945
synth_nested_rings_3,579a8bd776f9,0.013591874362731541
synth_nested_rings_3,ccd2d07c7a4a,0.017336780827622248
synth_nested_rings_3,92f60358ba37,0.022389610204603956
synth_nested_rings_3,646357d2ae16,0.027887694546693678
synth_nested_rings_3,5773d7049286,0.029362962411864948
synth_nested_rings_3,a81f368f51bb,0.026608784626387334
synth_nested_rings_3,70969dd2d720,0.027396283375546157
synth_nested_rings_3,34b50b92b183,0.025279494074876705
synth_nested_rings_3,48d260f98b0d,0.027230775932848367
synth_nested_rings_3,1134a806601d,0.035279403021338196
synth_nested_rings_3,0069693e350e,0.04395119789715621
synth_nested_rings_3,2fa0af8799c8,0.03157857193324505
synth_nested_rings_5,76c89cda5ca5,0.005724667736056824
synth_nested_rings_5,23861655ac34,0.0021194677152093183
synth_nested_rings_5,a042255d7a7d,0.004165648415272808
synth_nested_rings_5,47980bf71ea8,0.008620332711843563
synth_nested_rings_5,79d9b0fb5f02,0.011468755012529966
synth_nested_rings_5,e511e76239fe,0.006626591463185965
synth_nested_rings_5,7741c3e44852,0.019148039928633773
synth_nested_rings_5,b2d6bf5f391d,0.011769779050986397
synth_nested_rings_5,3964e1ccb548,0.003178294698523244
synth_nested_rings_5,4c077151b389,0.0029203859715724993
synth_nested_rings_5,f292f2a1db5b,0.00295225775479983
synth_nested_rings_5,a4dbad06fd4e,0.003974862215012509
synth_nested_rings_5,8eecd2798818,0.006817577577901609
synth_nested_rings_5,4d9c9acccd21,0.005683901133756787
synth_nested_rings_5,9381fbddb6c5,0.010785875915779997
synth_nested_rings_5,8ec393598948,0.004749829227839119
synth_nested_rings_5,77e145ffcc55,0.0029271431747868687
synth_nested_rings_5,632568e85407,0.006963492979042463
synth_nested_rings_5,fa9612cfa871,0.005038256915759567
synth_nested_rings_5,3d72e70b09e3,0.002792595901521118
synth_nested_rings_5,45c510f16843,0.0023596023283101084
synth_nested_rings_5,27a2752a569f,0.004675888083524618
synth_nested_rings_5,4ec824c366d4,0.05281706805347652
synth_nested_rings_5,4555573328fc,0.04246247748836878
synth_nested_rings_5,0f46e0814abc,0.06623390147816623
synth_nested_rings_5,759f97a6695c,
synth_nested_rings_5,9cd81f07f9eb,
synth_nested_rings_5,bb5d6442dae0,
synth_nested_rings_5,c610648f3a0b,0.04793242839972806
synth_nested_rings_5,d9a6e957a479,0.01227253049323052
synth_nested_rings_5,e0981ae1c5a2,
synth_nested_rings_5,08e381bd46b1,
synth_nested_rings_5,f7183f4c1fed,
synth_nested_rings_5,7c2e8cd4a56d,
synth_nested_rings_5,07ebbef7de3c,
synth_nested_rings_5,db49059653de,
synth_nested_rings_5,19967cb83e78,
synth_nested_rings_5,158a0277ed3c,
synth_nested_rings_5,d0fba6f03c0f,
synth_nested_rings_5,f10f8ff36baa,
synth_nested_rings_5,672c637760be,
synth_nested_rings_5,0cd896f527d5,
synth_nested_rings_5,4887a0323e21,
synth_nested_rings_5,3d795ce47578,
synth_nested_rings_5,639f74dd0e43,
synth_nested_rings_5,9c3ccb4fd98f,
synth_nested_rings_5,5647bbf0428d,0.047696162847204106
synth_nested_rings_5,389d4ccb0588,0.014055294890094633
synth_nested_rings_5,e34ce5984b64,0.017995655056869522
synth_nested_rings_5,63470ebdd53e,0.04597728162280265
synth_nested_rings_5,46814f50e13d,0.02441195631565406
synth_nested_rings_5,e597041814f5,0.012325247579928086
synth_nested_rings_5,024a1a8c54d1,0.03433226811115277
synth_nested_rings_5,bdcde80d6dbb,0.026804556218319363
synth_nested_rings_5,95475ce56089,0.01048156764373947
synth_nested_rings_5,5009193136b4,0.03403286221192346
synth_nested_rings_5,955728329102,0.025716743041363056
synth_nested_rings_5,1f1b6dfa46dc,0.0335951707298375
synth_nested_rings_5,272f18e90bd4,0.011378578728037018
synth_nested_rings_5,0cc00684cc3f,0.012265706511100734
synth_nested_rings_5,7203310ff7ba,0.014742057638078792
synth_nested_rings_5,a399ab5a112a,0.0164999116319062
synth_nested_rings_5,4d00158c440c,0.02257800388235877
synth_nested_rings_5,f028e3896d9e,0.027064598152182682
synth_nested_rings_5,bc0e2be21bfb,0.027064598152182682
synth_nested_rings_5,ae16e9272ff8,0.011329249531038685
synth_nested_rings_5,803c0d3403ff,0.011490035303521932
synth_nested_rings_5,579a8bd776f9,0.014923143029192504
synth_nested_rings_5,ccd2d07c7a4a,0.018828274766735664
synth_nested_rings_5,92f60358ba37,0.02379122764977539
synth_nested_rings_5,646357d2ae16,0.027616426770373015
synth_nested_rings_5,5773d7049286,0.03357313460352188
synth_nested_rings_5,a81f368f51bb,0.01322295946881056
synth_nested_rings_5,70969dd2d720,0.013503576676420931
synth_nested_rings_5,34b50b92b183,0.015269173487219791
synth_nested_rings_5,48d260f98b0d,0.01800671305710168
synth_nested_rings_5,1134a806601d,0.0199460226883847
synth_nested_rings_5,0069693e350e,0.027189915641378768
synth_nested_rings_5,2fa0af8799c8,0.030697186537213754
synth_noisy_10pct,76c89cda5ca5,0.06013193177266992
synth_noisy_10pct,23861655ac34,0.06174027672720778
synth_noisy_10pct,a042255d7a7d,0.018099625694498973
synth_noisy_10pct,47980bf71ea8,0.010475561480857605
synth_noisy_10pct,79d9b0fb5f02,0.011281723893068961
synth_noisy_10pct,e511e76239fe,0.016269827331572957
synth_noisy_10pct,7741c3e44852,0.012282882658943041
synth_noisy_10pct,b2d6bf5f391d,0.028256201516487632
synth_noisy_10pct,3964e1ccb548,0.09563816241836035
synth_noisy_10pct,4c077151b389,0.024955111643067247
synth_noisy_10pct,f292f2a1db5b,0.025862620061554247
synth_noisy_10pct,a4dbad06fd4e,0.011783430718772933
synth_noisy_10pct,8eecd2798818,0.008469275690543503
synth_noisy_10pct,4d9c9acccd21,0.012304903066448117
synth_noisy_10pct,9381fbddb6c5,0.01666546924473316
synth_noisy_10pct,8ec393598948,0.061849564028300955
synth_noisy_10pct,77e145ffcc55,0.06559539950154605
synth_noisy_10pct,632568e85407,0.025862620061554247
synth_noisy_10pct,fa9612cfa871,0.0024319057021643764
synth_noisy_10pct,3d72e70b09e3,0.004459127593999223
synth_noisy_10pct,45c510f16843,0.01098649132433948
synth_noisy_10pct,27a2752a569f,0.007111359858570882
synth_noisy_10pct,3a9260f9550f,0.0508058072823395
synth_noisy_10pct,0dfb18d06f3a,0.1335884007403563
synth_noisy_10pct,c104b3d67121,0.09349872536156464
synth_noisy_10pct,7f10ff06a55f,0.09034262055790704
synth_noisy_10pct,afb4fe7d2eaa,0.019621701519105306
synth_noisy_10pct,627cdef1f058,0.022934151243516995
synth_noisy_10pct,c5dfd3221b79,0.11744862229591342
synth_noisy_10pct,e3ae029f4d54,0.0613309514098334
synth_noisy_10pct,98d2a79e4c00,0.00996075848867947
synth_noisy_10pct,0481ef8f35a2,0.009218941527542136
synth_noisy_10pct,9a585386bc6d,0.002172425209228482
synth_noisy_10pct,971471268792,0.010614924222750406
synth_noisy_10pct,4ec824c366d4,0.09867660427303417
synth_noisy_10pct,4555573328fc,0.045709440755325785
synth_noisy_10pct,0f46e0814abc,0.0748187878233669
synth_noisy_10pct,759f97a6695c,
synth_noisy_10pct,9cd81f07f9eb,0.14340724307156658
synth_noisy_10pct,bb5d6442dae0,0.18129332612021085
synth_noisy_10pct,c610648f3a0b,0.26066523590669866
synth_noisy_10pct,d9a6e957a479,0.31349154835745163
synth_noisy_10pct,e0981ae1c5a2,0.1642119336124088
synth_noisy_10pct,08e381bd46b1,0.20690701294683916
synth_noisy_10pct,f7183f4c1fed,0.20690701294683916
synth_noisy_10pct,7c2e8cd4a56d,0.20690701294683916
synth_noisy_10pct,07ebbef7de3c,
synth_noisy_10pct,db49059653de,
synth_noisy_10pct,19967cb83e78,0.11326399649220183
synth_noisy_10pct,158a0277ed3c,
synth_noisy_10pct,d0fba6f03c0f,
synth_noisy_10pct,f10f8ff36baa,
synth_noisy_10pct,672c637760be,
synth_noisy_10pct,0cd896f527d5,
synth_noisy_10pct,4887a0323e21,
synth_noisy_10pct,3d795ce47578,
synth_noisy_10pct,639f74dd0e43,
synth_noisy_10pct,9c3ccb4fd98f,
synth_noisy_10pct,5647bbf0428d,0.12421130971422174
synth_noisy_10pct,389d4ccb0588,0.06381125287307607
synth_noisy_10pct,e34ce5984b64,0.06381125287307607
synth_noisy_10pct,63470ebdd53e,0.12421130971422174
synth_noisy_10pct,46814f50e13d,0.06381125287307607
synth_noisy_10pct,e597041814f5,0.06381125287307607
synth_noisy_10pct,024a1a8c54d1,0.12421130971422174
synth_noisy_10pct,bdcde80d6dbb,0.06381125287307607
synth_noisy_10pct,95475ce56089,0.06381125287307607
synth_noisy_10pct,5009193136b4,0.12421130971422174
synth_noisy_10pct,955728329102,0.06381125287307607
synth_noisy_10pct,1f1b6dfa46dc,0.06381125287307607
synth_noisy_10pct,272f18e90bd4,0.13305034694334486
synth_noisy_10pct,0cc00684cc3f,0.05776059044448844
synth_noisy_10pct,7203310ff7ba,0.10106321594646558
synth_noisy_10pct,a399ab5a112a,0.018227710039547707
synth_noisy_10pct,4d00158c440c,0.01993991927151428
synth_noisy_10pct,f028e3896d9e,0.027855110391094066
synth_noisy_10pct,bc0e2be21bfb,0.03422099242829824
synth_noisy_10pct,ae16e9272ff8,0.13719431910997046
synth_noisy_10pct,803c0d3403ff,0.06099602314783078
synth_noisy_10pct,579a8bd776f9,0.0796569746047745
synth_noisy_10pct,ccd2d07c7a4a,0.10083646278479667
synth_noisy_10pct,92f60358ba37,0.13233045479680264
synth_noisy_10pct,646357d2ae16,0.03445513979856835
synth_noisy_10pct,5773d7049286,0.04025614342865538
synth_noisy_10pct,a81f368f51bb,0.14067231187172208
synth_noisy_10pct,70969dd2d720,0.1513341128968648
synth_noisy_10pct,34b50b92b183,0.0796569746047745
synth_noisy_10pct,48d260f98b0d,0.0953381782176404
synth_noisy_10pct,1134a806601d,0.12874098978516346
synth_noisy_10pct,0069693e350e,0.07423925029800749
synth_noisy_10pct,2fa0af8799c8,0.06361317645382378
synth_noisy_15pct_d10,76c89cda5ca5,0.21418465121551117
synth_noisy_15pct_d10,23861655ac34,0.21418465121551117
synth_noisy_15pct_d10,a042255d7a7d,0.17188127526804114
synth_noisy_15pct_d10,47980bf71ea8,0.20547590143569133
synth_noisy_15pct_d10,79d9b0fb5f02,0.21583525095639766
synth_noisy_15pct_d10,e511e76239fe,0.050365274188068895
synth_noisy_15pct_d10,7741c3e44852,0.03853375649155577
synth_noisy_15pct_d10,b2d6bf5f391d,0.03134281015780793
synth_noisy_15pct_d10,3964e1ccb548,0.2373790328146958
synth_noisy_15pct_d10,4c077151b389,0.1934920150246989
synth_noisy_15pct_d10,f292f2a1db5b,0.16182473144909798
synth_noisy_15pct_d10,a4dbad06fd4e,0.17184471810659316
synth_noisy_15pct_d10,8eecd2798818,0.026904390408232875
synth_noisy_15pct_d10,4d9c9acccd21,0.029542919605614594
synth_noisy_15pct_d10,9381fbddb6c5,0.04721724720171447
synth_noisy_15pct_d10,8ec393598948,0.2373790328146958
synth_noisy_15pct_d10,77e145ffcc55,0.16182473144909798
synth_noisy_15pct_d10,632568e85407,0.16182473144909798
synth_noisy_15pct_d10,fa9612cfa871,0.18381556561201906
synth_noisy_15pct_d10,3d72e70b09e3,0.03697822086825665
synth_noisy_15pct_d10,45c510f16843,0.03182457850782797
synth_noisy_15pct_d10,27a2752a569f,0.03450019841983619
synth_noisy_15pct_d10,4ec824c366d4,
synth_noisy_15pct_d10,4555573328fc,
synth_noisy_15pct_d10,0f46e0814abc,
synth_noisy_15pct_d10,759f97a6695c,
synth_noisy_15pct_d10,9cd81f07f9eb,
synth_noisy_15pct_d10,bb5d6442dae0,
synth_noisy_15pct_d10,c610648f3a0b,
synth_noisy_15pct_d10,d9a6e957a479,
synth_noisy_15pct_d10,e0981ae1c5a2,0.2804013520798529
synth_noisy_15pct_d10,08e381bd46b1,1.490229298002512
synth_noisy_15pct_d10,f7183f4c1fed,1.787316287074475
synth_noisy_15pct_d10,7c2e8cd4a56d,2.5467167828029242
synth_noisy_15pct_d10,07ebbef7de3c,0.8702099586524945
synth_noisy_15pct_d10,db49059653de,0.8702099586524945
synth_noisy_15pct_d10,19967cb83e78,0.8702099586524945
synth_noisy_15pct_d10,158a0277ed3c,0.8702099586524945
synth_noisy_15pct_d10,d0fba6f03c0f,0.6536718336980989
synth_noisy_15pct_d10,f10f8ff36baa,0.6536718336980989
synth_noisy_15pct_d10,672c637760be,0.6536718336980989
synth_noisy_15pct_d10,0cd896f527d5,0.6536718336980989
synth_noisy_15pct_d10,4887a0323e21,
synth_noisy_15pct_d10,3d795ce47578,
synth_noisy_15pct_d10,639f74dd0e43,
synth_noisy_15pct_d10,9c3ccb4fd98f,
synth_noisy_15pct_d10,5647bbf0428d,0.31175402608347763
synth_noisy_15pct_d10,389d4ccb0588,0.41253789326198054
synth_noisy_15pct_d10,e34ce5984b64,0.5677421469887572
synth_noisy_15pct_d10,63470ebdd53e,0.31175402608347763
synth_noisy_15pct_d10,46814f50e13d,0.41253789326198054
synth_noisy_15pct_d10,e597041814f5,0.5677421469887572
synth_noisy_15pct_d10,024a1a8c54d1,0.31175402608347763
synth_noisy_15pct_d10,bdcde80d6dbb,0.41253789326198054
synth_noisy_15pct_d10,95475ce56089,0.5677421469887572
synth_noisy_15pct_d10,5009193136b4,0.31175402608347763
synth_noisy_15pct_d10,955728329102,0.41253789326198054
synth_noisy_15pct_d10,1f1b6dfa46dc,0.5677421469887572
synth_noisy_15pct_d10,272f18e90bd4,0.16182473144909798
synth_noisy_15pct_d10,0cc00684cc3f,0.16182473144909798
synth_noisy_15pct_d10,7203310ff7ba,0.17122290219793976
synth_noisy_15pct_d10,a399ab5a112a,0.17962220745499227
synth_noisy_15pct_d10,4d00158c440c,0.19880630718265294
synth_noisy_15pct_d10,f028e3896d9e,0.20830801874092342
synth_noisy_15pct_d10,bc0e2be21bfb,0.24470204345783594
synth_noisy_15pct_d10,ae16e9272ff8,0.20728165081342534
synth_noisy_15pct_d10,803c0d3403ff,0.21237824782591083
synth_noisy_15pct_d10,579a8bd776f9,0.19880630718265294
synth_noisy_15pct_d10,ccd2d07c7a4a,0.20291674760643066
synth_noisy_15pct_d10,92f60358ba37,0.21101458290852215
synth_noisy_15pct_d10,646357d2ae16,0.2355372166319
synth_noisy_15pct_d10,5773d7049286,0.2593194012386681
synth_noisy_15pct_d10,a81f368f51bb,0.435627077321727
synth_noisy_15pct_d10,70969dd2d720,0.37695441772504634
synth_noisy_15pct_d10,34b50b92b183,0.3320095280452026
synth_noisy_15pct_d10,48d260f98b0d,0.3153384911763414
synth_noisy_15pct_d10,1134a806601d,0.2810704444071907
synth_noisy_15pct_d10,0069693e350e,0.2964543003655573
synth_noisy_15pct_d10,2fa0af8799c8,0.28226539321865307
synth_noisy_15pct_d2,76c89cda5ca5,0.04106172447209706
synth_noisy_15pct_d2,23861655ac34,0.03411812841929028
synth_noisy_15pct_d2,a042255d7a7d,0.009378212525201815
synth_noisy_15pct_d2,47980bf71ea8,0.011074083866188876
synth_noisy_15pct_d2,79d9b0fb5f02,0.0083115930972414
synth_noisy_15pct_d2,e511e76239fe,0.0030407177479888133
synth_noisy_15pct_d2,7741c3e44852,0.006795646747654987
synth_noisy_15pct_d2,b2d6bf5f391d,0.009827227600560325
synth_noisy_15pct_d2,3964e1ccb548,0.029281725350969328
synth_noisy_15pct_d2,4c077151b389,0.011861218557961415
synth_noisy_15pct_d2,f292f2a1db5b,0.012511958035518675
synth_noisy_15pct_d2,a4dbad06fd4e,0.010681467497501375
synth_noisy_15pct_d2,8eecd2798818,0.004078144749335529
synth_noisy_15pct_d2,4d9c9acccd21,0.0034207369200812397
synth_noisy_15pct_d2,9381fbddb6c5,0.00468277054721951
synth_noisy_15pct_d2,8ec393598948,0.03888881896006583
synth_noisy_15pct_d2,77e145ffcc55,0.011861218557961415
synth_noisy_15pct_d2,632568e85407,0.01015397610618154
synth_noisy_15pct_d2,fa9612cfa871,0.011627469381333626
synth_noisy_15pct_d2,3d72e70b09e3,0.008147841617052204
synth_noisy_15pct_d2,45c510f16843,0.005717605874579468
synth_noisy_15pct_d2,27a2752a569f,0.005935448544317702
synth_noisy_15pct_d2,4ec824c366d4,0.0536625671145243
synth_noisy_15pct_d2,4555573328fc,0.032568484578674846
synth_noisy_15pct_d2,0f46e0814abc,0.2647282781133801
synth_noisy_15pct_d2,759f97a6695c,0.09989191509992963
synth_noisy_15pct_d2,9cd81f07f9eb,0.07042716758326939
synth_noisy_15pct_d2,bb5d6442dae0,0.07536532532160013
synth_noisy_15pct_d2,c610648f3a0b,0.15679409565394123
synth_noisy_15pct_d2,d9a6e957a479,0.1697244573773275
synth_noisy_15pct_d2,e0981ae1c5a2,
synth_noisy_15pct_d2,08e381bd46b1,
synth_noisy_15pct_d2,f7183f4c1fed,
synth_noisy_15pct_d2,7c2e8cd4a56d,
synth_noisy_15pct_d2,07ebbef7de3c,
synth_noisy_15pct_d2,db49059653de,
synth_noisy_15pct_d2,19967cb83e78,
synth_noisy_15pct_d2,158a0277ed3c,
synth_noisy_15pct_d2,d0fba6f03c0f,
synth_noisy_15pct_d2,f10f8ff36baa,
synth_noisy_15pct_d2,672c637760be,
synth_noisy_15pct_d2,0cd896f527d5,
synth_noisy_15pct_d2,4887a0323e21,
synth_noisy_15pct_d2,3d795ce47578,
synth_noisy_15pct_d2,639f74dd0e43,
synth_noisy_15pct_d2,9c3ccb4fd98f,
synth_noisy_15pct_d2,5647bbf0428d,0.0252011687410967
synth_noisy_15pct_d2,389d4ccb0588,0.12466275858993507
synth_noisy_15pct_d2,e34ce5984b64,0.1697244573773275
synth_noisy_15pct_d2,63470ebdd53e,0.1050186106823746
synth_noisy_15pct_d2,46814f50e13d,0.12466275858993507
synth_noisy_15pct_d2,e597041814f5,0.1697244573773275
synth_noisy_15pct_d2,024a1a8c54d1,0.06864045816533736
synth_noisy_15pct_d2,bdcde80d6dbb,0.12466275858993507
synth_noisy_15pct_d2,95475ce56089,0.1697244573773275
synth_noisy_15pct_d2,5009193136b4,0.06864045816533736
synth_noisy_15pct_d2,955728329102,0.12466275858993507
synth_noisy_15pct_d2,1f1b6dfa46dc,0.1697244573773275
synth_noisy_15pct_d2,272f18e90bd4,0.04838521434620363
synth_noisy_15pct_d2,0cc00684cc3f,0.05233580952385377
synth_noisy_15pct_d2,7203310ff7ba,0.019601352476747946
synth_noisy_15pct_d2,a399ab5a112a,0.02182513105579445
synth_noisy_15pct_d2,4d00158c440c,0.011141480279000077
synth_noisy_15pct_d2,f028e3896d9e,0.011141480279000077
synth_noisy_15pct_d2,bc0e2be21bfb,0.011141480279000077
synth_noisy_15pct_d2,ae16e9272ff8,0.011114307237400712
synth_noisy_15pct_d2,803c0d3403ff,0.011681854991273147
synth_noisy_15pct_d2,579a8bd776f9,0.017543551899143587
synth_noisy_15pct_d2,ccd2d07c7a4a,0.017870687849977328
synth_noisy_15pct_d2,92f60358ba37,0.011845349448589953
synth_noisy_15pct_d2,646357d2ae16,0.015172416795800489
synth_noisy_15pct_d2,5773d7049286,0.016925992816708764
synth_noisy_15pct_d2,a81f368f51bb,0.06378665567812114
synth_noisy_15pct_d2,70969dd2d720,0.04838521434620363
synth_noisy_15pct_d2,34b50b92b183,0.07136153240269462
synth_noisy_15pct_d2,48d260f98b0d,0.08637447921704786
synth_noisy_15pct_d2,1134a806601d,0.08637447921704786
synth_noisy_15pct_d2,0069693e350e,0.04137781227663074
synth_noisy_15pct_d2,2fa0af8799c8,0.04137781227663074
synth_noisy_20pct_5d,76c89cda5ca5,0.11859369194367655
synth_noisy_20pct_5d,23861655ac34,0.0784936113741278
synth_noisy_20pct_5d,a042255d7a7d,0.09219876066373385
synth_noisy_20pct_5d,47980bf71ea8,0.10038561298739847
synth_noisy_20pct_5d,79d9b0fb5f02,0.14447284218205497
synth_noisy_20pct_5d,e511e76239fe,0.15326839197654463
synth_noisy_20pct_5d,7741c3e44852,0.023840934777763403
synth_noisy_20pct_5d,b2d6bf5f391d,0.03198627139871556
synth_noisy_20pct_5d,3964e1ccb548,0.05453162328581465
synth_noisy_20pct_5d,4c077151b389,0.05453162328581465
synth_noisy_20pct_5d,f292f2a1db5b,0.06431590476043399
synth_noisy_20pct_5d,a4dbad06fd4e,0.05873363027536907
synth_noisy_20pct_5d,8eecd2798818,0.07388729129179339
synth_noisy_20pct_5d,4d9c9acccd21,0.08785713256230292
synth_noisy_20pct_5d,9381fbddb6c5,0.022937705426199356
synth_noisy_20pct_5d,8ec393598948,0.06931118946390445
synth_noisy_20pct_5d,77e145ffcc55,0.06525140887599444
synth_noisy_20pct_5d,632568e85407,0.0784936113741278
synth_noisy_20pct_5d,fa9612cfa871,0.06346292424720051
synth_noisy_20pct_5d,3d72e70b09e3,0.0674012007024624
synth_noisy_20pct_5d,45c510f16843,0.07203413871375802
synth_noisy_20pct_5d,27a2752a569f,0.015033418473124125
synth_noisy_20pct_5d,3a9260f9550f,0.10592700181106093
synth_noisy_20pct_5d,0dfb18d06f3a,0.11611037162353703
synth_noisy_20pct_5d,c104b3d67121,0.10593768718407905
synth_noisy_20pct_5d,7f10ff06a55f,0.1091563381915291
synth_noisy_20pct_5d,afb4fe7d2eaa,0.08585080121769667
synth_noisy_20pct_5d,627cdef1f058,0.1323325991891849
synth_noisy_20pct_5d,c5dfd3221b79,0.0880926556096352
synth_noisy_20pct_5d,e3ae029f4d54,0.1305344152526504
synth_noisy_20pct_5d,98d2a79e4c00,0.10593768718407905
synth_noisy_20pct_5d,0481ef8f35a2,0.011249354854786627
synth_noisy_20pct_5d,9a585386bc6d,0.011468561972905272
synth_noisy_20pct_5d,971471268792,0.012747486113535907
synth_noisy_20pct_5d,4ec824c366d4,
synth_noisy_20pct_5d,4555573328fc,
synth_noisy_20pct_5d,0f46e0814abc,
synth_noisy_20pct_5d,759f97a6695c,
synth_noisy_20pct_5d,9cd81f07f9eb,1.1514605021226132
synth_noisy_20pct_5d,bb5d6442dae0,1.1564558187946243
synth_noisy_20pct_5d,c610648f3a0b,1.3051618130551637
synth_noisy_20pct_5d,d9a6e957a479,1.5056126768183984
synth_noisy_20pct_5d,e0981ae1c5a2,0.8100468294368256
synth_noisy_20pct_5d,08e381bd46b1,0.8100468294368256
synth_noisy_20pct_5d,f7183f4c1fed,0.8100468294368256
synth_noisy_20pct_5d,7c2e8cd4a56d,0.8297593021913945
synth_noisy_20pct_5d,07ebbef7de3c,0.26754784503799306
synth_noisy_20pct_5d,db49059653de,0.25983098798693255
synth_noisy_20pct_5d,19967cb83e78,0.4651792026721745
synth_noisy_20pct_5d,158a0277ed3c,0.4651792026721745
synth_noisy_20pct_5d,d0fba6f03c0f,
synth_noisy_20pct_5d,f10f8ff36baa,
synth_noisy_20pct_5d,672c637760be,
synth_noisy_20pct_5d,0cd896f527d5,
synth_noisy_20pct_5d,4887a0323e21,
synth_noisy_20pct_5d,3d795ce47578,
synth_noisy_20pct_5d,639f74dd0e43,
synth_noisy_20pct_5d,9c3ccb4fd98f,
synth_noisy_20pct_5d,5647bbf0428d,0.20529634909595865
synth_noisy_20pct_5d,389d4ccb0588,0.30620510217380253
synth_noisy_20pct_5d,e34ce5984b64,0.2691428057610354
synth_noisy_20pct_5d,63470ebdd53e,0.20529634909595865
synth_noisy_20pct_5d,46814f50e13d,0.30620510217380253
synth_noisy_20pct_5d,e597041814f5,0.2691428057610354
synth_noisy_20pct_5d,024a1a8c54d1,0.20529634909595865
synth_noisy_20pct_5d,bdcde80d6dbb,0.30620510217380253
synth_noisy_20pct_5d,95475ce56089,0.2691428057610354
synth_noisy_20pct_5d,5009193136b4,0.20529634909595865
synth_noisy_20pct_5d,955728329102,0.30620510217380253
synth_noisy_20pct_5d,1f1b6dfa46dc,0.2691428057610354
synth_noisy_20pct_5d,272f18e90bd4,0.12427959291789453
synth_noisy_20pct_5d,0cc00684cc3f,0.1350785537199283
synth_noisy_20pct_5d,7203310ff7ba,0.10880194089061172
synth_noisy_20pct_5d,a399ab5a112a,0.11535465206420902
synth_noisy_20pct_5d,4d00158c440c,0.1296319854505666
synth_noisy_20pct_5d,f028e3896d9e,0.15181432586178525
synth_noisy_20pct_5d,bc0e2be21bfb,0.18270784710915067
synth_noisy_20pct_5d,ae16e9272ff8,0.10681912228460368
synth_noisy_20pct_5d,803c0d3403ff,0.10977200681067122
synth_noisy_20pct_5d,579a8bd776f9,0.11909814690515329
synth_noisy_20pct_5d,ccd2d07c7a4a,0.08251038479524318
synth_noisy_20pct_5d,92f60358ba37,0.08699875664617007
synth_noisy_20pct_5d,646357d2ae16,0.10045054744757807
synth_noisy_20pct_5d,5773d7049286,0.11027174065620048
synth_noisy_20pct_5d,a81f368f51bb,0.20555345538903
synth_noisy_20pct_5d,70969dd2d720,0.17516902819262342
synth_noisy_20pct_5d,34b50b92b183,0.13902618233682112
synth_noisy_20pct_5d,48d260f98b0d,0.13902618233682112
synth_noisy_20pct_5d,1134a806601d,0.15667240016120854
synth_noisy_20pct_5d,0069693e350e,0.15667240016120854
synth_noisy_20pct_5d,2fa0af8799c8,0.183149130134897
synth_noisy_25pct_d10,76c89cda5ca5,0.21368493579916237
synth_noisy_25pct_d10,23861655ac34,0.2136849357991624
synth_noisy_25pct_d10,a042255d7a7d,0.20006118361048286
synth_noisy_25pct_d10,47980bf71ea8,0.2176842676665261
synth_noisy_25pct_d10,79d9b0fb5f02,0.2583390366816677
synth_noisy_25pct_d10,e511e76239fe,0.20072711234882806
synth_noisy_25pct_d10,7741c3e44852,0.2719936893350825
synth_noisy_25pct_d10,b2d6bf5f391d,0.2476615135832273
synth_noisy_25pct_d10,3964e1ccb548,0.20550382056438435
synth_noisy_25pct_d10,4c077151b389,0.20550382056438435
synth_noisy_25pct_d10,f292f2a1db5b,0.153764580302867
synth_noisy_25pct_d10,a4dbad06fd4e,0.15665905038611916
synth_noisy_25pct_d10,8eecd2798818,0.16154816898140517
synth_noisy_25pct_d10,4d9c9acccd21,0.1701872995084225
synth_noisy_25pct_d10,9381fbddb6c5,0.18716895835516956
synth_noisy_25pct_d10,8ec393598948,0.04609232893269733
synth_noisy_25pct_d10,77e145ffcc55,0.20550382056438435
synth_noisy_25pct_d10,632568e85407,0.153764580302867
synth_noisy_25pct_d10,fa9612cfa871,0.1701581879060044
synth_noisy_25pct_d10,3d72e70b09e3,0.16154816898140517
synth_noisy_25pct_d10,45c510f16843,0.2015133216768547
synth_noisy_25pct_d10,27a2752a569f,0.17320916333284675
synth_noisy_25pct_d10,4ec824c366d4,
synth_noisy_25pct_d10,4555573328fc,
synth_noisy_25pct_d10,0f46e0814abc,
synth_noisy_25pct_d10,759f97a6695c,
synth_noisy_25pct_d10,9cd81f07f9eb,
synth_noisy_25pct_d10,bb5d6442dae0,
synth_noisy_25pct_d10,c610648f3a0b,
synth_noisy_25pct_d10,d9a6e957a479,
synth_noisy_25pct_d10,e0981ae1c5a2,0.28720136895939585
synth_noisy_25pct_d10,08e381bd46b1,1.437230343553887
synth_noisy_25pct_d10,f7183f4c1fed,0.42561172653111123
synth_noisy_25pct_d10,7c2e8cd4a56d,
synth_noisy_25pct_d10,07ebbef7de3c,0.984405544732379
synth_noisy_25pct_d10,db49059653de,0.984405544732379
synth_noisy_25pct_d10,19967cb83e78,0.984405544732379
synth_noisy_25pct_d10,158a0277ed3c,0.984405544732379
synth_noisy_25pct_d10,d0fba6f03c0f,0.7890243437968572
synth_noisy_25pct_d10,f10f8ff36baa,0.7890243437968572
synth_noisy_25pct_d10,672c637760be,0.7890243437968572
synth_noisy_25pct_d10,0cd896f527d5,0.7890243437968572
synth_noisy_25pct_d10,4887a0323e21,
synth_noisy_25pct_d10,3d795ce47578,
synth_noisy_25pct_d10,639f74dd0e43,
synth_noisy_25pct_d10,9c3ccb4fd98f,
synth_noisy_25pct_d10,5647bbf0428d,0.38569778990497156
synth_noisy_25pct_d10,389d4ccb0588,0.5083664943088999
synth_noisy_25pct_d10,e34ce5984b64,0.4381054555837551
synth_noisy_25pct_d10,63470ebdd53e,0.38569778990497156
synth_noisy_25pct_d10,46814f50e13d,0.5083664943088999
synth_noisy_25pct_d10,e597041814f5,0.4381054555837551
synth_noisy_25pct_d10,024a1a8c54d1,0.38569778990497156
synth_noisy_25pct_d10,bdcde80d6dbb,0.5083664943088999
synth_noisy_25pct_d10,95475ce56089,0.4381054555837551
synth_noisy_25pct_d10,5009193136b4,0.38569778990497156
synth_noisy_25pct_d10,955728329102,0.5083664943088999
synth_noisy_25pct_d10,1f1b6dfa46dc,0.4381054555837551
synth_noisy_25pct_d10,272f18e90bd4,0.22844241235503324
synth_noisy_25pct_d10,0cc00684cc3f,0.2201008664316229
synth_noisy_25pct_d10,7203310ff7ba,0.2095671657678979
synth_noisy_25pct_d10,a399ab5a112a,0.21709176219942677
synth_noisy_25pct_d10,4d00158c440c,0.21709176219942677
synth_noisy_25pct_d10,f028e3896d9e,0.2462056084821697
synth_noisy_25pct_d10,bc0e2be21bfb,0.2787051436146816
synth_noisy_25pct_d10,ae16e9272ff8,0.2160182614163957
synth_noisy_25pct_d10,803c0d3403ff,0.2274136062162056
synth_noisy_25pct_d10,579a8bd776f9,0.2389983411037798
synth_noisy_25pct_d10,ccd2d07c7a4a,0.2537673480511396
synth_noisy_25pct_d10,92f60358ba37,0.26438950096451885
synth_noisy_25pct_d10,646357d2ae16,0.28792435152763085
synth_noisy_25pct_d10,5773d7049286,0.3013575302169073
synth_noisy_25pct_d10,a81f368f51bb,0.3663434478683751
synth_noisy_25pct_d10,70969dd2d720,0.34657430691325636
synth_noisy_25pct_d10,34b50b92b183,0.2674184019020834
synth_noisy_25pct_d10,48d260f98b0d,0.2675324598706716
synth_noisy_25pct_d10,1134a806601d,0.2675324598706716
synth_noisy_25pct_d10,0069693e350e,0.25863406672173994
synth_noisy_25pct_d10,2fa0af8799c8,0.22993581110467637
synth_noisy_25pct_d2,76c89cda5ca5,0.016747764430804207
synth_noisy_25pct_d2,23861655ac34,0.016111246136639588
synth_noisy_25pct_d2,a042255d7a7d,0.03259164357564009
synth_noisy_25pct_d2,47980bf71ea8,0.030089891076224787
synth_noisy_25pct_d2,79d9b0fb5f02,0.009953920051520876
synth_noisy_25pct_d2,e511e76239fe,0.008056210674355468
synth_noisy_25pct_d2,7741c3e44852,0.010404741018663437
synth_noisy_25pct_d2,b2d6bf5f391d,0.008325831126244878
synth_noisy_25pct_d2,3964e1ccb548,0.01257804641427049
synth_noisy_25pct_d2,4c077151b389,0.008585477302649512
synth_noisy_25pct_d2,f292f2a1db5b,0.007096091891364543
synth_noisy_25pct_d2,a4dbad06fd4e,0.006978559842621325
synth_noisy_25pct_d2,8eecd2798818,0.023025267083632808
synth_noisy_25pct_d2,4d9c9acccd21,0.0068388636570187455
synth_noisy_25pct_d2,9381fbddb6c5,0.005512259060201755
synth_noisy_25pct_d2,8ec393598948,0.01221489232747887
synth_noisy_25pct_d2,77e145ffcc55,0.018058974687134736
synth_noisy_25pct_d2,632568e85407,0.007670981980795015
synth_noisy_25pct_d2,fa9612cfa871,0.013002197963234973
synth_noisy_25pct_d2,3d72e70b09e3,0.021741535543287477
synth_noisy_25pct_d2,45c510f16843,0.0052182641355946885
synth_noisy_25pct_d2,27a2752a569f,0.0036883579792134167
synth_noisy_25pct_d2,4ec824c366d4,0.05226809205549385
synth_noisy_25pct_d2,4555573328fc,0.04274598875806438
synth_noisy_25pct_d2,0f46e0814abc,0.04272138585713404
synth_noisy_25pct_d2,759f97a6695c,0.09285175902285243
synth_noisy_25pct_d2,9cd81f07f9eb,0.06084632729631992
synth_noisy_25pct_d2,bb5d6442dae0,0.029972779290093295
synth_noisy_25pct_d2,c610648f3a0b,
synth_noisy_25pct_d2,d9a6e957a479,
synth_noisy_25pct_d2,e0981ae1c5a2,
synth_noisy_25pct_d2,08e381bd46b1,
synth_noisy_25pct_d2,f7183f4c1fed,0.051050500526852956
synth_noisy_25pct_d2,7c2e8cd4a56d,
synth_noisy_25pct_d2,07ebbef7de3c,
synth_noisy_25pct_d2,db49059653de,
synth_noisy_25pct_d2,19967cb83e78,
synth_noisy_25pct_d2,158a0277ed3c,
synth_noisy_25pct_d2,d0fba6f03c0f,
synth_noisy_25pct_d2,f10f8ff36baa,
synth_noisy_25pct_d2,672c637760be,
synth_noisy_25pct_d2,0cd896f527d5,
synth_noisy_25pct_d2,4887a0323e21,
synth_noisy_25pct_d2,3d795ce47578,
synth_noisy_25pct_d2,639f74dd0e43,
synth_noisy_25pct_d2,9c3ccb4fd98f,
synth_noisy_25pct_d2,5647bbf0428d,0.025994594594340777
synth_noisy_25pct_d2,389d4ccb0588,0.05342930658276283
synth_noisy_25pct_d2,e34ce5984b64,0.0680755306197227
synth_noisy_25pct_d2,63470ebdd53e,0.027275156167821217
synth_noisy_25pct_d2,46814f50e13d,0.04552283169313625
synth_noisy_25pct_d2,e597041814f5,0.0680755306197227
synth_noisy_25pct_d2,024a1a8c54d1,0.049312006260516704
synth_noisy_25pct_d2,bdcde80d6dbb,0.04552283169313625
synth_noisy_25pct_d2,95475ce56089,0.0680755306197227
synth_noisy_25pct_d2,5009193136b4,0.07034313118836272
synth_noisy_25pct_d2,955728329102,0.06330397939475299
synth_noisy_25pct_d2,1f1b6dfa46dc,0.0680755306197227
synth_noisy_25pct_d2,272f18e90bd4,0.01774593199469141
synth_noisy_25pct_d2,0cc00684cc3f,0.022176501844916215
synth_noisy_25pct_d2,7203310ff7ba,0.023786546806625584
synth_noisy_25pct_d2,a399ab5a112a,0.027946011285379074
synth_noisy_25pct_d2,4d00158c440c,0.03046869538299528
synth_noisy_25pct_d2,f028e3896d9e,0.01911056182201651
synth_noisy_25pct_d2,bc0e2be21bfb,0.017226543595146245
synth_noisy_25pct_d2,ae16e9272ff8,0.02887391992757537
synth_noisy_25pct_d2,803c0d3403ff,0.008210552664219961
synth_noisy_25pct_d2,579a8bd776f9,0.009782853398581613
synth_noisy_25pct_d2,ccd2d07c7a4a,0.013363192665618818
synth_noisy_25pct_d2,92f60358ba37,0.014249918248797957
synth_noisy_25pct_d2,646357d2ae16,0.017469248454570107
synth_noisy_25pct_d2,5773d7049286,0.02365861316873078
synth_noisy_25pct_d2,a81f368f51bb,0.05904904273831148
synth_noisy_25pct_d2,70969dd2d720,0.022138307515538906
synth_noisy_25pct_d2,34b50b92b183,0.03047731136293851
synth_noisy_25pct_d2,48d260f98b0d,0.035092459474309064
synth_noisy_25pct_d2,1134a806601d,0.039219688873499824
synth_noisy_25pct_d2,0069693e350e,0.04127102921351634
synth_noisy_25pct_d2,2fa0af8799c8,0.04610641002204603
synth_noisy_30pct,76c89cda5ca5,0.01630356241470775
synth_noisy_30pct,23861655ac34,0.01061650500753552
synth_noisy_30pct,a042255d7a7d,0.04189472352081314
synth_noisy_30pct,47980bf71ea8,0.02771454560454295
synth_noisy_30pct,79d9b0fb5f02,0.04631771529690561
synth_noisy_30pct,e511e76239fe,0.01307059397798464
synth_noisy_30pct,7741c3e44852,0.01638335477748218
synth_noisy_30pct,b2d6bf5f391d,0.015198117071840324
synth_noisy_30pct,3964e1ccb548,0.030826524863869206
synth_noisy_30pct,4c077151b389,0.03684194485306953
synth_noisy_30pct,f292f2a1db5b,0.014960547251938154
synth_noisy_30pct,a4dbad06fd4e,0.02303316067778123
synth_noisy_30pct,8eecd2798818,0.014207840250467018
synth_noisy_30pct,4d9c9acccd21,0.01869183741643696
synth_noisy_30pct,9381fbddb6c5,0.01820339110841221
synth_noisy_30pct,8ec393598948,0.009096264644785829
synth_noisy_30pct,77e145ffcc55,0.030941734096910787
synth_noisy_30pct,632568e85407,0.028887980692113784
synth_noisy_30pct,fa9612cfa871,0.03482890378872977
synth_noisy_30pct,3d72e70b09e3,0.043540433108401416
synth_noisy_30pct,45c510f16843,0.018978135771878995
synth_noisy_30pct,27a2752a569f,0.009221851543347813
synth_noisy_30pct,3a9260f9550f,0.028967894574283535
synth_noisy_30pct,0dfb18d06f3a,0.024751887185781564
synth_noisy_30pct,c104b3d67121,0.0559235417663072
synth_noisy_30pct,7f10ff06a55f,0.06541322544052801
synth_noisy_30pct,afb4fe7d2eaa,0.020411082945634904
synth_noisy_30pct,627cdef1f058,0.011386124183169045
synth_noisy_30pct,c5dfd3221b79,0.0379560763644581
synth_noisy_30pct,e3ae029f4d54,0.03283164938287528
synth_noisy_30pct,98d2a79e4c00,0.01705235469820496
synth_noisy_30pct,0481ef8f35a2,0.016989393165804608
synth_noisy_30pct,9a585386bc6d,0.008462426460476888
synth_noisy_30pct,971471268792,0.013635949905316889
synth_noisy_30pct,4ec824c366d4,0.1093879745818844
synth_noisy_30pct,4555573328fc,0.11374768248167587
synth_noisy_30pct,0f46e0814abc,0.1362878098959593
synth_noisy_30pct,759f97a6695c,
synth_noisy_30pct,9cd81f07f9eb,0.12930721035305645
synth_noisy_30pct,bb5d6442dae0,0.10446629238111037
synth_noisy_30pct,c610648f3a0b,0.5012855925353329
synth_noisy_30pct,d9a6e957a479,0.6853325566590446
synth_noisy_30pct,e0981ae1c5a2,
synth_noisy_30pct,08e381bd46b1,
synth_noisy_30pct,f7183f4c1fed,0.04642993751835212
synth_noisy_30pct,7c2e8cd4a56d,0.061728476164799456
synth_noisy_30pct,07ebbef7de3c,
synth_noisy_30pct,db49059653de,
synth_noisy_30pct,19967cb83e78,
synth_noisy_30pct,158a0277ed3c,
synth_noisy_30pct,d0fba6f03c0f,
synth_noisy_30pct,f10f8ff36baa,
synth_noisy_30pct,672c637760be,
synth_noisy_30pct,0cd896f527d5,
synth_noisy_30pct,4887a0323e21,
synth_noisy_30pct,3d795ce47578,
synth_noisy_30pct,639f74dd0e43,
synth_noisy_30pct,9c3ccb4fd98f,
synth_noisy_30pct,5647bbf0428d,0.05116970623692117
synth_noisy_30pct,389d4ccb0588,0.07130840036313611
synth_noisy_30pct,e34ce5984b64,0.12656236483938865
synth_noisy_30pct,63470ebdd53e,0.05790232545238975
synth_noisy_30pct,46814f50e13d,0.12280671648494006
synth_noisy_30pct,e597041814f5,0.12656236483938865
synth_noisy_30pct,024a1a8c54d1,0.10796996857066876
synth_noisy_30pct,bdcde80d6dbb,0.08357969162370421
synth_noisy_30pct,95475ce56089,0.12656236483938865
synth_noisy_30pct,5009193136b4,0.10796996857066876
synth_noisy_30pct,955728329102,0.08357969162370421
synth_noisy_30pct,1f1b6dfa46dc,0.12656236483938865
synth_noisy_30pct,272f18e90bd4,0.05915035575123302
synth_noisy_30pct,0cc00684cc3f,0.0644267558684847
synth_noisy_30pct,7203310ff7ba,0.08568666940379957
synth_noisy_30pct,a399ab5a112a,0.016920705441210448
synth_noisy_30pct,4d00158c440c,0.021340930382523923
synth_noisy_30pct,f028e3896d9e,0.02764289485462922
synth_noisy_30pct,bc0e2be21bfb,0.03151313132688945
synth_noisy_30pct,ae16e9272ff8,0.08537352003465684
synth_noisy_30pct,803c0d3403ff,0.06538318671046577
synth_noisy_30pct,579a8bd776f9,0.1053931273140204
synth_noisy_30pct,ccd2d07c7a4a,0.113805411473211
synth_noisy_30pct,92f60358ba37,0.021129532042279447
synth_noisy_30pct,646357d2ae16,0.024454984569180337
synth_noisy_30pct,5773d7049286,0.03167490569410207
synth_noisy_30pct,a81f368f51bb,0.044920364188889325
synth_noisy_30pct,70969dd2d720,0.06333311810912123
synth_noisy_30pct,34b50b92b183,0.081672616390152
synth_noisy_30pct,48d260f98b0d,0.1093443352164197
synth_noisy_30pct,1134a806601d,0.11361464354358591
synth_noisy_30pct,0069693e350e,0.11912287943190632
synth_noisy_30pct,2fa0af8799c8,0.09894511059878491
synth_noisy_5pct_d10,76c89cda5ca5,0.2641590220346772
synth_noisy_5pct_d10,23861655ac34,0.32408439162353936
synth_noisy_5pct_d10,a042255d7a7d,0.2861483213778651
synth_noisy_5pct_d10,47980bf71ea8,0.039582844924646754
synth_noisy_5pct_d10,79d9b0fb5f02,0.039582844924646754
synth_noisy_5pct_d10,e511e76239fe,0.037570884866866716
synth_noisy_5pct_d10,7741c3e44852,0.04052229064258628
synth_noisy_5pct_d10,b2d6bf5f391d,0.030394819259526445
synth_noisy_5pct_d10,3964e1ccb548,0.2641590220346772
synth_noisy_5pct_d10,4c077151b389,0.32408439162353936
synth_noisy_5pct_d10,f292f2a1db5b,0.12473736347269798
synth_noisy_5pct_d10,a4dbad06fd4e,0.03428210704407477
synth_noisy_5pct_d10,8eecd2798818,0.07273699245481029
synth_noisy_5pct_d10,4d9c9acccd21,0.039849446841761636
synth_noisy_5pct_d10,9381fbddb6c5,0.03686406594148359
synth_noisy_5pct_d10,8ec393598948,0.12473736347269798
synth_noisy_5pct_d10,77e145ffcc55,0.14258628992215977
synth_noisy_5pct_d10,632568e85407,0.12473736347269798
synth_noisy_5pct_d10,fa9612cfa871,0.03547280508943415
synth_noisy_5pct_d10,3d72e70b09e3,0.03614618818866374
synth_noisy_5pct_d10,45c510f16843,0.02378117404537652
synth_noisy_5pct_d10,27a2752a569f,0.023660323310897055
synth_noisy_5pct_d10,4ec824c366d4,
synth_noisy_5pct_d10,4555573328fc,
synth_noisy_5pct_d10,0f46e0814abc,
synth_noisy_5pct_d10,759f97a6695c,
synth_noisy_5pct_d10,9cd81f07f9eb,5.718457748556984
synth_noisy_5pct_d10,bb5d6442dae0,
synth_noisy_5pct_d10,c610648f3a0b,
synth_noisy_5pct_d10,d9a6e957a479,
synth_noisy_5pct_d10,e0981ae1c5a2,0.26570865228549295
synth_noisy_5pct_d10,08e381bd46b1,1.1794642918117666
synth_noisy_5pct_d10,f7183f4c1fed,1.3611207467479487
synth_noisy_5pct_d10,7c2e8cd4a56d,0.34037073343844576
synth_noisy_5pct_d10,07ebbef7de3c,0.7496909757638875
synth_noisy_5pct_d10,db49059653de,0.7496909757638875
synth_noisy_5pct_d10,19967cb83e78,0.7496909757638875
synth_noisy_5pct_d10,158a0277ed3c,0.7496909757638875
synth_noisy_5pct_d10,d0fba6f03c0f,0.4658387599724889
synth_noisy_5pct_d10,f10f8ff36baa,0.4658387599724889
synth_noisy_5pct_d10,672c637760be,0.4658387599724889
synth_noisy_5pct_d10,0cd896f527d5,0.4658387599724889
synth_noisy_5pct_d10,4887a0323e21,
synth_noisy_5pct_d10,3d795ce47578,
synth_noisy_5pct_d10,639f74dd0e43,
synth_noisy_5pct_d10,9c3ccb4fd98f,
synth_noisy_5pct_d10,5647bbf0428d,0.325185950225876
synth_noisy_5pct_d10,389d4ccb0588,0.4294139356558259
synth_noisy_5pct_d10,e34ce5984b64,0.4189371274500703
synth_noisy_5pct_d10,63470ebdd53e,0.325185950225876
synth_noisy_5pct_d10,46814f50e13d,0.4294139356558259
synth_noisy_5pct_d10,e597041814f5,0.4189371274500703
synth_noisy_5pct_d10,024a1a8c54d1,0.325185950225876
synth_noisy_5pct_d10,bdcde80d6dbb,0.4294139356558259
synth_noisy_5pct_d10,95475ce56089,0.4189371274500703
synth_noisy_5pct_d10,5009193136b4,0.325185950225876
synth_noisy_5pct_d10,955728329102,0.4294139356558259
synth_noisy_5pct_d10,1f1b6dfa46dc,0.4189371274500703
synth_noisy_5pct_d10,272f18e90bd4,0.24306249156162055
synth_noisy_5pct_d10,0cc00684cc3f,0.24306249156162055
synth_noisy_5pct_d10,7203310ff7ba,0.18846887792350245
synth_noisy_5pct_d10,a399ab5a112a,0.25514163095302306
synth_noisy_5pct_d10,4d00158c440c,0.24982331264128063
synth_noisy_5pct_d10,f028e3896d9e,0.2837076318902929
synth_noisy_5pct_d10,bc0e2be21bfb,0.055647455703711
synth_noisy_5pct_d10,ae16e9272ff8,0.2321282864133471
synth_noisy_5pct_d10,803c0d3403ff,0.1786097260503113
synth_noisy_5pct_d10,579a8bd776f9,0.20975620163821648
synth_noisy_5pct_d10,ccd2d07c7a4a,0.21252066278500412
synth_noisy_5pct_d10,92f60358ba37,0.2358128595756859
synth_noisy_5pct_d10,646357d2ae16,0.27152446841707456
synth_noisy_5pct_d10,5773d7049286,0.3082359783230946
synth_noisy_5pct_d10,a81f368f51bb,0.4294570866651325
synth_noisy_5pct_d10,70969dd2d720,0.39391858934315965
synth_noisy_5pct_d10,34b50b92b183,0.39391858934315965
synth_noisy_5pct_d10,48d260f98b0d,0.2630897429266577
synth_noisy_5pct_d10,1134a806601d,0.2630897429266577
synth_noisy_5pct_d10,0069693e350e,0.3050712154495713
synth_noisy_5pct_d10,2fa0af8799c8,0.33757596315698807
synth_noisy_5pct_d2,76c89cda5ca5,0.06297868555348234
synth_noisy_5pct_d2,23861655ac34,0.05410131941245542
synth_noisy_5pct_d2,a042255d7a7d,0.009268851395722689
synth_noisy_5pct_d2,47980bf71ea8,0.0076664252291943945
synth_noisy_5pct_d2,79d9b0fb5f02,0.006465360413906647
synth_noisy_5pct_d2,e511e76239fe,0.005037966735739275
synth_noisy_5pct_d2,7741c3e44852,0.0045110195109318175
synth_noisy_5pct_d2,b2d6bf5f391d,0.012677874190909964
synth_noisy_5pct_d2,3964e1ccb548,0.08228164022989248
synth_noisy_5pct_d2,4c077151b389,0.04655637596899279
synth_noisy_5pct_d2,f292f2a1db5b,0.003931516510738329
synth_noisy_5pct_d2,a4dbad06fd4e,0.003931516510738329
synth_noisy_5pct_d2,8eecd2798818,0.002982883095714533
synth_noisy_5pct_d2,4d9c9acccd21,0.003370169855924081
synth_noisy_5pct_d2,9381fbddb6c5,0.0031899098400431
synth_noisy_5pct_d2,8ec393598948,0.08228164022989248
synth_noisy_5pct_d2,77e145ffcc55,0.03333650047695819
synth_noisy_5pct_d2,632568e85407,0.003931516510738329
synth_noisy_5pct_d2,fa9612cfa871,0.002940444926021599
synth_noisy_5pct_d2,3d72e70b09e3,0.004648175065481517
synth_noisy_5pct_d2,45c510f16843,0.0011942580720110964
synth_noisy_5pct_d2,27a2752a569f,0.0028542663020027586
synth_noisy_5pct_d2,4ec824c366d4,0.06682472698830488
synth_noisy_5pct_d2,4555573328fc,0.3150223500808668
synth_noisy_5pct_d2,0f46e0814abc,0.4059622969767143
synth_noisy_5pct_d2,759f97a6695c,0.16139819459224478
synth_noisy_5pct_d2,9cd81f07f9eb,0.39766604438664227
synth_noisy_5pct_d2,bb5d6442dae0,0.39766604438664227
synth_noisy_5pct_d2,c610648f3a0b,0.39766604438664227
synth_noisy_5pct_d2,d9a6e957a479,0.06774014340430862
synth_noisy_5pct_d2,e0981ae1c5a2,0.13457249830481824
synth_noisy_5pct_d2,08e381bd46b1,0.2092664769337429
synth_noisy_5pct_d2,f7183f4c1fed,0.2092664769337429
synth_noisy_5pct_d2,7c2e8cd4a56d,0.3203442263291546
synth_noisy_5pct_d2,07ebbef7de3c,
synth_noisy_5pct_d2,db49059653de,
synth_noisy_5pct_d2,19967cb83e78,
synth_noisy_5pct_d2,158a0277ed3c,
synth_noisy_5pct_d2,d0fba6f03c0f,
synth_noisy_5pct_d2,f10f8ff36baa,
synth_noisy_5pct_d2,672c637760be,
synth_noisy_5pct_d2,0cd896f527d5,
synth_noisy_5pct_d2,4887a0323e21,
synth_noisy_5pct_d2,3d795ce47578,
synth_noisy_5pct_d2,639f74dd0e43,
synth_noisy_5pct_d2,9c3ccb4fd98f,
synth_noisy_5pct_d2,5647bbf0428d,0.01290416706309638
synth_noisy_5pct_d2,389d4ccb0588,0.059931686163884744
synth_noisy_5pct_d2,e34ce5984b64,0.07285183352450716
synth_noisy_5pct_d2,63470ebdd53e,0.09726225757621025
synth_noisy_5pct_d2,46814f50e13d,0.059931686163884744
synth_noisy_5pct_d2,e597041814f5,0.07285183352450716
synth_noisy_5pct_d2,024a1a8c54d1,0.09726225757621025
synth_noisy_5pct_d2,bdcde80d6dbb,0.059931686163884744
synth_noisy_5pct_d2,95475ce56089,0.07285183352450716
synth_noisy_5pct_d2,5009193136b4,0.09726225757621025
synth_noisy_5pct_d2,955728329102,0.059931686163884744
synth_noisy_5pct_d2,1f1b6dfa46dc,0.07285183352450716
synth_noisy_5pct_d2,272f18e90bd4,0.06069705044348076
synth_noisy_5pct_d2,0cc00684cc3f,0.05410131941245542
synth_noisy_5pct_d2,7203310ff7ba,0.01790493347234262
synth_noisy_5pct_d2,a399ab5a112a,0.011223078301698853
synth_noisy_5pct_d2,4d00158c440c,0.01493645944182447
synth_noisy_5pct_d2,f028e3896d9e,0.01493645944182447
synth_noisy_5pct_d2,bc0e2be21bfb,0.01493645944182447
synth_noisy_5pct_d2,ae16e9272ff8,0.008094908777942443
synth_noisy_5pct_d2,803c0d3403ff,0.008314795546675267
synth_noisy_5pct_d2,579a8bd776f9,0.008522977796352072
synth_noisy_5pct_d2,ccd2d07c7a4a,0.010534482726309696
synth_noisy_5pct_d2,92f60358ba37,0.012572508161268467
synth_noisy_5pct_d2,646357d2ae16,0.01748152927624138
synth_noisy_5pct_d2,5773d7049286,0.020610756245347722
synth_noisy_5pct_d2,a81f368f51bb,0.11248813204062386
synth_noisy_5pct_d2,70969dd2d720,0.11881856478025235
synth_noisy_5pct_d2,34b50b92b183,0.09337673607050802
synth_noisy_5pct_d2,48d260f98b0d,0.09337673607050802
synth_noisy_5pct_d2,1134a806601d,0.10230528354251824
synth_noisy_5pct_d2,0069693e350e,0.08874819480443717
synth_noisy_5pct_d2,2fa0af8799c8,0.04848115631874552
synth_s_curve_k3,76c89cda5ca5,0.0178836775041136
synth_s_curve_k3,23861655ac34,0.01269724622318686
synth_s_curve_k3,a042255d7a7d,0.021987569240205087
synth_s_curve_k3,47980bf71ea8,0.009850148313959077
synth_s_curve_k3,79d9b0fb5f02,0.027034297504141182
synth_s_curve_k3,e511e76239fe,0.029063345141521424
synth_s_curve_k3,7741c3e44852,0.029292178826434437
synth_s_curve_k3,b2d6bf5f391d,0.0429042167112507
synth_s_curve_k3,3964e1ccb548,0.018291210777419385
synth_s_curve_k3,4c077151b389,0.01608002571989695
synth_s_curve_k3,f292f2a1db5b,0.012553836555358206
synth_s_curve_k3,a4dbad06fd4e,0.01859837199888661
synth_s_curve_k3,8eecd2798818,0.01425215560162961
synth_s_curve_k3,4d9c9acccd21,0.00889764792394082
synth_s_curve_k3,9381fbddb6c5,0.011931904846464779
synth_s_curve_k3,8ec393598948,0.018291210777419385
synth_s_curve_k3,77e145ffcc55,0.008827001815833206
synth_s_curve_k3,632568e85407,0.009858571837223221
synth_s_curve_k3,fa9612cfa871,0.008903808368447043
synth_s_curve_k3,3d72e70b09e3,0.009157687921849738
synth_s_curve_k3,45c510f16843,0.011867904451721324
synth_s_curve_k3,27a2752a569f,0.010100593095367327
synth_s_curve_k3,4ec824c366d4,0.3238973201275021
synth_s_curve_k3,4555573328fc,7.56973257336079
synth_s_curve_k3,0f46e0814abc,
synth_s_curve_k3,759f97a6695c,
synth_s_curve_k3,9cd81f07f9eb,
synth_s_curve_k3,bb5d6442dae0,0.047600112381498375
synth_s_curve_k3,c610648f3a0b,0.02293373606039245
synth_s_curve_k3,d9a6e957a479,0.6596869581077828
synth_s_curve_k3,e0981ae1c5a2,
synth_s_curve_k3,08e381bd46b1,
synth_s_curve_k3,f7183f4c1fed,
synth_s_curve_k3,7c2e8cd4a56d,
synth_s_curve_k3,07ebbef7de3c,
synth_s_curve_k3,db49059653de,
synth_s_curve_k3,19967cb83e78,
synth_s_curve_k3,158a0277ed3c,
synth_s_curve_k3,d0fba6f03c0f,
synth_s_curve_k3,f10f8ff36baa,
synth_s_curve_k3,672c637760be,
synth_s_curve_k3,0cd896f527d5,
synth_s_curve_k3,4887a0323e21,
synth_s_curve_k3,3d795ce47578,
synth_s_curve_k3,639f74dd0e43,
synth_s_curve_k3,9c3ccb4fd98f,
synth_s_curve_k3,5647bbf0428d,0.10940368633085633
synth_s_curve_k3,389d4ccb0588,0.06523298438378419
synth_s_curve_k3,e34ce5984b64,0.05311780683064338
synth_s_curve_k3,63470ebdd53e,0.0996573138777523
synth_s_curve_k3,46814f50e13d,0.03783996768957687
synth_s_curve_k3,e597041814f5,0.047346766941506954
synth_s_curve_k3,024a1a8c54d1,0.07655753082916464
synth_s_curve_k3,bdcde80d6dbb,0.03783996768957687
synth_s_curve_k3,95475ce56089,0.08793094211483825
synth_s_curve_k3,5009193136b4,0.05493494640024791
synth_s_curve_k3,955728329102,0.048347791391966266
synth_s_curve_k3,1f1b6dfa46dc,0.08793094211483825
synth_s_curve_k3,272f18e90bd4,0.02836344238688342
synth_s_curve_k3,0cc00684cc3f,0.02836344238688342
synth_s_curve_k3,7203310ff7ba,0.03330988233952531
synth_s_curve_k3,a399ab5a112a,0.03486258410320527
synth_s_curve_k3,4d00158c440c,0.046635192210085684
synth_s_curve_k3,f028e3896d9e,0.05399063626700679
synth_s_curve_k3,bc0e2be21bfb,0.05774944421850693
synth_s_curve_k3,ae16e9272ff8,0.03337186879739612
synth_s_curve_k3,803c0d3403ff,0.03727118813931317
synth_s_curve_k3,579a8bd776f9,0.04084137068028202
synth_s_curve_k3,ccd2d07c7a4a,0.04396721523265086
synth_s_curve_k3,92f60358ba37,0.028459967523145214
synth_s_curve_k3,646357d2ae16,0.03341873141976076
synth_s_curve_k3,5773d7049286,0.03762729161017605
synth_s_curve_k3,a81f368f51bb,0.028485575054752653
synth_s_curve_k3,70969dd2d720,0.028485575054752653
synth_s_curve_k3,34b50b92b183,0.03181560452338731
synth_s_curve_k3,48d260f98b0d,0.03312664193513039
synth_s_curve_k3,1134a806601d,0.04517038555048376
synth_s_curve_k3,0069693e350e,0.05838713680666263
synth_s_curve_k3,2fa0af8799c8,0.05995300028943899
synth_s_curve_k4,76c89cda5ca5,0.02101330461526561
synth_s_curve_k4,23861655ac34,0.014957079153274839
synth_s_curve_k4,a042255d7a7d,0.00818943405456669
synth_s_curve_k4,47980bf71ea8,0.024362056031655057
synth_s_curve_k4,79d9b0fb5f02,0.028609152012843347
synth_s_curve_k4,e511e76239fe,0.017385950074695008
synth_s_curve_k4,7741c3e44852,0.025020722481725266
synth_s_curve_k4,b2d6bf5f391d,0.019207222282312742
synth_s_curve_k4,3964e1ccb548,0.018522565988292217
synth_s_curve_k4,4c077151b389,0.014579888817087038
synth_s_curve_k4,f292f2a1db5b,0.01408234981541367
synth_s_curve_k4,a4dbad06fd4e,0.013098088767403097
synth_s_curve_k4,8eecd2798818,0.00987688319751022
synth_s_curve_k4,4d9c9acccd21,0.013098088767403097
synth_s_curve_k4,9381fbddb6c5,0.011250571654546413
synth_s_curve_k4,8ec393598948,0.014928183772934115
synth_s_curve_k4,77e145ffcc55,0.013325051212559412
synth_s_curve_k4,632568e85407,0.01237321005389357
synth_s_curve_k4,fa9612cfa871,0.007749691691945486
synth_s_curve_k4,3d72e70b09e3,0.009099864950484987
synth_s_curve_k4,45c510f16843,0.016677297012727743
synth_s_curve_k4,27a2752a569f,0.010771618428381025
synth_s_curve_k4,4ec824c366d4,0.31925402975715633
synth_s_curve_k4,4555573328fc,10.935989383695812
synth_s_curve_k4,0f46e0814abc,
synth_s_curve_k4,759f97a6695c,
synth_s_curve_k4,9cd81f07f9eb,
synth_s_curve_k4,bb5d6442dae0,0.029896231361268313
synth_s_curve_k4,c610648f3a0b,0.027905091278145697
synth_s_curve_k4,d9a6e957a479,0.04947838293864813
synth_s_curve_k4,e0981ae1c5a2,
synth_s_curve_k4,08e381bd46b1,
synth_s_curve_k4,f7183f4c1fed,
synth_s_curve_k4,7c2e8cd4a56d,
synth_s_curve_k4,07ebbef7de3c,
synth_s_curve_k4,db49059653de,
synth_s_curve_k4,19967cb83e78,
synth_s_curve_k4,158a0277ed3c,
synth_s_curve_k4,d0fba6f03c0f,
synth_s_curve_k4,f10f8ff36baa,
synth_s_curve_k4,672c637760be,
synth_s_curve_k4,0cd896f527d5,
synth_s_curve_k4,4887a0323e21,
synth_s_curve_k4,3d795ce47578,
synth_s_curve_k4,639f74dd0e43,
synth_s_curve_k4,9c3ccb4fd98f,
synth_s_curve_k4,5647bbf0428d,0.09744876268101192
synth_s_curve_k4,389d4ccb0588,0.032146364877567765
synth_s_curve_k4,e34ce5984b64,0.04418335716719782
synth_s_curve_k4,63470ebdd53e,0.07518751929146364
synth_s_curve_k4,46814f50e13d,0.037776756330107804
synth_s_curve_k4,e597041814f5,0.04418335716719782
synth_s_curve_k4,024a1a8c54d1,0.07500803707454819
synth_s_curve_k4,bdcde80d6dbb,0.04409276450207809
synth_s_curve_k4,95475ce56089,0.07304773692059659
synth_s_curve_k4,5009193136b4,0.060607154760319505
synth_s_curve_k4,955728329102,0.04294717419009406
synth_s_curve_k4,1f1b6dfa46dc,0.049096297169328826
synth_s_curve_k4,272f18e90bd4,0.03675493495074633
synth_s_curve_k4,0cc00684cc3f,0.03675493495074633
synth_s_curve_k4,7203310ff7ba,0.03940280681091435
synth_s_curve_k4,a399ab5a112a,0.03405025400243154
synth_s_curve_k4,4d00158c440c,0.03214254043692802
synth_s_curve_k4,f028e3896d9e,0.032593818196667804
synth_s_curve_k4,bc0e2be21bfb,0.039572205654564124
synth_s_curve_k4,ae16e9272ff8,0.028605762418399867
synth_s_curve_k4,803c0d3403ff,0.029211573579466313
synth_s_curve_k4,579a8bd776f9,0.03328679546737283
synth_s_curve_k4,ccd2d07c7a4a,0.02718433122845058
synth_s_curve_k4,92f60358ba37,0.031713973666768584
synth_s_curve_k4,646357d2ae16,0.03919025234674033
synth_s_curve_k4,5773d7049286,0.042771607777519635
synth_s_curve_k4,a81f368f51bb,0.03172580807963283
synth_s_curve_k4,70969dd2d720,0.031807467362044956
synth_s_curve_k4,34b50b92b183,0.03514701966548421
synth_s_curve_k4,48d260f98b0d,0.02180513916312112
synth_s_curve_k4,1134a806601d,0.026786798800467002
synth_s_curve_k4,0069693e350e,0.034623341694666666
synth_s_curve_k4,2fa0af8799c8,0.038149896201873215
synth_spirals_2arms_n0.10,76c89cda5ca5,0.002986119757591096
synth_spirals_2arms_n0.10,23861655ac34,0.010156075547005344
synth_spirals_2arms_n0.10,a042255d7a7d,0.008735745138104836
synth_spirals_2arms_n0.10,47980bf71ea8,0.008878421352950527
synth_spirals_2arms_n0.10,79d9b0fb5f02,0.014740143638753216
synth_spirals_2arms_n0.10,e511e76239fe,0.012225204568616586
synth_spirals_2arms_n0.10,7741c3e44852,0.02198412702765735
synth_spirals_2arms_n0.10,b2d6bf5f391d,0.015384982494301536
synth_spirals_2arms_n0.10,3964e1ccb548,0.0015919894617028993
synth_spirals_2arms_n0.10,4c077151b389,0.003215188917253595
synth_spirals_2arms_n0.10,f292f2a1db5b,0.0034034663466728605
synth_spirals_2arms_n0.10,a4dbad06fd4e,0.006389292144178484
synth_spirals_2arms_n0.10,8eecd2798818,0.0033810651909441697
synth_spirals_2arms_n0.10,4d9c9acccd21,0.007115758347128999
synth_spirals_2arms_n0.10,9381fbddb6c5,0.010192872377082753
synth_spirals_2arms_n0.10,8ec393598948,0.003444701351873945
synth_spirals_2arms_n0.10,77e145ffcc55,0.003141921557915542
synth_spirals_2arms_n0.10,632568e85407,0.003505261213485002
synth_spirals_2arms_n0.10,fa9612cfa871,0.006685643257699069
synth_spirals_2arms_n0.10,3d72e70b09e3,0.0038457703729831254
synth_spirals_2arms_n0.10,45c510f16843,0.007839323033499301
synth_spirals_2arms_n0.10,27a2752a569f,0.003551766647200574
synth_spirals_2arms_n0.10,4ec824c366d4,0.027536958975952184
synth_spirals_2arms_n0.10,4555573328fc,
synth_spirals_2arms_n0.10,0f46e0814abc,0.01882180750892362
synth_spirals_2arms_n0.10,759f97a6695c,0.038324109526734186
synth_spirals_2arms_n0.10,9cd81f07f9eb,
synth_spirals_2arms_n0.10,bb5d6442dae0,
synth_spirals_2arms_n0.10,c610648f3a0b,0.015873670750343634
synth_spirals_2arms_n0.10,d9a6e957a479,
synth_spirals_2arms_n0.10,e0981ae1c5a2,
synth_spirals_2arms_n0.10,08e381bd46b1,
synth_spirals_2arms_n0.10,f7183f4c1fed,
synth_spirals_2arms_n0.10,7c2e8cd4a56d,
synth_spirals_2arms_n0.10,07ebbef7de3c,
synth_spirals_2arms_n0.10,db49059653de,
synth_spirals_2arms_n0.10,19967cb83e78,
synth_spirals_2arms_n0.10,158a0277ed3c,
synth_spirals_2arms_n0.10,d0fba6f03c0f,
synth_spirals_2arms_n0.10,f10f8ff36baa,
synth_spirals_2arms_n0.10,672c637760be,
synth_spirals_2arms_n0.10,0cd896f527d5,
synth_spirals_2arms_n0.10,4887a0323e21,
synth_spirals_2arms_n0.10,3d795ce47578,
synth_spirals_2arms_n0.10,639f74dd0e43,
synth_spirals_2arms_n0.10,9c3ccb4fd98f,
synth_spirals_2arms_n0.10,5647bbf0428d,0.01625132270325106
synth_spirals_2arms_n0.10,389d4ccb0588,0.052428368612235196
synth_spirals_2arms_n0.10,e34ce5984b64,0.09015172604156932
synth_spirals_2arms_n0.10,63470ebdd53e,0.01625132270325106
synth_spirals_2arms_n0.10,46814f50e13d,0.052428368612235196
synth_spirals_2arms_n0.10,e597041814f5,0.02939112669704582
synth_spirals_2arms_n0.10,024a1a8c54d1,0.01625132270325106
synth_spirals_2arms_n0.10,bdcde80d6dbb,0.05340035482091686
synth_spirals_2arms_n0.10,95475ce56089,0.05879450770235819
synth_spirals_2arms_n0.10,5009193136b4,0.03183146365030753
synth_spirals_2arms_n0.10,955728329102,0.023413938097578656
synth_spirals_2arms_n0.10,1f1b6dfa46dc,0.05879450770235819
synth_spirals_2arms_n0.10,272f18e90bd4,0.005398429107511777
synth_spirals_2arms_n0.10,0cc00684cc3f,0.0054981223539807295
synth_spirals_2arms_n0.10,7203310ff7ba,0.00626529833463054
synth_spirals_2arms_n0.10,a399ab5a112a,0.008214309413419312
synth_spirals_2arms_n0.10,4d00158c440c,0.01092073732227031
synth_spirals_2arms_n0.10,f028e3896d9e,0.010950238063322891
synth_spirals_2arms_n0.10,bc0e2be21bfb,0.012673399259710871
synth_spirals_2arms_n0.10,ae16e9272ff8,0.011433600000121284
synth_spirals_2arms_n0.10,803c0d3403ff,0.01061644989676806
synth_spirals_2arms_n0.10,579a8bd776f9,0.012385129627916578
synth_spirals_2arms_n0.10,ccd2d07c7a4a,0.01386203528712118
synth_spirals_2arms_n0.10,92f60358ba37,0.01750635873369726
synth_spirals_2arms_n0.10,646357d2ae16,0.020910147280179894
synth_spirals_2arms_n0.10,5773d7049286,0.026379470874637354
synth_spirals_2arms_n0.10,a81f368f51bb,0.011660659768583772
synth_spirals_2arms_n0.10,70969dd2d720,0.012857950943367486
synth_spirals_2arms_n0.10,34b50b92b183,0.01128224640906089
synth_spirals_2arms_n0.10,48d260f98b0d,0.01285486714434292
synth_spirals_2arms_n0.10,1134a806601d,0.016366638646303323
synth_spirals_2arms_n0.10,0069693e350e,0.011074576802074349
synth_spirals_2arms_n0.10,2fa0af8799c8,0.015635078443375257
synth_spirals_3arms_n0.05,76c89cda5ca5,0.004093338089280502
synth_spirals_3arms_n0.05,23861655ac34,0.005436998927244065
synth_spirals_3arms_n0.05,a042255d7a7d,0.007530312690224155
synth_spirals_3arms_n0.05,47980bf71ea8,0.007025300498716181
synth_spirals_3arms_n0.05,79d9b0fb5f02,0.007611495778616451
synth_spirals_3arms_n0.05,e511e76239fe,0.008711946338022424
synth_spirals_3arms_n0.05,7741c3e44852,0.005905850119990806
synth_spirals_3arms_n0.05,b2d6bf5f391d,0.010821173945939212
synth_spirals_3arms_n0.05,3964e1ccb548,0.003462604578425984
synth_spirals_3arms_n0.05,4c077151b389,0.002433571951980541
synth_spirals_3arms_n0.05,f292f2a1db5b,0.003229062659870112
synth_spirals_3arms_n0.05,a4dbad06fd4e,0.00245162040660219
synth_spirals_3arms_n0.05,8eecd2798818,0.0025544782522158643
synth_spirals_3arms_n0.05,4d9c9acccd21,0.00864433801282994
synth_spirals_3arms_n0.05,9381fbddb6c5,0.00500418137221311
synth_spirals_3arms_n0.05,8ec393598948,0.0015258618149926037
synth_spirals_3arms_n0.05,77e145ffcc55,0.004108800161348266
synth_spirals_3arms_n0.05,632568e85407,0.006121357155362163
synth_spirals_3arms_n0.05,fa9612cfa871,0.00421907378999947
synth_spirals_3arms_n0.05,3d72e70b09e3,0.0076996063742684135
synth_spirals_3arms_n0.05,45c510f16843,0.002454494850592532
synth_spirals_3arms_n0.05,27a2752a569f,0.002591175399233824
synth_spirals_3arms_n0.05,4ec824c366d4,0.026669511479711208
synth_spirals_3arms_n0.05,4555573328fc,0.0237591349298008
synth_spirals_3arms_n0.05,0f46e0814abc,0.003380109469358799
synth_spirals_3arms_n0.05,759f97a6695c,0.22766455230369553
synth_spirals_3arms_n0.05,9cd81f07f9eb,
synth_spirals_3arms_n0.05,bb5d6442dae0,
synth_spirals_3arms_n0.05,c610648f3a0b,
synth_spirals_3arms_n0.05,d9a6e957a479,
synth_spirals_3arms_n0.05,e0981ae1c5a2,
synth_spirals_3arms_n0.05,08e381bd46b1,
synth_spirals_3arms_n0.05,f7183f4c1fed,
synth_spirals_3arms_n0.05,7c2e8cd4a56d,
synth_spirals_3arms_n0.05,07ebbef7de3c,
synth_spirals_3arms_n0.05,db49059653de,
synth_spirals_3arms_n0.05,19967cb83e78,
synth_spirals_3arms_n0.05,158a0277ed3c,
synth_spirals_3arms_n0.05,d0fba6f03c0f,
synth_spirals_3arms_n0.05,f10f8ff36baa,
synth_spirals_3arms_n0.05,672c637760be,
synth_spirals_3arms_n0.05,0cd896f527d5,
synth_spirals_3arms_n0.05,4887a0323e21,
synth_spirals_3arms_n0.05,3d795ce47578,
synth_spirals_3arms_n0.05,639f74dd0e43,
synth_spirals_3arms_n0.05,9c3ccb4fd98f,
synth_spirals_3arms_n0.05,5647bbf0428d,0.007528361056232934
synth_spirals_3arms_n0.05,389d4ccb0588,0.05509900667986713
synth_spirals_3arms_n0.05,e34ce5984b64,0.05359759082493696
synth_spirals_3arms_n0.05,63470ebdd53e,0.007528361056232934
synth_spirals_3arms_n0.05,46814f50e13d,0.02228207061988879
synth_spirals_3arms_n0.05,e597041814f5,0.05359759082493696
synth_spirals_3arms_n0.05,024a1a8c54d1,0.007528361056232934
synth_spirals_3arms_n0.05,bdcde80d6dbb,0.0031332282001083856
synth_spirals_3arms_n0.05,95475ce56089,0.019030581548232745
synth_spirals_3arms_n0.05,5009193136b4,0.007528361056232934
synth_spirals_3arms_n0.05,955728329102,0.013475246168479272
synth_spirals_3arms_n0.05,1f1b6dfa46dc,0.022929355660999254
synth_spirals_3arms_n0.05,272f18e90bd4,0.006591102985671963
synth_spirals_3arms_n0.05,0cc00684cc3f,0.006591102985671963
synth_spirals_3arms_n0.05,7203310ff7ba,0.0078059952396858055
synth_spirals_3arms_n0.05,a399ab5a112a,0.009948493491167413
synth_spirals_3arms_n0.05,4d00158c440c,0.011623464641659429
synth_spirals_3arms_n0.05,f028e3896d9e,0.014541128269507162
synth_spirals_3arms_n0.05,bc0e2be21bfb,0.014541128269507162
synth_spirals_3arms_n0.05,ae16e9272ff8,0.012713029916776232
synth_spirals_3arms_n0.05,803c0d3403ff,0.010518048665827033
synth_spirals_3arms_n0.05,579a8bd776f9,0.00949092640631982
synth_spirals_3arms_n0.05,ccd2d07c7a4a,0.013807852062139582
synth_spirals_3arms_n0.05,92f60358ba37,0.015735488861354976
synth_spirals_3arms_n0.05,646357d2ae16,0.01658832154817569
synth_spirals_3arms_n0.05,5773d7049286,0.02002802915127958
synth_spirals_3arms_n0.05,a81f368f51bb,0.011212431404896752
synth_spirals_3arms_n0.05,70969dd2d720,0.012762675310556559
synth_spirals_3arms_n0.05,34b50b92b183,0.015046209332307152
synth_spirals_3arms_n0.05,48d260f98b0d,0.010864166130053364
synth_spirals_3arms_n0.05,1134a806601d,0.014218783817572831
synth_spirals_3arms_n0.05,0069693e350e,0.015213436648158898
synth_spirals_3arms_n0.05,2fa0af8799c8,0.018036604854454786
synth_spirals_3arms_n0.20,76c89cda5ca5,0.006337923620876579
synth_spirals_3arms_n0.20,23861655ac34,0.0033390496153947297
synth_spirals_3arms_n0.20,a042255d7a7d,0.008251416315748392
synth_spirals_3arms_n0.20,47980bf71ea8,0.013541368926525894
synth_spirals_3arms_n0.20,79d9b0fb5f02,0.016086552992498976
synth_spirals_3arms_n0.20,e511e76239fe,0.012731882805678538
synth_spirals_3arms_n0.20,7741c3e44852,0.016385677616537378
synth_spirals_3arms_n0.20,b2d6bf5f391d,0.01478988324217406
synth_spirals_3arms_n0.20,3964e1ccb548,0.0033830563762690083
synth_spirals_3arms_n0.20,4c077151b389,0.0023103617147282995
synth_spirals_3arms_n0.20,f292f2a1db5b,0.009561069722616779
synth_spirals_3arms_n0.20,a4dbad06fd4e,0.006134375237525594
synth_spirals_3arms_n0.20,8eecd2798818,0.008756621342684711
synth_spirals_3arms_n0.20,4d9c9acccd21,0.010596395062317862
synth_spirals_3arms_n0.20,9381fbddb6c5,0.0060489973066661365
synth_spirals_3arms_n0.20,8ec393598948,0.004269057515765376
synth_spirals_3arms_n0.20,77e145ffcc55,0.004968209006771361
synth_spirals_3arms_n0.20,632568e85407,0.005835723837181959
synth_spirals_3arms_n0.20,fa9612cfa871,0.0036880329752585687
synth_spirals_3arms_n0.20,3d72e70b09e3,0.005227075494467732
synth_spirals_3arms_n0.20,45c510f16843,0.00568000992796347
synth_spirals_3arms_n0.20,27a2752a569f,0.0032188231598172102
synth_spirals_3arms_n0.20,4ec824c366d4,0.032301383718935345
synth_spirals_3arms_n0.20,4555573328fc,0.01978806302199421
synth_spirals_3arms_n0.20,0f46e0814abc,0.020043361769337905
synth_spirals_3arms_n0.20,759f97a6695c,0.5898010011432145
synth_spirals_3arms_n0.20,9cd81f07f9eb,
synth_spirals_3arms_n0.20,bb5d6442dae0,
synth_spirals_3arms_n0.20,c610648f3a0b,
synth_spirals_3arms_n0.20,d9a6e957a479,
synth_spirals_3arms_n0.20,e0981ae1c5a2,
synth_spirals_3arms_n0.20,08e381bd46b1,
synth_spirals_3arms_n0.20,f7183f4c1fed,0.026756416169378152
synth_spirals_3arms_n0.20,7c2e8cd4a56d,
synth_spirals_3arms_n0.20,07ebbef7de3c,
synth_spirals_3arms_n0.20,db49059653de,
synth_spirals_3arms_n0.20,19967cb83e78,
synth_spirals_3arms_n0.20,158a0277ed3c,
synth_spirals_3arms_n0.20,d0fba6f03c0f,
synth_spirals_3arms_n0.20,f10f8ff36baa,
synth_spirals_3arms_n0.20,672c637760be,
synth_spirals_3arms_n0.20,0cd896f527d5,
synth_spirals_3arms_n0.20,4887a0323e21,
synth_spirals_3arms_n0.20,3d795ce47578,
synth_spirals_3arms_n0.20,639f74dd0e43,
synth_spirals_3arms_n0.20,9c3ccb4fd98f,
synth_spirals_3arms_n0.20,5647bbf0428d,0.01988774587667499
synth_spirals_3arms_n0.20,389d4ccb0588,0.03731430775024442
synth_spirals_3arms_n0.20,e34ce5984b64,0.12141879747310728
synth_spirals_3arms_n0.20,63470ebdd53e,0.023183277995372134
synth_spirals_3arms_n0.20,46814f50e13d,0.06344821614148259
synth_spirals_3arms_n0.20,e597041814f5,0.04402654864539413
synth_spirals_3arms_n0.20,024a1a8c54d1,0.02503251590823532
synth_spirals_3arms_n0.20,bdcde80d6dbb,0.042733247055585614
synth_spirals_3arms_n0.20,95475ce56089,0.050733395893813836
synth_spirals_3arms_n0.20,5009193136b4,0.0382241212554317
synth_spirals_3arms_n0.20,955728329102,0.028870109760694127
synth_spirals_3arms_n0.20,1f1b6dfa46dc,0.05214882386054931
synth_spirals_3arms_n0.20,272f18e90bd4,0.013927057070129282
synth_spirals_3arms_n0.20,0cc00684cc3f,0.009141941977441986
synth_spirals_3arms_n0.20,7203310ff7ba,0.009141941977441986
synth_spirals_3arms_n0.20,a399ab5a112a,0.011971518796083574
synth_spirals_3arms_n0.20,4d00158c440c,0.011971518796083574
synth_spirals_3arms_n0.20,f028e3896d9e,0.018415576982835087
synth_spirals_3arms_n0.20,bc0e2be21bfb,0.022305366338866105
synth_spirals_3arms_n0.20,ae16e9272ff8,0.011153354967337291
synth_spirals_3arms_n0.20,803c0d3403ff,0.012647974349866031
synth_spirals_3arms_n0.20,579a8bd776f9,0.01122573019906729
synth_spirals_3arms_n0.20,ccd2d07c7a4a,0.01418713579892005
synth_spirals_3arms_n0.20,92f60358ba37,0.017815304871514222
synth_spirals_3arms_n0.20,646357d2ae16,0.023193824006345027
synth_spirals_3arms_n0.20,5773d7049286,0.026041898665230667
synth_spirals_3arms_n0.20,a81f368f51bb,0.010068359516157576
synth_spirals_3arms_n0.20,70969dd2d720,0.011868105631074714
synth_spirals_3arms_n0.20,34b50b92b183,0.015514017804690833
synth_spirals_3arms_n0.20,48d260f98b0d,0.01600541228117515
synth_spirals_3arms_n0.20,1134a806601d,0.021608823810278524
synth_spirals_3arms_n0.20,0069693e350e,0.028554844146165197
synth_spirals_3arms_n0.20,2fa0af8799c8,0.034353445880276216
synth_subspace_2of20,76c89cda5ca5,0.28846217702574
synth_subspace_2of20,23861655ac34,0.2598227911820517
synth_subspace_2of20,a042255d7a7d,0.27939303005105054
synth_subspace_2of20,47980bf71ea8,0.25202670945116296
synth_subspace_2of20,79d9b0fb5f02,0.2917773067659737
synth_subspace_2of20,e511e76239fe,0.2632129013862754
synth_subspace_2of20,7741c3e44852,0.2870481066141203
synth_subspace_2of20,b2d6bf5f391d,0.30947553821957696
synth_subspace_2of20,3964e1ccb548,0.28846217702574
synth_subspace_2of20,4c077151b389,0.2717252860558954
synth_subspace_2of20,f292f2a1db5b,0.26132751886936856
synth_subspace_2of20,a4dbad06fd4e,0.2503443487103643
synth_subspace_2of20,8eecd2798818,0.28231869085314243
synth_subspace_2of20,4d9c9acccd21,0.2720195886929373
synth_subspace_2of20,9381fbddb6c5,0.2771957120599919
synth_subspace_2of20,8ec393598948,0.28846217702574
synth_subspace_2of20,77e145ffcc55,0.2598227911820517
synth_subspace_2of20,632568e85407,0.2598227911820517
synth_subspace_2of20,fa9612cfa871,0.26156884882505893
synth_subspace_2of20,3d72e70b09e3,0.2570779036358901
synth_subspace_2of20,45c510f16843,0.2664168847500256
synth_subspace_2of20,27a2752a569f,0.3003446207985243
synth_subspace_2of20,3a9260f9550f,0.3539457154123349
synth_subspace_2of20,0dfb18d06f3a,0.31127956497868847
synth_subspace_2of20,c104b3d67121,0.3194055205435939
synth_subspace_2of20,7f10ff06a55f,0.30979070455313984
synth_subspace_2of20,afb4fe7d2eaa,0.30161595551619164
synth_subspace_2of20,627cdef1f058,0.2936346894512196
synth_subspace_2of20,c5dfd3221b79,0.28778287738038144
synth_subspace_2of20,e3ae029f4d54,0.2778573820353632
synth_subspace_2of20,98d2a79e4c00,0.260987633252953
synth_subspace_2of20,0481ef8f35a2,0.25912658897971586
synth_subspace_2of20,9a585386bc6d,0.2789964649514524
synth_subspace_2of20,971471268792,0.26920065720230474
synth_subspace_2of20,4ec824c366d4,
synth_subspace_2of20,4555573328fc,
synth_subspace_2of20,0f46e0814abc,
synth_subspace_2of20,759f97a6695c,
synth_subspace_2of20,9cd81f07f9eb,
synth_subspace_2of20,bb5d6442dae0,
synth_subspace_2of20,c610648f3a0b,
synth_subspace_2of20,d9a6e957a479,
synth_subspace_2of20,e0981ae1c5a2,
synth_subspace_2of20,08e381bd46b1,
synth_subspace_2of20,f7183f4c1fed,
synth_subspace_2of20,7c2e8cd4a56d,
synth_subspace_2of20,07ebbef7de3c,
synth_subspace_2of20,db49059653de,
synth_subspace_2of20,19967cb83e78,
synth_subspace_2of20,158a0277ed3c,
synth_subspace_2of20,d0fba6f03c0f,
synth_subspace_2of20,f10f8ff36baa,
synth_subspace_2of20,672c637760be,
synth_subspace_2of20,0cd896f527d5,
synth_subspace_2of20,4887a0323e21,
synth_subspace_2of20,3d795ce47578,
synth_subspace_2of20,639f74dd0e43,
synth_subspace_2of20,9c3ccb4fd98f,
synth_subspace_2of20,5647bbf0428d,0.4037135412071464
synth_subspace_2of20,389d4ccb0588,0.47283188317759917
synth_subspace_2of20,e34ce5984b64,
synth_subspace_2of20,63470ebdd53e,0.45277831596033274
synth_subspace_2of20,46814f50e13d,
synth_subspace_2of20,e597041814f5,
synth_subspace_2of20,024a1a8c54d1,0.45277831596033274
synth_subspace_2of20,bdcde80d6dbb,
synth_subspace_2of20,95475ce56089,
synth_subspace_2of20,5009193136b4,
synth_subspace_2of20,955728329102,
synth_subspace_2of20,1f1b6dfa46dc,
synth_subspace_2of20,272f18e90bd4,0.3036428710226646
synth_subspace_2of20,0cc00684cc3f,0.2892414870916869
synth_subspace_2of20,7203310ff7ba,0.28806890843703137
synth_subspace_2of20,a399ab5a112a,0.28806890843703137
synth_subspace_2of20,4d00158c440c,0.29447008319937473
synth_subspace_2of20,f028e3896d9e,0.29447008319937473
synth_subspace_2of20,bc0e2be21bfb,0.3131089189334836
synth_subspace_2of20,ae16e9272ff8,0.307890102793312
synth_subspace_2of20,803c0d3403ff,0.3140609277037011
synth_subspace_2of20,579a8bd776f9,0.30361122170313276
synth_subspace_2of20,ccd2d07c7a4a,0.3119078997245813
synth_subspace_2of20,92f60358ba37,0.32094957009489294
synth_subspace_2of20,646357d2ae16,0.3431853712454863
synth_subspace_2of20,5773d7049286,0.3521683788710598
synth_subspace_2of20,a81f368f51bb,0.43904951149709515
synth_subspace_2of20,70969dd2d720,0.4014970563579593
synth_subspace_2of20,34b50b92b183,0.4014970563579593
synth_subspace_2of20,48d260f98b0d,0.3776787447370995
synth_subspace_2of20,1134a806601d,0.38318494439623657
synth_subspace_2of20,0069693e350e,0.3541302564480779
synth_subspace_2of20,2fa0af8799c8,0.36102322649562935
synth_subspace_2of50,76c89cda5ca5,0.4210817870415491
synth_subspace_2of50,23861655ac34,0.4122845527268344
synth_subspace_2of50,a042255d7a7d,0.4150751909027456
synth_subspace_2of50,47980bf71ea8,0.41549041312959073
synth_subspace_2of50,79d9b0fb5f02,0.40779517894009265
synth_subspace_2of50,e511e76239fe,0.42499280767421876
synth_subspace_2of50,7741c3e44852,0.40779517894009265
synth_subspace_2of50,b2d6bf5f391d,0.44312162864636784
synth_subspace_2of50,3964e1ccb548,0.3785499799592782
synth_subspace_2of50,4c077151b389,0.4122845527268344
synth_subspace_2of50,f292f2a1db5b,0.3938149561816156
synth_subspace_2of50,a4dbad06fd4e,0.4174148013474238
synth_subspace_2of50,8eecd2798818,0.41287189322373385
synth_subspace_2of50,4d9c9acccd21,0.4184827642940164
synth_subspace_2of50,9381fbddb6c5,0.4401085533311907
synth_subspace_2of50,8ec393598948,0.4210817870415491
synth_subspace_2of50,77e145ffcc55,0.38543840571832294
synth_subspace_2of50,632568e85407,0.3967122020781557
synth_subspace_2of50,fa9612cfa871,0.3967122020781557
synth_subspace_2of50,3d72e70b09e3,0.40084132570918773
synth_subspace_2of50,45c510f16843,0.3967122020781557
synth_subspace_2of50,27a2752a569f,0.40084132570918773
synth_subspace_2of50,4ec824c366d4,
synth_subspace_2of50,4555573328fc,
synth_subspace_2of50,0f46e0814abc,
synth_subspace_2of50,759f97a6695c,
synth_subspace_2of50,9cd81f07f9eb,
synth_subspace_2of50,bb5d6442dae0,
synth_subspace_2of50,c610648f3a0b,
synth_subspace_2of50,d9a6e957a479,
synth_subspace_2of50,e0981ae1c5a2,
synth_subspace_2of50,08e381bd46b1,
synth_subspace_2of50,f7183f4c1fed,
synth_subspace_2of50,7c2e8cd4a56d,
synth_subspace_2of50,07ebbef7de3c,
synth_subspace_2of50,db49059653de,
synth_subspace_2of50,19967cb83e78,
synth_subspace_2of50,158a0277ed3c,
synth_subspace_2of50,d0fba6f03c0f,
synth_subspace_2of50,f10f8ff36baa,
synth_subspace_2of50,672c637760be,
synth_subspace_2of50,0cd896f527d5,
synth_subspace_2of50,4887a0323e21,
synth_subspace_2of50,3d795ce47578,
synth_subspace_2of50,639f74dd0e43,
synth_subspace_2of50,9c3ccb4fd98f,
synth_subspace_2of50,5647bbf0428d,0.6067084647282687
synth_subspace_2of50,389d4ccb0588,0.8009293478268185
synth_subspace_2of50,e34ce5984b64,
synth_subspace_2of50,63470ebdd53e,0.5789691583871942
synth_subspace_2of50,46814f50e13d,
synth_subspace_2of50,e597041814f5,
synth_subspace_2of50,024a1a8c54d1,
synth_subspace_2of50,bdcde80d6dbb,
synth_subspace_2of50,95475ce56089,
synth_subspace_2of50,5009193136b4,
synth_subspace_2of50,955728329102,
synth_subspace_2of50,1f1b6dfa46dc,
synth_subspace_2of50,272f18e90bd4,0.4011520584529304
synth_subspace_2of50,0cc00684cc3f,0.4011520584529304
synth_subspace_2of50,7203310ff7ba,0.41880372413726796
synth_subspace_2of50,a399ab5a112a,0.42002076593365056
synth_subspace_2of50,4d00158c440c,0.42002076593365056
synth_subspace_2of50,f028e3896d9e,0.42002076593365056
synth_subspace_2of50,bc0e2be21bfb,0.42002076593365056
synth_subspace_2of50,ae16e9272ff8,0.41517049781339416
synth_subspace_2of50,803c0d3403ff,0.42920973759173214
synth_subspace_2of50,579a8bd776f9,0.4440121156778573
synth_subspace_2of50,ccd2d07c7a4a,0.43416986269783076
synth_subspace_2of50,92f60358ba37,0.4458152437180286
synth_subspace_2of50,646357d2ae16,0.4569135370194989
synth_subspace_2of50,5773d7049286,0.4645653171377388
synth_subspace_2of50,a81f368f51bb,0.6028160600280632
synth_subspace_2of50,70969dd2d720,0.5919628768235384
synth_subspace_2of50,34b50b92b183,0.57070625878943
synth_subspace_2of50,48d260f98b0d,0.562203854689599
synth_subspace_2of50,1134a806601d,0.516690158837378
synth_subspace_2of50,0069693e350e,0.5039087422891744
synth_subspace_2of50,2fa0af8799c8,0.5262976526962786
synth_subspace_3of100,76c89cda5ca5,0.5125565309121397
synth_subspace_3of100,23861655ac34,0.5039288737127451
synth_subspace_3of100,a042255d7a7d,0.5397437262451069
synth_subspace_3of100,47980bf71ea8,0.5449559992163696
synth_subspace_3of100,79d9b0fb5f02,0.5159842277071671
synth_subspace_3of100,e511e76239fe,0.5505700360713087
synth_subspace_3of100,7741c3e44852,0.5476557514682889
synth_subspace_3of100,b2d6bf5f391d,0.5513587305492526
synth_subspace_3of100,3964e1ccb548,0.5125565309121397
synth_subspace_3of100,4c077151b389,0.5125565309121397
synth_subspace_3of100,f292f2a1db5b,0.5428724219619316
synth_subspace_3of100,a4dbad06fd4e,0.5449559992163696
synth_subspace_3of100,8eecd2798818,0.5546498694968442
synth_subspace_3of100,4d9c9acccd21,0.540473462756745
synth_subspace_3of100,9381fbddb6c5,0.5522854164504251
synth_subspace_3of100,8ec393598948,0.5125565309121397
synth_subspace_3of100,77e145ffcc55,0.528783088265011
synth_subspace_3of100,632568e85407,0.528783088265011
synth_subspace_3of100,fa9612cfa871,0.528783088265011
synth_subspace_3of100,3d72e70b09e3,0.536534443081213
synth_subspace_3of100,45c510f16843,0.5357829748445498
synth_subspace_3of100,27a2752a569f,0.5152875560732504
synth_subspace_3of100,4ec824c366d4,
synth_subspace_3of100,4555573328fc,
synth_subspace_3of100,0f46e0814abc,
synth_subspace_3of100,759f97a6695c,
synth_subspace_3of100,9cd81f07f9eb,
synth_subspace_3of100,bb5d6442dae0,
synth_subspace_3of100,c610648f3a0b,
synth_subspace_3of100,d9a6e957a479,
synth_subspace_3of100,e0981ae1c5a2,
synth_subspace_3of100,08e381bd46b1,
synth_subspace_3of100,f7183f4c1fed,
synth_subspace_3of100,7c2e8cd4a56d,
synth_subspace_3of100,07ebbef7de3c,
synth_subspace_3of100,db49059653de,
synth_subspace_3of100,19967cb83e78,
synth_subspace_3of100,158a0277ed3c,
synth_subspace_3of100,d0fba6f03c0f,
synth_subspace_3of100,f10f8ff36baa,
synth_subspace_3of100,672c637760be,
synth_subspace_3of100,0cd896f527d5,
synth_subspace_3of100,4887a0323e21,
synth_subspace_3of100,3d795ce47578,
synth_subspace_3of100,639f74dd0e43,
synth_subspace_3of100,9c3ccb4fd98f,
synth_subspace_3of100,5647bbf0428d,0.6803377150197835
synth_subspace_3of100,389d4ccb0588,0.7753161930879858
synth_subspace_3of100,e34ce5984b64,
synth_subspace_3of100,63470ebdd53e,0.6898832461344093
synth_subspace_3of100,46814f50e13d,
synth_subspace_3of100,e597041814f5,
synth_subspace_3of100,024a1a8c54d1,
synth_subspace_3of100,bdcde80d6dbb,
synth_subspace_3of100,95475ce56089,
synth_subspace_3of100,5009193136b4,
synth_subspace_3of100,955728329102,
synth_subspace_3of100,1f1b6dfa46dc,
synth_subspace_3of100,272f18e90bd4,0.5455230413609254
synth_subspace_3of100,0cc00684cc3f,0.531609277556093
synth_subspace_3of100,7203310ff7ba,0.531609277556093
synth_subspace_3of100,a399ab5a112a,0.531609277556093
synth_subspace_3of100,4d00158c440c,0.531609277556093
synth_subspace_3of100,f028e3896d9e,0.531609277556093
synth_subspace_3of100,bc0e2be21bfb,0.531609277556093
synth_subspace_3of100,ae16e9272ff8,0.5617754958194053
synth_subspace_3of100,803c0d3403ff,0.5476906799838623
synth_subspace_3of100,579a8bd776f9,0.562688751158625
synth_subspace_3of100,ccd2d07c7a4a,0.5698486252260357
synth_subspace_3of100,92f60358ba37,0.5749371027788623
synth_subspace_3of100,646357d2ae16,0.5885298421141991
synth_subspace_3of100,5773d7049286,0.5907496193023378
synth_subspace_3of100,a81f368f51bb,0.6799274764303034
synth_subspace_3of100,70969dd2d720,0.616369059045482
synth_subspace_3of100,34b50b92b183,0.6286598580456677
synth_subspace_3of100,48d260f98b0d,0.6286598580456677
synth_subspace_3of100,1134a806601d,0.6290147597701071
synth_subspace_3of100,0069693e350e,0.6277273037707345
synth_subspace_3of100,2fa0af8799c8,0.633840361394027
synth_subspace_5of200,76c89cda5ca5,0.65870990606381
synth_subspace_5of200,23861655ac34,0.6594745256473861
synth_subspace_5of200,a042255d7a7d,0.6546041554080375
synth_subspace_5of200,47980bf71ea8,0.6421105864888342
synth_subspace_5of200,79d9b0fb5f02,0.6248281112854952
synth_subspace_5of200,e511e76239fe,0.6173192945920382
synth_subspace_5of200,7741c3e44852,0.6279497876779856
synth_subspace_5of200,b2d6bf5f391d,0.6291722036392474
synth_subspace_5of200,3964e1ccb548,0.65870990606381
synth_subspace_5of200,4c077151b389,0.6538451827150075
synth_subspace_5of200,f292f2a1db5b,0.6418003675010067
synth_subspace_5of200,a4dbad06fd4e,0.6664539463690012
synth_subspace_5of200,8eecd2798818,0.6217312437525454
synth_subspace_5of200,4d9c9acccd21,0.6173192945920382
synth_subspace_5of200,8ec393598948,0.65870990606381
synth_subspace_5of200,77e145ffcc55,0.6594745256473861
synth_subspace_5of200,632568e85407,0.6594745256473861
synth_subspace_5of200,fa9612cfa871,0.6546041554080375
synth_subspace_5of200,3d72e70b09e3,0.6474026040483022
synth_subspace_5of200,45c510f16843,0.6159586250925362
synth_subspace_5of200,27a2752a569f,0.6159586250925362
synth_subspace_5of200,4ec824c366d4,
synth_subspace_5of200,4555573328fc,
synth_subspace_5of200,0f46e0814abc,
synth_subspace_5of200,759f97a6695c,
synth_subspace_5of200,9cd81f07f9eb,
synth_subspace_5of200,bb5d6442dae0,
synth_subspace_5of200,c610648f3a0b,
synth_subspace_5of200,d9a6e957a479,
synth_subspace_5of200,e0981ae1c5a2,
synth_subspace_5of200,08e381bd46b1,
synth_subspace_5of200,f7183f4c1fed,
synth_subspace_5of200,7c2e8cd4a56d,
synth_subspace_5of200,07ebbef7de3c,
synth_subspace_5of200,db49059653de,
synth_subspace_5of200,19967cb83e78,
synth_subspace_5of200,158a0277ed3c,
synth_subspace_5of200,d0fba6f03c0f,
synth_subspace_5of200,f10f8ff36baa,
synth_subspace_5of200,672c637760be,
synth_subspace_5of200,0cd896f527d5,
synth_subspace_5of200,4887a0323e21,
synth_subspace_5of200,3d795ce47578,
synth_subspace_5of200,639f74dd0e43,
synth_subspace_5of200,9c3ccb4fd98f,
synth_subspace_5of200,5647bbf0428d,0.750872867092807
synth_subspace_5of200,389d4ccb0588,
synth_subspace_5of200,e34ce5984b64,
synth_subspace_5of200,63470ebdd53e,0.7650137416341499
synth_subspace_5of200,46814f50e13d,
synth_subspace_5of200,e597041814f5,
synth_subspace_5of200,024a1a8c54d1,0.7650137416341499
synth_subspace_5of200,bdcde80d6dbb,
synth_subspace_5of200,95475ce56089,
synth_subspace_5of200,5009193136b4,
synth_subspace_5of200,955728329102,
synth_subspace_5of200,1f1b6dfa46dc,
synth_subspace_5of200,272f18e90bd4,0.6564950553418923
synth_subspace_5of200,0cc00684cc3f,0.6563068240088136
synth_subspace_5of200,7203310ff7ba,0.6563068240088136
synth_subspace_5of200,a399ab5a112a,0.6718147294766323
synth_subspace_5of200,4d00158c440c,0.6718147294766323
synth_subspace_5of200,f028e3896d9e,0.6718147294766323
synth_subspace_5of200,bc0e2be21bfb,0.6718147294766323
synth_subspace_5of200,ae16e9272ff8,0.6534559368547112
synth_subspace_5of200,803c0d3403ff,0.6623797961981264
synth_subspace_5of200,579a8bd776f9,0.6675052967601017
synth_subspace_5of200,ccd2d07c7a4a,0.6698627475405798
synth_subspace_5of200,92f60358ba37,0.6803378199523225
synth_subspace_5of200,646357d2ae16,0.6929026549413555
synth_subspace_5of200,5773d7049286,0.6988187184093553
synth_subspace_5of200,a81f368f51bb,0.776852142838821
synth_subspace_5of200,70969dd2d720,0.7429128281538533
synth_subspace_5of200,34b50b92b183,0.7429128281538533
synth_subspace_5of200,48d260f98b0d,0.7429128281538533
synth_subspace_5of200,1134a806601d,0.7366640037224504
synth_subspace_5of200,0069693e350e,0.6882424757894912
synth_subspace_5of200,2fa0af8799c8,0.6882424757894912
synth_subspace_5of50,76c89cda5ca5,0.47939420031103713
synth_subspace_5of50,23861655ac34,0.43194940721144665
synth_subspace_5of50,a042255d7a7d,0.4262599191240028
synth_subspace_5of50,47980bf71ea8,0.41876584699541575
synth_subspace_5of50,79d9b0fb5f02,0.41538161715467786
synth_subspace_5of50,e511e76239fe,0.42832425994910955
synth_subspace_5of50,7741c3e44852,0.4228203018461653
synth_subspace_5of50,b2d6bf5f391d,0.44478518820887847
synth_subspace_5of50,3964e1ccb548,0.47939420031103713
synth_subspace_5of50,4c077151b389,0.43194940721144665
synth_subspace_5of50,f292f2a1db5b,0.43734049819793724
synth_subspace_5of50,a4dbad06fd4e,0.41360372550772007
synth_subspace_5of50,8eecd2798818,0.40419097107912594
synth_subspace_5of50,4d9c9acccd21,0.4352522132892021
synth_subspace_5of50,9381fbddb6c5,0.4315696183463273
synth_subspace_5of50,8ec393598948,0.47939420031103713
synth_subspace_5of50,77e145ffcc55,0.43194940721144665
synth_subspace_5of50,632568e85407,0.43194940721144665
synth_subspace_5of50,fa9612cfa871,0.42099900468757784
synth_subspace_5of50,3d72e70b09e3,0.4244354668171467
synth_subspace_5of50,45c510f16843,0.39855666584128135
synth_subspace_5of50,27a2752a569f,0.42099900468757784
synth_subspace_5of50,3a9260f9550f,0.6223015760330719
synth_subspace_5of50,0dfb18d06f3a,0.47939420031103713
synth_subspace_5of50,c104b3d67121,0.47939420031103713
synth_subspace_5of50,7f10ff06a55f,0.4707731107172332
synth_subspace_5of50,afb4fe7d2eaa,0.4760733086152006
synth_subspace_5of50,627cdef1f058,0.4760733086152006
synth_subspace_5of50,c5dfd3221b79,0.47939420031103713
synth_subspace_5of50,e3ae029f4d54,0.43194940721144665
synth_subspace_5of50,98d2a79e4c00,0.43293856147978915
synth_subspace_5of50,0481ef8f35a2,0.38726926680959123
synth_subspace_5of50,9a585386bc6d,0.39855666584128135
synth_subspace_5of50,971471268792,0.3990654778944902
synth_subspace_5of50,4ec824c366d4,
synth_subspace_5of50,4555573328fc,
synth_subspace_5of50,0f46e0814abc,
synth_subspace_5of50,759f97a6695c,
synth_subspace_5of50,9cd81f07f9eb,
synth_subspace_5of50,bb5d6442dae0,
synth_subspace_5of50,c610648f3a0b,
synth_subspace_5of50,d9a6e957a479,
synth_subspace_5of50,e0981ae1c5a2,
synth_subspace_5of50,08e381bd46b1,
synth_subspace_5of50,f7183f4c1fed,
synth_subspace_5of50,7c2e8cd4a56d,
synth_subspace_5of50,07ebbef7de3c,
synth_subspace_5of50,db49059653de,
synth_subspace_5of50,19967cb83e78,
synth_subspace_5of50,158a0277ed3c,
synth_subspace_5of50,d0fba6f03c0f,
synth_subspace_5of50,f10f8ff36baa,
synth_subspace_5of50,672c637760be,
synth_subspace_5of50,0cd896f527d5,
synth_subspace_5of50,4887a0323e21,
synth_subspace_5of50,3d795ce47578,
synth_subspace_5of50,639f74dd0e43,
synth_subspace_5of50,9c3ccb4fd98f,
synth_subspace_5of50,5647bbf0428d,0.524661769961759
synth_subspace_5of50,389d4ccb0588,0.6266647030877776
synth_subspace_5of50,e34ce5984b64,0.6379105983743109
synth_subspace_5of50,63470ebdd53e,0.5762893519925839
synth_subspace_5of50,46814f50e13d,0.6266647030877776
synth_subspace_5of50,e597041814f5,
synth_subspace_5of50,024a1a8c54d1,0.5567996450372237
synth_subspace_5of50,bdcde80d6dbb,0.6266647030877776
synth_subspace_5of50,95475ce56089,
synth_subspace_5of50,5009193136b4,
synth_subspace_5of50,955728329102,
synth_subspace_5of50,1f1b6dfa46dc,
synth_subspace_5of50,272f18e90bd4,0.46534696966322925
synth_subspace_5of50,0cc00684cc3f,0.4257372261099608
synth_subspace_5of50,7203310ff7ba,0.44365707137809157
synth_subspace_5of50,a399ab5a112a,0.44365707137809157
synth_subspace_5of50,4d00158c440c,0.44365707137809157
synth_subspace_5of50,f028e3896d9e,0.44365707137809157
synth_subspace_5of50,bc0e2be21bfb,0.44365707137809157
synth_subspace_5of50,ae16e9272ff8,0.4420574649276956
synth_subspace_5of50,803c0d3403ff,0.4501370827036859
synth_subspace_5of50,579a8bd776f9,0.46038335039213935
synth_subspace_5of50,ccd2d07c7a4a,0.45729522900509534
synth_subspace_5of50,92f60358ba37,0.4660995332326727
synth_subspace_5of50,646357d2ae16,0.480028583767378
synth_subspace_5of50,5773d7049286,0.4881830504934
synth_subspace_5of50,a81f368f51bb,0.5607117881421444
synth_subspace_5of50,70969dd2d720,0.5505156365038972
synth_subspace_5of50,34b50b92b183,0.5334425724804854
synth_subspace_5of50,48d260f98b0d,0.5150438392991782
synth_subspace_5of50,1134a806601d,0.4787268205385642
synth_subspace_5of50,0069693e350e,0.5010313392388734
synth_subspace_5of50,2fa0af8799c8,0.5010313392388734
synth_swiss_roll_k3,76c89cda5ca5,0.017652361816985675
synth_swiss_roll_k3,23861655ac34,0.01249703764748901
synth_swiss_roll_k3,a042255d7a7d,0.014391416790628763
synth_swiss_roll_k3,47980bf71ea8,0.010123917319633503
synth_swiss_roll_k3,79d9b0fb5f02,0.015175019022084204
synth_swiss_roll_k3,e511e76239fe,0.034836342399584504
synth_swiss_roll_k3,7741c3e44852,0.022885045764175424
synth_swiss_roll_k3,b2d6bf5f391d,0.03989047426410589
synth_swiss_roll_k3,3964e1ccb548,0.008362599879198183
synth_swiss_roll_k3,4c077151b389,0.016105683541693616
synth_swiss_roll_k3,f292f2a1db5b,0.008424494808036179
synth_swiss_roll_k3,a4dbad06fd4e,0.011540496755967654
synth_swiss_roll_k3,8eecd2798818,0.014441473684325
synth_swiss_roll_k3,4d9c9acccd21,0.01766863851076835
synth_swiss_roll_k3,9381fbddb6c5,0.008653759730266334
synth_swiss_roll_k3,8ec393598948,0.014807724743810305
synth_swiss_roll_k3,77e145ffcc55,0.014704648953296477
synth_swiss_roll_k3,632568e85407,0.010650244422657435
synth_swiss_roll_k3,fa9612cfa871,0.01337593622184743
synth_swiss_roll_k3,3d72e70b09e3,0.013603366624238385
synth_swiss_roll_k3,45c510f16843,0.015502633939824945
synth_swiss_roll_k3,27a2752a569f,0.013525632516258587
synth_swiss_roll_k3,4ec824c366d4,0.3114533014967595
synth_swiss_roll_k3,4555573328fc,2.165559742351482
synth_swiss_roll_k3,0f46e0814abc,
synth_swiss_roll_k3,759f97a6695c,
synth_swiss_roll_k3,9cd81f07f9eb,
synth_swiss_roll_k3,bb5d6442dae0,0.020886785861543983
synth_swiss_roll_k3,c610648f3a0b,0.01903642030775365
synth_swiss_roll_k3,d9a6e957a479,0.1706697497186934
synth_swiss_roll_k3,e0981ae1c5a2,
synth_swiss_roll_k3,08e381bd46b1,
synth_swiss_roll_k3,f7183f4c1fed,
synth_swiss_roll_k3,7c2e8cd4a56d,0.032445641127926264
synth_swiss_roll_k3,07ebbef7de3c,
synth_swiss_roll_k3,db49059653de,
synth_swiss_roll_k3,19967cb83e78,
synth_swiss_roll_k3,158a0277ed3c,
synth_swiss_roll_k3,d0fba6f03c0f,
synth_swiss_roll_k3,f10f8ff36baa,
synth_swiss_roll_k3,672c637760be,
synth_swiss_roll_k3,0cd896f527d5,
synth_swiss_roll_k3,4887a0323e21,
synth_swiss_roll_k3,3d795ce47578,
synth_swiss_roll_k3,639f74dd0e43,
synth_swiss_roll_k3,9c3ccb4fd98f,
synth_swiss_roll_k3,5647bbf0428d,0.08382010288436302
synth_swiss_roll_k3,389d4ccb0588,0.04165460626280677
synth_swiss_roll_k3,e34ce5984b64,0.05908116887966361
synth_swiss_roll_k3,63470ebdd53e,0.07558935111354088
synth_swiss_roll_k3,46814f50e13d,0.047846990888045775
synth_swiss_roll_k3,e597041814f5,0.05908116887966361
synth_swiss_roll_k3,024a1a8c54d1,0.059422557748904405
synth_swiss_roll_k3,bdcde80d6dbb,0.037965643295704114
synth_swiss_roll_k3,95475ce56089,0.06171259129686148
synth_swiss_roll_k3,5009193136b4,0.053988020274917926
synth_swiss_roll_k3,955728329102,0.037965643295704114
synth_swiss_roll_k3,1f1b6dfa46dc,0.05908116887966361
synth_swiss_roll_k3,272f18e90bd4,0.036013587028920414
synth_swiss_roll_k3,0cc00684cc3f,0.031059614268408982
synth_swiss_roll_k3,7203310ff7ba,0.03452538237837494
synth_swiss_roll_k3,a399ab5a112a,0.037271030012339154
synth_swiss_roll_k3,4d00158c440c,0.0350406549394355
synth_swiss_roll_k3,f028e3896d9e,0.040683117868928184
synth_swiss_roll_k3,bc0e2be21bfb,0.04154409243337339
synth_swiss_roll_k3,ae16e9272ff8,0.027007857508359653
synth_swiss_roll_k3,803c0d3403ff,0.027753693614771164
synth_swiss_roll_k3,579a8bd776f9,0.031843713508621474
synth_swiss_roll_k3,ccd2d07c7a4a,0.034638506196200104
synth_swiss_roll_k3,92f60358ba37,0.032131696267266835
synth_swiss_roll_k3,646357d2ae16,0.035625607006665665
synth_swiss_roll_k3,5773d7049286,0.04026209761909432
synth_swiss_roll_k3,a81f368f51bb,0.03674720845142243
synth_swiss_roll_k3,70969dd2d720,0.02254010859854144
synth_swiss_roll_k3,34b50b92b183,0.024075379794010258
synth_swiss_roll_k3,48d260f98b0d,0.026982302909027256
synth_swiss_roll_k3,1134a806601d,0.03420969423126916
synth_swiss_roll_k3,0069693e350e,0.040816095117895496
synth_swiss_roll_k3,2fa0af8799c8,0.040816095117895496
synth_swiss_roll_k5,76c89cda5ca5,0.010292245423386807
synth_swiss_roll_k5,23861655ac34,0.01738454597389603
synth_swiss_roll_k5,a042255d7a7d,0.010708470971423615
synth_swiss_roll_k5,47980bf71ea8,0.02400113930132504
synth_swiss_roll_k5,79d9b0fb5f02,0.008481838398299458
synth_swiss_roll_k5,e511e76239fe,0.03119875200830152
synth_swiss_roll_k5,7741c3e44852,0.0158696436907139
synth_swiss_roll_k5,b2d6bf5f391d,0.04776212224398133
synth_swiss_roll_k5,3964e1ccb548,0.015752035723389676
synth_swiss_roll_k5,4c077151b389,0.01619091243383684
synth_swiss_roll_k5,f292f2a1db5b,0.008045106737946941
synth_swiss_roll_k5,a4dbad06fd4e,0.020430944663368086
synth_swiss_roll_k5,8eecd2798818,0.014158077929901298
synth_swiss_roll_k5,4d9c9acccd21,0.011525341391251888
synth_swiss_roll_k5,9381fbddb6c5,0.013662905508896952
synth_swiss_roll_k5,8ec393598948,0.015956251994932714
synth_swiss_roll_k5,77e145ffcc55,0.01166308477860546
synth_swiss_roll_k5,632568e85407,0.014142064886219137
synth_swiss_roll_k5,fa9612cfa871,0.014291274824269862
synth_swiss_roll_k5,3d72e70b09e3,0.010939616651287684
synth_swiss_roll_k5,45c510f16843,0.00579592863639167
synth_swiss_roll_k5,27a2752a569f,0.012998632210694173
synth_swiss_roll_k5,4ec824c366d4,0.3776164108182736
synth_swiss_roll_k5,4555573328fc,5.586511364881743
synth_swiss_roll_k5,0f46e0814abc,
synth_swiss_roll_k5,759f97a6695c,
synth_swiss_roll_k5,9cd81f07f9eb,0.06154771680719046
synth_swiss_roll_k5,bb5d6442dae0,0.013086120976756668
synth_swiss_roll_k5,c610648f3a0b,0.020625436834982774
synth_swiss_roll_k5,d9a6e957a479,0.23412454325090398
synth_swiss_roll_k5,e0981ae1c5a2,
synth_swiss_roll_k5,08e381bd46b1,
synth_swiss_roll_k5,f7183f4c1fed,
synth_swiss_roll_k5,7c2e8cd4a56d,0.027209732148597027
synth_swiss_roll_k5,07ebbef7de3c,
synth_swiss_roll_k5,db49059653de,
synth_swiss_roll_k5,19967cb83e78,
synth_swiss_roll_k5,158a0277ed3c,
synth_swiss_roll_k5,d0fba6f03c0f,
synth_swiss_roll_k5,f10f8ff36baa,
synth_swiss_roll_k5,672c637760be,
synth_swiss_roll_k5,0cd896f527d5,
synth_swiss_roll_k5,4887a0323e21,
synth_swiss_roll_k5,3d795ce47578,
synth_swiss_roll_k5,639f74dd0e43,
synth_swiss_roll_k5,9c3ccb4fd98f,
synth_swiss_roll_k5,5647bbf0428d,0.06782711129125962
synth_swiss_roll_k5,389d4ccb0588,0.032604081732317554
synth_swiss_roll_k5,e34ce5984b64,0.046312737330322165
synth_swiss_roll_k5,63470ebdd53e,0.0628551557516763
synth_swiss_roll_k5,46814f50e13d,0.025151751735562142
synth_swiss_roll_k5,e597041814f5,0.06993778227316608
synth_swiss_roll_k5,024a1a8c54d1,0.04789926077032737
synth_swiss_roll_k5,bdcde80d6dbb,0.025151751735562142
synth_swiss_roll_k5,95475ce56089,0.05781659183658227
synth_swiss_roll_k5,5009193136b4,0.05430478429321771
synth_swiss_roll_k5,955728329102,0.05933557466763033
synth_swiss_roll_k5,1f1b6dfa46dc,0.05781659183658227
synth_swiss_roll_k5,272f18e90bd4,0.02398806572784691
synth_swiss_roll_k5,0cc00684cc3f,0.024161939345287996
synth_swiss_roll_k5,7203310ff7ba,0.028574093753619564
synth_swiss_roll_k5,a399ab5a112a,0.028574093753619564
synth_swiss_roll_k5,4d00158c440c,0.038998629879212224
synth_swiss_roll_k5,f028e3896d9e,0.038998629879212224
synth_swiss_roll_k5,bc0e2be21bfb,0.050842856540359756
synth_swiss_roll_k5,ae16e9272ff8,0.023357309470491833
synth_swiss_roll_k5,803c0d3403ff,0.025836985375693917
synth_swiss_roll_k5,579a8bd776f9,0.027467779284081152
synth_swiss_roll_k5,ccd2d07c7a4a,0.03145351976762811
synth_swiss_roll_k5,92f60358ba37,0.033296093603981024
synth_swiss_roll_k5,646357d2ae16,0.04189654738137063
synth_swiss_roll_k5,5773d7049286,0.04771157849425897
synth_swiss_roll_k5,a81f368f51bb,0.03392499978571302
synth_swiss_roll_k5,70969dd2d720,0.02969441686627671
synth_swiss_roll_k5,34b50b92b183,0.032905979774314136
synth_swiss_roll_k5,48d260f98b0d,0.03340742292375934
synth_swiss_roll_k5,1134a806601d,0.03901527057245204
synth_swiss_roll_k5,0069693e350e,0.044628194495592584
synth_swiss_roll_k5,2fa0af8799c8,0.05205138822656726
synth_uniform_noise_10d,76c89cda5ca5,0.17112991702451663
synth_uniform_noise_10d,23861655ac34,0.1516622533011485
synth_uniform_noise_10d,a042255d7a7d,0.19881080051311892
synth_uniform_noise_10d,47980bf71ea8,0.15657934981037167
synth_uniform_noise_10d,79d9b0fb5f02,0.1782888517225889
synth_uniform_noise_10d,e511e76239fe,0.17457854545980314
synth_uniform_noise_10d,7741c3e44852,0.15504111186394706
synth_uniform_noise_10d,b2d6bf5f391d,0.21871240977470835
synth_uniform_noise_10d,3964e1ccb548,0.2005065698521915
synth_uniform_noise_10d,4c077151b389,0.19687151423006072
synth_uniform_noise_10d,f292f2a1db5b,0.19716430900451656
synth_uniform_noise_10d,a4dbad06fd4e,0.18798994447469072
synth_uniform_noise_10d,8eecd2798818,0.17578719667899528
synth_uniform_noise_10d,4d9c9acccd21,0.1437768880218516
synth_uniform_noise_10d,9381fbddb6c5,0.20655298530919847
synth_uniform_noise_10d,8ec393598948,0.21777443558880993
synth_uniform_noise_10d,77e145ffcc55,0.20585676678210235
synth_uniform_noise_10d,632568e85407,0.18910762321591065
synth_uniform_noise_10d,fa9612cfa871,0.1682350376838748
synth_uniform_noise_10d,3d72e70b09e3,0.14940700567299875
synth_uniform_noise_10d,45c510f16843,0.17047208981090392
synth_uniform_noise_10d,27a2752a569f,0.16189176004717787
synth_uniform_noise_10d,4ec824c366d4,
synth_uniform_noise_10d,4555573328fc,
synth_uniform_noise_10d,0f46e0814abc,
synth_uniform_noise_10d,759f97a6695c,
synth_uniform_noise_10d,9cd81f07f9eb,
synth_uniform_noise_10d,bb5d6442dae0,
synth_uniform_noise_10d,c610648f3a0b,
synth_uniform_noise_10d,d9a6e957a479,
synth_uniform_noise_10d,e0981ae1c5a2,
synth_uniform_noise_10d,08e381bd46b1,
synth_uniform_noise_10d,f7183f4c1fed,
synth_uniform_noise_10d,7c2e8cd4a56d,
synth_uniform_noise_10d,07ebbef7de3c,
synth_uniform_noise_10d,db49059653de,
synth_uniform_noise_10d,19967cb83e78,
synth_uniform_noise_10d,158a0277ed3c,
synth_uniform_noise_10d,d0fba6f03c0f,0.31807748163808947
synth_uniform_noise_10d,f10f8ff36baa,0.34429521126187773
synth_uniform_noise_10d,672c637760be,
synth_uniform_noise_10d,0cd896f527d5,
synth_uniform_noise_10d,4887a0323e21,
synth_uniform_noise_10d,3d795ce47578,
synth_uniform_noise_10d,639f74dd0e43,
synth_uniform_noise_10d,9c3ccb4fd98f,
synth_uniform_noise_10d,5647bbf0428d,0.326491668222312
synth_uniform_noise_10d,389d4ccb0588,0.31744511907686723
synth_uniform_noise_10d,e34ce5984b64,
synth_uniform_noise_10d,63470ebdd53e,0.3154432916155197
synth_uniform_noise_10d,46814f50e13d,0.38262243438918503
synth_uniform_noise_10d,e597041814f5,
synth_uniform_noise_10d,024a1a8c54d1,0.30156354719393097
synth_uniform_noise_10d,bdcde80d6dbb,
synth_uniform_noise_10d,95475ce56089,
synth_uniform_noise_10d,5009193136b4,
synth_uniform_noise_10d,955728329102,
synth_uniform_noise_10d,1f1b6dfa46dc,
synth_uniform_noise_10d,272f18e90bd4,0.2004324579132748
synth_uniform_noise_10d,0cc00684cc3f,0.2004324579132748
synth_uniform_noise_10d,7203310ff7ba,0.20229784029510656
synth_uniform_noise_10d,a399ab5a112a,0.20229784029510656
synth_uniform_noise_10d,4d00158c440c,0.2218399972401352
synth_uniform_noise_10d,f028e3896d9e,0.22941330877012575
synth_uniform_noise_10d,bc0e2be21bfb,0.24075628957255174
synth_uniform_noise_10d,ae16e9272ff8,0.20445927339227238
synth_uniform_noise_10d,803c0d3403ff,0.1902336926982026
synth_uniform_noise_10d,579a8bd776f9,0.20184995805010125
synth_uniform_noise_10d,ccd2d07c7a4a,0.20416808528218822
synth_uniform_noise_10d,92f60358ba37,0.2175410802329994
synth_uniform_noise_10d,646357d2ae16,0.2316243645457125
synth_uniform_noise_10d,5773d7049286,0.24388131608275873
synth_uniform_noise_10d,a81f368f51bb,0.27572712365505553
synth_uniform_noise_10d,70969dd2d720,0.27572712365505553
synth_uniform_noise_10d,34b50b92b183,0.27572712365505553
synth_uniform_noise_10d,48d260f98b0d,0.24890270917702262
synth_uniform_noise_10d,1134a806601d,0.22704928355618173
synth_uniform_noise_10d,0069693e350e,0.24303912432240432
synth_uniform_noise_10d,2fa0af8799c8,0.24610787404201515
synth_uniform_noise_2d,76c89cda5ca5,0.015172532440492093
synth_uniform_noise_2d,23861655ac34,0.02186090655602063
synth_uniform_noise_2d,a042255d7a7d,0.0386853218634497
synth_uniform_noise_2d,47980bf71ea8,0.04274075580371487
synth_uniform_noise_2d,79d9b0fb5f02,0.041697986239602816
synth_uniform_noise_2d,e511e76239fe,0.047824491734682686
synth_uniform_noise_2d,7741c3e44852,0.04705255435770704
synth_uniform_noise_2d,b2d6bf5f391d,0.0636045386468968
synth_uniform_noise_2d,3964e1ccb548,0.02263643956229035
synth_uniform_noise_2d,4c077151b389,0.011021683153725566
synth_uniform_noise_2d,f292f2a1db5b,0.027768712751580733
synth_uniform_noise_2d,a4dbad06fd4e,0.023782851444648197
synth_uniform_noise_2d,8eecd2798818,0.03963487329067452
synth_uniform_noise_2d,4d9c9acccd21,0.017772145840367026
synth_uniform_noise_2d,9381fbddb6c5,0.01621296880050721
synth_uniform_noise_2d,8ec393598948,0.02263643956229035
synth_uniform_noise_2d,77e145ffcc55,0.01813647664878012
synth_uniform_noise_2d,632568e85407,0.027826876517281204
synth_uniform_noise_2d,fa9612cfa871,0.027950955811475144
synth_uniform_noise_2d,3d72e70b09e3,0.022776170785577234
synth_uniform_noise_2d,45c510f16843,0.02085570087033225
synth_uniform_noise_2d,27a2752a569f,0.004874439547421153
synth_uniform_noise_2d,4ec824c366d4,0.22805486008136158
synth_uniform_noise_2d,4555573328fc,0.36232511134780737
synth_uniform_noise_2d,0f46e0814abc,
synth_uniform_noise_2d,759f97a6695c,
synth_uniform_noise_2d,9cd81f07f9eb,
synth_uniform_noise_2d,bb5d6442dae0,
synth_uniform_noise_2d,c610648f3a0b,0.012835325677355583
synth_uniform_noise_2d,d9a6e957a479,
synth_uniform_noise_2d,e0981ae1c5a2,
synth_uniform_noise_2d,08e381bd46b1,
synth_uniform_noise_2d,f7183f4c1fed,
synth_uniform_noise_2d,7c2e8cd4a56d,
synth_uniform_noise_2d,07ebbef7de3c,
synth_uniform_noise_2d,db49059653de,
synth_uniform_noise_2d,19967cb83e78,
synth_uniform_noise_2d,158a0277ed3c,
synth_uniform_noise_2d,d0fba6f03c0f,
synth_uniform_noise_2d,f10f8ff36baa,
synth_uniform_noise_2d,672c637760be,
synth_uniform_noise_2d,0cd896f527d5,
synth_uniform_noise_2d,4887a0323e21,
synth_uniform_noise_2d,3d795ce47578,
synth_uniform_noise_2d,639f74dd0e43,
synth_uniform_noise_2d,9c3ccb4fd98f,
synth_uniform_noise_2d,5647bbf0428d,0.11447729582636693
synth_uniform_noise_2d,389d4ccb0588,0.06002245240965363
synth_uniform_noise_2d,e34ce5984b64,0.08436382186663532
synth_uniform_noise_2d,63470ebdd53e,0.10382644826370374
synth_uniform_noise_2d,46814f50e13d,0.06002245240965363
synth_uniform_noise_2d,e597041814f5,0.08436382186663532
synth_uniform_noise_2d,024a1a8c54d1,0.07502477513609247
synth_uniform_noise_2d,bdcde80d6dbb,0.022740515279514498
synth_uniform_noise_2d,95475ce56089,0.08436382186663532
synth_uniform_noise_2d,5009193136b4,0.05607586077285697
synth_uniform_noise_2d,955728329102,0.0740718228524963
synth_uniform_noise_2d,1f1b6dfa46dc,
synth_uniform_noise_2d,272f18e90bd4,0.030837224784419595
synth_uniform_noise_2d,0cc00684cc3f,0.03250742628859818
synth_uniform_noise_2d,7203310ff7ba,0.046421705455089814
synth_uniform_noise_2d,a399ab5a112a,0.051424182367406465
synth_uniform_noise_2d,4d00158c440c,0.06386035783840448
synth_uniform_noise_2d,f028e3896d9e,0.08374816800780698
synth_uniform_noise_2d,bc0e2be21bfb,0.08100643356257779
synth_uniform_noise_2d,ae16e9272ff8,0.02888498716227493
synth_uniform_noise_2d,803c0d3403ff,0.030790163876306214
synth_uniform_noise_2d,579a8bd776f9,0.04216475663726057
synth_uniform_noise_2d,ccd2d07c7a4a,0.048074314294280746
synth_uniform_noise_2d,92f60358ba37,0.04296314074980097
synth_uniform_noise_2d,646357d2ae16,0.05196320472007245
synth_uniform_noise_2d,5773d7049286,0.05540866178789023
synth_uniform_noise_2d,a81f368f51bb,0.023041026176492008
synth_uniform_noise_2d,70969dd2d720,0.027664559506853006
synth_uniform_noise_2d,34b50b92b183,0.03503287816065539
synth_uniform_noise_2d,48d260f98b0d,0.04217670580230523
synth_uniform_noise_2d,1134a806601d,0.05483751729532254
synth_uniform_noise_2d,0069693e350e,0.06162414329947636
synth_uniform_noise_2d,2fa0af8799c8,0.0762867229883104
synth_varying_density_15d,76c89cda5ca5,0.41333040656517306
synth_varying_density_15d,23861655ac34,0.4225046825183925
synth_varying_density_15d,a042255d7a7d,0.6865076511691175
synth_varying_density_15d,47980bf71ea8,0.15796959692686313
synth_varying_density_15d,79d9b0fb5f02,0.17231315691278037
synth_varying_density_15d,e511e76239fe,0.15978404368694799
synth_varying_density_15d,7741c3e44852,0.08802337628542864
synth_varying_density_15d,b2d6bf5f391d,0.08221344178695233
synth_varying_density_15d,3964e1ccb548,0.41333040656517306
synth_varying_density_15d,4c077151b389,0.4225046825183925
synth_varying_density_15d,f292f2a1db5b,0.09217680522685631
synth_varying_density_15d,a4dbad06fd4e,0.1601098682502153
synth_varying_density_15d,8eecd2798818,0.12200870332423748
synth_varying_density_15d,4d9c9acccd21,0.12200870332423748
synth_varying_density_15d,9381fbddb6c5,0.07000338245981429
synth_varying_density_15d,8ec393598948,0.41333040656517306
synth_varying_density_15d,77e145ffcc55,0.4225046825183925
synth_varying_density_15d,632568e85407,0.10681930924185448
synth_varying_density_15d,fa9612cfa871,0.17730669732566465
synth_varying_density_15d,3d72e70b09e3,0.13371097892051542
synth_varying_density_15d,45c510f16843,0.13412040711128895
synth_varying_density_15d,27a2752a569f,0.0661045109802342
synth_varying_density_15d,4ec824c366d4,
synth_varying_density_15d,4555573328fc,
synth_varying_density_15d,0f46e0814abc,
synth_varying_density_15d,759f97a6695c,
synth_varying_density_15d,9cd81f07f9eb,
synth_varying_density_15d,bb5d6442dae0,
synth_varying_density_15d,c610648f3a0b,
synth_varying_density_15d,d9a6e957a479,
synth_varying_density_15d,e0981ae1c5a2,0.31578244796228816
synth_varying_density_15d,08e381bd46b1,
synth_varying_density_15d,f7183f4c1fed,0.30627679629876015
synth_varying_density_15d,7c2e8cd4a56d,
synth_varying_density_15d,07ebbef7de3c,0.3770245990151262
synth_varying_density_15d,db49059653de,0.34469001522226966
synth_varying_density_15d,19967cb83e78,1.5251791483487185
synth_varying_density_15d,158a0277ed3c,1.8013193424055973
synth_varying_density_15d,d0fba6f03c0f,0.7387907700176277
synth_varying_density_15d,f10f8ff36baa,0.7387907700176277
synth_varying_density_15d,672c637760be,0.7387907700176277
synth_varying_density_15d,0cd896f527d5,0.7387907700176277
synth_varying_density_15d,4887a0323e21,
synth_varying_density_15d,3d795ce47578,
synth_varying_density_15d,639f74dd0e43,
synth_varying_density_15d,9c3ccb4fd98f,
synth_varying_density_15d,5647bbf0428d,0.6865076511691175
synth_varying_density_15d,389d4ccb0588,0.6865076511691175
synth_varying_density_15d,e34ce5984b64,0.6865076511691175
synth_varying_density_15d,63470ebdd53e,0.6865076511691175
synth_varying_density_15d,46814f50e13d,0.6865076511691175
synth_varying_density_15d,e597041814f5,0.6865076511691175
synth_varying_density_15d,024a1a8c54d1,0.6865076511691175
synth_varying_density_15d,bdcde80d6dbb,0.6865076511691175
synth_varying_density_15d,95475ce56089,0.6865076511691175
synth_varying_density_15d,5009193136b4,0.6865076511691175
synth_varying_density_15d,955728329102,0.6865076511691175
synth_varying_density_15d,1f1b6dfa46dc,0.6865076511691175
synth_varying_density_15d,272f18e90bd4,0.41333040656517306
synth_varying_density_15d,0cc00684cc3f,0.4225046825183925
synth_varying_density_15d,7203310ff7ba,0.6865076511691175
synth_varying_density_15d,a399ab5a112a,0.17858951737569
synth_varying_density_15d,4d00158c440c,0.20735966576359185
synth_varying_density_15d,f028e3896d9e,0.21341370377185936
synth_varying_density_15d,bc0e2be21bfb,0.1680657131259775
synth_varying_density_15d,ae16e9272ff8,0.41333040656517306
synth_varying_density_15d,803c0d3403ff,0.4225046825183925
synth_varying_density_15d,579a8bd776f9,0.6865076511691175
synth_varying_density_15d,ccd2d07c7a4a,0.2378214399589617
synth_varying_density_15d,92f60358ba37,0.20530427586551425
synth_varying_density_15d,646357d2ae16,0.22251698898507571
synth_varying_density_15d,5773d7049286,0.2384473590901577
synth_varying_density_15d,a81f368f51bb,0.4178188232118502
synth_varying_density_15d,70969dd2d720,0.4225046825183925
synth_varying_density_15d,34b50b92b183,0.6865076511691175
synth_varying_density_15d,48d260f98b0d,0.41000596763291114
synth_varying_density_15d,1134a806601d,0.28213533873715213
synth_varying_density_15d,0069693e350e,0.28213533873715213
synth_varying_density_15d,2fa0af8799c8,0.2718712854061318
synth_varying_density_2d,76c89cda5ca5,0.04638741639350619
synth_varying_density_2d,23861655ac34,0.008932787802421403
synth_varying_density_2d,a042255d7a7d,0.004037820937807701
synth_varying_density_2d,47980bf71ea8,0.007736346425418314
synth_varying_density_2d,79d9b0fb5f02,0.0052107720495439
synth_varying_density_2d,e511e76239fe,0.003815553046878445
synth_varying_density_2d,7741c3e44852,0.0054142550750049204
synth_varying_density_2d,b2d6bf5f391d,0.007908794594460096
synth_varying_density_2d,3964e1ccb548,0.06575248225075708
synth_varying_density_2d,4c077151b389,0.039669848509611416
synth_varying_density_2d,f292f2a1db5b,0.010514353876874908
synth_varying_density_2d,a4dbad06fd4e,0.005241203697318199
synth_varying_density_2d,8eecd2798818,0.0039232486191334
synth_varying_density_2d,4d9c9acccd21,0.006325503771662959
synth_varying_density_2d,9381fbddb6c5,0.006595508127405168
synth_varying_density_2d,8ec393598948,0.06575248225075708
synth_varying_density_2d,77e145ffcc55,0.004136902637738748
synth_varying_density_2d,632568e85407,0.010458337293223744
synth_varying_density_2d,fa9612cfa871,0.0068954363236357185
synth_varying_density_2d,3d72e70b09e3,0.007231629274707907
synth_varying_density_2d,45c510f16843,0.004967354446704654
synth_varying_density_2d,27a2752a569f,0.004583018728904819
synth_varying_density_2d,4ec824c366d4,0.03741586837393047
synth_varying_density_2d,4555573328fc,0.02486907251925126
synth_varying_density_2d,0f46e0814abc,0.021873102847003535
synth_varying_density_2d,759f97a6695c,0.052956927283571216
synth_varying_density_2d,9cd81f07f9eb,
synth_varying_density_2d,bb5d6442dae0,0.07340787700576926
synth_varying_density_2d,c610648f3a0b,0.18756933683549715
synth_varying_density_2d,d9a6e957a479,0.281849553077018
synth_varying_density_2d,e0981ae1c5a2,
synth_varying_density_2d,08e381bd46b1,
synth_varying_density_2d,f7183f4c1fed,
synth_varying_density_2d,7c2e8cd4a56d,0.07340787700576926
synth_varying_density_2d,07ebbef7de3c,
synth_varying_density_2d,db49059653de,
synth_varying_density_2d,19967cb83e78,
synth_varying_density_2d,158a0277ed3c,
synth_varying_density_2d,d0fba6f03c0f,
synth_varying_density_2d,f10f8ff36baa,
synth_varying_density_2d,672c637760be,
synth_varying_density_2d,0cd896f527d5,
synth_varying_density_2d,4887a0323e21,
synth_varying_density_2d,3d795ce47578,
synth_varying_density_2d,639f74dd0e43,
synth_varying_density_2d,9c3ccb4fd98f,
synth_varying_density_2d,5647bbf0428d,0.028190891807098665
synth_varying_density_2d,389d4ccb0588,0.042018151468202265
synth_varying_density_2d,e34ce5984b64,0.050663321224015116
synth_varying_density_2d,63470ebdd53e,0.04537725083306893
synth_varying_density_2d,46814f50e13d,0.042018151468202265
synth_varying_density_2d,e597041814f5,0.050663321224015116
synth_varying_density_2d,024a1a8c54d1,0.04537725083306893
synth_varying_density_2d,bdcde80d6dbb,0.042018151468202265
synth_varying_density_2d,95475ce56089,0.050663321224015116
synth_varying_density_2d,5009193136b4,0.04537725083306893
synth_varying_density_2d,955728329102,0.042018151468202265
synth_varying_density_2d,1f1b6dfa46dc,0.050663321224015116
synth_varying_density_2d,272f18e90bd4,0.06575248225075708
synth_varying_density_2d,0cc00684cc3f,0.011041474812237845
synth_varying_density_2d,7203310ff7ba,0.013443370355416151
synth_varying_density_2d,a399ab5a112a,0.013252044551677668
synth_varying_density_2d,4d00158c440c,0.015081063260559344
synth_varying_density_2d,f028e3896d9e,0.012536947730458705
synth_varying_density_2d,bc0e2be21bfb,0.01478591873550372
synth_varying_density_2d,ae16e9272ff8,0.06575248225075708
synth_varying_density_2d,803c0d3403ff,0.0168012628653682
synth_varying_density_2d,579a8bd776f9,0.011133548139112737
synth_varying_density_2d,ccd2d07c7a4a,0.00809323123414559
synth_varying_density_2d,92f60358ba37,0.009455781545769076
synth_varying_density_2d,646357d2ae16,0.012099550283812696
synth_varying_density_2d,5773d7049286,0.014055300372831123
synth_varying_density_2d,a81f368f51bb,0.06575248225075708
synth_varying_density_2d,70969dd2d720,0.06575248225075708
synth_varying_density_2d,34b50b92b183,0.016863645921536847
synth_varying_density_2d,48d260f98b0d,0.02030300191016937
synth_varying_density_2d,1134a806601d,0.024312943870778175
synth_varying_density_2d,0069693e350e,0.014685647080442796
synth_varying_density_2d,2fa0af8799c8,0.01872517538245007
synth_varying_density_5d,76c89cda5ca5,0.24728638129594493
synth_varying_density_5d,23861655ac34,0.24728638129594493
synth_varying_density_5d,a042255d7a7d,0.038003145893346905
synth_varying_density_5d,47980bf71ea8,0.029243961276661713
synth_varying_density_5d,79d9b0fb5f02,0.027903779087538383
synth_varying_density_5d,e511e76239fe,0.032440274531036914
synth_varying_density_5d,7741c3e44852,0.03316673798447724
synth_varying_density_5d,b2d6bf5f391d,0.04592599915277692
synth_varying_density_5d,3964e1ccb548,0.2109423275879622
synth_varying_density_5d,4c077151b389,0.2223733163663709
synth_varying_density_5d,f292f2a1db5b,0.12737688482007378
synth_varying_density_5d,a4dbad06fd4e,0.016894766496684897
synth_varying_density_5d,8eecd2798818,0.03289167574881873
synth_varying_density_5d,4d9c9acccd21,0.01822210634721843
synth_varying_density_5d,9381fbddb6c5,0.02365231277167478
synth_varying_density_5d,8ec393598948,0.0655306616871744
synth_varying_density_5d,77e145ffcc55,0.2223733163663709
synth_varying_density_5d,632568e85407,0.12737688482007378
synth_varying_density_5d,fa9612cfa871,0.020547483236118765
synth_varying_density_5d,3d72e70b09e3,0.04169346117794529
synth_varying_density_5d,45c510f16843,0.024076820571376167
synth_varying_density_5d,27a2752a569f,0.03301648033499648
synth_varying_density_5d,4ec824c366d4,0.5138559972257571
synth_varying_density_5d,4555573328fc,
synth_varying_density_5d,0f46e0814abc,
synth_varying_density_5d,759f97a6695c,
synth_varying_density_5d,9cd81f07f9eb,0.1340079388649251
synth_varying_density_5d,bb5d6442dae0,0.08086306576866134
synth_varying_density_5d,c610648f3a0b,0.6717718576837425
synth_varying_density_5d,d9a6e957a479,1.4780547583205699
synth_varying_density_5d,e0981ae1c5a2,0.1295175727520079
synth_varying_density_5d,08e381bd46b1,0.14288112912698792
synth_varying_density_5d,f7183f4c1fed,0.3012887991830366
synth_varying_density_5d,7c2e8cd4a56d,0.4017643727465169
synth_varying_density_5d,07ebbef7de3c,0.24728638129594493
synth_varying_density_5d,db49059653de,0.24728638129594493
synth_varying_density_5d,19967cb83e78,0.29983205216849507
synth_varying_density_5d,158a0277ed3c,0.38067891059710945
synth_varying_density_5d,d0fba6f03c0f,0.25846295231840144
synth_varying_density_5d,f10f8ff36baa,0.25846295231840144
synth_varying_density_5d,672c637760be,0.25846295231840144
synth_varying_density_5d,0cd896f527d5,0.25846295231840144
synth_varying_density_5d,4887a0323e21,
synth_varying_density_5d,3d795ce47578,
synth_varying_density_5d,639f74dd0e43,
synth_varying_density_5d,9c3ccb4fd98f,
synth_varying_density_5d,5647bbf0428d,0.12737688482007378
synth_varying_density_5d,389d4ccb0588,0.12737688482007378
synth_varying_density_5d,e34ce5984b64,0.14320502497500728
synth_varying_density_5d,63470ebdd53e,0.12737688482007378
synth_varying_density_5d,46814f50e13d,0.12737688482007378
synth_varying_density_5d,e597041814f5,0.14320502497500728
synth_varying_density_5d,024a1a8c54d1,0.12737688482007378
synth_varying_density_5d,bdcde80d6dbb,0.12737688482007378
synth_varying_density_5d,95475ce56089,0.14320502497500728
synth_varying_density_5d,5009193136b4,0.12737688482007378
synth_varying_density_5d,955728329102,0.12737688482007378
synth_varying_density_5d,1f1b6dfa46dc,0.14320502497500728
synth_varying_density_5d,272f18e90bd4,0.2223733163663709
synth_varying_density_5d,0cc00684cc3f,0.24728638129594493
synth_varying_density_5d,7203310ff7ba,0.12737688482007378
synth_varying_density_5d,a399ab5a112a,0.04235031593917351
synth_varying_density_5d,4d00158c440c,0.07293299377594928
synth_varying_density_5d,f028e3896d9e,0.0476239353724956
synth_varying_density_5d,bc0e2be21bfb,0.04784751202719996
synth_varying_density_5d,ae16e9272ff8,0.10172869843299293
synth_varying_density_5d,803c0d3403ff,0.10336087917516679
synth_varying_density_5d,579a8bd776f9,0.13517296459476347
synth_varying_density_5d,ccd2d07c7a4a,0.06031691731410739
synth_varying_density_5d,92f60358ba37,0.04103792186438541
synth_varying_density_5d,646357d2ae16,0.04968671076019802
synth_varying_density_5d,5773d7049286,0.05974776370308576
synth_varying_density_5d,a81f368f51bb,0.24728638129594493
synth_varying_density_5d,70969dd2d720,0.24728638129594493
synth_varying_density_5d,34b50b92b183,0.12841331726917343
synth_varying_density_5d,48d260f98b0d,0.13664676532818212
synth_varying_density_5d,1134a806601d,0.13369858910656254
synth_varying_density_5d,0069693e350e,0.10905289647489148
synth_varying_density_5d,2fa0af8799c8,0.11390585743477022
text_20ng_all,76c89cda5ca5,0.0695104545242173
text_20ng_all,23861655ac34,0.07920999326808953
text_20ng_all,a042255d7a7d,0.07693109997071677
text_20ng_all,47980bf71ea8,0.03701479295023187
text_20ng_all,79d9b0fb5f02,0.06966836772767374
text_20ng_all,e511e76239fe,0.07365506071938342
text_20ng_all,7741c3e44852,0.0820510674567523
text_20ng_all,b2d6bf5f391d,0.05387294237235959
text_20ng_all,3964e1ccb548,0.060506038789698825
text_20ng_all,4c077151b389,0.02184144613619535
text_20ng_all,f292f2a1db5b,0.04524551798905732
text_20ng_all,a4dbad06fd4e,0.04789970027052425
text_20ng_all,8eecd2798818,0.028353042001137457
text_20ng_all,4d9c9acccd21,0.028353042001137457
text_20ng_all,9381fbddb6c5,0.03061940737115955
text_20ng_all,8ec393598948,0.06270124969237381
text_20ng_all,77e145ffcc55,0.007646425777519103
text_20ng_all,632568e85407,0.007646425777519103
text_20ng_all,fa9612cfa871,0.007646425777519103
text_20ng_all,3d72e70b09e3,0.007646425777519103
text_20ng_all,45c510f16843,0.007646425777519103
text_20ng_all,27a2752a569f,0.00866191417692539
text_20ng_all,4ec824c366d4,4.4847844637048215
text_20ng_all,4555573328fc,
text_20ng_all,0f46e0814abc,
text_20ng_all,759f97a6695c,
text_20ng_all,9cd81f07f9eb,
text_20ng_all,bb5d6442dae0,
text_20ng_all,c610648f3a0b,
text_20ng_all,d9a6e957a479,
text_20ng_all,e0981ae1c5a2,
text_20ng_all,08e381bd46b1,
text_20ng_all,f7183f4c1fed,
text_20ng_all,7c2e8cd4a56d,
text_20ng_all,07ebbef7de3c,1.3248711193405907
text_20ng_all,db49059653de,
text_20ng_all,19967cb83e78,
text_20ng_all,158a0277ed3c,
text_20ng_all,d0fba6f03c0f,0.3799804909796846
text_20ng_all,f10f8ff36baa,
text_20ng_all,672c637760be,
text_20ng_all,0cd896f527d5,
text_20ng_all,4887a0323e21,0.2342401048948828
text_20ng_all,3d795ce47578,0.22001162975493044
text_20ng_all,639f74dd0e43,0.45966539696160946
text_20ng_all,9c3ccb4fd98f,
text_20ng_all,5647bbf0428d,0.19505442115701482
text_20ng_all,389d4ccb0588,0.2970612638937004
text_20ng_all,e34ce5984b64,0.3179465856925913
text_20ng_all,63470ebdd53e,0.2540803090030086
text_20ng_all,46814f50e13d,0.2919689165124872
text_20ng_all,e597041814f5,0.3179465856925913
text_20ng_all,024a1a8c54d1,0.24313253710728983
text_20ng_all,bdcde80d6dbb,1.0
text_20ng_all,95475ce56089,1.0
text_20ng_all,5009193136b4,
text_20ng_all,955728329102,
text_20ng_all,1f1b6dfa46dc,
text_20ng_all,272f18e90bd4,0.22485706732871757
text_20ng_all,0cc00684cc3f,0.10241271322021248
text_20ng_all,7203310ff7ba,0.06907374928358882
text_20ng_all,a399ab5a112a,0.06907374928358882
text_20ng_all,4d00158c440c,0.06907374928358882
text_20ng_all,f028e3896d9e,0.0585084547386156
text_20ng_all,bc0e2be21bfb,0.0585084547386156
text_20ng_all,ae16e9272ff8,0.2560020695315747
text_20ng_all,803c0d3403ff,0.26402424182095796
text_20ng_all,579a8bd776f9,0.26264026896602694
text_20ng_all,ccd2d07c7a4a,0.25034949288704345
text_20ng_all,92f60358ba37,0.11827477419999131
text_20ng_all,646357d2ae16,0.1289181434482802
text_20ng_all,5773d7049286,0.1338930731528108
text_20ng_all,a81f368f51bb,0.3682350253970318
text_20ng_all,70969dd2d720,0.3427589408506738
text_20ng_all,34b50b92b183,0.34410803714964683
text_20ng_all,48d260f98b0d,0.2811413866280956
text_20ng_all,1134a806601d,0.27973593192373847
text_20ng_all,0069693e350e,0.27973593192373847
text_20ng_all,2fa0af8799c8,0.22682543469380778
text_20ng_comp,76c89cda5ca5,0.09215213842858176
text_20ng_comp,23861655ac34,0.06665838837658643
text_20ng_comp,a042255d7a7d,0.09215213842858176
text_20ng_comp,47980bf71ea8,0.09215213842858176
text_20ng_comp,79d9b0fb5f02,0.11692423171400232
text_20ng_comp,e511e76239fe,0.0830074669999309
text_20ng_comp,7741c3e44852,0.09453868450973009
text_20ng_comp,b2d6bf5f391d,0.13005523634253355
text_20ng_comp,3964e1ccb548,0.08797404268337344
text_20ng_comp,4c077151b389,0.07548728175066978
text_20ng_comp,f292f2a1db5b,0.02224533877300092
text_20ng_comp,a4dbad06fd4e,0.026994291617920413
text_20ng_comp,8eecd2798818,0.026801040363462945
text_20ng_comp,4d9c9acccd21,0.02533685693307694
text_20ng_comp,9381fbddb6c5,0.027220512737121817
text_20ng_comp,8ec393598948,0.1068227472788127
text_20ng_comp,77e145ffcc55,0.019884121881231596
text_20ng_comp,632568e85407,0.015956229201297533
text_20ng_comp,fa9612cfa871,0.017000021167577983
text_20ng_comp,3d72e70b09e3,0.01756302577424694
text_20ng_comp,45c510f16843,0.01756302577424694
text_20ng_comp,27a2752a569f,0.017601995105535503
text_20ng_comp,4ec824c366d4,366.04032178830164
text_20ng_comp,4555573328fc,
text_20ng_comp,0f46e0814abc,
text_20ng_comp,759f97a6695c,
text_20ng_comp,9cd81f07f9eb,366.04032178830164
text_20ng_comp,bb5d6442dae0,
text_20ng_comp,c610648f3a0b,
text_20ng_comp,d9a6e957a479,
text_20ng_comp,e0981ae1c5a2,50.171953677940884
text_20ng_comp,08e381bd46b1,
text_20ng_comp,f7183f4c1fed,
text_20ng_comp,7c2e8cd4a56d,
text_20ng_comp,07ebbef7de3c,1.0367240035179055
text_20ng_comp,db49059653de,
text_20ng_comp,19967cb83e78,
text_20ng_comp,158a0277ed3c,
text_20ng_comp,d0fba6f03c0f,0.5801708510343536
text_20ng_comp,f10f8ff36baa,
text_20ng_comp,672c637760be,
text_20ng_comp,0cd896f527d5,
text_20ng_comp,4887a0323e21,0.2690218048370891
text_20ng_comp,3d795ce47578,0.2515320214817323
text_20ng_comp,639f74dd0e43,0.34701776564796105
text_20ng_comp,9c3ccb4fd98f,
text_20ng_comp,5647bbf0428d,0.31553427624507613
text_20ng_comp,389d4ccb0588,0.41145277432484795
text_20ng_comp,e34ce5984b64,1.0
text_20ng_comp,63470ebdd53e,0.3260455978322921
text_20ng_comp,46814f50e13d,0.41145277432484795
text_20ng_comp,e597041814f5,
text_20ng_comp,024a1a8c54d1,
text_20ng_comp,bdcde80d6dbb,
text_20ng_comp,95475ce56089,
text_20ng_comp,5009193136b4,
text_20ng_comp,955728329102,
text_20ng_comp,1f1b6dfa46dc,
text_20ng_comp,272f18e90bd4,0.10897277732037224
text_20ng_comp,0cc00684cc3f,0.14158060325781305
text_20ng_comp,7203310ff7ba,0.14158060325781305
text_20ng_comp,a399ab5a112a,0.15651051909889133
text_20ng_comp,4d00158c440c,0.13226902065824048
text_20ng_comp,f028e3896d9e,0.13226902065824048
text_20ng_comp,bc0e2be21bfb,0.11314517776950828
text_20ng_comp,ae16e9272ff8,0.8361390359642846
text_20ng_comp,803c0d3403ff,0.4695782551768887
text_20ng_comp,579a8bd776f9,0.19484997590386144
text_20ng_comp,ccd2d07c7a4a,0.19951256891106264
text_20ng_comp,92f60358ba37,0.17612869863865985
text_20ng_comp,646357d2ae16,0.18002968455789203
text_20ng_comp,5773d7049286,0.18608420798625858
text_20ng_comp,a81f368f51bb,0.8361390359642846
text_20ng_comp,70969dd2d720,0.4695782551768887
text_20ng_comp,34b50b92b183,0.26658438307229576
text_20ng_comp,48d260f98b0d,0.26658438307229576
text_20ng_comp,1134a806601d,0.26658438307229576
text_20ng_comp,0069693e350e,0.2686838869471376
text_20ng_comp,2fa0af8799c8,0.2686838869471376
text_20ng_politics,76c89cda5ca5,0.24341485559196446
text_20ng_politics,23861655ac34,0.08319858383884275
text_20ng_politics,a042255d7a7d,0.07000901262321503
text_20ng_politics,47980bf71ea8,0.11138377011386409
text_20ng_politics,79d9b0fb5f02,0.08628516468238702
text_20ng_politics,e511e76239fe,0.097346510352912
text_20ng_politics,7741c3e44852,0.08166562898311873
text_20ng_politics,b2d6bf5f391d,0.09865282900524978
text_20ng_politics,3964e1ccb548,0.09262097263383169
text_20ng_politics,4c077151b389,0.08646042799993453
text_20ng_politics,f292f2a1db5b,0.06353148549893867
text_20ng_politics,a4dbad06fd4e,0.06353148549893867
text_20ng_politics,8eecd2798818,0.0912714318092919
text_20ng_politics,4d9c9acccd21,0.03580371633745111
text_20ng_politics,9381fbddb6c5,0.039491780468035566
text_20ng_politics,8ec393598948,0.1056035659787196
text_20ng_politics,77e145ffcc55,0.1056035659787196
text_20ng_politics,632568e85407,0.0263851314302868
text_20ng_politics,fa9612cfa871,0.025914446979842232
text_20ng_politics,3d72e70b09e3,0.07882192266758598
text_20ng_politics,45c510f16843,0.027181033511175602
text_20ng_politics,27a2752a569f,0.027181033511175602
text_20ng_politics,4ec824c366d4,
text_20ng_politics,4555573328fc,
text_20ng_politics,0f46e0814abc,
text_20ng_politics,759f97a6695c,
text_20ng_politics,9cd81f07f9eb,
text_20ng_politics,bb5d6442dae0,
text_20ng_politics,c610648f3a0b,
text_20ng_politics,d9a6e957a479,
text_20ng_politics,e0981ae1c5a2,
text_20ng_politics,08e381bd46b1,
text_20ng_politics,f7183f4c1fed,
text_20ng_politics,7c2e8cd4a56d,
text_20ng_politics,07ebbef7de3c,
text_20ng_politics,db49059653de,
text_20ng_politics,19967cb83e78,
text_20ng_politics,158a0277ed3c,
text_20ng_politics,d0fba6f03c0f,
text_20ng_politics,f10f8ff36baa,
text_20ng_politics,672c637760be,
text_20ng_politics,0cd896f527d5,
text_20ng_politics,4887a0323e21,0.26066752406976584
text_20ng_politics,3d795ce47578,0.18098134460764306
text_20ng_politics,639f74dd0e43,0.3236276069975624
text_20ng_politics,9c3ccb4fd98f,
text_20ng_politics,5647bbf0428d,0.2798936001780786
text_20ng_politics,389d4ccb0588,0.36790537461520517
text_20ng_politics,e34ce5984b64,0.3569781518482216
text_20ng_politics,63470ebdd53e,0.319035664060943
text_20ng_politics,46814f50e13d,0.2661521840596029
text_20ng_politics,e597041814f5,1.0
text_20ng_politics,024a1a8c54d1,
text_20ng_politics,bdcde80d6dbb,
text_20ng_politics,95475ce56089,
text_20ng_politics,5009193136b4,
text_20ng_politics,955728329102,
text_20ng_politics,1f1b6dfa46dc,
text_20ng_politics,272f18e90bd4,0.24341485559196446
text_20ng_politics,0cc00684cc3f,0.25531192512461
text_20ng_politics,7203310ff7ba,0.14560595344800736
text_20ng_politics,a399ab5a112a,0.15218197088222127
text_20ng_politics,4d00158c440c,0.13767304732368202
text_20ng_politics,f028e3896d9e,0.11961891760599035
text_20ng_politics,bc0e2be21bfb,0.11054866720685513
text_20ng_politics,ae16e9272ff8,0.676777437406276
text_20ng_politics,803c0d3403ff,0.1596524536462365
text_20ng_politics,579a8bd776f9,0.16644115552626546
text_20ng_politics,ccd2d07c7a4a,0.17163189390772404
text_20ng_politics,92f60358ba37,0.1873427595957213
text_20ng_politics,646357d2ae16,0.1637052654595625
text_20ng_politics,5773d7049286,0.15442336952979954
text_20ng_politics,a81f368f51bb,0.676777437406276
text_20ng_politics,70969dd2d720,0.4882129211748853
text_20ng_politics,34b50b92b183,0.40997681614619763
text_20ng_politics,48d260f98b0d,0.3483410342324283
text_20ng_politics,1134a806601d,0.17010778695649656
text_20ng_politics,0069693e350e,0.17038696777198606
text_20ng_politics,2fa0af8799c8,0.18638483727042252
text_20ng_rec,76c89cda5ca5,0.12013783340132213
text_20ng_rec,23861655ac34,0.10245197109642865
text_20ng_rec,a042255d7a7d,0.11131700318426578
text_20ng_rec,47980bf71ea8,0.09636758326858832
text_20ng_rec,79d9b0fb5f02,0.0970705988753901
text_20ng_rec,e511e76239fe,0.0252155467830335
text_20ng_rec,7741c3e44852,0.10685952297369403
text_20ng_rec,b2d6bf5f391d,0.11311950782748216
text_20ng_rec,3964e1ccb548,0.06110736266773776
text_20ng_rec,4c077151b389,0.07320757826872797
text_20ng_rec,f292f2a1db5b,0.06110736266773776
text_20ng_rec,a4dbad06fd4e,0.06110736266773776
text_20ng_rec,8eecd2798818,0.06110736266773776
text_20ng_rec,4d9c9acccd21,0.06511259390486855
text_20ng_rec,9381fbddb6c5,0.07097663936107551
text_20ng_rec,8ec393598948,0.08645236094369176
text_20ng_rec,77e145ffcc55,0.010758957776423201
text_20ng_rec,632568e85407,0.010758957776423201
text_20ng_rec,fa9612cfa871,0.010758957776423201
text_20ng_rec,3d72e70b09e3,0.01142994747817772
text_20ng_rec,45c510f16843,0.011515600854122713
text_20ng_rec,27a2752a569f,0.011515600854122713
text_20ng_rec,4ec824c366d4,
text_20ng_rec,4555573328fc,
text_20ng_rec,0f46e0814abc,
text_20ng_rec,759f97a6695c,
text_20ng_rec,9cd81f07f9eb,
text_20ng_rec,bb5d6442dae0,
text_20ng_rec,c610648f3a0b,
text_20ng_rec,d9a6e957a479,
text_20ng_rec,e0981ae1c5a2,19.674905162804073
text_20ng_rec,08e381bd46b1,
text_20ng_rec,f7183f4c1fed,
text_20ng_rec,7c2e8cd4a56d,
text_20ng_rec,07ebbef7de3c,10.57317101681458
text_20ng_rec,db49059653de,
text_20ng_rec,19967cb83e78,
text_20ng_rec,158a0277ed3c,
text_20ng_rec,d0fba6f03c0f,3.4417045967594575
text_20ng_rec,f10f8ff36baa,
text_20ng_rec,672c637760be,
text_20ng_rec,0cd896f527d5,
text_20ng_rec,4887a0323e21,0.2701284842315576
text_20ng_rec,3d795ce47578,0.21859508130854685
text_20ng_rec,639f74dd0e43,
text_20ng_rec,9c3ccb4fd98f,
text_20ng_rec,5647bbf0428d,0.31272300762733657
text_20ng_rec,389d4ccb0588,0.34370337086502256
text_20ng_rec,e34ce5984b64,1.0
text_20ng_rec,63470ebdd53e,
text_20ng_rec,46814f50e13d,1.0
text_20ng_rec,e597041814f5,1.0
text_20ng_rec,024a1a8c54d1,
text_20ng_rec,bdcde80d6dbb,1.0
text_20ng_rec,95475ce56089,
text_20ng_rec,5009193136b4,
text_20ng_rec,955728329102,
text_20ng_rec,1f1b6dfa46dc,
text_20ng_rec,272f18e90bd4,0.14691376259886488
text_20ng_rec,0cc00684cc3f,0.14691376259886488
text_20ng_rec,7203310ff7ba,0.13641955131403916
text_20ng_rec,a399ab5a112a,0.13032582566546946
text_20ng_rec,4d00158c440c,0.13032582566546946
text_20ng_rec,f028e3896d9e,0.0878280405135236
text_20ng_rec,bc0e2be21bfb,0.10124919535909743
text_20ng_rec,ae16e9272ff8,0.20297991058093287
text_20ng_rec,803c0d3403ff,0.21720082726648274
text_20ng_rec,579a8bd776f9,0.22582526568132416
text_20ng_rec,ccd2d07c7a4a,0.23289318657133604
text_20ng_rec,92f60358ba37,0.19517158876252702
text_20ng_rec,646357d2ae16,0.18591153409575648
text_20ng_rec,5773d7049286,0.19314288274422897
text_20ng_rec,a81f368f51bb,0.4238941186973633
text_20ng_rec,70969dd2d720,0.4016540563584804
text_20ng_rec,34b50b92b183,0.40210654127450524
text_20ng_rec,48d260f98b0d,0.33034892061284216
text_20ng_rec,1134a806601d,0.2891508391516252
text_20ng_rec,0069693e350e,0.20695460519184264
text_20ng_rec,2fa0af8799c8,0.21558912329116947
text_20ng_science,76c89cda5ca5,0.1352276735991186
text_20ng_science,23861655ac34,0.11627231215851354
text_20ng_science,a042255d7a7d,0.08420769082981486
text_20ng_science,47980bf71ea8,0.07871906026142386
text_20ng_science,79d9b0fb5f02,0.08409795224035507
text_20ng_science,e511e76239fe,0.08081461161587218
text_20ng_science,7741c3e44852,0.07753857065888554
text_20ng_science,b2d6bf5f391d,0.10009188324614308
text_20ng_science,3964e1ccb548,0.07303745032793746
text_20ng_science,4c077151b389,0.05081166887151693
text_20ng_science,f292f2a1db5b,0.06215364764830219
text_20ng_science,a4dbad06fd4e,0.05081166887151693
text_20ng_science,8ec393598948,0.09433185050152612
text_20ng_science,77e145ffcc55,0.07303745032793746
text_20ng_science,632568e85407,0.07068331692125882
text_20ng_science,fa9612cfa871,0.07068331692125882
text_20ng_science,3d72e70b09e3,0.08008930041572826
text_20ng_science,45c510f16843,0.012592123536987798
text_20ng_science,27a2752a569f,0.012592123536987798
text_20ng_science,4ec824c366d4,
text_20ng_science,4555573328fc,
text_20ng_science,0f46e0814abc,
text_20ng_science,759f97a6695c,
text_20ng_science,9cd81f07f9eb,
text_20ng_science,bb5d6442dae0,
text_20ng_science,c610648f3a0b,
text_20ng_science,d9a6e957a479,
text_20ng_science,e0981ae1c5a2,
text_20ng_science,08e381bd46b1,
text_20ng_science,f7183f4c1fed,
text_20ng_science,7c2e8cd4a56d,
text_20ng_science,07ebbef7de3c,13.827529367203597
text_20ng_science,db49059653de,
text_20ng_science,19967cb83e78,
text_20ng_science,158a0277ed3c,
text_20ng_science,d0fba6f03c0f,4.562331302841878
text_20ng_science,f10f8ff36baa,
text_20ng_science,672c637760be,
text_20ng_science,0cd896f527d5,
text_20ng_science,4887a0323e21,0.21857313931364475
text_20ng_science,3d795ce47578,0.24292746614196054
text_20ng_science,639f74dd0e43,0.2940603054867759
text_20ng_science,9c3ccb4fd98f,0.4411708243327461
text_20ng_science,5647bbf0428d,0.2625558699397954
text_20ng_science,389d4ccb0588,0.3356762846606014
text_20ng_science,e34ce5984b64,0.38402000125435176
text_20ng_science,63470ebdd53e,0.24114159709046776
text_20ng_science,46814f50e13d,0.2788975023250614
text_20ng_science,e597041814f5,0.38402000125435176
text_20ng_science,024a1a8c54d1,0.2332239002216797
text_20ng_science,bdcde80d6dbb,0.2788975023250614
text_20ng_science,95475ce56089,0.38402000125435176
text_20ng_science,5009193136b4,
text_20ng_science,955728329102,
text_20ng_science,1f1b6dfa46dc,
text_20ng_science,272f18e90bd4,0.19345729711199636
text_20ng_science,0cc00684cc3f,0.19345729711199636
text_20ng_science,7203310ff7ba,0.19345729711199636
text_20ng_science,a399ab5a112a,0.13452796613453274
text_20ng_science,4d00158c440c,0.09899500587154927
text_20ng_science,f028e3896d9e,0.09899500587154927
text_20ng_science,bc0e2be21bfb,0.09899500587154927
text_20ng_science,ae16e9272ff8,0.29138261940692495
text_20ng_science,803c0d3403ff,0.29488026996721434
text_20ng_science,579a8bd776f9,0.32188422003349093
text_20ng_science,ccd2d07c7a4a,0.33515569812784163
text_20ng_science,92f60358ba37,0.18621800628165294
text_20ng_science,646357d2ae16,0.17671748880838267
text_20ng_science,5773d7049286,0.18894056237524473
text_20ng_science,a81f368f51bb,0.5345619754288183
text_20ng_science,70969dd2d720,0.43539992539959443
text_20ng_science,34b50b92b183,0.3100219753881759
text_20ng_science,48d260f98b0d,0.2074363870773224
text_20ng_science,1134a806601d,0.23322051642979438
text_20ng_science,0069693e350e,0.22488684528532035
text_20ng_science,2fa0af8799c8,0.22772333966892838
