graph_id,source,n,k_true,algo,params,nmi,n_clusters,entropy,gini,cluster_size_min,cluster_size_max,cluster_size_mean,cluster_size_std,size_ratio,imbalance,graph_n_nodes,graph_n_edges,graph_density,graph_avg_degree,graph_degree_std,graph_degree_max,within_edge_fraction,between_edge_fraction,cluster_density_mean,cluster_density_std,cluster_density_min,cluster_internal_deg_mean,conductance_mean,conductance_std,conductance_min,conductance_max,modularity,normalized_cut,coverage
sbm_3c_100_clear_s0,sbm,300,3,Louvain,{'resolution': 0.5},1.0,3,1.0986122886651097,0.6666666666666667,100,100,100.0,0.0,0.99999999999999,0.0,300,4662,0.10394648829431438,31.08,4.7791491571896625,45,0.938223938223938,0.061776061776061764,0.2945454545454545,0.004901505827630401,0.29030303030303023,29.159999999999997,0.061825202008009734,0.004146616856352729,0.05629348513598986,0.06627680311890836,0.6048400855350662,0.061776061776061764,0.938223938223938
sbm_3c_100_clear_s0,sbm,300,3,Louvain,{'resolution': 0.8},1.0,3,1.0986122886651097,0.6666666666666667,100,100,100.0,0.0,0.99999999999999,0.0,300,4662,0.10394648829431438,31.08,4.7791491571896625,45,0.938223938223938,0.061776061776061764,0.2945454545454545,0.004901505827630401,0.29030303030303023,29.159999999999997,0.061825202008009734,0.004146616856352729,0.05629348513598986,0.06627680311890836,0.6048400855350662,0.061776061776061764,0.938223938223938
sbm_3c_100_clear_s0,sbm,300,3,Louvain,{'resolution': 1.0},1.0,3,1.0986122886651097,0.6666666666666667,100,100,100.0,0.0,0.99999999999999,0.0,300,4662,0.10394648829431438,31.08,4.7791491571896625,45,0.938223938223938,0.061776061776061764,0.2945454545454545,0.004901505827630401,0.29030303030303023,29.159999999999997,0.061825202008009734,0.004146616856352729,0.05629348513598986,0.06627680311890836,0.6048400855350662,0.061776061776061764,0.938223938223938
sbm_3c_100_clear_s0,sbm,300,3,Louvain,{'resolution': 1.2},1.0,3,1.0986122886651097,0.6666666666666667,100,100,100.0,0.0,0.99999999999999,0.0,300,4662,0.10394648829431438,31.08,4.7791491571896625,45,0.938223938223938,0.061776061776061764,0.2945454545454545,0.004901505827630401,0.29030303030303023,29.159999999999997,0.061825202008009734,0.004146616856352729,0.05629348513598986,0.06627680311890836,0.6048400855350662,0.061776061776061764,0.938223938223938
sbm_3c_100_clear_s0,sbm,300,3,Louvain,{'resolution': 1.5},1.0,3,1.0986122886651097,0.6666666666666667,100,100,100.0,0.0,0.99999999999999,0.0,300,4662,0.10394648829431438,31.08,4.7791491571896625,45,0.938223938223938,0.061776061776061764,0.2945454545454545,0.004901505827630401,0.29030303030303023,29.159999999999997,0.061825202008009734,0.004146616856352729,0.05629348513598986,0.06627680311890836,0.6048400855350662,0.061776061776061764,0.938223938223938
sbm_3c_100_clear_s0,sbm,300,3,Louvain,{'resolution': 2.0},1.0,3,1.0986122886651097,0.6666666666666667,100,100,100.0,0.0,0.99999999999999,0.0,300,4662,0.10394648829431438,31.08,4.7791491571896625,45,0.938223938223938,0.061776061776061764,0.2945454545454545,0.004901505827630401,0.29030303030303023,29.16,0.061825202008009734,0.004146616856352729,0.05629348513598986,0.06627680311890836,0.6048400855350662,0.061776061776061764,0.938223938223938
sbm_3c_100_clear_s0,sbm,300,3,Louvain,{'resolution': 3.0},0.5432870879254618,20,2.9457035549412818,0.9448666666666666,7,26,15.0,4.806245936279167,0.2692307692307589,0.3204163957519231,300,4662,0.10394648829431438,31.08,4.7791491571896625,45,0.27198627198627195,0.7280137280137279,0.5840055532702507,0.07741110644975185,0.46333333333333176,7.865740945329181,0.7470464553058809,0.06066444049550012,0.6154776299879073,0.8590308370044015,0.21680864538007394,0.7280137280137279,0.27198627198627195
sbm_3c_100_clear_s0,sbm,300,3,Leiden,{'resolution': 0.5},1.0,3,1.0986122886651097,0.6666666666666667,100,100,100.0,0.0,0.99999999999999,0.0,300,4662,0.10394648829431438,31.08,4.7791491571896625,45,0.938223938223938,0.061776061776061764,0.2945454545454545,0.004901505827630401,0.29030303030303023,29.16,0.061825202008009734,0.004146616856352729,0.05629348513598986,0.06627680311890836,0.6048400855350662,0.061776061776061764,0.938223938223938
sbm_3c_100_clear_s0,sbm,300,3,Leiden,{'resolution': 0.8},1.0,3,1.0986122886651097,0.6666666666666667,100,100,100.0,0.0,0.99999999999999,0.0,300,4662,0.10394648829431438,31.08,4.7791491571896625,45,0.938223938223938,0.061776061776061764,0.2945454545454545,0.004901505827630401,0.29030303030303023,29.16,0.061825202008009734,0.004146616856352729,0.05629348513598986,0.06627680311890836,0.6048400855350662,0.061776061776061764,0.938223938223938
sbm_3c_100_clear_s0,sbm,300,3,Leiden,{'resolution': 1.0},1.0,3,1.0986122886651097,0.6666666666666667,100,100,100.0,0.0,0.99999999999999,0.0,300,4662,0.10394648829431438,31.08,4.7791491571896625,45,0.938223938223938,0.061776061776061764,0.2945454545454545,0.004901505827630401,0.29030303030303023,29.16,0.061825202008009734,0.004146616856352729,0.05629348513598986,0.06627680311890836,0.6048400855350662,0.061776061776061764,0.938223938223938
sbm_3c_100_clear_s0,sbm,300,3,Leiden,{'resolution': 1.2},1.0,3,1.0986122886651097,0.6666666666666667,100,100,100.0,0.0,0.99999999999999,0.0,300,4662,0.10394648829431438,31.08,4.7791491571896625,45,0.938223938223938,0.061776061776061764,0.2945454545454545,0.004901505827630401,0.29030303030303023,29.16,0.061825202008009734,0.004146616856352729,0.05629348513598986,0.06627680311890836,0.6048400855350662,0.061776061776061764,0.938223938223938
sbm_3c_100_clear_s0,sbm,300,3,Leiden,{'resolution': 1.5},1.0,3,1.0986122886651097,0.6666666666666667,100,100,100.0,0.0,0.99999999999999,0.0,300,4662,0.10394648829431438,31.08,4.7791491571896625,45,0.938223938223938,0.061776061776061764,0.2945454545454545,0.004901505827630401,0.29030303030303023,29.159999999999997,0.061825202008009734,0.004146616856352729,0.05629348513598986,0.06627680311890836,0.6048400855350662,0.061776061776061764,0.938223938223938
sbm_3c_100_clear_s0,sbm,300,3,Leiden,{'resolution': 2.0},1.0,3,1.0986122886651097,0.6666666666666667,100,100,100.0,0.0,0.99999999999999,0.0,300,4662,0.10394648829431438,31.08,4.7791491571896625,45,0.938223938223938,0.061776061776061764,0.2945454545454545,0.004901505827630401,0.29030303030303023,29.16,0.061825202008009734,0.004146616856352729,0.05629348513598986,0.06627680311890836,0.6048400855350662,0.061776061776061764,0.938223938223938
sbm_3c_100_clear_s0,sbm,300,3,Leiden,{'resolution': 3.0},0.544247770584378,20,2.938564703285568,0.9446222222222223,5,23,15.0,4.919349550499537,0.21739130434781664,0.3279566366999473,300,4662,0.10394648829431438,31.08,4.7791491571896625,45,0.2734877734877734,0.7265122265122264,0.5925906276348682,0.10137176881427866,0.4703557312252946,7.871190072658976,0.7464053344598585,0.05960495059484936,0.6519174041297925,0.8714285714285652,0.21766669224841678,0.7265122265122264,0.2734877734877734
sbm_3c_100_clear_s0,sbm,300,3,LabelProp,{'seed': 0},1.0,3,1.0986122886651097,0.6666666666666667,100,100,100.0,0.0,0.99999999999999,0.0,300,4662,0.10394648829431438,31.08,4.7791491571896625,45,0.938223938223938,0.061776061776061764,0.2945454545454545,0.004901505827630401,0.29030303030303023,29.159999999999997,0.061825202008009734,0.004146616856352729,0.05629348513598986,0.06627680311890836,0.6048400855350662,0.061776061776061764,0.938223938223938
sbm_3c_100_clear_s0,sbm,300,3,LabelProp,{'seed': 1},1.0,3,1.0986122886651097,0.6666666666666667,100,100,100.0,0.0,0.99999999999999,0.0,300,4662,0.10394648829431438,31.08,4.7791491571896625,45,0.938223938223938,0.061776061776061764,0.2945454545454545,0.004901505827630401,0.29030303030303023,29.159999999999997,0.061825202008009734,0.004146616856352729,0.05629348513598986,0.06627680311890836,0.6048400855350662,0.061776061776061764,0.938223938223938
sbm_3c_100_clear_s0,sbm,300,3,LabelProp,{'seed': 2},1.0,3,1.0986122886651097,0.6666666666666667,100,100,100.0,0.0,0.99999999999999,0.0,300,4662,0.10394648829431438,31.08,4.7791491571896625,45,0.938223938223938,0.061776061776061764,0.2945454545454545,0.004901505827630401,0.29030303030303023,29.159999999999997,0.061825202008009734,0.004146616856352729,0.05629348513598986,0.06627680311890836,0.6048400855350662,0.061776061776061764,0.938223938223938
sbm_3c_100_clear_s0,sbm,300,3,LabelProp,{'seed': 3},1.0,3,1.0986122886651097,0.6666666666666667,100,100,100.0,0.0,0.99999999999999,0.0,300,4662,0.10394648829431438,31.08,4.7791491571896625,45,0.938223938223938,0.061776061776061764,0.2945454545454545,0.004901505827630401,0.29030303030303023,29.159999999999997,0.061825202008009734,0.004146616856352729,0.05629348513598986,0.06627680311890836,0.6048400855350662,0.061776061776061764,0.938223938223938
sbm_3c_100_clear_s0,sbm,300,3,LabelProp,{'seed': 4},1.0,3,1.0986122886651097,0.6666666666666667,100,100,100.0,0.0,0.99999999999999,0.0,300,4662,0.10394648829431438,31.08,4.7791491571896625,45,0.938223938223938,0.061776061776061764,0.2945454545454545,0.004901505827630401,0.29030303030303023,29.159999999999997,0.061825202008009734,0.004146616856352729,0.05629348513598986,0.06627680311890836,0.6048400855350662,0.061776061776061764,0.938223938223938
sbm_3c_100_clear_s0,sbm,300,3,Spectral,{'k': 2},0.7336804366512119,2,0.6365141682928128,0.4444444444444444,100,200,150.0,50.0,0.4999999999999975,0.33333333333333115,300,4662,0.10394648829431438,31.08,4.7791491571896625,45,0.9618189618189616,0.03818103818103817,0.2258829501040556,0.07553119131008576,0.15035175879396984,29.880000000000003,0.05629348513598986,0.0,0.05629348513598986,0.05629348513598986,0.41005732704574405,0.03818103818103817,0.9618189618189616
sbm_3c_100_clear_s0,sbm,300,3,Spectral,{'k': 3},1.0,3,1.0986122886651097,0.6666666666666667,100,100,100.0,0.0,0.99999999999999,0.0,300,4662,0.10394648829431438,31.08,4.7791491571896625,45,0.938223938223938,0.061776061776061764,0.2945454545454545,0.004901505827630401,0.29030303030303023,29.16,0.061825202008009734,0.004146616856352729,0.05629348513598986,0.06627680311890836,0.6048400855350662,0.061776061776061764,0.938223938223938
sbm_3c_100_clear_s0,sbm,300,3,Spectral,{'k': 5},0.8267532716084853,5,1.5590422411498226,0.7772222222222223,46,100,60.0,20.248456731316587,0.4599999999999954,0.3374742788552708,300,4662,0.10394648829431438,31.08,4.7791491571896625,45,0.6945516945516944,0.30544830544830537,0.34479772877210585,0.023636110513339196,0.30141414141414136,19.886955647739267,0.3594352605053629,0.15341172647297474,0.05629348513598986,0.47540983606557347,0.4697149806544916,0.30544830544830537,0.6945516945516944
sbm_3c_100_clear_s0,sbm,300,3,Spectral,{'k': 8},0.7067971301922231,8,2.010093849871247,0.8585555555555555,18,55,37.5,13.601470508735444,0.32727272727272133,0.3627058802329355,300,4662,0.10394648829431438,31.08,4.7791491571896625,45,0.49335049335049325,0.5066495066495066,0.403140609830429,0.05817890882354019,0.34591194968553435,13.985837313350903,0.5492077357959788,0.11373504969175914,0.40824865511057956,0.7238658777120301,0.3507538380447003,0.5066495066495066,0.49335049335049325
sbm_3c_100_clear_s0,sbm,300,3,Spectral,{'k': 10},0.6503014239798693,10,2.2801663765893316,0.8955555555555555,20,41,30.0,6.324555320336759,0.48780487804876854,0.21081851067788496,300,4662,0.10394648829431438,31.08,4.7791491571896625,45,0.4034749034749034,0.5965250965250964,0.4258876608455486,0.03518923528305714,0.36825396825396767,12.159023280829011,0.6084409920999359,0.057035782442169884,0.5096376252891284,0.6975945017182118,0.29861710395815927,0.5965250965250964,0.4034749034749034
sbm_3c_100_clear_s0,sbm,300,3,GreedyMod,{},1.0,3,1.0986122886651097,0.6666666666666667,100,100,100.0,0.0,0.99999999999999,0.0,300,4662,0.10394648829431438,31.08,4.7791491571896625,45,0.938223938223938,0.061776061776061764,0.2945454545454545,0.004901505827630401,0.29030303030303023,29.159999999999997,0.061825202008009734,0.004146616856352729,0.05629348513598986,0.06627680311890836,0.6048400855350662,0.061776061776061764,0.938223938223938
sbm_3c_100_moderate_s0,sbm,300,3,Louvain,{'resolution': 0.5},1.0,3,1.0986122886651097,0.6666666666666667,100,100,100.0,0.0,0.99999999999999,0.0,300,3850,0.0858416945373467,25.666666666666668,4.5117131508503014,41,0.7644155844155842,0.23558441558441554,0.19818181818181815,0.0055863852261161286,0.1937373737373737,19.62,0.23572884814504794,0.009347923727667714,0.22256097560975602,0.24332810047095751,0.43099571597233927,0.23558441558441554,0.7644155844155842
sbm_3c_100_moderate_s0,sbm,300,3,Louvain,{'resolution': 0.8},1.0,3,1.0986122886651097,0.6666666666666667,100,100,100.0,0.0,0.99999999999999,0.0,300,3850,0.0858416945373467,25.666666666666668,4.5117131508503014,41,0.7644155844155842,0.23558441558441554,0.19818181818181815,0.0055863852261161286,0.1937373737373737,19.62,0.23572884814504794,0.009347923727667714,0.22256097560975602,0.24332810047095751,0.43099571597233927,0.23558441558441554,0.7644155844155842
sbm_3c_100_moderate_s0,sbm,300,3,Louvain,{'resolution': 1.0},1.0,3,1.0986122886651097,0.6666666666666667,100,100,100.0,0.0,0.99999999999999,0.0,300,3850,0.0858416945373467,25.666666666666668,4.5117131508503014,41,0.7644155844155842,0.23558441558441554,0.19818181818181815,0.0055863852261161286,0.1937373737373737,19.62,0.23572884814504794,0.009347923727667714,0.22256097560975602,0.24332810047095751,0.43099571597233927,0.23558441558441554,0.7644155844155842
sbm_3c_100_moderate_s0,sbm,300,3,Louvain,{'resolution': 1.2},1.0,3,1.0986122886651097,0.6666666666666667,100,100,100.0,0.0,0.99999999999999,0.0,300,3850,0.0858416945373467,25.666666666666668,4.5117131508503014,41,0.7644155844155842,0.23558441558441554,0.19818181818181815,0.0055863852261161286,0.1937373737373737,19.62,0.23572884814504794,0.009347923727667714,0.22256097560975602,0.24332810047095751,0.43099571597233927,0.23558441558441554,0.7644155844155842
sbm_3c_100_moderate_s0,sbm,300,3,Louvain,{'resolution': 1.5},1.0,3,1.0986122886651097,0.6666666666666667,100,100,100.0,0.0,0.99999999999999,0.0,300,3850,0.0858416945373467,25.666666666666668,4.5117131508503014,41,0.7644155844155842,0.23558441558441554,0.19818181818181815,0.0055863852261161286,0.1937373737373737,19.62,0.23572884814504794,0.009347923727667714,0.22256097560975602,0.24332810047095751,0.43099571597233927,0.23558441558441554,0.7644155844155842
sbm_3c_100_moderate_s0,sbm,300,3,Louvain,{'resolution': 2.0},0.6014863278559045,14,2.5294485207108925,0.9170444444444444,2,32,21.428571428571427,8.60825422581876,0.06249999999999804,0.4017185305381901,300,3850,0.0858416945373467,25.666666666666668,4.5117131508503014,41,0.3194805194805194,0.6805194805194804,0.4361687717693296,0.20270674739500796,0.29247311827956923,7.276840835789725,0.7168182494535805,0.09289576521174686,0.6235884567126717,0.961538461538443,0.23672153820205766,0.6805194805194804,0.3194805194805194
sbm_3c_100_moderate_s0,sbm,300,3,Louvain,{'resolution': 3.0},0.44486032103778633,34,3.479955922917684,0.9678666666666667,4,14,8.823529411764707,2.6840551874234904,0.2857142857142653,0.30419292124129443,300,3850,0.0858416945373467,25.666666666666668,4.5117131508503014,41,0.19090909090909086,0.8090909090909089,0.6246405555228796,0.12204982507174908,0.41818181818181055,4.617450196861961,0.8201909695558878,0.0377045065242972,0.7478991596638634,0.8832116788321104,0.15867825940293467,0.8090909090909089,0.19090909090909086
sbm_3c_100_moderate_s0,sbm,300,3,Leiden,{'resolution': 0.5},1.0,3,1.0986122886651097,0.6666666666666667,100,100,100.0,0.0,0.99999999999999,0.0,300,3850,0.0858416945373467,25.666666666666668,4.5117131508503014,41,0.7644155844155842,0.23558441558441554,0.19818181818181815,0.0055863852261161286,0.1937373737373737,19.62,0.23572884814504794,0.009347923727667714,0.22256097560975602,0.24332810047095751,0.43099571597233927,0.23558441558441554,0.7644155844155842
sbm_3c_100_moderate_s0,sbm,300,3,Leiden,{'resolution': 0.8},1.0,3,1.0986122886651097,0.6666666666666667,100,100,100.0,0.0,0.99999999999999,0.0,300,3850,0.0858416945373467,25.666666666666668,4.5117131508503014,41,0.7644155844155842,0.23558441558441554,0.19818181818181815,0.0055863852261161286,0.1937373737373737,19.62,0.23572884814504794,0.009347923727667714,0.22256097560975602,0.24332810047095751,0.43099571597233927,0.23558441558441554,0.7644155844155842
sbm_3c_100_moderate_s0,sbm,300,3,Leiden,{'resolution': 1.0},1.0,3,1.0986122886651097,0.6666666666666667,100,100,100.0,0.0,0.99999999999999,0.0,300,3850,0.0858416945373467,25.666666666666668,4.5117131508503014,41,0.7644155844155842,0.23558441558441554,0.19818181818181815,0.0055863852261161286,0.1937373737373737,19.62,0.23572884814504794,0.009347923727667714,0.22256097560975602,0.24332810047095751,0.43099571597233927,0.23558441558441554,0.7644155844155842
sbm_3c_100_moderate_s0,sbm,300,3,Leiden,{'resolution': 1.2},1.0,3,1.0986122886651097,0.6666666666666667,100,100,100.0,0.0,0.99999999999999,0.0,300,3850,0.0858416945373467,25.666666666666668,4.5117131508503014,41,0.7644155844155842,0.23558441558441554,0.19818181818181815,0.0055863852261161286,0.1937373737373737,19.62,0.23572884814504794,0.009347923727667714,0.22256097560975602,0.24332810047095751,0.43099571597233927,0.23558441558441554,0.7644155844155842
sbm_3c_100_moderate_s0,sbm,300,3,Leiden,{'resolution': 1.5},1.0,3,1.0986122886651097,0.6666666666666667,100,100,100.0,0.0,0.99999999999999,0.0,300,3850,0.0858416945373467,25.666666666666668,4.5117131508503014,41,0.7644155844155842,0.23558441558441554,0.19818181818181815,0.0055863852261161286,0.1937373737373737,19.62,0.23572884814504794,0.009347923727667714,0.22256097560975602,0.24332810047095751,0.43099571597233927,0.23558441558441554,0.7644155844155842
sbm_3c_100_moderate_s0,sbm,300,3,Leiden,{'resolution': 2.0},0.5877865164685552,13,2.480250535583779,0.9109777777777778,6,42,23.076923076923077,9.152229980145137,0.14285714285713946,0.39659663247293875,300,3850,0.0858416945373467,25.666666666666668,4.5117131508503014,41,0.3363636363636363,0.6636363636363635,0.38412797861558357,0.08696181443259633,0.27642276422764195,7.781182843304346,0.696171104838636,0.08049731562441077,0.5620975160993555,0.874999999999994,0.2463915668746838,0.6636363636363635,0.3363636363636363
sbm_3c_100_moderate_s0,sbm,300,3,Leiden,{'resolution': 3.0},0.4303702295671617,36,3.515914267023823,0.9685111111111111,3,15,8.333333333333334,3.0459444804161775,0.19999999999998666,0.3655133376498974,300,3850,0.0858416945373467,25.666666666666668,4.5117131508503014,41,0.18649350649350646,0.8135064935064933,0.6441741900074787,0.13826786258630336,0.4571428571428528,4.373118085618085,0.8292370284922046,0.04457797882228389,0.7499999999999977,0.9249999999999885,0.15476673975375269,0.8135064935064933,0.18649350649350646
sbm_3c_100_moderate_s0,sbm,300,3,LabelProp,{'seed': 0},0.7336804366512119,2,0.6365141682928128,0.4444444444444444,100,200,150.0,50.0,0.4999999999999975,0.33333333333333115,300,3850,0.0858416945373467,25.666666666666668,4.5117131508503014,41,0.8415584415584414,0.1584415584415584,0.15418024465763158,0.03955712907974213,0.11462311557788944,20.994999999999997,0.2412974683544303,0.0,0.2412974683544303,0.2412974683544303,0.2826046888176758,0.1584415584415584,0.8415584415584414
sbm_3c_100_moderate_s0,sbm,300,3,LabelProp,{'seed': 1},0.7336804366512119,2,0.6365141682928128,0.4444444444444444,100,200,150.0,50.0,0.4999999999999975,0.33333333333333115,300,3850,0.0858416945373467,25.666666666666668,4.5117131508503014,41,0.8415584415584414,0.1584415584415584,0.15418024465763158,0.03955712907974213,0.11462311557788944,20.994999999999997,0.2412974683544303,0.0,0.2412974683544303,0.2412974683544303,0.2826046888176758,0.1584415584415584,0.8415584415584414
sbm_3c_100_moderate_s0,sbm,300,3,LabelProp,{'seed': 2},0.7336804366512119,2,0.6365141682928128,0.4444444444444444,100,200,150.0,50.0,0.4999999999999975,0.33333333333333115,300,3850,0.0858416945373467,25.666666666666668,4.5117131508503014,41,0.8415584415584414,0.1584415584415584,0.15418024465763158,0.03955712907974213,0.11462311557788944,20.994999999999997,0.2412974683544303,0.0,0.2412974683544303,0.2412974683544303,0.2826046888176758,0.1584415584415584,0.8415584415584414
sbm_3c_100_moderate_s0,sbm,300,3,LabelProp,{'seed': 3},0.7336804366512119,2,0.6365141682928128,0.4444444444444444,100,200,150.0,50.0,0.4999999999999975,0.33333333333333115,300,3850,0.0858416945373467,25.666666666666668,4.5117131508503014,41,0.8415584415584414,0.1584415584415584,0.15418024465763158,0.03955712907974213,0.11462311557788944,20.994999999999997,0.2412974683544303,0.0,0.2412974683544303,0.2412974683544303,0.2826046888176758,0.1584415584415584,0.8415584415584414
sbm_3c_100_moderate_s0,sbm,300,3,LabelProp,{'seed': 4},0.7336804366512119,2,0.6365141682928128,0.4444444444444444,100,200,150.0,50.0,0.4999999999999975,0.33333333333333115,300,3850,0.0858416945373467,25.666666666666668,4.5117131508503014,41,0.8415584415584414,0.1584415584415584,0.15418024465763158,0.03955712907974213,0.11462311557788944,20.994999999999997,0.2412974683544303,0.0,0.2412974683544303,0.2412974683544303,0.2826046888176758,0.1584415584415584,0.8415584415584414
sbm_3c_100_moderate_s0,sbm,300,3,Spectral,{'k': 2},0.7138577678624367,2,0.6387997002503971,0.4466444444444444,101,199,150.0,49.0,0.5075376884422085,0.3266666666666645,300,3850,0.0858416945373467,25.666666666666668,4.5117131508503014,41,0.8475324675324674,0.15246753246753242,0.15843155672351153,0.044934779910151795,0.11349677681335973,21.40449773620578,0.22226429382809534,0.0,0.22226429382809534,0.22226429382809534,0.29822631135098654,0.15246753246753242,0.8475324675324674
sbm_3c_100_moderate_s0,sbm,300,3,Spectral,{'k': 3},1.0,3,1.0986122886651097,0.6666666666666667,100,100,100.0,0.0,0.99999999999999,0.0,300,3850,0.0858416945373467,25.666666666666668,4.5117131508503014,41,0.7644155844155842,0.23558441558441554,0.19818181818181815,0.0055863852261161286,0.1937373737373737,19.62,0.23572884814504794,0.009347923727667714,0.22256097560975602,0.24332810047095751,0.43099571597233927,0.23558441558441554,0.7644155844155842
sbm_3c_100_moderate_s0,sbm,300,3,Spectral,{'k': 5},0.809160411478282,5,1.5490441879815873,0.7739777777777778,37,100,60.0,21.642550681470055,0.36999999999999633,0.3607091780244949,300,3850,0.0858416945373467,25.666666666666668,4.5117131508503014,41,0.582077922077922,0.4179220779220778,0.23490071487933192,0.01492546441694945,0.20606060606060603,13.542271002292386,0.47148573266652516,0.141173994266243,0.22256097560975602,0.633554083885209,0.3529590824759656,0.4179220779220778,0.582077922077922
sbm_3c_100_moderate_s0,sbm,300,3,Spectral,{'k': 8},0.5761701218515611,8,2.012358536081121,0.8572,21,68,37.5,14.150971698084906,0.30882352941176017,0.37735924528225406,300,3850,0.0858416945373467,25.666666666666668,4.5117131508503014,41,0.4111688311688311,0.5888311688311687,0.2729352234919404,0.04227577772606676,0.21921921921921889,9.535050031393055,0.6277993157508799,0.10087047451142372,0.41409691629955925,0.7248840803709417,0.26608453364817,0.5888311688311687,0.4111688311688311
sbm_3c_100_moderate_s0,sbm,300,3,Spectral,{'k': 10},0.5647508602304565,10,2.2034665678121375,0.8829555555555555,5,51,30.0,12.385475364312828,0.09803921568627258,0.4128491788104139,300,3850,0.0858416945373467,25.666666666666668,4.5117131508503014,41,0.3709090909090908,0.6290909090909089,0.3503746019429163,0.18542189607966375,0.2438423645320191,8.455092358039069,0.6681322326388603,0.0947206937936953,0.5022831050228307,0.8301886792452752,0.25265667060212516,0.6290909090909089,0.3709090909090908
sbm_3c_100_moderate_s0,sbm,300,3,GreedyMod,{},0.9829929733076641,3,1.0985789547761988,0.6666444444444444,99,101,100.0,0.816496580927726,0.9801980198019705,0.00816496580927718,300,3850,0.0858416945373467,25.666666666666668,4.5117131508503014,41,0.7638961038961037,0.23610389610389604,0.19799011193636365,0.004010477781050006,0.1937373737373737,19.603187652098544,0.23630644278730042,0.010066696218435981,0.22226429382809534,0.24535756617937565,0.43042290436835884,0.23610389610389604,0.7638961038961037
sbm_3c_100_mixed_s0,sbm,300,3,Louvain,{'resolution': 0.5},0.2191937448400381,34,1.9125169004945934,0.6232444444444444,1,182,8.823529411764707,30.322259915230298,0.005494505494505465,3.4365227903923774,300,3674,0.08191750278706801,24.493333333333332,4.556675201162454,39,0.45182362547632,0.5481763745236797,0.4692822857997946,0.3801034750795059,0.0,1.9139732816203405,0.9264024129438445,0.08831513010073934,0.5292459478505989,0.9999999999999656,0.06609429233777708,0.5481763745236797,0.45182362547632
sbm_3c_100_mixed_s0,sbm,300,3,Louvain,{'resolution': 0.8},0.9235609832650269,3,1.0985789547761986,0.6666444444444445,99,101,100.0,0.816496580927726,0.9801980198019705,0.00816496580927718,300,3674,0.08191750278706801,24.493333333333332,4.556675201162454,39,0.5936309199782253,0.4063690800217745,0.14685350167669825,0.0013368566048587737,0.1455370026798598,14.538763209654299,0.40643124563218674,0.005944035949780274,0.4021121039805035,0.4148363033568171,0.2602597916948801,0.4063690800217745,0.5936309199782253
sbm_3c_100_mixed_s0,sbm,300,3,Louvain,{'resolution': 1.0},0.9829929733076641,3,1.0985789547761986,0.6666444444444444,99,101,100.0,0.816496580927726,0.9801980198019705,0.00816496580927718,300,3674,0.08191750278706801,24.493333333333332,4.556675201162454,39,0.5952640174197059,0.40473598258029386,0.14724962292147578,0.0009196349624620987,0.14594928880643163,14.578369836983699,0.4048069821799212,0.005632109224515257,0.398550724637681,0.4122042341220422,0.26187770201172356,0.40473598258029386,0.5952640174197059
sbm_3c_100_mixed_s0,sbm,300,3,Louvain,{'resolution': 1.2},0.44466511017903093,10,2.1608147011028063,0.8676666666666667,15,70,30.0,17.05872210923198,0.21428571428571125,0.5686240703077137,300,3674,0.08191750278706801,24.493333333333332,4.556675201162454,39,0.33696243875884585,0.6630375612411539,0.2692442854056561,0.057194982863552825,0.1730848861283643,6.944733249586032,0.7157940853524087,0.09144066634180589,0.5195402298850572,0.8017492711370239,0.2028946511391529,0.6630375612411539,0.33696243875884585
sbm_3c_100_mixed_s0,sbm,300,3,Louvain,{'resolution': 1.5},0.3501818962804088,17,2.7493122794455283,0.9316444444444444,6,30,17.647058823529413,7.103778418564954,0.19999999999999335,0.40254744371865797,300,3674,0.08191750278706801,24.493333333333332,4.556675201162454,39,0.2403375068045726,0.7596624931954271,0.3818568845507907,0.13302193424586417,0.241379310344827,5.507674139051967,0.7748556325249404,0.03986180870236864,0.7019498607242329,0.8387096774193503,0.17225003400434247,0.7596624931954271,0.2403375068045726
sbm_3c_100_mixed_s0,sbm,300,3,Louvain,{'resolution': 2.0},0.29179662366812675,28,3.288046231361983,0.9612444444444445,4,17,10.714285714285714,3.1265812326056133,0.235294117647045,0.29181424837649667,300,3674,0.08191750278706801,24.493333333333332,4.556675201162454,39,0.1867174741426238,0.8132825258573759,0.4838814721692707,0.11963193769007524,0.3308823529411741,4.38442135595497,0.8212515329011073,0.03089922661898163,0.7637362637362616,0.895833333333324,0.14804042382893934,0.8132825258573759,0.1867174741426238
sbm_3c_100_mixed_s0,sbm,300,3,Louvain,{'resolution': 3.0},0.30152318656042076,48,3.822671396313144,0.9770888888888889,3,12,6.25,1.973786547054502,0.24999999999997916,0.3158058475286698,300,3674,0.08191750278706801,24.493333333333332,4.556675201162454,39,0.14534567229178005,0.8546543277082197,0.6796611952861257,0.13707501769526914,0.4545454545454477,3.339944083694084,0.8634962596829947,0.03267959730202503,0.7883959044368574,0.936842105263148,0.12244648872196717,0.8546543277082197,0.14534567229178005
sbm_3c_100_mixed_s0,sbm,300,3,Leiden,{'resolution': 0.5},0.0,1,-1.000088900581841e-12,0.0,300,300,300.0,0.0,0.9999999999999966,0.0,300,3674,0.08191750278706801,24.493333333333332,4.556675201162454,39,0.9999999999999998,0.0,0.08191750278706801,0.0,0.08191750278706801,24.493333333333332,0.0,0.0,0.0,0.0,0.0,0.0,0.9999999999999998
sbm_3c_100_mixed_s0,sbm,300,3,Leiden,{'resolution': 0.8},0.9293548728064409,3,1.0985789547761988,0.6666444444444444,99,101,100.0,0.816496580927726,0.9801980198019705,0.00816496580927718,300,3674,0.08191750278706801,24.493333333333332,4.556675201162454,39,0.5949918345127925,0.4050081654872073,0.14724318690372437,0.0029405018623978596,0.14336633663366333,14.574702803613695,0.4050093691883141,0.002306325279115765,0.4031071136549467,0.4082550061299549,0.2616575998297857,0.4050081654872073,0.5949918345127925
sbm_3c_100_mixed_s0,sbm,300,3,Leiden,{'resolution': 1.0},0.970191155455844,3,1.098478946441465,0.6665777777777777,98,102,100.0,1.632993161855452,0.9607843137254808,0.01632993161855436,300,3674,0.08191750278706801,24.493333333333332,4.556675201162454,39,0.5955362003266194,0.4044637996733804,0.14729101389984542,0.0005057329055899953,0.1466442247001893,14.582280912364945,0.40463093610442247,0.007520173090665586,0.3959411062475128,0.41428571428571415,0.26203816694813475,0.4044637996733804,0.5955362003266194
sbm_3c_100_mixed_s0,sbm,300,3,Leiden,{'resolution': 1.2},0.4766539968593366,7,1.8913867125961792,0.8412,27,69,42.857142857142854,14.317108361562912,0.3913043478260813,0.3340658617697935,300,3674,0.08191750278706801,24.493333333333332,4.556675201162454,39,0.3764289602612955,0.6235710397387042,0.21443806397864623,0.02722391549136658,0.17135549872122754,8.607988771322775,0.6488328679011224,0.07907850995448737,0.5174069627851138,0.7539341917024309,0.21845026727857692,0.6235710397387042,0.3764289602612955
sbm_3c_100_mixed_s0,sbm,300,3,Leiden,{'resolution': 1.5},0.3769614495000261,16,2.6931732791994483,0.9275333333333333,7,34,18.75,7.487489565935968,0.2058823529411704,0.39933277684989704,300,3674,0.08191750278706801,24.493333333333332,4.556675201162454,39,0.2544910179640718,0.745508982035928,0.36336727316697626,0.09812508009634639,0.2178030303030299,5.790172783228124,0.7637254639650104,0.049033792493447595,0.6728538283062637,0.8518518518518484,0.1821955263027663,0.745508982035928,0.2544910179640718
sbm_3c_100_mixed_s0,sbm,300,3,Leiden,{'resolution': 2.0},0.3243467622361092,26,3.2112163236242415,0.9584,3,17,11.538461538461538,3.2960438900967,0.17647058823528375,0.2856571371416892,300,3674,0.08191750278706801,24.493333333333332,4.556675201162454,39,0.19842133913990195,0.8015786608600978,0.47384811643859087,0.13238283471354026,0.352380952380949,4.615065427282622,0.8114729552967334,0.03909944402752554,0.7537688442211036,0.9220779220779102,0.15684462223175757,0.8015786608600978,0.19842133913990195
sbm_3c_100_mixed_s0,sbm,300,3,Leiden,{'resolution': 3.0},0.26976838651033064,45,3.769297922016975,0.9761111111111112,3,11,6.666666666666667,1.8257418583505538,0.27272727272724795,0.27386127875254196,300,3674,0.08191750278706801,24.493333333333332,4.556675201162454,39,0.15187806205770274,0.8481219379422971,0.6613035113034583,0.11833922095315955,0.41818181818181055,3.556315536315536,0.8546841576891494,0.02711601975793287,0.775933609958503,0.9178082191780697,0.1279995311993917,0.8481219379422971,0.15187806205770274
sbm_3c_100_mixed_s0,sbm,300,3,LabelProp,{'seed': 0},0.0,1,-1.000088900581841e-12,0.0,300,300,300.0,0.0,0.9999999999999966,0.0,300,3674,0.08191750278706801,24.493333333333332,4.556675201162454,39,0.9999999999999998,0.0,0.08191750278706801,0.0,0.08191750278706801,24.493333333333332,0.0,0.0,0.0,0.0,0.0,0.0,0.9999999999999998
sbm_3c_100_mixed_s0,sbm,300,3,LabelProp,{'seed': 1},0.0,1,-1.000088900581841e-12,0.0,300,300,300.0,0.0,0.9999999999999966,0.0,300,3674,0.08191750278706801,24.493333333333332,4.556675201162454,39,0.9999999999999998,0.0,0.08191750278706801,0.0,0.08191750278706801,24.493333333333332,0.0,0.0,0.0,0.0,0.0,0.0,0.9999999999999998
sbm_3c_100_mixed_s0,sbm,300,3,LabelProp,{'seed': 2},0.0,1,-1.000088900581841e-12,0.0,300,300,300.0,0.0,0.9999999999999966,0.0,300,3674,0.08191750278706801,24.493333333333332,4.556675201162454,39,0.9999999999999998,0.0,0.08191750278706801,0.0,0.08191750278706801,24.493333333333332,0.0,0.0,0.0,0.0,0.0,0.0,0.9999999999999998
sbm_3c_100_mixed_s0,sbm,300,3,LabelProp,{'seed': 3},0.0,1,-1.000088900581841e-12,0.0,300,300,300.0,0.0,0.9999999999999966,0.0,300,3674,0.08191750278706801,24.493333333333332,4.556675201162454,39,0.9999999999999998,0.0,0.08191750278706801,0.0,0.08191750278706801,24.493333333333332,0.0,0.0,0.0,0.0,0.0,0.0,0.9999999999999998
sbm_3c_100_mixed_s0,sbm,300,3,LabelProp,{'seed': 4},0.0,1,-1.000088900581841e-12,0.0,300,300,300.0,0.0,0.9999999999999966,0.0,300,3674,0.08191750278706801,24.493333333333332,4.556675201162454,39,0.9999999999999998,0.0,0.08191750278706801,0.0,0.08191750278706801,24.493333333333332,0.0,0.0,0.0,0.0,0.0,0.0,0.9999999999999998
sbm_3c_100_mixed_s0,sbm,300,3,Spectral,{'k': 2},0.6994010915914355,2,0.6410354778791556,0.4488,102,198,150.0,48.0,0.5151515151515126,0.3199999999999979,300,3674,0.08191750278706801,24.493333333333332,4.556675201162454,39,0.7291780076211212,0.27082199237887855,0.1228982109915978,0.024451818128961286,0.09844639286263651,17.138146167557935,0.3959411062475128,0.0,0.3959411062475128,0.3959411062475128,0.17924863145486133,0.27082199237887855,0.7291780076211212
sbm_3c_100_mixed_s0,sbm,300,3,Spectral,{'k': 3},0.9081693010809113,3,1.0984789464414648,0.6665777777777777,98,102,100.0,1.632993161855452,0.9607843137254808,0.01632993161855436,300,3674,0.08191750278706801,24.493333333333332,4.556675201162454,39,0.5939031028851387,0.4060968971148611,0.14688401905375373,0.0004695304625375002,0.14622343782873973,14.542139522475656,0.4062695714832114,0.0076983497282899094,0.3974562798092208,0.4162116757664845,0.26040092082870436,0.4060968971148611,0.5939031028851387
sbm_3c_100_mixed_s0,sbm,300,3,Spectral,{'k': 5},0.6541572290058827,5,1.5848637650342736,0.7900666666666667,45,76,60.0,13.371611720357423,0.592105263157887,0.22286019533928667,300,3674,0.08191750278706801,24.493333333333332,4.556675201162454,39,0.4376701143168208,0.562329885683179,0.17599000857803515,0.010804412729172003,0.16631578947368417,10.289605760432828,0.5797173511739577,0.07295928077905584,0.4916142557651989,0.6564952048823012,0.2261825510161446,0.562329885683179,0.4376701143168208
sbm_3c_100_mixed_s0,sbm,300,3,Spectral,{'k': 8},0.4975399564099747,8,2.021597764868594,0.8604888888888889,19,62,37.5,12.776932339180638,0.30645161290322087,0.34071819571147455,300,3674,0.08191750278706801,24.493333333333332,4.556675201162454,39,0.33641807294501896,0.6635819270549808,0.2180350885953427,0.028196239978491574,0.18032786885245894,7.622071337531864,0.6885350663283814,0.07405568155800275,0.5536649214659682,0.8041666666666649,0.19657621462177835,0.6635819270549808,0.33641807294501896
sbm_3c_100_mixed_s0,sbm,300,3,Spectral,{'k': 10},0.3946624794397833,10,2.279058989606553,0.8954,20,39,30.0,6.434283176858165,0.5128205128204997,0.21447610589526503,300,3674,0.08191750278706801,24.493333333333332,4.556675201162454,39,0.28742514970059874,0.712574850299401,0.24327264689567324,0.03183416796340804,0.20056899004267395,6.8694571712530985,0.719365952282706,0.0351364162749188,0.651090342679127,0.7601713062098484,0.18276804385982331,0.712574850299401,0.28742514970059874
sbm_3c_100_mixed_s0,sbm,300,3,GreedyMod,{},0.8268454796240718,3,1.0955590360204206,0.6646,93,111,100.0,7.874007874011811,0.8378378378378303,0.07874007874011733,300,3674,0.08191750278706801,24.493333333333332,4.556675201162454,39,0.5827436037016874,0.41725639629831235,0.144381568936821,0.007275238222625994,0.13529893529893527,14.239634796086408,0.418669680832525,0.017943067518268973,0.39331619537275053,0.43225806451612886,0.24732384343007952,0.41725639629831235,0.5827436037016874
sbm_3c_100_hard_s0,sbm,300,3,Louvain,{'resolution': 0.5},0.08822656310732974,28,2.413443841823461,0.8415777777777778,1,93,10.714285714285714,19.859968966414293,0.010752688172042895,1.8535971035318277,300,3275,0.07302118171683389,21.833333333333332,4.1990739719874215,41,0.29954198473282434,0.7004580152671753,0.4756517388957539,0.36106417377046784,0.0,2.5331072384965716,0.8837051846289158,0.10914946095041446,0.5435724602792487,0.9999999999999584,0.13592555212400212,0.7004580152671753,0.29954198473282434
sbm_3c_100_hard_s0,sbm,300,3,Louvain,{'resolution': 0.8},0.04483729964532203,14,2.492295519258596,0.9064222222222222,6,54,21.428571428571427,11.932634038720906,0.11111111111110905,0.556856255140283,300,3275,0.07302118171683389,21.833333333333332,4.1990739719874215,41,0.2690076335877862,0.7309923664122135,0.3391845171911746,0.17714485943241223,0.15234102026554847,5.276040214065424,0.7601899027613394,0.05545630461319449,0.6326874473462506,0.8533333333333277,0.17609197599207504,0.7309923664122135,0.2690076335877862
sbm_3c_100_hard_s0,sbm,300,3,Louvain,{'resolution': 1.0},0.03517143722010066,9,2.101957889112335,0.8663333333333333,16,60,33.333333333333336,15.01850710142508,0.2666666666666622,0.4505552130427388,300,3275,0.07302118171683389,21.833333333333332,4.1990739719874215,41,0.3105343511450381,0.6894656488549616,0.22217645024812666,0.06963850427588018,0.13841807909604512,6.29424786506007,0.7117407365843884,0.04873119146798123,0.6276595744680846,0.7790368271954652,0.17531220791329177,0.6894656488549616,0.3105343511450381
sbm_3c_100_hard_s0,sbm,300,3,Louvain,{'resolution': 1.2},0.045132537081661234,14,2.5729288407268265,0.9195111111111112,9,33,21.428571428571427,7.631834508110332,0.27272727272726444,0.35615227704513225,300,3275,0.07302118171683389,21.833333333333332,4.1990739719874215,41,0.2509923664122137,0.7490076335877861,0.2841011165978569,0.08504578624621748,0.19569892473118236,5.20672260408851,0.7610576159930593,0.03579838066976053,0.7111416781292975,0.8333333333333297,0.16984278305460057,0.7490076335877861,0.2509923664122137
sbm_3c_100_hard_s0,sbm,300,3,Louvain,{'resolution': 1.5},0.07283299835278406,23,3.0682847952634082,0.9506,6,23,13.043478260869565,4.813732718411983,0.26086956521738,0.36905284174489045,300,3275,0.07302118171683389,21.833333333333332,4.1990739719874215,41,0.208854961832061,0.7911450381679387,0.39629020323901953,0.10638566195201904,0.23320158102766705,4.309234366341941,0.802788878078567,0.03476431319763478,0.7476190476190459,0.8548387096774125,0.1596338208729095,0.7911450381679387,0.208854961832061
sbm_3c_100_hard_s0,sbm,300,3,Louvain,{'resolution': 2.0},0.10396056289789499,31,3.3799392540216635,0.9641777777777778,4,19,9.67741935483871,3.216761512856235,0.21052631578946263,0.33239868966177655,300,3275,0.07302118171683389,21.833333333333332,4.1990739719874215,41,0.18473282442748087,0.8152671755725188,0.4863335871824625,0.13358666468791955,0.274853801169589,3.8534789300493886,0.824000423328074,0.03209179634688335,0.7602996254681619,0.9009900990098921,0.14925144222364672,0.8152671755725188,0.18473282442748087
sbm_3c_100_hard_s0,sbm,300,3,Louvain,{'resolution': 3.0},0.14764943216894316,52,3.8952812079492136,0.9786,2,12,5.769230769230769,1.9376371873553844,0.16666666666665278,0.3358571124748751,300,3275,0.07302118171683389,21.833333333333332,4.1990739719874215,41,0.14656488549618316,0.8534351145038166,0.6919316794315761,0.17002575490885885,0.393939393939388,3.004380341880342,0.8623781777498625,0.03253599589403414,0.7739130434782575,0.962264150943378,0.12541865858632947,0.8534351145038166,0.14656488549618316
sbm_3c_100_hard_s0,sbm,300,3,Leiden,{'resolution': 0.5},0.0,1,-1.000088900581841e-12,0.0,300,300,300.0,0.0,0.9999999999999966,0.0,300,3275,0.07302118171683389,21.833333333333332,4.1990739719874215,41,0.9999999999999997,0.0,0.07302118171683389,0.0,0.07302118171683389,21.833333333333332,0.0,0.0,0.0,0.0,0.0,0.0,0.9999999999999997
sbm_3c_100_hard_s0,sbm,300,3,Leiden,{'resolution': 0.8},0.033093706335335885,3,1.0273599509181097,0.6206444444444444,55,146,100.0,37.15732319027659,0.37671232876712074,0.3715732319027622,300,3275,0.07302118171683389,21.833333333333332,4.1990739719874215,41,0.5422900763358777,0.457709923664122,0.12206180325486615,0.027690563246141556,0.09362305148795463,11.088077118214104,0.49310526125143445,0.09737768180069761,0.3755513547574038,0.61400651465798,0.1647791154361634,0.457709923664122,0.5422900763358777
sbm_3c_100_hard_s0,sbm,300,3,Leiden,{'resolution': 1.0},0.05857161261463138,8,2.057697552553983,0.8693555555555555,26,55,37.5,7.968688725254614,0.4727272727272641,0.21249836600678404,300,3275,0.07302118171683389,21.833333333333332,4.1990739719874215,41,0.31938931297709916,0.6806106870229006,0.19085310287896462,0.02332054200896955,0.15622895622895613,6.813893745143745,0.6879163829682493,0.033162770602789625,0.6212244897959179,0.7383512544802854,0.1880412563370433,0.6806106870229006,0.31938931297709916
sbm_3c_100_hard_s0,sbm,300,3,Leiden,{'resolution': 1.2},0.045769788993328876,14,2.5905086150214327,0.9215777777777778,11,38,21.428571428571427,6.705160972972191,0.28947368421051867,0.312907512072021,300,3275,0.07302118171683389,21.833333333333332,4.1990739719874215,41,0.2570992366412213,0.7429007633587784,0.2810114967622206,0.05966574822696055,0.19203413940256017,5.3740408757636615,0.7532946007932615,0.03365810485568105,0.6707317073170723,0.8166666666666633,0.17838428995979252,0.7429007633587784,0.2570992366412213
sbm_3c_100_hard_s0,sbm,300,3,Leiden,{'resolution': 1.5},0.08945088822662342,20,2.9695818480961766,0.9473333333333334,9,24,15.0,3.4641016151377544,0.3749999999999844,0.2309401076758349,300,3275,0.07302118171683389,21.833333333333332,4.1990739719874215,41,0.2207633587786259,0.7792366412213738,0.34747403936157045,0.056521197166005684,0.2753623188405787,4.69607121121053,0.7848928054553778,0.026226480445320575,0.7126654064272198,0.8175675675675648,0.16803356447759457,0.7792366412213738,0.2207633587786259
sbm_3c_100_hard_s0,sbm,300,3,Leiden,{'resolution': 2.0},0.12270783228238405,31,3.394558291503387,0.9651111111111111,5,16,9.67741935483871,2.763670966529535,0.3124999999999805,0.2855793332080224,300,3275,0.07302118171683389,21.833333333333332,4.1990739719874215,41,0.18534351145038164,0.8146564885496181,0.47513006706553484,0.08938064840620556,0.30476190476190185,3.8983407273729846,0.8212960197205516,0.02586128203731733,0.7763157894736816,0.8813559322033824,0.15039846162811027,0.8146564885496181,0.18534351145038164
sbm_3c_100_hard_s0,sbm,300,3,Leiden,{'resolution': 3.0},0.1448069921695953,44,3.7628234204126993,0.9762666666666666,4,11,6.818181818181818,1.4345212580054092,0.36363636363633056,0.2103964511740958,300,3275,0.07302118171683389,21.833333333333332,4.1990739719874215,41,0.1575572519083969,0.8424427480916028,0.5933031614849431,0.08907969554847489,0.4285714285714082,3.353395972714154,0.8460674273842403,0.024821164628496727,0.7674418604651128,0.8999999999999926,0.13380893887302603,0.8424427480916028,0.1575572519083969
sbm_3c_100_hard_s0,sbm,300,3,LabelProp,{'seed': 0},0.0,1,-1.000088900581841e-12,0.0,300,300,300.0,0.0,0.9999999999999966,0.0,300,3275,0.07302118171683389,21.833333333333332,4.1990739719874215,41,0.9999999999999997,0.0,0.07302118171683389,0.0,0.07302118171683389,21.833333333333332,0.0,0.0,0.0,0.0,0.0,0.0,0.9999999999999997
sbm_3c_100_hard_s0,sbm,300,3,LabelProp,{'seed': 1},0.0,1,-1.000088900581841e-12,0.0,300,300,300.0,0.0,0.9999999999999966,0.0,300,3275,0.07302118171683389,21.833333333333332,4.1990739719874215,41,0.9999999999999997,0.0,0.07302118171683389,0.0,0.07302118171683389,21.833333333333332,0.0,0.0,0.0,0.0,0.0,0.0,0.9999999999999997
sbm_3c_100_hard_s0,sbm,300,3,LabelProp,{'seed': 2},0.0,1,-1.000088900581841e-12,0.0,300,300,300.0,0.0,0.9999999999999966,0.0,300,3275,0.07302118171683389,21.833333333333332,4.1990739719874215,41,0.9999999999999997,0.0,0.07302118171683389,0.0,0.07302118171683389,21.833333333333332,0.0,0.0,0.0,0.0,0.0,0.0,0.9999999999999997
sbm_3c_100_hard_s0,sbm,300,3,LabelProp,{'seed': 3},0.0,1,-1.000088900581841e-12,0.0,300,300,300.0,0.0,0.9999999999999966,0.0,300,3275,0.07302118171683389,21.833333333333332,4.1990739719874215,41,0.9999999999999997,0.0,0.07302118171683389,0.0,0.07302118171683389,21.833333333333332,0.0,0.0,0.0,0.0,0.0,0.0,0.9999999999999997
sbm_3c_100_hard_s0,sbm,300,3,LabelProp,{'seed': 4},0.0,1,-1.000088900581841e-12,0.0,300,300,300.0,0.0,0.9999999999999966,0.0,300,3275,0.07302118171683389,21.833333333333332,4.1990739719874215,41,0.9999999999999997,0.0,0.07302118171683389,0.0,0.07302118171683389,21.833333333333332,0.0,0.0,0.0,0.0,0.0,0.0,0.9999999999999997
sbm_3c_100_hard_s0,sbm,300,3,Spectral,{'k': 2},0.025780519165098364,2,0.6589556806810628,0.46619999999999995,111,189,150.0,39.0,0.5873015873015842,0.2599999999999983,300,3275,0.07302118171683389,21.833333333333332,4.1990739719874215,41,0.6519083969465647,0.348091603053435,0.0932006474559666,0.007700253444934288,0.08550039401103231,13.586586586586586,0.48060708263069124,0.0,0.48060708263069124,0.48060708263069124,0.11389620651477186,0.348091603053435,0.6519083969465647
sbm_3c_100_hard_s0,sbm,300,3,Spectral,{'k': 3},0.036747319189127,3,1.0867398450750696,0.658511111111111,87,122,100.0,15.641824275533422,0.7131147540983548,0.15641824275533267,300,3275,0.07302118171683389,21.833333333333332,4.1990739719874215,41,0.4949618320610686,0.5050381679389312,0.10853263566099258,0.006424661688326699,0.0999864517003116,10.647161016861412,0.5119759942353695,0.0412587152798632,0.45394006659267466,0.5462184873949577,0.15216889458656258,0.5050381679389312,0.4949618320610686
sbm_3c_100_hard_s0,sbm,300,3,Spectral,{'k': 5},0.052347159131350636,5,1.5847991037920173,0.7904666666666667,42,74,60.0,13.099618315050252,0.5675675675675599,0.21832697191750056,300,3275,0.07302118171683389,21.833333333333332,4.1990739719874215,41,0.3682442748091602,0.6317557251908396,0.13711255632701222,0.019691860995509635,0.1161971830985915,7.8542517804219925,0.639826071435756,0.0364192182688919,0.582932692307692,0.6807228915662643,0.15749445836489714,0.6317557251908396,0.3682442748091602
sbm_3c_100_hard_s0,sbm,300,3,Spectral,{'k': 8},0.049022976943848044,8,2.0739534927361136,0.8736444444444444,30,43,37.5,3.905124837953327,0.6976744186046349,0.10413666234541927,300,3275,0.07302118171683389,21.833333333333332,4.1990739719874215,41,0.2885496183206106,0.7114503816793891,0.17271388110348956,0.01281674801400909,0.14617940199335533,6.266189246161707,0.7128753557616123,0.017908980180717092,0.6851851851851845,0.7426356589147275,0.1618940621175922,0.7114503816793891,0.2885496183206106
sbm_3c_100_hard_s0,sbm,300,3,Spectral,{'k': 10},0.04167753633169714,10,2.278842748875958,0.8952,21,41,30.0,6.572670690061994,0.512195121951207,0.21908902300205918,300,3275,0.07302118171683389,21.833333333333332,4.1990739719874215,41,0.261679389312977,0.7383206106870227,0.1991907690836424,0.03218450476741934,0.15927419354838676,5.599246837452435,0.7432849019468086,0.02850972694164775,0.6939655172413786,0.7953321364452409,0.15656169220907876,0.7383206106870227,0.261679389312977
sbm_3c_100_hard_s0,sbm,300,3,GreedyMod,{},0.026278092836232694,4,1.2510525625878623,0.6982444444444444,17,105,75.0,34.12477106150311,0.16190476190476036,0.4549969474867021,300,3275,0.07302118171683389,21.833333333333332,4.1990739719874215,41,0.47053435114503805,0.5294656488549617,0.14056433000213298,0.046220639997215186,0.11190476190476188,8.847053518377049,0.5924570775681695,0.1344713600683865,0.4735028005170183,0.8208955223880572,0.16546294504982226,0.5294656488549617,0.47053435114503805
sbm_2c_200_clear_s0,sbm,400,2,Louvain,{'resolution': 0.5},0.9887737856838611,3,0.7088867135305288,0.5024875,1,200,133.33333333333334,93.57468793547869,0.004999999999999975,0.7018101595160849,400,8412,0.10541353383458647,42.06,5.432439599296066,58,0.9442463147883974,0.05575368521160246,0.13371368627650035,0.09455364915175357,0.0,26.542512562814068,0.3695291302222792,0.4458122929810692,0.05263157894736841,0.9999999999999687,0.4461102598036588,0.05575368521160246,0.9442463147883974
sbm_2c_200_clear_s0,sbm,400,2,Louvain,{'resolution': 0.8},1.0,2,0.6931471805579453,0.5,200,200,200.0,0.0,0.999999999999995,0.0,400,8412,0.10541353383458647,42.06,5.432439599296066,58,0.9476937708036137,0.052306229196386105,0.20030150753768844,0.0013065326633165814,0.19899497487437187,39.86,0.05263157894736841,0.0,0.05263157894736841,0.05263157894736841,0.4476746644345001,0.052306229196386105,0.9476937708036137
sbm_2c_200_clear_s0,sbm,400,2,Louvain,{'resolution': 1.0},1.0,2,0.6931471805579453,0.5,200,200,200.0,0.0,0.999999999999995,0.0,400,8412,0.10541353383458647,42.06,5.432439599296066,58,0.9476937708036137,0.052306229196386105,0.20030150753768844,0.0013065326633165814,0.19899497487437187,39.86,0.05263157894736841,0.0,0.05263157894736841,0.05263157894736841,0.4476746644345001,0.052306229196386105,0.9476937708036137
sbm_2c_200_clear_s0,sbm,400,2,Louvain,{'resolution': 1.2},1.0,2,0.6931471805579453,0.5,200,200,200.0,0.0,0.999999999999995,0.0,400,8412,0.10541353383458647,42.06,5.432439599296066,58,0.9476937708036137,0.052306229196386105,0.20030150753768844,0.0013065326633165814,0.19899497487437187,39.86,0.05263157894736841,0.0,0.05263157894736841,0.05263157894736841,0.4476746644345001,0.052306229196386105,0.9476937708036137
sbm_2c_200_clear_s0,sbm,400,2,Louvain,{'resolution': 1.5},1.0,2,0.6931471805579453,0.5,200,200,200.0,0.0,0.999999999999995,0.0,400,8412,0.10541353383458647,42.06,5.432439599296066,58,0.9476937708036137,0.052306229196386105,0.20030150753768844,0.0013065326633165814,0.19899497487437187,39.86,0.05263157894736841,0.0,0.05263157894736841,0.05263157894736841,0.4476746644345001,0.052306229196386105,0.9476937708036137
sbm_2c_200_clear_s0,sbm,400,2,Louvain,{'resolution': 2.0},0.39697838913812883,17,2.798968257066004,0.937275,11,35,23.529411764705884,6.059680122200429,0.3142857142857053,0.2575364051935073,400,8412,0.10541353383458647,42.06,5.432439599296066,58,0.22230147408464093,0.7776985259153588,0.4161143157662397,0.06298923709192936,0.31764705882352884,9.015664186076854,0.7858856729779167,0.033824596949721966,0.7343640196767388,0.8655462184873931,0.15983681097515068,0.7776985259153588,0.22230147408464093
sbm_2c_200_clear_s0,sbm,400,2,Louvain,{'resolution': 3.0},0.31518285309235167,42,3.705234100354644,0.974575,6,16,9.523809523809524,2.4807650052630676,0.37499999999997663,0.26048032555259476,400,8412,0.10541353383458647,42.06,5.432439599296066,58,0.13540180694246312,0.8645981930575367,0.6592406931692436,0.08326589244289771,0.49999999999999584,5.445169446955161,0.8704485188833478,0.023058057490340185,0.8189655172413781,0.9066147859922143,0.10985667622889565,0.8645981930575367,0.13540180694246312
sbm_2c_200_clear_s0,sbm,400,2,Leiden,{'resolution': 0.5},1.0,2,0.6931471805579453,0.5,200,200,200.0,0.0,0.999999999999995,0.0,400,8412,0.10541353383458647,42.06,5.432439599296066,58,0.9476937708036137,0.052306229196386105,0.20030150753768844,0.0013065326633165814,0.19899497487437187,39.86,0.05263157894736841,0.0,0.05263157894736841,0.05263157894736841,0.4476746644345001,0.052306229196386105,0.9476937708036137
sbm_2c_200_clear_s0,sbm,400,2,Leiden,{'resolution': 0.8},1.0,2,0.6931471805579453,0.5,200,200,200.0,0.0,0.999999999999995,0.0,400,8412,0.10541353383458647,42.06,5.432439599296066,58,0.9476937708036137,0.052306229196386105,0.20030150753768844,0.0013065326633165814,0.19899497487437187,39.86,0.05263157894736841,0.0,0.05263157894736841,0.05263157894736841,0.4476746644345001,0.052306229196386105,0.9476937708036137
sbm_2c_200_clear_s0,sbm,400,2,Leiden,{'resolution': 1.0},1.0,2,0.6931471805579453,0.5,200,200,200.0,0.0,0.999999999999995,0.0,400,8412,0.10541353383458647,42.06,5.432439599296066,58,0.9476937708036137,0.052306229196386105,0.20030150753768844,0.0013065326633165814,0.19899497487437187,39.86,0.05263157894736841,0.0,0.05263157894736841,0.05263157894736841,0.4476746644345001,0.052306229196386105,0.9476937708036137
sbm_2c_200_clear_s0,sbm,400,2,Leiden,{'resolution': 1.2},1.0,2,0.6931471805579453,0.5,200,200,200.0,0.0,0.999999999999995,0.0,400,8412,0.10541353383458647,42.06,5.432439599296066,58,0.9476937708036137,0.052306229196386105,0.20030150753768844,0.0013065326633165814,0.19899497487437187,39.86,0.05263157894736841,0.0,0.05263157894736841,0.05263157894736841,0.4476746644345001,0.052306229196386105,0.9476937708036137
sbm_2c_200_clear_s0,sbm,400,2,Leiden,{'resolution': 1.5},1.0,2,0.6931471805579453,0.5,200,200,200.0,0.0,0.999999999999995,0.0,400,8412,0.10541353383458647,42.06,5.432439599296066,58,0.9476937708036137,0.052306229196386105,0.20030150753768844,0.0013065326633165814,0.19899497487437187,39.86,0.05263157894736841,0.0,0.05263157894736841,0.05263157894736841,0.4476746644345001,0.052306229196386105,0.9476937708036137
sbm_2c_200_clear_s0,sbm,400,2,Leiden,{'resolution': 2.0},0.39678847050548316,17,2.800639721431169,0.937375,13,34,23.529411764705884,5.981517091240547,0.38235294117645935,0.25421447637771244,400,8412,0.10541353383458647,42.06,5.432439599296066,58,0.22705658582976695,0.7729434141702328,0.41851864429485314,0.046077926862260435,0.3465909090909084,9.167769197749482,0.7818379338112607,0.03480267464044552,0.7213114754098356,0.8467432950191555,0.16419172059976364,0.7729434141702328,0.22705658582976695
sbm_2c_200_clear_s0,sbm,400,2,Leiden,{'resolution': 3.0},0.30889838570613526,45,3.7638092565362014,0.975925,3,15,8.88888888888889,2.56664261652994,0.19999999999998666,0.28874729435958574,400,8412,0.10541353383458647,42.06,5.432439599296066,58,0.13278649548264382,0.867213504517356,0.7028247061580054,0.11214418447913735,0.5128205128205063,5.283912013912014,0.8743418942917998,0.026686537867665703,0.8113821138211369,0.9552238805970078,0.10878188643852534,0.867213504517356,0.13278649548264382
sbm_2c_200_clear_s0,sbm,400,2,LabelProp,{'seed': 0},1.0,2,0.6931471805579453,0.5,200,200,200.0,0.0,0.999999999999995,0.0,400,8412,0.10541353383458647,42.06,5.432439599296066,58,0.9476937708036137,0.052306229196386105,0.20030150753768844,0.0013065326633165814,0.19899497487437187,39.86,0.05263157894736841,0.0,0.05263157894736841,0.05263157894736841,0.4476746644345001,0.052306229196386105,0.9476937708036137
sbm_2c_200_clear_s0,sbm,400,2,LabelProp,{'seed': 1},1.0,2,0.6931471805579453,0.5,200,200,200.0,0.0,0.999999999999995,0.0,400,8412,0.10541353383458647,42.06,5.432439599296066,58,0.9476937708036137,0.052306229196386105,0.20030150753768844,0.0013065326633165814,0.19899497487437187,39.86,0.05263157894736841,0.0,0.05263157894736841,0.05263157894736841,0.4476746644345001,0.052306229196386105,0.9476937708036137
sbm_2c_200_clear_s0,sbm,400,2,LabelProp,{'seed': 2},1.0,2,0.6931471805579453,0.5,200,200,200.0,0.0,0.999999999999995,0.0,400,8412,0.10541353383458647,42.06,5.432439599296066,58,0.9476937708036137,0.052306229196386105,0.20030150753768844,0.0013065326633165814,0.19899497487437187,39.86,0.05263157894736841,0.0,0.05263157894736841,0.05263157894736841,0.4476746644345001,0.052306229196386105,0.9476937708036137
sbm_2c_200_clear_s0,sbm,400,2,LabelProp,{'seed': 3},1.0,2,0.6931471805579453,0.5,200,200,200.0,0.0,0.999999999999995,0.0,400,8412,0.10541353383458647,42.06,5.432439599296066,58,0.9476937708036137,0.052306229196386105,0.20030150753768844,0.0013065326633165814,0.19899497487437187,39.86,0.05263157894736841,0.0,0.05263157894736841,0.05263157894736841,0.4476746644345001,0.052306229196386105,0.9476937708036137
sbm_2c_200_clear_s0,sbm,400,2,LabelProp,{'seed': 4},1.0,2,0.6931471805579453,0.5,200,200,200.0,0.0,0.999999999999995,0.0,400,8412,0.10541353383458647,42.06,5.432439599296066,58,0.9476937708036137,0.052306229196386105,0.20030150753768844,0.0013065326633165814,0.19899497487437187,39.86,0.05263157894736841,0.0,0.05263157894736841,0.05263157894736841,0.4476746644345001,0.052306229196386105,0.9476937708036137
sbm_2c_200_clear_s0,sbm,400,2,Spectral,{'k': 2},1.0,2,0.6931471805579453,0.5,200,200,200.0,0.0,0.999999999999995,0.0,400,8412,0.10541353383458647,42.06,5.432439599296066,58,0.9476937708036137,0.052306229196386105,0.20030150753768844,0.0013065326633165814,0.19899497487437187,39.86,0.05263157894736841,0.0,0.05263157894736841,0.05263157894736841,0.4476746644345001,0.052306229196386105,0.9476937708036137
sbm_2c_200_clear_s0,sbm,400,2,Spectral,{'k': 3},0.8001039031227332,3,1.0394957370747622,0.6248875,97,200,133.33333333333334,47.204048790566915,0.4849999999999976,0.3540303659292492,400,8412,0.10541353383458647,42.06,5.432439599296066,58,0.7532097004279599,0.24679029957203988,0.22362401482383834,0.015623896010324465,0.20160804020100503,28.85580088746539,0.31381557388484543,0.18497973983257138,0.05263157894736841,0.45719220330619287,0.37653599238594226,0.24679029957203988,0.7532097004279599
sbm_2c_200_clear_s0,sbm,400,2,Spectral,{'k': 5},0.5976931926920291,5,1.584603415032567,0.7902374999999999,54,104,80.0,17.67484087622856,0.5192307692307643,0.22093551095285427,400,8412,0.10541353383458647,42.06,5.432439599296066,58,0.485021398002853,0.5149786019971468,0.2502741807169391,0.0105811224828673,0.23628219484882415,19.597305932742124,0.5338751197579242,0.08248938943635073,0.4242696629213482,0.6639784946236557,0.27441856859830926,0.5149786019971468,0.485021398002853
sbm_2c_200_clear_s0,sbm,400,2,Spectral,{'k': 8},0.4801510010528245,8,2.059430474416432,0.87,37,64,50.0,10.0,0.578124999999991,0.199999999999996,400,8412,0.10541353383458647,42.06,5.432439599296066,58,0.3367807893485496,0.6632192106514502,0.2832344046589986,0.015959332371353753,0.26216077828981044,13.73649794150105,0.6734021929582812,0.05329921952390304,0.5938438438438436,0.73656618610747,0.20704550470095817,0.6632192106514502,0.3367807893485496
sbm_2c_200_clear_s0,sbm,400,2,Spectral,{'k': 10},0.464880684429725,10,2.288896185719782,0.8975,24,48,40.0,6.324555320336759,0.49999999999998956,0.15811388300841503,400,8412,0.10541353383458647,42.06,5.432439599296066,58,0.28601997146932945,0.7139800285306703,0.3081735987849509,0.029382618514507547,0.28280141843971607,11.844563674119977,0.7183028321315661,0.02870673028146801,0.6785894206549116,0.7874015748031488,0.18345375998646954,0.7139800285306703,0.28601997146932945
sbm_2c_200_clear_s0,sbm,400,2,GreedyMod,{},1.0,2,0.6931471805579453,0.5,200,200,200.0,0.0,0.999999999999995,0.0,400,8412,0.10541353383458647,42.06,5.432439599296066,58,0.9476937708036137,0.052306229196386105,0.20030150753768844,0.0013065326633165814,0.19899497487437187,39.86,0.05263157894736841,0.0,0.05263157894736841,0.05263157894736841,0.4476746644345001,0.052306229196386105,0.9476937708036137
sbm_2c_200_mixed_s0,sbm,400,2,Louvain,{'resolution': 0.5},0.16149268004810335,63,2.4930940084189004,0.7334250000000001,1,203,6.349206349206349,25.232983409638077,0.004926108374384212,3.9741948870173713,400,7978,0.0999749373433584,39.89,5.844048254420903,57,0.317874153923289,0.6821258460767109,0.3246767734419695,0.3839026903898488,0.0,1.5816910532934874,0.9603767698298843,0.0737314718966209,0.4791908259244942,0.9999999999999787,0.045024183136867825,0.6821258460767109,0.317874153923289
sbm_2c_200_mixed_s0,sbm,400,2,Louvain,{'resolution': 0.8},1.0,2,0.6931471805579453,0.5,200,200,200.0,0.0,0.999999999999995,0.0,400,7978,0.0999749373433584,39.89,5.844048254420903,57,0.7459262973176234,0.2540737026823765,0.14952261306532663,0.0006783919597989907,0.14884422110552764,29.755000000000003,0.2549364859766067,0.0,0.2549364859766067,0.2549364859766067,0.245920570551217,0.2540737026823765,0.7459262973176234
sbm_2c_200_mixed_s0,sbm,400,2,Louvain,{'resolution': 1.0},1.0,2,0.6931471805579453,0.5,200,200,200.0,0.0,0.999999999999995,0.0,400,7978,0.0999749373433584,39.89,5.844048254420903,57,0.7459262973176234,0.2540737026823765,0.14952261306532663,0.0006783919597989907,0.14884422110552764,29.755000000000003,0.2549364859766067,0.0,0.2549364859766067,0.2549364859766067,0.245920570551217,0.2540737026823765,0.7459262973176234
sbm_2c_200_mixed_s0,sbm,400,2,Louvain,{'resolution': 1.2},0.5553438640297159,5,1.5463857670265302,0.7781875,33,104,80.0,26.419689627245813,0.3173076923076893,0.33024612034056855,400,7978,0.0999749373433584,39.89,5.844048254420903,57,0.4120080220606668,0.5879919779393331,0.2065073235862843,0.041243563629417786,0.17774458551157576,15.28302756067462,0.6170196664248838,0.08813196058708882,0.5412048192771083,0.7734724292101336,0.19012063193838208,0.5879919779393331,0.4120080220606668
sbm_2c_200_mixed_s0,sbm,400,2,Louvain,{'resolution': 1.5},0.3125491384924877,20,2.9382939584107004,0.9443,11,34,20.0,6.752777206453653,0.32352941176469635,0.3376388603226658,400,7978,0.0999749373433584,39.89,5.844048254420903,57,0.18551015292053144,0.8144898470794685,0.3892220288409048,0.07843324968081551,0.29914529914529825,6.933059807036116,0.8260875687944147,0.03448314811123598,0.7566594672426201,0.8745098039215669,0.1295269342157466,0.8144898470794685,0.18551015292053144
sbm_2c_200_mixed_s0,sbm,400,2,Louvain,{'resolution': 2.0},0.2493263441984154,35,3.4686305568364295,0.9663375,4,23,11.428571428571429,4.824258428790388,0.17391304347825332,0.422122612519122,400,7978,0.0999749373433584,39.89,5.844048254420903,57,0.13975933817999497,0.8602406618200049,0.5404657759365937,0.12959533530317566,0.33992094861659944,5.066838660989672,0.8729972164026106,0.03202698689393143,0.8101402373247024,0.9431818181818129,0.10609387020121329,0.8602406618200049,0.13975933817999497
sbm_2c_200_mixed_s0,sbm,400,2,Louvain,{'resolution': 3.0},0.2214533461379984,64,4.113666085840626,0.9829875,3,10,6.25,1.8624580532189174,0.29999999999997,0.2979932885149791,400,7978,0.0999749373433584,39.89,5.844048254420903,57,0.09864627726247178,0.9013537227375281,0.7377852182538938,0.12544191671471672,0.5277777777777631,3.67905505952381,0.9076739142715042,0.022545167799389143,0.8649350649350627,0.9545454545454474,0.0815827208076158,0.9013537227375281,0.09864627726247178
sbm_2c_200_mixed_s0,sbm,400,2,Leiden,{'resolution': 0.5},0.0,1,-1.000088900581841e-12,0.0,400,400,400.0,0.0,0.9999999999999974,0.0,400,7978,0.0999749373433584,39.89,5.844048254420903,57,0.9999999999999999,0.0,0.0999749373433584,0.0,0.0999749373433584,39.89,0.0,0.0,0.0,0.0,0.0,0.0,0.9999999999999999
sbm_2c_200_mixed_s0,sbm,400,2,Leiden,{'resolution': 0.8},1.0,2,0.6931471805579453,0.5,200,200,200.0,0.0,0.999999999999995,0.0,400,7978,0.0999749373433584,39.89,5.844048254420903,57,0.7459262973176234,0.2540737026823765,0.14952261306532663,0.0006783919597989907,0.14884422110552764,29.755000000000003,0.2549364859766067,0.0,0.2549364859766067,0.2549364859766067,0.245920570551217,0.2540737026823765,0.7459262973176234
sbm_2c_200_mixed_s0,sbm,400,2,Leiden,{'resolution': 1.0},1.0,2,0.6931471805579453,0.5,200,200,200.0,0.0,0.999999999999995,0.0,400,7978,0.0999749373433584,39.89,5.844048254420903,57,0.7459262973176234,0.2540737026823765,0.14952261306532663,0.0006783919597989907,0.14884422110552764,29.755000000000003,0.2549364859766067,0.0,0.2549364859766067,0.2549364859766067,0.245920570551217,0.2540737026823765,0.7459262973176234
sbm_2c_200_mixed_s0,sbm,400,2,Leiden,{'resolution': 1.2},0.6640550728127753,4,1.3551170259459222,0.7345875,69,132,100.0,24.829418035870273,0.5227272727272688,0.24829418035870027,400,7978,0.0999749373433584,39.89,5.844048254420903,57,0.47305088994735517,0.5269491100526447,0.18882339111308702,0.02042634561328184,0.16400647698357618,18.194659326181064,0.5443019141787386,0.07276248782870251,0.4517687995360525,0.6354574581701671,0.20881749516610632,0.5269491100526447,0.47305088994735517
sbm_2c_200_mixed_s0,sbm,400,2,Leiden,{'resolution': 1.5},0.384046960421954,15,2.6489099060028276,0.926675,6,37,26.666666666666668,8.427468316298924,0.16216216216215776,0.3160300618611978,400,7978,0.0999749373433584,39.89,5.844048254420903,57,0.218225119077463,0.7817748809225369,0.3410636438577076,0.09182503103448598,0.26276276276276234,8.108757248759147,0.7968583527176939,0.048272866376708,0.7443609022556386,0.9193548387096737,0.1448808505792534,0.7817748809225369,0.218225119077463
sbm_2c_200_mixed_s0,sbm,400,2,Leiden,{'resolution': 2.0},0.27671194031341795,34,3.455847137944743,0.9665625,5,20,11.764705882352942,4.352543702043747,0.2499999999999875,0.36996621467368707,400,7978,0.0999749373433584,39.89,5.844048254420903,57,0.14251692153421908,0.8574830784657808,0.5315065868084261,0.12426832208581408,0.3631578947368402,5.237962695199537,0.8686319923055459,0.03087616123912135,0.813131313131312,0.9306930693069261,0.10898017618141545,0.8574830784657808,0.14251692153421908
sbm_2c_200_mixed_s0,sbm,400,2,Leiden,{'resolution': 3.0},0.23575573852136156,59,4.03199936751821,0.981475,3,13,6.779661016949152,2.0672408255578745,0.23076923076921302,0.30491802176974153,400,7978,0.0999749373433584,39.89,5.844048254420903,57,0.10503885685635496,0.8949611431436449,0.7130575639049633,0.11417041749329984,0.5128205128205063,3.9236814974103105,0.9014878047415781,0.02335277749014454,0.8461538461538443,0.9523809523809449,0.0864954772528439,0.8949611431436449,0.10503885685635496
sbm_2c_200_mixed_s0,sbm,400,2,LabelProp,{'seed': 0},0.0,1,-1.000088900581841e-12,0.0,400,400,400.0,0.0,0.9999999999999974,0.0,400,7978,0.0999749373433584,39.89,5.844048254420903,57,0.9999999999999999,0.0,0.0999749373433584,0.0,0.0999749373433584,39.89,0.0,0.0,0.0,0.0,0.0,0.0,0.9999999999999999
sbm_2c_200_mixed_s0,sbm,400,2,LabelProp,{'seed': 1},0.0,1,-1.000088900581841e-12,0.0,400,400,400.0,0.0,0.9999999999999974,0.0,400,7978,0.0999749373433584,39.89,5.844048254420903,57,0.9999999999999999,0.0,0.0999749373433584,0.0,0.0999749373433584,39.89,0.0,0.0,0.0,0.0,0.0,0.0,0.9999999999999999
sbm_2c_200_mixed_s0,sbm,400,2,LabelProp,{'seed': 2},0.0,1,-1.000088900581841e-12,0.0,400,400,400.0,0.0,0.9999999999999974,0.0,400,7978,0.0999749373433584,39.89,5.844048254420903,57,0.9999999999999999,0.0,0.0999749373433584,0.0,0.0999749373433584,39.89,0.0,0.0,0.0,0.0,0.0,0.0,0.9999999999999999
sbm_2c_200_mixed_s0,sbm,400,2,LabelProp,{'seed': 3},0.0,1,-1.000088900581841e-12,0.0,400,400,400.0,0.0,0.9999999999999974,0.0,400,7978,0.0999749373433584,39.89,5.844048254420903,57,0.9999999999999999,0.0,0.0999749373433584,0.0,0.0999749373433584,39.89,0.0,0.0,0.0,0.0,0.0,0.0,0.9999999999999999
sbm_2c_200_mixed_s0,sbm,400,2,LabelProp,{'seed': 4},0.0,1,-1.000088900581841e-12,0.0,400,400,400.0,0.0,0.9999999999999974,0.0,400,7978,0.0999749373433584,39.89,5.844048254420903,57,0.9999999999999999,0.0,0.0999749373433584,0.0,0.0999749373433584,39.89,0.0,0.0,0.0,0.0,0.0,0.0,0.9999999999999999
sbm_2c_200_mixed_s0,sbm,400,2,Spectral,{'k': 2},1.0,2,0.6931471805579453,0.5,200,200,200.0,0.0,0.999999999999995,0.0,400,7978,0.0999749373433584,39.89,5.844048254420903,57,0.7459262973176234,0.2540737026823765,0.14952261306532663,0.0006783919597989907,0.14884422110552764,29.755000000000003,0.2549364859766067,0.0,0.2549364859766067,0.2549364859766067,0.245920570551217,0.2540737026823765,0.7459262973176234
sbm_2c_200_mixed_s0,sbm,400,2,Spectral,{'k': 3},0.7135355884547129,3,1.050942271242792,0.6331375,100,193,133.33333333333334,42.28737662970147,0.518134715025904,0.31715532472275865,400,7978,0.0999749373433584,39.89,5.844048254420903,57,0.5864878415643018,0.4135121584356981,0.16736426495713927,0.010914489241946634,0.15214810017271158,21.699160654044196,0.45581681457077633,0.13086348407402418,0.27185845279607385,0.56532791052364,0.21829271691687113,0.4135121584356981,0.5864878415643018
sbm_2c_200_mixed_s0,sbm,400,2,Spectral,{'k': 5},0.46044707504846444,5,1.5921123168500062,0.7931125,58,103,80.0,14.845874847916509,0.5631067961164994,0.18557343559895406,400,7978,0.0999749373433584,39.89,5.844048254420903,57,0.38017046878917016,0.6198295312108297,0.18703264719515006,0.007326309245769018,0.17956312476860417,14.709451791674757,0.631275932933246,0.060019469849414635,0.5383137160701416,0.7211291702309663,0.17284539722894268,0.6198295312108297,0.38017046878917016
sbm_2c_200_mixed_s0,sbm,400,2,Spectral,{'k': 8},0.30010224978900857,8,2.068443864074492,0.8724000000000001,34,61,50.0,7.211102550927978,0.5573770491803187,0.14422205101855667,400,7978,0.0999749373433584,39.89,5.844048254420903,57,0.26522938079719227,0.7347706192028076,0.21378652342949578,0.016907275513959066,0.1930272108843536,10.408015310618115,0.7389264975064316,0.029910882914030754,0.6975409836065571,0.7867704280155636,0.13710709904732377,0.7347706192028076,0.26522938079719227
sbm_2c_200_mixed_s0,sbm,400,2,Spectral,{'k': 10},0.25384505886781317,10,2.285247114421916,0.896825,24,46,40.0,7.127411872482185,0.5217391304347713,0.17818529681205014,400,7978,0.0999749373433584,39.89,5.844048254420903,57,0.23050889947355224,0.7694911005264476,0.2328312778631343,0.021180292027197085,0.19613526570048292,8.976071739653507,0.7749328468934481,0.03521987802813535,0.7308584686774938,0.8411016949152533,0.127374699136589,0.7694911005264476,0.23050889947355224
sbm_2c_200_mixed_s0,sbm,400,2,GreedyMod,{},1.0,2,0.6931471805579453,0.5,200,200,200.0,0.0,0.999999999999995,0.0,400,7978,0.0999749373433584,39.89,5.844048254420903,57,0.7459262973176234,0.2540737026823765,0.14952261306532663,0.0006783919597989907,0.14884422110552764,29.755000000000003,0.2549364859766067,0.0,0.2549364859766067,0.2549364859766067,0.245920570551217,0.2540737026823765,0.7459262973176234
sbm_5c_80_clear_s0,sbm,400,5,Louvain,{'resolution': 0.5},1.0,5,1.6094379124291003,0.7999999999999999,80,80,80.0,0.0,0.9999999999999876,0.0,400,4557,0.057105263157894735,22.785,4.042125059915886,36,0.8556067588325651,0.14439324116743468,0.2467721518987341,0.006621112319302292,0.24113924050632904,19.494999999999997,0.14442226737992658,0.009314956733138131,0.13410770855332624,0.16093835242771404,0.655502324950452,0.14439324116743468,0.8556067588325651
sbm_5c_80_clear_s0,sbm,400,5,Louvain,{'resolution': 0.8},1.0,5,1.6094379124291003,0.7999999999999999,80,80,80.0,0.0,0.9999999999999876,0.0,400,4557,0.057105263157894735,22.785,4.042125059915886,36,0.8556067588325651,0.14439324116743468,0.2467721518987341,0.006621112319302292,0.24113924050632904,19.494999999999997,0.14442226737992658,0.009314956733138131,0.13410770855332624,0.16093835242771404,0.655502324950452,0.14439324116743468,0.8556067588325651
sbm_5c_80_clear_s0,sbm,400,5,Louvain,{'resolution': 1.0},1.0,5,1.6094379124291003,0.7999999999999999,80,80,80.0,0.0,0.9999999999999876,0.0,400,4557,0.057105263157894735,22.785,4.042125059915886,36,0.8556067588325651,0.14439324116743468,0.2467721518987341,0.006621112319302292,0.24113924050632904,19.494999999999997,0.14442226737992658,0.009314956733138131,0.13410770855332624,0.16093835242771404,0.655502324950452,0.14439324116743468,0.8556067588325651
sbm_5c_80_clear_s0,sbm,400,5,Louvain,{'resolution': 1.2},1.0,5,1.6094379124291003,0.7999999999999999,80,80,80.0,0.0,0.9999999999999876,0.0,400,4557,0.057105263157894735,22.785,4.042125059915886,36,0.8556067588325651,0.14439324116743468,0.2467721518987341,0.006621112319302292,0.24113924050632904,19.494999999999997,0.14442226737992658,0.009314956733138131,0.13410770855332624,0.16093835242771404,0.655502324950452,0.14439324116743468,0.8556067588325651
sbm_5c_80_clear_s0,sbm,400,5,Louvain,{'resolution': 1.5},1.0,5,1.6094379124291003,0.7999999999999999,80,80,80.0,0.0,0.9999999999999876,0.0,400,4557,0.057105263157894735,22.785,4.042125059915886,36,0.8556067588325651,0.14439324116743468,0.2467721518987341,0.006621112319302292,0.24113924050632904,19.494999999999997,0.14442226737992658,0.009314956733138131,0.13410770855332624,0.16093835242771404,0.655502324950452,0.14439324116743468,0.8556067588325651
sbm_5c_80_clear_s0,sbm,400,5,Louvain,{'resolution': 2.0},1.0,5,1.6094379124291003,0.7999999999999999,80,80,80.0,0.0,0.9999999999999876,0.0,400,4557,0.057105263157894735,22.785,4.042125059915886,36,0.8556067588325651,0.14439324116743468,0.2467721518987341,0.006621112319302292,0.24113924050632904,19.494999999999997,0.14442226737992658,0.009314956733138131,0.13410770855332624,0.16093835242771404,0.655502324950452,0.14439324116743468,0.8556067588325651
sbm_5c_80_clear_s0,sbm,400,5,Louvain,{'resolution': 3.0},1.0,5,1.6094379124291003,0.7999999999999999,80,80,80.0,0.0,0.9999999999999876,0.0,400,4557,0.057105263157894735,22.785,4.042125059915886,36,0.8556067588325651,0.14439324116743468,0.2467721518987341,0.006621112319302292,0.24113924050632904,19.494999999999997,0.14442226737992656,0.009314956733138131,0.13410770855332624,0.16093835242771404,0.6555023249504521,0.14439324116743468,0.8556067588325651
sbm_5c_80_clear_s0,sbm,400,5,Leiden,{'resolution': 0.5},1.0,5,1.6094379124291003,0.7999999999999999,80,80,80.0,0.0,0.9999999999999876,0.0,400,4557,0.057105263157894735,22.785,4.042125059915886,36,0.8556067588325651,0.14439324116743468,0.2467721518987341,0.006621112319302292,0.24113924050632904,19.494999999999997,0.14442226737992658,0.009314956733138131,0.13410770855332624,0.16093835242771404,0.6555023249504521,0.14439324116743468,0.8556067588325651
sbm_5c_80_clear_s0,sbm,400,5,Leiden,{'resolution': 0.8},1.0,5,1.6094379124291003,0.7999999999999999,80,80,80.0,0.0,0.9999999999999876,0.0,400,4557,0.057105263157894735,22.785,4.042125059915886,36,0.8556067588325651,0.14439324116743468,0.2467721518987341,0.006621112319302292,0.24113924050632904,19.495,0.14442226737992656,0.009314956733138131,0.13410770855332624,0.16093835242771404,0.6555023249504521,0.14439324116743468,0.8556067588325651
sbm_5c_80_clear_s0,sbm,400,5,Leiden,{'resolution': 1.0},1.0,5,1.6094379124291003,0.7999999999999999,80,80,80.0,0.0,0.9999999999999876,0.0,400,4557,0.057105263157894735,22.785,4.042125059915886,36,0.8556067588325651,0.14439324116743468,0.2467721518987341,0.006621112319302292,0.24113924050632904,19.495,0.14442226737992656,0.009314956733138131,0.13410770855332624,0.16093835242771404,0.6555023249504521,0.14439324116743468,0.8556067588325651
sbm_5c_80_clear_s0,sbm,400,5,Leiden,{'resolution': 1.2},1.0,5,1.6094379124291003,0.7999999999999999,80,80,80.0,0.0,0.9999999999999876,0.0,400,4557,0.057105263157894735,22.785,4.042125059915886,36,0.8556067588325651,0.14439324116743468,0.2467721518987341,0.006621112319302292,0.24113924050632904,19.494999999999997,0.14442226737992658,0.009314956733138131,0.13410770855332624,0.16093835242771404,0.6555023249504521,0.14439324116743468,0.8556067588325651
sbm_5c_80_clear_s0,sbm,400,5,Leiden,{'resolution': 1.5},1.0,5,1.6094379124291003,0.7999999999999999,80,80,80.0,0.0,0.9999999999999876,0.0,400,4557,0.057105263157894735,22.785,4.042125059915886,36,0.8556067588325651,0.14439324116743468,0.2467721518987341,0.006621112319302292,0.24113924050632904,19.494999999999997,0.14442226737992656,0.009314956733138131,0.13410770855332624,0.16093835242771404,0.6555023249504521,0.14439324116743468,0.8556067588325651
sbm_5c_80_clear_s0,sbm,400,5,Leiden,{'resolution': 2.0},1.0,5,1.6094379124291003,0.7999999999999999,80,80,80.0,0.0,0.9999999999999876,0.0,400,4557,0.057105263157894735,22.785,4.042125059915886,36,0.8556067588325651,0.14439324116743468,0.2467721518987341,0.006621112319302292,0.24113924050632904,19.494999999999997,0.14442226737992658,0.009314956733138131,0.13410770855332624,0.16093835242771404,0.6555023249504521,0.14439324116743468,0.8556067588325651
sbm_5c_80_clear_s0,sbm,400,5,Leiden,{'resolution': 3.0},0.995842182696592,6,1.62287728850064,0.8009875,1,80,66.66666666666667,29.36929613653612,0.012499999999999845,0.4405394420480352,400,4557,0.057105263157894735,22.785,4.042125059915886,36,0.8529734474434933,0.14702655255650646,0.20603429622416958,0.09232887157462656,0.0,16.235759493670887,0.2876053576032957,0.31873902876308496,0.13410770855332624,0.9999999999999525,0.6537852117635687,0.14702655255650646,0.8529734474434933
sbm_5c_80_clear_s0,sbm,400,5,LabelProp,{'seed': 0},1.0,5,1.6094379124291003,0.7999999999999999,80,80,80.0,0.0,0.9999999999999876,0.0,400,4557,0.057105263157894735,22.785,4.042125059915886,36,0.8556067588325651,0.14439324116743468,0.2467721518987341,0.006621112319302292,0.24113924050632904,19.495,0.14442226737992656,0.009314956733138131,0.13410770855332624,0.16093835242771404,0.655502324950452,0.14439324116743468,0.8556067588325651
sbm_5c_80_clear_s0,sbm,400,5,LabelProp,{'seed': 1},1.0,5,1.6094379124291003,0.7999999999999999,80,80,80.0,0.0,0.9999999999999876,0.0,400,4557,0.057105263157894735,22.785,4.042125059915886,36,0.8556067588325651,0.14439324116743468,0.2467721518987341,0.006621112319302292,0.24113924050632904,19.495,0.14442226737992656,0.009314956733138131,0.13410770855332624,0.16093835242771404,0.655502324950452,0.14439324116743468,0.8556067588325651
sbm_5c_80_clear_s0,sbm,400,5,LabelProp,{'seed': 2},1.0,5,1.6094379124291003,0.7999999999999999,80,80,80.0,0.0,0.9999999999999876,0.0,400,4557,0.057105263157894735,22.785,4.042125059915886,36,0.8556067588325651,0.14439324116743468,0.2467721518987341,0.006621112319302292,0.24113924050632904,19.495,0.14442226737992656,0.009314956733138131,0.13410770855332624,0.16093835242771404,0.655502324950452,0.14439324116743468,0.8556067588325651
sbm_5c_80_clear_s0,sbm,400,5,LabelProp,{'seed': 3},1.0,5,1.6094379124291003,0.7999999999999999,80,80,80.0,0.0,0.9999999999999876,0.0,400,4557,0.057105263157894735,22.785,4.042125059915886,36,0.8556067588325651,0.14439324116743468,0.2467721518987341,0.006621112319302292,0.24113924050632904,19.495,0.14442226737992656,0.009314956733138131,0.13410770855332624,0.16093835242771404,0.655502324950452,0.14439324116743468,0.8556067588325651
sbm_5c_80_clear_s0,sbm,400,5,LabelProp,{'seed': 4},1.0,5,1.6094379124291003,0.7999999999999999,80,80,80.0,0.0,0.9999999999999876,0.0,400,4557,0.057105263157894735,22.785,4.042125059915886,36,0.8556067588325651,0.14439324116743468,0.2467721518987341,0.006621112319302292,0.24113924050632904,19.495,0.14442226737992656,0.009314956733138131,0.13410770855332624,0.16093835242771404,0.655502324950452,0.14439324116743468,0.8556067588325651
sbm_5c_80_clear_s0,sbm,400,5,Spectral,{'k': 2},0.5773112929258586,2,0.6719849742953203,0.4789874999999999,159,241,200.0,41.0,0.6597510373443957,0.204999999999999,400,4557,0.057105263157894735,22.785,4.042125059915886,36,0.9152951503181916,0.08470484968180819,0.10935530461968002,0.022322109598933132,0.08703319502074688,20.84649912576007,0.10449377368706007,0.0,0.10449377368706007,0.10449377368706007,0.3973629517781474,0.08470484968180819,0.9152951503181916
sbm_5c_80_clear_s0,sbm,400,5,Spectral,{'k': 3},0.7333315451491422,3,0.9529962940699592,0.5619875,80,239,133.33333333333334,74.71873184743494,0.33472803347280194,0.5603904888557578,400,4557,0.057105263157894735,22.785,4.042125059915886,36,0.9010313802940529,0.09896861970594688,0.1952508262467473,0.07569980227101666,0.08839351640237685,20.194445305370454,0.1272903973094869,0.014553117734767463,0.10671722643553627,0.13807531380753132,0.4649604750477566,0.09896861970594688,0.9010313802940529
sbm_5c_80_clear_s0,sbm,400,5,Spectral,{'k': 5},1.0,5,1.6094379124291003,0.7999999999999999,80,80,80.0,0.0,0.9999999999999876,0.0,400,4557,0.057105263157894735,22.785,4.042125059915886,36,0.8556067588325651,0.14439324116743468,0.2467721518987341,0.006621112319302292,0.24113924050632904,19.495,0.14442226737992656,0.009314956733138131,0.13410770855332624,0.16093835242771404,0.655502324950452,0.14439324116743468,0.8556067588325651
sbm_5c_80_clear_s0,sbm,400,5,Spectral,{'k': 8},0.8881966930234035,8,2.0146195178003072,0.8578874999999999,28,80,50.0,18.5,0.34999999999999565,0.3699999999999926,400,4557,0.057105263157894735,22.785,4.042125059915886,36,0.662058371735791,0.3379416282642088,0.29351835502477686,0.03399279429897976,0.24335443037974677,13.79444826007326,0.3943740826971902,0.15098028624783874,0.14520547945205473,0.5850891410048613,0.5195362195647371,0.3379416282642088,0.662058371735791
sbm_5c_80_clear_s0,sbm,400,5,Spectral,{'k': 10},0.8233368570174224,10,2.273912071348253,0.89435,25,55,40.0,9.50789145920377,0.45454545454544626,0.2376972864800883,400,4557,0.057105263157894735,22.785,4.042125059915886,36,0.5459732280008777,0.4540267719991221,0.3092267343819156,0.030074298151909838,0.27503628447024653,11.899360315427817,0.47730305805515594,0.09491754182711759,0.3216838760921364,0.6490683229813654,0.43941240904893325,0.4540267719991221,0.5459732280008777
sbm_5c_80_clear_s0,sbm,400,5,GreedyMod,{},1.0,5,1.6094379124291003,0.7999999999999999,80,80,80.0,0.0,0.9999999999999876,0.0,400,4557,0.057105263157894735,22.785,4.042125059915886,36,0.8556067588325651,0.14439324116743468,0.2467721518987341,0.006621112319302292,0.24113924050632904,19.495,0.14442226737992656,0.009314956733138131,0.13410770855332624,0.16093835242771404,0.655502324950452,0.14439324116743468,0.8556067588325651
sbm_5c_80_moderate_s0,sbm,400,5,Louvain,{'resolution': 0.5},0.6842083003264721,17,1.854294982962099,0.800775,1,101,23.529411764705884,36.35141820529609,0.009900990099009804,1.5449352737250182,400,4276,0.05358395989974937,21.38,4.41368326910756,34,0.4803554724041159,0.5196445275958839,0.3073478857227788,0.3255879508344046,0.0,3.9568445972405226,0.8151875780863609,0.2001835107989731,0.4542961608775135,0.9999999999999584,0.2798300836745391,0.5196445275958839,0.4803554724041159
sbm_5c_80_moderate_s0,sbm,400,5,Louvain,{'resolution': 0.8},0.9665880216208671,5,1.609343764386621,0.7999624999999999,78,81,80.0,1.0954451150103321,0.9629629629629511,0.013693063937628982,400,4276,0.05358395989974937,21.38,4.41368326910756,34,0.5495790458372309,0.45042095416276884,0.1488359257557569,0.005764243533045863,0.1424050632911392,11.752825261158595,0.4503202474870459,0.0064168019332593775,0.44126241963763857,0.46092865232163055,0.3494380878853934,0.45042095416276884,0.5495790458372309
sbm_5c_80_moderate_s0,sbm,400,5,Louvain,{'resolution': 1.0},0.9665880216208671,5,1.609343764386621,0.7999624999999999,78,81,80.0,1.0954451150103321,0.9629629629629511,0.013693063937628982,400,4276,0.05358395989974937,21.38,4.41368326910756,34,0.5495790458372309,0.45042095416276884,0.1488359257557569,0.005764243533045863,0.1424050632911392,11.752825261158595,0.4503202474870459,0.0064168019332593775,0.44126241963763857,0.46092865232163055,0.3494380878853934,0.45042095416276884,0.5495790458372309
sbm_5c_80_moderate_s0,sbm,400,5,Louvain,{'resolution': 1.2},0.9665880216208669,5,1.6093437643866213,0.7999624999999999,78,81,80.0,1.0954451150103321,0.9629629629629511,0.013693063937628982,400,4276,0.05358395989974937,21.38,4.41368326910756,34,0.5495790458372309,0.45042095416276884,0.14883592575575694,0.005764243533045864,0.1424050632911392,11.752825261158595,0.45032024748704585,0.0064168019332593775,0.44126241963763857,0.46092865232163055,0.3494380878853933,0.45042095416276884,0.5495790458372309
sbm_5c_80_moderate_s0,sbm,400,5,Louvain,{'resolution': 1.5},0.8548564766816692,6,1.7142584065762734,0.81385,17,83,66.66666666666667,22.79376132970501,0.20481927710843129,0.34190641994557003,400,4276,0.05358395989974937,21.38,4.41368326910756,34,0.5166043030869971,0.4833956969130027,0.17408002233412553,0.05423354584941971,0.13635027916544223,10.205079840880112,0.5228221829608518,0.11670547857638038,0.4502369668246443,0.7790055248618762,0.3306619614687586,0.4833956969130027,0.5166043030869971
sbm_5c_80_moderate_s0,sbm,400,5,Louvain,{'resolution': 2.0},0.5593456975272039,22,2.915661343310719,0.9375375,4,44,18.181818181818183,11.121790093147464,0.09090909090908884,0.6116984551230769,400,4276,0.05358395989974937,21.38,4.41368326910756,34,0.2839101964452759,0.7160898035547238,0.35925788682754095,0.11561673943814921,0.18921775898520063,5.048470649473301,0.763635686122906,0.0801397860824026,0.6026637069922302,0.8918918918918799,0.22171442125693824,0.7160898035547238,0.2839101964452759
sbm_5c_80_moderate_s0,sbm,400,5,Louvain,{'resolution': 3.0},0.44537653018765,44,3.720690907637507,0.9742625,4,20,9.090909090909092,3.3085164336505173,0.19999999999999002,0.3639368077015168,400,4276,0.05358395989974937,21.38,4.41368326910756,34,0.18989710009354532,0.8101028999064545,0.5090702724972792,0.12668805227853874,0.3315789473684193,3.775781226349409,0.8236879892957412,0.04130795252103052,0.7007125890736325,0.9009900990098921,0.1643032477919705,0.8101028999064545,0.18989710009354532
sbm_5c_80_moderate_s0,sbm,400,5,Leiden,{'resolution': 0.5},0.0,1,-1.000088900581841e-12,0.0,400,400,400.0,0.0,0.9999999999999974,0.0,400,4276,0.05358395989974937,21.38,4.41368326910756,34,0.9999999999999998,0.0,0.05358395989974937,0.0,0.05358395989974937,21.38,0.0,0.0,0.0,0.0,0.0,0.0,0.9999999999999998
sbm_5c_80_moderate_s0,sbm,400,5,Leiden,{'resolution': 0.8},0.9665880216208672,5,1.609343764386621,0.7999624999999999,78,81,80.0,1.0954451150103321,0.9629629629629511,0.013693063937628982,400,4276,0.05358395989974937,21.38,4.41368326910756,34,0.5495790458372309,0.45042095416276884,0.14883592575575694,0.005764243533045863,0.1424050632911392,11.752825261158595,0.4503202474870459,0.0064168019332593775,0.44126241963763857,0.46092865232163055,0.3494380878853933,0.45042095416276884,0.5495790458372309
sbm_5c_80_moderate_s0,sbm,400,5,Leiden,{'resolution': 1.0},0.9665880216208672,5,1.609343764386621,0.7999624999999999,78,81,80.0,1.0954451150103321,0.9629629629629511,0.013693063937628982,400,4276,0.05358395989974937,21.38,4.41368326910756,34,0.5495790458372309,0.45042095416276884,0.14883592575575694,0.005764243533045863,0.1424050632911392,11.752825261158595,0.4503202474870459,0.0064168019332593775,0.44126241963763857,0.46092865232163055,0.3494380878853933,0.45042095416276884,0.5495790458372309
sbm_5c_80_moderate_s0,sbm,400,5,Leiden,{'resolution': 1.2},0.9665880216208672,5,1.609343764386621,0.7999624999999999,78,81,80.0,1.0954451150103321,0.9629629629629511,0.013693063937628982,400,4276,0.05358395989974937,21.38,4.41368326910756,34,0.5495790458372309,0.45042095416276884,0.14883592575575694,0.005764243533045863,0.1424050632911392,11.752825261158595,0.4503202474870459,0.0064168019332593775,0.44126241963763857,0.46092865232163055,0.3494380878853933,0.45042095416276884,0.5495790458372309
sbm_5c_80_moderate_s0,sbm,400,5,Leiden,{'resolution': 1.5},0.9665880216208672,5,1.609343764386621,0.7999624999999999,78,81,80.0,1.0954451150103321,0.9629629629629511,0.013693063937628982,400,4276,0.05358395989974937,21.38,4.41368326910756,34,0.5495790458372309,0.45042095416276884,0.14883592575575694,0.005764243533045863,0.1424050632911392,11.752825261158595,0.4503202474870459,0.0064168019332593775,0.44126241963763857,0.46092865232163055,0.3494380878853933,0.45042095416276884,0.5495790458372309
sbm_5c_80_moderate_s0,sbm,400,5,Leiden,{'resolution': 2.0},0.6477831193343628,17,2.7179179170698617,0.9278125,7,47,23.529411764705884,11.215103508786834,0.1489361702127628,0.4766418991234202,400,4276,0.05358395989974937,21.38,4.41368326910756,34,0.31618334892422817,0.6838166510757716,0.2998948365062958,0.09038185487866662,0.20209059233449453,5.920687022333742,0.723075943403403,0.08372188397497675,0.5658767772511843,0.8604651162790647,0.24355240290839464,0.6838166510757716,0.31618334892422817
sbm_5c_80_moderate_s0,sbm,400,5,Leiden,{'resolution': 3.0},0.45912117196294383,40,3.609684493864844,0.970825,4,21,10.0,4.08656334834051,0.19047619047618142,0.40865633483401015,400,4276,0.05358395989974937,21.38,4.41368326910756,34,0.20696913002806358,0.7930308699719362,0.4980731366586409,0.11981166226354412,0.29239766081871177,4.05926105692553,0.8100651358469155,0.04624760505273812,0.7105831533477306,0.8938053097345054,0.17777391226161907,0.7930308699719362,0.20696913002806358
sbm_5c_80_moderate_s0,sbm,400,5,LabelProp,{'seed': 0},0.0,1,-1.000088900581841e-12,0.0,400,400,400.0,0.0,0.9999999999999974,0.0,400,4276,0.05358395989974937,21.38,4.41368326910756,34,0.9999999999999998,0.0,0.05358395989974937,0.0,0.05358395989974937,21.38,0.0,0.0,0.0,0.0,0.0,0.0,0.9999999999999998
sbm_5c_80_moderate_s0,sbm,400,5,LabelProp,{'seed': 1},0.0,1,-1.000088900581841e-12,0.0,400,400,400.0,0.0,0.9999999999999974,0.0,400,4276,0.05358395989974937,21.38,4.41368326910756,34,0.9999999999999998,0.0,0.05358395989974937,0.0,0.05358395989974937,21.38,0.0,0.0,0.0,0.0,0.0,0.0,0.9999999999999998
sbm_5c_80_moderate_s0,sbm,400,5,LabelProp,{'seed': 2},0.0,1,-1.000088900581841e-12,0.0,400,400,400.0,0.0,0.9999999999999974,0.0,400,4276,0.05358395989974937,21.38,4.41368326910756,34,0.9999999999999998,0.0,0.05358395989974937,0.0,0.05358395989974937,21.38,0.0,0.0,0.0,0.0,0.0,0.0,0.9999999999999998
sbm_5c_80_moderate_s0,sbm,400,5,LabelProp,{'seed': 3},0.0,1,-1.000088900581841e-12,0.0,400,400,400.0,0.0,0.9999999999999974,0.0,400,4276,0.05358395989974937,21.38,4.41368326910756,34,0.9999999999999998,0.0,0.05358395989974937,0.0,0.05358395989974937,21.38,0.0,0.0,0.0,0.0,0.0,0.0,0.9999999999999998
sbm_5c_80_moderate_s0,sbm,400,5,LabelProp,{'seed': 4},0.0,1,-1.000088900581841e-12,0.0,400,400,400.0,0.0,0.9999999999999974,0.0,400,4276,0.05358395989974937,21.38,4.41368326910756,34,0.9999999999999998,0.0,0.05358395989974937,0.0,0.05358395989974937,21.38,0.0,0.0,0.0,0.0,0.0,0.0,0.9999999999999998
sbm_5c_80_moderate_s0,sbm,400,5,Spectral,{'k': 2},0.4235233893676018,2,0.691633917081676,0.4984875,189,211,200.0,11.0,0.8957345971563939,0.05499999999999973,400,4276,0.05358395989974937,21.38,4.41368326910756,34,0.7069691300280635,0.29303086997193634,0.07614091136325683,0.0037870409051209697,0.07235387045813586,15.110383911331779,0.3061324212069386,0.0,0.3061324212069386,0.3061324212069386,0.20605333814332125,0.29303086997193634,0.7069691300280635
sbm_5c_80_moderate_s0,sbm,400,5,Spectral,{'k': 3},0.6385782197424822,3,1.0590570504215884,0.6422125,83,166,133.33333333333334,36.11401697709938,0.499999999999997,0.27085512732824335,400,4276,0.05358395989974937,21.38,4.41368326910756,34,0.6316651075771748,0.36833489242282497,0.10505112229262907,0.021678056782935502,0.08652792990142387,13.119684034149843,0.3830330476814017,0.05036718664096045,0.34056761268781294,0.45379146919431257,0.2698894388240411,0.36833489242282497,0.6316651075771748
sbm_5c_80_moderate_s0,sbm,400,5,Spectral,{'k': 5},0.9582273090620518,5,1.6093125135727682,0.7999499999999999,78,81,80.0,1.2649110640673518,0.9629629629629511,0.0158113883008417,400,4276,0.05358395989974937,21.38,4.41368326910756,34,0.5479420018709072,0.45205799812909253,0.14841729063248046,0.006142049312911251,0.14012345679012342,11.718417541202353,0.452000843626983,0.006810062296294441,0.44126241963763857,0.46206115515288765,0.34783167149561456,0.45205799812909253,0.5479420018709072
sbm_5c_80_moderate_s0,sbm,400,5,Spectral,{'k': 8},0.7546647466436412,8,2.01580558407818,0.8591875,26,74,50.0,17.783419243778738,0.35135135135134665,0.3556683848755676,400,4276,0.05358395989974937,21.38,4.41368326910756,34,0.42820392890551906,0.5717960710944807,0.17644690831800214,0.020252797657011552,0.1499238964992389,8.366440298853675,0.6089469941244032,0.1085268153877892,0.47657713928794476,0.7964285714285699,0.2879425356658129,0.5717960710944807,0.42820392890551906
sbm_5c_80_moderate_s0,sbm,400,5,Spectral,{'k': 10},0.7666825206778646,10,2.2955846729174842,0.8986125,32,48,40.0,4.711687595755898,0.6666666666666528,0.1177921898938945,400,4276,0.05358395989974937,21.38,4.41368326910756,34,0.3578110383536014,0.6421889616463984,0.1963053419247815,0.01490529876848814,0.16223404255319135,7.598339883800411,0.6443112411481974,0.026519428461255438,0.590604026845637,0.6863309352517976,0.25623700515680886,0.6421889616463984,0.3578110383536014
sbm_5c_80_moderate_s0,sbm,400,5,GreedyMod,{},0.6515222345346757,4,1.364339014851031,0.7391749999999999,71,129,100.0,20.808652046684813,0.5503875968992206,0.20808652046684606,400,4276,0.05358395989974937,21.38,4.41368326910756,34,0.5558933582787651,0.4441066417212347,0.12200975381060984,0.01872824047606307,0.10186531007751935,11.70539573631097,0.4516106455428069,0.03483362929425665,0.40920266947664197,0.5048987589810578,0.2934419631488999,0.4441066417212347,0.5558933582787651
sbm_5c_80_hard_s0,sbm,400,5,Louvain,{'resolution': 0.5},0.17811791886380385,57,3.3594572986394327,0.9283875,1,91,7.017543859649122,12.319562574927327,0.010989010989010868,1.7555376669268938,400,4848,0.06075187969924812,24.24,4.7304756631865255,40,0.1887376237623762,0.8112623762376237,0.5176528276819828,0.373668269276655,0.0,2.259002518974818,0.9066344931775223,0.07097343130642325,0.6502038966923422,0.99999999999996,0.11637243744485835,0.8112623762376237,0.1887376237623762
sbm_5c_80_hard_s0,sbm,400,5,Louvain,{'resolution': 0.8},0.1614003341126068,33,2.835074317955283,0.893975,1,87,12.121212121212121,19.160814773208013,0.011494252873563086,1.5807672187895307,400,4848,0.06075187969924812,24.24,4.7304756631865255,40,0.25309405940594054,0.7469059405940592,0.4935401491396223,0.27025665171513963,0.0,3.3673435817636443,0.8597505947367713,0.08114063949600646,0.6112676056338026,0.9999999999999584,0.14409805189986818,0.7469059405940592,0.25309405940594054
sbm_5c_80_hard_s0,sbm,400,5,Louvain,{'resolution': 1.0},0.08506174474037735,10,2.193906540353944,0.8769875,21,82,40.0,19.188538245525635,0.25609756097560665,0.4797134561381289,400,4848,0.06075187969924812,24.24,4.7304756631865255,40,0.28939768976897684,0.7106023102310229,0.1881295428661808,0.052876172402924394,0.11050888286660641,6.409880477779881,0.7348341583742501,0.04998911174919318,0.6320802005012528,0.7929687499999984,0.1653437562970406,0.7106023102310229,0.28939768976897684
sbm_5c_80_hard_s0,sbm,400,5,Louvain,{'resolution': 1.2},0.11254272208607863,17,2.8068969703757074,0.9379875,13,38,23.529411764705884,5.478488918529435,0.3421052631578857,0.23283577903749111,400,4848,0.06075187969924812,24.24,4.7304756631865255,40,0.22112211221122108,0.7788778877887788,0.24267316915114207,0.043146884500174544,0.17211948790896134,5.259553523717415,0.7828536892802533,0.02049407858118969,0.7355191256830593,0.8278688524590146,0.15903010087518657,0.7788778877887788,0.22112211221122108
sbm_5c_80_hard_s0,sbm,400,5,Louvain,{'resolution': 1.5},0.11658525505061794,24,3.1596032963091285,0.9568125,9,24,16.666666666666668,3.1841621957571333,0.3749999999999844,0.19104973174541653,400,4848,0.06075187969924812,24.24,4.7304756631865255,40,0.19368811881188114,0.8063118811881187,0.3037031903555802,0.046059443326079696,0.22826086956521655,4.62760955831608,0.8091686507130209,0.018709258209695538,0.7833935018050527,0.8614718614718577,0.1505298406542387,0.8063118811881187,0.19368811881188114
sbm_5c_80_hard_s0,sbm,400,5,Louvain,{'resolution': 2.0},0.16274038171506508,36,3.553187406575405,0.9705375,6,18,11.11111111111111,2.736357856894389,0.33333333333331483,0.24627220712047287,400,4848,0.06075187969924812,24.24,4.7304756631865255,40,0.17017326732673263,0.8298267326732671,0.4147658260403259,0.07537370051238071,0.2857142857142826,4.012139585178801,0.8345166289124522,0.022534811428501743,0.7936117936117916,0.874999999999995,0.14067586562183448,0.8298267326732671,0.17017326732673263
sbm_5c_80_hard_s0,sbm,400,5,Louvain,{'resolution': 3.0},0.18895319857083528,58,4.005308246617329,0.9809375,3,12,6.896551724137931,2.2413793103448274,0.24999999999997916,0.3249999999999529,400,4848,0.06075187969924812,24.24,4.7304756631865255,40,0.14088283828382836,0.8591171617161715,0.6057508583370026,0.16915312632714427,0.38181818181817484,3.2254266805990945,0.8669005493245932,0.028121839989534932,0.8148148148148118,0.93103448275861,0.12187919944531585,0.8591171617161715,0.14088283828382836
sbm_5c_80_hard_s0,sbm,400,5,Leiden,{'resolution': 0.5},0.0,1,-1.000088900581841e-12,0.0,400,400,400.0,0.0,0.9999999999999974,0.0,400,4848,0.06075187969924812,24.24,4.7304756631865255,40,0.9999999999999998,0.0,0.06075187969924812,0.0,0.06075187969924812,24.24,0.0,0.0,0.0,0.0,0.0,0.0,0.9999999999999998
sbm_5c_80_hard_s0,sbm,400,5,Leiden,{'resolution': 0.8},0.0285243044873355,3,1.0731499039292371,0.6503625000000001,94,165,133.33333333333334,29.48822740612863,0.5696969696969663,0.22116170554596307,400,4848,0.06075187969924812,24.24,4.7304756631865255,40,0.5117574257425742,0.4882425742574257,0.09375081118556684,0.011093450886420868,0.08337028824833702,12.082398452611217,0.5017649178805206,0.062271915958407975,0.43359276926939483,0.5841325196163903,0.16269410627634548,0.4882425742574257,0.5117574257425742
sbm_5c_80_hard_s0,sbm,400,5,Leiden,{'resolution': 1.0},0.056199038958670365,9,2.1828303509183224,0.885625,35,59,44.44444444444444,7.617394000445604,0.5932203389830408,0.17139136501002225,400,4848,0.06075187969924812,24.24,4.7304756631865255,40,0.28960396039603953,0.7103960396039602,0.1625680784812492,0.01802196273003206,0.1326709526592635,6.939214458849275,0.7141736323688197,0.024558479440833243,0.6693372177713033,0.7525309336332949,0.1756954102743195,0.7103960396039602,0.28960396039603953
sbm_5c_80_hard_s0,sbm,400,5,Leiden,{'resolution': 1.2},0.07776759596990121,16,2.7244563407224085,0.9317875,12,35,25.0,7.558108228915487,0.34285714285713303,0.3023243291566074,400,4848,0.06075187969924812,24.24,4.7304756631865255,40,0.2316419141914191,0.7683580858085807,0.242106284563008,0.05631497821354218,0.17825311942958968,5.403519665637673,0.7769650109477977,0.02956863210442095,0.7275985663082428,0.8351254480286707,0.1632496286447952,0.7683580858085807,0.2316419141914191
sbm_5c_80_hard_s0,sbm,400,5,Leiden,{'resolution': 1.5},0.11924525542392377,24,3.129692536949004,0.9542875,6,30,16.666666666666668,5.193478816960961,0.19999999999999335,0.311608729017639,400,4848,0.06075187969924812,24.24,4.7304756631865255,40,0.2017326732673267,0.7982673267326731,0.320963518311117,0.08131170702477254,0.21379310344827535,4.677051645393363,0.8069539073298834,0.0285695778322668,0.7489878542510111,0.870503597122296,0.15581820596973064,0.7982673267326731,0.2017326732673267
sbm_5c_80_hard_s0,sbm,400,5,Leiden,{'resolution': 2.0},0.1498427226148593,38,3.5967652407559796,0.9714875,5,18,10.526315789473685,3.04126741330393,0.27777777777776236,0.2889204042638459,400,4848,0.06075187969924812,24.24,4.7304756631865255,40,0.1687293729372937,0.8312706270627062,0.43477179425320583,0.08117959788549409,0.2941176470588214,3.9272780882688,0.8377961822713439,0.02596365955315498,0.7932692307692288,0.8936170212765863,0.14016425234726437,0.8312706270627062,0.1687293729372937
sbm_5c_80_hard_s0,sbm,400,5,Leiden,{'resolution': 3.0},0.20056990516972034,54,3.946882500064553,0.979925,3,13,7.407407407407407,2.1475094836035886,0.23076923076921302,0.2899137802864453,400,4848,0.06075187969924812,24.24,4.7304756631865255,40,0.14707095709570955,0.8529290429042903,0.5682595182594776,0.12773791295510709,0.3333333333333291,3.405205288538622,0.8592123628003328,0.025145623450671034,0.800623052959499,0.9277108433734829,0.12688866542904284,0.8529290429042903,0.14707095709570955
sbm_5c_80_hard_s0,sbm,400,5,LabelProp,{'seed': 0},0.0,1,-1.000088900581841e-12,0.0,400,400,400.0,0.0,0.9999999999999974,0.0,400,4848,0.06075187969924812,24.24,4.7304756631865255,40,0.9999999999999998,0.0,0.06075187969924812,0.0,0.06075187969924812,24.24,0.0,0.0,0.0,0.0,0.0,0.0,0.9999999999999998
sbm_5c_80_hard_s0,sbm,400,5,LabelProp,{'seed': 1},0.0,1,-1.000088900581841e-12,0.0,400,400,400.0,0.0,0.9999999999999974,0.0,400,4848,0.06075187969924812,24.24,4.7304756631865255,40,0.9999999999999998,0.0,0.06075187969924812,0.0,0.06075187969924812,24.24,0.0,0.0,0.0,0.0,0.0,0.0,0.9999999999999998
sbm_5c_80_hard_s0,sbm,400,5,LabelProp,{'seed': 2},0.0,1,-1.000088900581841e-12,0.0,400,400,400.0,0.0,0.9999999999999974,0.0,400,4848,0.06075187969924812,24.24,4.7304756631865255,40,0.9999999999999998,0.0,0.06075187969924812,0.0,0.06075187969924812,24.24,0.0,0.0,0.0,0.0,0.0,0.0,0.9999999999999998
sbm_5c_80_hard_s0,sbm,400,5,LabelProp,{'seed': 3},0.0,1,-1.000088900581841e-12,0.0,400,400,400.0,0.0,0.9999999999999974,0.0,400,4848,0.06075187969924812,24.24,4.7304756631865255,40,0.9999999999999998,0.0,0.06075187969924812,0.0,0.06075187969924812,24.24,0.0,0.0,0.0,0.0,0.0,0.0,0.9999999999999998
sbm_5c_80_hard_s0,sbm,400,5,LabelProp,{'seed': 4},0.0,1,-1.000088900581841e-12,0.0,400,400,400.0,0.0,0.9999999999999974,0.0,400,4848,0.06075187969924812,24.24,4.7304756631865255,40,0.9999999999999998,0.0,0.06075187969924812,0.0,0.06075187969924812,24.24,0.0,0.0,0.0,0.0,0.0,0.0,0.9999999999999998
sbm_5c_80_hard_s0,sbm,400,5,Spectral,{'k': 2},0.036345389709585174,2,0.6910331904861939,0.49788750000000004,187,213,200.0,13.0,0.8779342723004654,0.06499999999999968,400,4848,0.06075187969924812,24.24,4.7304756631865255,40,0.629125412541254,0.3708745874587458,0.0765463121554667,0.0018275593872852866,0.07471875276818142,15.208957846903166,0.39743589743589736,0.0,0.39743589743589736,0.39743589743589736,0.12689217560369895,0.3708745874587458,0.629125412541254
sbm_5c_80_hard_s0,sbm,400,5,Spectral,{'k': 3},0.07954908276391616,3,1.0908115439675297,0.6613374999999999,119,157,133.33333333333334,16.858891488535722,0.7579617834394856,0.12644168616401696,400,4848,0.06075187969924812,24.24,4.7304756631865255,40,0.49174917491749165,0.5082508250825082,0.0894108574743473,0.0029414899051221797,0.08525232729054384,11.782673743423814,0.5136794126830865,0.03951515990980334,0.4580846093952763,0.5463844797178129,0.15210363277973835,0.5082508250825082,0.49174917491749165
sbm_5c_80_hard_s0,sbm,400,5,Spectral,{'k': 5},0.0831698732839064,5,1.5983989201490028,0.7956375,62,97,80.0,11.815244390193543,0.6391752577319522,0.14769055487741745,400,4848,0.06075187969924812,24.24,4.7304756631865255,40,0.35911716171617153,0.6408828382838283,0.1103273640145471,0.010038583628021088,0.09772336769759449,8.610851036408473,0.6444678631496974,0.024505828217594054,0.6138706654170569,0.6731674512441153,0.15397912973537453,0.6408828382838283,0.35911716171617153
sbm_5c_80_hard_s0,sbm,400,5,Spectral,{'k': 8},0.07401416565678577,8,2.0632389181638118,0.87105,34,62,50.0,8.888194417315589,0.5483870967741847,0.1777638883463082,400,4848,0.06075187969924812,24.24,4.7304756631865255,40,0.27599009900990096,0.7240099009900989,0.1382808695383977,0.01977189092951636,0.11455289304500287,6.614714222573573,0.7270512512105545,0.018977012334798895,0.696335078534031,0.7524752475247515,0.14684260427899226,0.7240099009900989,0.27599009900990096
sbm_5c_80_hard_s0,sbm,400,5,Spectral,{'k': 10},0.0919614838125172,10,2.272921322330687,0.8940625,23,59,40.0,9.746794344808963,0.3898305084745696,0.24366985862021798,400,4848,0.06075187969924812,24.24,4.7304756631865255,40,0.25309405940594054,0.7469059405940592,0.15983757408329863,0.026032517290784287,0.11805961426066622,5.99625100805023,0.7522765131747896,0.023089495652062763,0.720221606648199,0.8014981273408225,0.14653636813248155,0.7469059405940592,0.25309405940594054
sbm_5c_80_hard_s0,sbm,400,5,GreedyMod,{},0.03410907920228221,5,1.4133810208832382,0.739425,9,124,80.0,44.02726428021619,0.07258064516128974,0.5503408035026955,400,4848,0.06075187969924812,24.24,4.7304756631865255,40,0.4265676567656765,0.5734323432343233,0.1575602677773175,0.10266844288127282,0.09520062942564908,8.486335878614486,0.649042362376273,0.13655234297081376,0.5182481751824816,0.8755980861243977,0.16511948804719578,0.5734323432343233,0.4265676567656765
sbm_8c_50_clear_s0,sbm,400,8,Louvain,{'resolution': 0.5},1.0,8,2.079441541671836,0.875,50,50,50.0,0.0,0.99999999999998,0.0,400,3591,0.045,17.955,3.8636737698724,30,0.8084099136730714,0.1915900863269284,0.29622448979591814,0.011143959727164596,0.28163265306122426,14.515,0.19153095622733815,0.017348403883601933,0.15624999999999983,0.2101210121012099,0.6832702598725844,0.1915900863269284,0.8084099136730714
sbm_8c_50_clear_s0,sbm,400,8,Louvain,{'resolution': 0.8},1.0,8,2.079441541671836,0.875,50,50,50.0,0.0,0.99999999999998,0.0,400,3591,0.045,17.955,3.8636737698724,30,0.8084099136730714,0.1915900863269284,0.29622448979591814,0.011143959727164596,0.28163265306122426,14.515,0.19153095622733815,0.017348403883601933,0.15624999999999983,0.2101210121012099,0.6832702598725844,0.1915900863269284,0.8084099136730714
sbm_8c_50_clear_s0,sbm,400,8,Louvain,{'resolution': 1.0},1.0,8,2.079441541671836,0.875,50,50,50.0,0.0,0.99999999999998,0.0,400,3591,0.045,17.955,3.8636737698724,30,0.8084099136730714,0.1915900863269284,0.29622448979591814,0.011143959727164596,0.28163265306122426,14.515,0.19153095622733815,0.017348403883601933,0.15624999999999983,0.2101210121012099,0.6832702598725844,0.1915900863269284,0.8084099136730714
sbm_8c_50_clear_s0,sbm,400,8,Louvain,{'resolution': 1.2},1.0,8,2.079441541671836,0.875,50,50,50.0,0.0,0.99999999999998,0.0,400,3591,0.045,17.955,3.8636737698724,30,0.8084099136730714,0.1915900863269284,0.29622448979591814,0.011143959727164596,0.28163265306122426,14.515,0.19153095622733815,0.017348403883601933,0.15624999999999983,0.2101210121012099,0.6832702598725844,0.1915900863269284,0.8084099136730714
sbm_8c_50_clear_s0,sbm,400,8,Louvain,{'resolution': 1.5},1.0,8,2.079441541671836,0.875,50,50,50.0,0.0,0.99999999999998,0.0,400,3591,0.045,17.955,3.8636737698724,30,0.8084099136730714,0.1915900863269284,0.29622448979591814,0.011143959727164596,0.28163265306122426,14.515,0.19153095622733815,0.017348403883601933,0.15624999999999983,0.2101210121012099,0.6832702598725844,0.1915900863269284,0.8084099136730714
sbm_8c_50_clear_s0,sbm,400,8,Louvain,{'resolution': 2.0},1.0,8,2.079441541671836,0.875,50,50,50.0,0.0,0.99999999999998,0.0,400,3591,0.045,17.955,3.8636737698724,30,0.8084099136730714,0.1915900863269284,0.29622448979591814,0.011143959727164596,0.28163265306122426,14.515,0.19153095622733815,0.017348403883601933,0.15624999999999983,0.2101210121012099,0.6832702598725844,0.1915900863269284,0.8084099136730714
sbm_8c_50_clear_s0,sbm,400,8,Louvain,{'resolution': 3.0},1.0,8,2.079441541671836,0.875,50,50,50.0,0.0,0.99999999999998,0.0,400,3591,0.045,17.955,3.8636737698724,30,0.8084099136730714,0.1915900863269284,0.29622448979591814,0.011143959727164596,0.28163265306122426,14.515,0.19153095622733818,0.017348403883601933,0.15624999999999983,0.2101210121012099,0.6832702598725844,0.1915900863269284,0.8084099136730714
sbm_8c_50_clear_s0,sbm,400,8,Leiden,{'resolution': 0.5},1.0,8,2.079441541671836,0.875,50,50,50.0,0.0,0.99999999999998,0.0,400,3591,0.045,17.955,3.8636737698724,30,0.8084099136730714,0.1915900863269284,0.29622448979591814,0.011143959727164596,0.28163265306122426,14.515,0.19153095622733818,0.017348403883601933,0.15624999999999983,0.2101210121012099,0.6832702598725843,0.1915900863269284,0.8084099136730714
sbm_8c_50_clear_s0,sbm,400,8,Leiden,{'resolution': 0.8},1.0,8,2.079441541671836,0.875,50,50,50.0,0.0,0.99999999999998,0.0,400,3591,0.045,17.955,3.8636737698724,30,0.8084099136730714,0.1915900863269284,0.29622448979591814,0.011143959727164596,0.28163265306122426,14.515,0.19153095622733818,0.017348403883601933,0.15624999999999983,0.2101210121012099,0.6832702598725843,0.1915900863269284,0.8084099136730714
sbm_8c_50_clear_s0,sbm,400,8,Leiden,{'resolution': 1.0},1.0,8,2.079441541671836,0.875,50,50,50.0,0.0,0.99999999999998,0.0,400,3591,0.045,17.955,3.8636737698724,30,0.8084099136730714,0.1915900863269284,0.29622448979591814,0.011143959727164596,0.28163265306122426,14.515,0.19153095622733818,0.017348403883601933,0.15624999999999983,0.2101210121012099,0.6832702598725843,0.1915900863269284,0.8084099136730714
sbm_8c_50_clear_s0,sbm,400,8,Leiden,{'resolution': 1.2},1.0,8,2.079441541671836,0.875,50,50,50.0,0.0,0.99999999999998,0.0,400,3591,0.045,17.955,3.8636737698724,30,0.8084099136730714,0.1915900863269284,0.29622448979591814,0.011143959727164596,0.28163265306122426,14.515,0.19153095622733818,0.017348403883601933,0.15624999999999983,0.2101210121012099,0.6832702598725843,0.1915900863269284,0.8084099136730714
sbm_8c_50_clear_s0,sbm,400,8,Leiden,{'resolution': 1.5},1.0,8,2.079441541671836,0.875,50,50,50.0,0.0,0.99999999999998,0.0,400,3591,0.045,17.955,3.8636737698724,30,0.8084099136730714,0.1915900863269284,0.29622448979591814,0.011143959727164596,0.28163265306122426,14.515,0.19153095622733818,0.017348403883601933,0.15624999999999983,0.2101210121012099,0.6832702598725843,0.1915900863269284,0.8084099136730714
sbm_8c_50_clear_s0,sbm,400,8,Leiden,{'resolution': 2.0},1.0,8,2.079441541671836,0.875,50,50,50.0,0.0,0.99999999999998,0.0,400,3591,0.045,17.955,3.8636737698724,30,0.8084099136730714,0.1915900863269284,0.29622448979591814,0.011143959727164596,0.28163265306122426,14.515,0.19153095622733815,0.017348403883601933,0.15624999999999983,0.2101210121012099,0.6832702598725843,0.1915900863269284,0.8084099136730714
sbm_8c_50_clear_s0,sbm,400,8,Leiden,{'resolution': 3.0},1.0,8,2.079441541671836,0.875,50,50,50.0,0.0,0.99999999999998,0.0,400,3591,0.045,17.955,3.8636737698724,30,0.8084099136730714,0.1915900863269284,0.2962244897959182,0.011143959727164596,0.28163265306122426,14.515,0.19153095622733818,0.017348403883601933,0.15624999999999983,0.2101210121012099,0.6832702598725844,0.1915900863269284,0.8084099136730714
sbm_8c_50_clear_s0,sbm,400,8,LabelProp,{'seed': 0},0.9090909090909088,6,1.7328679513938632,0.8125,50,100,66.66666666666667,23.570226039551585,0.499999999999995,0.35355339059326846,400,3591,0.045,17.955,3.8636737698724,30,0.8203842940685044,0.17961570593149537,0.24560159417302255,0.0656331464181215,0.15292929292929291,14.586666666666666,0.18688739623244396,0.022341395510731662,0.14656144306651628,0.2101210121012099,0.6325066510764673,0.17961570593149537,0.8203842940685044
sbm_8c_50_clear_s0,sbm,400,8,LabelProp,{'seed': 1},0.9090909090909088,6,1.7328679513938632,0.8125,50,100,66.66666666666667,23.570226039551585,0.499999999999995,0.35355339059326846,400,3591,0.045,17.955,3.8636737698724,30,0.8203842940685044,0.17961570593149537,0.24560159417302255,0.0656331464181215,0.15292929292929291,14.586666666666666,0.18688739623244396,0.022341395510731662,0.14656144306651628,0.2101210121012099,0.6325066510764673,0.17961570593149537,0.8203842940685044
sbm_8c_50_clear_s0,sbm,400,8,LabelProp,{'seed': 2},0.9090909090909088,6,1.7328679513938632,0.8125,50,100,66.66666666666667,23.570226039551585,0.499999999999995,0.35355339059326846,400,3591,0.045,17.955,3.8636737698724,30,0.8203842940685044,0.17961570593149537,0.24560159417302255,0.0656331464181215,0.15292929292929291,14.586666666666666,0.18688739623244396,0.022341395510731662,0.14656144306651628,0.2101210121012099,0.6325066510764673,0.17961570593149537,0.8203842940685044
sbm_8c_50_clear_s0,sbm,400,8,LabelProp,{'seed': 3},0.9090909090909088,6,1.7328679513938632,0.8125,50,100,66.66666666666667,23.570226039551585,0.499999999999995,0.35355339059326846,400,3591,0.045,17.955,3.8636737698724,30,0.8203842940685044,0.17961570593149537,0.24560159417302255,0.0656331464181215,0.15292929292929291,14.586666666666666,0.18688739623244396,0.022341395510731662,0.14656144306651628,0.2101210121012099,0.6325066510764673,0.17961570593149537,0.8203842940685044
sbm_8c_50_clear_s0,sbm,400,8,LabelProp,{'seed': 4},0.9090909090909088,6,1.7328679513938632,0.8125,50,100,66.66666666666667,23.570226039551585,0.499999999999995,0.35355339059326846,400,3591,0.045,17.955,3.8636737698724,30,0.8203842940685044,0.17961570593149537,0.24560159417302255,0.0656331464181215,0.15292929292929291,14.586666666666666,0.18688739623244396,0.022341395510731662,0.14656144306651628,0.2101210121012099,0.6325066510764673,0.17961570593149537,0.8203842940685044
sbm_8c_50_clear_s0,sbm,400,8,Spectral,{'k': 2},0.3067896474933547,2,0.3767701612544368,0.21875,50,350,200.0,150.0,0.14285714285714243,0.7499999999999962,400,3591,0.045,17.955,3.8636737698724,30,0.9610136452241713,0.03898635477582845,0.17944330740892334,0.129128121162505,0.050315186246418335,16.34,0.15624999999999983,0.0,0.15624999999999983,0.15624999999999983,0.1793980294031592,0.03898635477582845,0.9610136452241713
sbm_8c_50_clear_s0,sbm,400,8,Spectral,{'k': 3},0.5226325762166164,3,0.7356219397557947,0.40625,50,300,133.33333333333334,117.85113019775793,0.1666666666666661,0.8838834764831778,400,3591,0.045,17.955,3.8636737698724,30,0.9234196602617653,0.07658033973823446,0.22103519668737046,0.11580773056018837,0.057391304347826085,15.613333333333332,0.1578847558892942,0.009980003086954395,0.14656144306651628,0.17084282460136654,0.3259110832869792,0.07658033973823446,0.9234196602617653
sbm_8c_50_clear_s0,sbm,400,8,Spectral,{'k': 5},0.8362257466865244,5,1.4941751382843083,0.75,50,150,80.0,40.0,0.33333333333333115,0.4999999999999938,400,3591,0.045,17.955,3.8636737698724,30,0.84182678919521,0.15817321080478972,0.23181199752628312,0.08728939101629976,0.10666666666666665,14.946666666666667,0.1648962325111911,0.017943680201161143,0.13872832369942192,0.19344262295081946,0.5888587848531567,0.15817321080478972,0.84182678919521
sbm_8c_50_clear_s0,sbm,400,8,Spectral,{'k': 8},1.0,8,2.079441541671836,0.875,50,50,50.0,0.0,0.99999999999998,0.0,400,3591,0.045,17.955,3.8636737698724,30,0.8084099136730714,0.1915900863269284,0.29622448979591814,0.011143959727164596,0.28163265306122426,14.515,0.19153095622733818,0.017348403883601933,0.15624999999999983,0.2101210121012099,0.6832702598725843,0.1915900863269284,0.8084099136730714
sbm_8c_50_clear_s0,sbm,400,8,Spectral,{'k': 10},0.9623069107345479,10,2.242342950312943,0.8893625,15,50,40.0,13.046072205840346,0.299999999999994,0.3261518051460005,400,3591,0.045,17.955,3.8636737698724,30,0.7248677248677247,0.27513227513227506,0.3119847403844473,0.0445521098491876,0.26811594202898453,11.861721611721613,0.3383606064491289,0.19225236782522878,0.15624999999999983,0.6476190476190461,0.6133954738946751,0.27513227513227506,0.7248677248677247
sbm_8c_50_clear_s0,sbm,400,8,GreedyMod,{},0.9585020739904302,8,2.0779109212669744,0.874625,44,53,50.0,2.7386127875258306,0.8301886792452673,0.05477225575051552,400,3591,0.045,17.955,3.8636737698724,30,0.7914230019493176,0.20857699805068222,0.29042839904381124,0.01931065743024879,0.25544267053701,14.198624003632329,0.20961381775425625,0.031242771899072173,0.16447368421052613,0.27037516170763226,0.6659742040518544,0.20857699805068222,0.7914230019493176
sbm_8c_50_moderate_s0,sbm,400,8,Louvain,{'resolution': 0.5},0.46176254716033527,29,2.111609761050752,0.73485,1,198,13.793103448275861,35.674176220191804,0.005050505050505025,2.5863777759637183,400,4050,0.05075187969924812,20.25,4.183001314845598,32,0.4362962962962962,0.5637037037037036,0.36133828302347176,0.33834815652574407,0.0,2.8573187489190017,0.8579153921642981,0.14471745519901136,0.3589807644266799,0.9999999999999584,0.17137811309251638,0.5637037037037036,0.4362962962962962
sbm_8c_50_moderate_s0,sbm,400,8,Louvain,{'resolution': 0.8},0.9705330275015042,8,2.079242508920835,0.87495,49,52,50.0,1.0,0.9423076923076742,0.019999999999999598,400,4050,0.05075187969924812,20.25,4.183001314845598,32,0.48271604938271595,0.5172839506172838,0.19950559069781743,0.005981897749366434,0.1913725490196077,9.773401822267369,0.5173374890843742,0.012427399195597067,0.49901768172887967,0.544910179640718,0.35763365340649295,0.5172839506172838,0.48271604938271595
sbm_8c_50_moderate_s0,sbm,400,8,Louvain,{'resolution': 1.0},0.9705330275015042,8,2.079242508920835,0.87495,49,52,50.0,1.0,0.9423076923076742,0.019999999999999598,400,4050,0.05075187969924812,20.25,4.183001314845598,32,0.48271604938271595,0.5172839506172838,0.19950559069781745,0.005981897749366433,0.1913725490196077,9.773401822267367,0.5173374890843743,0.012427399195597067,0.49901768172887967,0.544910179640718,0.3576336534064929,0.5172839506172838,0.48271604938271595
sbm_8c_50_moderate_s0,sbm,400,8,Louvain,{'resolution': 1.2},0.9705330275015042,8,2.079242508920835,0.87495,49,52,50.0,1.0,0.9423076923076742,0.019999999999999598,400,4050,0.05075187969924812,20.25,4.183001314845598,32,0.48271604938271595,0.5172839506172838,0.19950559069781745,0.005981897749366433,0.1913725490196077,9.773401822267367,0.5173374890843743,0.012427399195597067,0.49901768172887967,0.544910179640718,0.3576336534064929,0.5172839506172838,0.48271604938271595
sbm_8c_50_moderate_s0,sbm,400,8,Louvain,{'resolution': 1.5},0.9544431636711168,8,2.0789414282691103,0.8748750000000001,48,52,50.0,1.5811388300841898,0.9230769230769053,0.03162277660168316,400,4050,0.05075187969924812,20.25,4.183001314845598,32,0.4812345679012345,0.5187654320987654,0.19922518721072702,0.009918534227009152,0.18250377073906474,9.748413788592359,0.5186517380446478,0.01104558088554032,0.4995150339476232,0.5416666666666662,0.3561095259868922,0.5187654320987654,0.4812345679012345
sbm_8c_50_moderate_s0,sbm,400,8,Louvain,{'resolution': 2.0},0.8632539315823288,11,2.2461837338376016,0.8880375,5,52,36.36363636363637,17.499468705040094,0.0961538461538443,0.4812353893885893,400,4050,0.05075187969924812,20.25,4.183001314845598,32,0.4493827160493826,0.5506172839506172,0.3131851609638759,0.19366725042914285,0.18929110105580682,7.943296925971698,0.608958519347559,0.1249207469655226,0.509947643979057,0.8532110091743041,0.3379105319311081,0.5506172839506172,0.4493827160493826
sbm_8c_50_moderate_s0,sbm,400,8,Louvain,{'resolution': 3.0},0.7113793833741141,26,3.1167637595183195,0.9509,3,31,15.384615384615385,8.09119617987982,0.09677419354838399,0.5259277516921541,400,4050,0.05075187969924812,20.25,4.183001314845598,32,0.29851851851851846,0.7014814814814814,0.42336998660462155,0.15215737660350304,0.2516129032258059,5.12652854741793,0.7462587617314086,0.08801115360044427,0.6062717770034832,0.9032258064515983,0.24917399786617891,0.7014814814814814,0.29851851851851846
sbm_8c_50_moderate_s0,sbm,400,8,Leiden,{'resolution': 0.5},0.0,1,-1.000088900581841e-12,0.0,400,400,400.0,0.0,0.9999999999999974,0.0,400,4050,0.05075187969924812,20.25,4.183001314845598,32,0.9999999999999998,0.0,0.05075187969924812,0.0,0.05075187969924812,20.25,0.0,0.0,0.0,0.0,0.0,0.0,0.9999999999999998
sbm_8c_50_moderate_s0,sbm,400,8,Leiden,{'resolution': 0.8},0.9763651930824544,8,2.0790924588872057,0.8749125,48,52,50.0,1.3228756555322954,0.9230769230769053,0.026457513110645377,400,4050,0.05075187969924812,20.25,4.183001314845598,32,0.48271604938271595,0.5172839506172838,0.19955060543038805,0.006566535317653556,0.18702865761689277,9.773032443746729,0.5173761747104328,0.013060235923719552,0.49901768172887967,0.5465587044534407,0.3576178021643042,0.5172839506172838,0.48271604938271595
sbm_8c_50_moderate_s0,sbm,400,8,Leiden,{'resolution': 1.0},0.9763895680501363,8,2.0791914849704733,0.8749375,48,52,50.0,1.118033988749895,0.9230769230769053,0.02236067977499745,400,4050,0.05075187969924812,20.25,4.183001314845598,32,0.48271604938271595,0.5172839506172838,0.19946008845436686,0.00489430362090436,0.1913725490196077,9.771803182811587,0.517397463144325,0.012935157085109816,0.49901768172887967,0.5465587044534407,0.35762511812223746,0.5172839506172838,0.48271604938271595
sbm_8c_50_moderate_s0,sbm,400,8,Leiden,{'resolution': 1.2},0.9704958818261716,8,2.0790924588872057,0.8749125,48,52,50.0,1.3228756555322954,0.9230769230769053,0.026457513110645377,400,4050,0.05075187969924812,20.25,4.183001314845598,32,0.48271604938271595,0.5172839506172838,0.19962749788949935,0.00788890762267219,0.18702865761689277,9.774839416535844,0.5173160722433022,0.012537203941870915,0.49901768172887967,0.544910179640718,0.35761780216430417,0.5172839506172838,0.48271604938271595
sbm_8c_50_moderate_s0,sbm,400,8,Leiden,{'resolution': 1.5},0.9604242816381965,8,2.0791914849704733,0.8749375,48,52,50.0,1.118033988749895,0.9230769230769053,0.02236067977499745,400,4050,0.05075187969924812,20.25,4.183001314845598,32,0.48246913580246903,0.5175308641975307,0.19952322541127732,0.007877797586987482,0.18823529411764692,9.770737006340998,0.5174424747536375,0.012038318351325865,0.49901768172887967,0.5424213536701616,0.35734939795762843,0.5175308641975307,0.48246913580246903
sbm_8c_50_moderate_s0,sbm,400,8,Leiden,{'resolution': 2.0},0.8850764668011669,11,2.3019972759525507,0.8947625,8,50,36.36363636363637,14.436523928581144,0.15999999999999678,0.3970044080359705,400,4050,0.05075187969924812,20.25,4.183001314845598,32,0.44246913580246905,0.5575308641975307,0.2574094744014873,0.07746684082891211,0.1972789115646257,8.056784233893868,0.6020940581828204,0.11326030277244471,0.5030060120240476,0.8433734939758986,0.33716491388507847,0.5575308641975307,0.44246913580246905
sbm_8c_50_moderate_s0,sbm,400,8,Leiden,{'resolution': 3.0},0.6768244958653932,30,3.2866417869170657,0.959275,3,25,13.333333333333334,6.2787118282512555,0.11999999999999521,0.4709033871188088,400,4050,0.05075187969924812,20.25,4.183001314845598,32,0.27061728395061724,0.7293827160493825,0.4437899049495223,0.14728851049955213,0.2971014492753612,4.760652826232312,0.7652698808091468,0.07950901755073131,0.599198396793586,0.9310344827586046,0.22993592440176802,0.7293827160493825,0.27061728395061724
sbm_8c_50_moderate_s0,sbm,400,8,LabelProp,{'seed': 0},0.0,1,-1.000088900581841e-12,0.0,400,400,400.0,0.0,0.9999999999999974,0.0,400,4050,0.05075187969924812,20.25,4.183001314845598,32,0.9999999999999998,0.0,0.05075187969924812,0.0,0.05075187969924812,20.25,0.0,0.0,0.0,0.0,0.0,0.0,0.9999999999999998
sbm_8c_50_moderate_s0,sbm,400,8,LabelProp,{'seed': 1},0.0,1,-1.000088900581841e-12,0.0,400,400,400.0,0.0,0.9999999999999974,0.0,400,4050,0.05075187969924812,20.25,4.183001314845598,32,0.9999999999999998,0.0,0.05075187969924812,0.0,0.05075187969924812,20.25,0.0,0.0,0.0,0.0,0.0,0.0,0.9999999999999998
sbm_8c_50_moderate_s0,sbm,400,8,LabelProp,{'seed': 2},0.0,1,-1.000088900581841e-12,0.0,400,400,400.0,0.0,0.9999999999999974,0.0,400,4050,0.05075187969924812,20.25,4.183001314845598,32,0.9999999999999998,0.0,0.05075187969924812,0.0,0.05075187969924812,20.25,0.0,0.0,0.0,0.0,0.0,0.0,0.9999999999999998
sbm_8c_50_moderate_s0,sbm,400,8,LabelProp,{'seed': 3},0.0,1,-1.000088900581841e-12,0.0,400,400,400.0,0.0,0.9999999999999974,0.0,400,4050,0.05075187969924812,20.25,4.183001314845598,32,0.9999999999999998,0.0,0.05075187969924812,0.0,0.05075187969924812,20.25,0.0,0.0,0.0,0.0,0.0,0.0,0.9999999999999998
sbm_8c_50_moderate_s0,sbm,400,8,LabelProp,{'seed': 4},0.0,1,-1.000088900581841e-12,0.0,400,400,400.0,0.0,0.9999999999999974,0.0,400,4050,0.05075187969924812,20.25,4.183001314845598,32,0.9999999999999998,0.0,0.05075187969924812,0.0,0.05075187969924812,20.25,0.0,0.0,0.0,0.0,0.0,0.0,0.9999999999999998
sbm_8c_50_moderate_s0,sbm,400,8,Spectral,{'k': 2},0.31782626485519117,2,0.6393632996671399,0.44718749999999996,135,265,200.0,65.0,0.5094339622641489,0.3249999999999984,400,4050,0.05075187969924812,20.25,4.183001314845598,32,0.7019753086419751,0.2980246913580246,0.07227814140655593,0.013072881257899557,0.059205260148656375,13.53361285814116,0.4387495456197745,0.0,0.4387495456197745,0.4387495456197745,0.15053799725651576,0.2980246913580246,0.7019753086419751
sbm_8c_50_moderate_s0,sbm,400,8,Spectral,{'k': 3},0.43586112670811056,3,0.9978737678684716,0.6015999999999999,64,208,133.33333333333334,58.9085920916654,0.3076923076923062,0.44181444068748715,400,4050,0.05075187969924812,20.25,4.183001314845598,32,0.5953086419753085,0.40469135802469125,0.09963848016419907,0.034201672037563094,0.06535674470457078,11.275240384615385,0.4509427984305481,0.07622306293488229,0.3536491677336747,0.5397815912636502,0.19717302240512113,0.40469135802469125,0.5953086419753085
sbm_8c_50_moderate_s0,sbm,400,8,Spectral,{'k': 5},0.7652821648336554,5,1.5583701903802074,0.7806375,50,108,80.0,24.89176570675532,0.4629629629629587,0.31114707133443764,400,4050,0.05075187969924812,20.25,4.183001314845598,32,0.5283950617283949,0.4716049382716048,0.14741005596078077,0.044783021387902355,0.10211145725164415,10.53783629750206,0.4800935801195319,0.03009754611247899,0.45219638242894034,0.5304518664047146,0.30937000457247366,0.4716049382716048,0.5283950617283949
sbm_8c_50_moderate_s0,sbm,400,8,Spectral,{'k': 8},0.9763651930824544,8,2.0790924588872057,0.8749125,48,52,50.0,1.3228756555322954,0.9230769230769053,0.026457513110645377,400,4050,0.05075187969924812,20.25,4.183001314845598,32,0.4743209876543209,0.5256790123456789,0.196074767468362,0.008857766361623966,0.18250377073906474,9.602997121925693,0.5257429640663676,0.02035176335864814,0.49901768172887967,0.5686673448626647,0.34922463039170853,0.5256790123456789,0.4743209876543209
sbm_8c_50_moderate_s0,sbm,400,8,Spectral,{'k': 10},0.8981893993133931,10,2.2583504612206617,0.8919875,18,51,40.0,11.322543883774529,0.3529411764705813,0.28306359709435613,400,4050,0.05075187969924812,20.25,4.183001314845598,32,0.42790123456790113,0.5720987654320986,0.2212641522331579,0.05081995191343388,0.15862068965517204,8.228325860779092,0.5925673762358737,0.08671345322449656,0.5040816326530607,0.7752442996742658,0.31939308032312147,0.5720987654320986,0.42790123456790113
sbm_8c_50_moderate_s0,sbm,400,8,GreedyMod,{},0.5197261228415155,4,1.3592075338510847,0.7356375,80,140,100.0,23.96872962841377,0.5714285714285674,0.2396872962841353,400,4050,0.05075187969924812,20.25,4.183001314845598,32,0.5414814814814813,0.45851851851851844,0.1121814707695044,0.015353826888348928,0.08818088386433709,10.748052482389054,0.4689289206425179,0.04392397106168659,0.39894921190893157,0.5161290322580643,0.27654037494284406,0.45851851851851844,0.5414814814814813
sbm_8c_50_hard_s0,sbm,400,8,Louvain,{'resolution': 0.5},0.2588903627005684,68,3.382308286167674,0.9168000000000001,1,95,5.882352941176471,12.694984433144667,0.010526315789473575,2.1581473536342264,400,4537,0.0568546365914787,22.685,4.393833747423769,36,0.20586290500330612,0.7941370949966937,0.5700032993710812,0.3840536961410947,0.0,1.9476839723743746,0.9120570193969408,0.06927281639178422,0.6162329069254519,0.9999999999999656,0.11638501039308027,0.7941370949966937,0.20586290500330612
sbm_8c_50_hard_s0,sbm,400,8,Louvain,{'resolution': 0.8},0.11789397218252208,15,2.0469643113312856,0.83795,2,89,26.666666666666668,31.897056638853407,0.0224719101123593,1.196139623956958,400,4537,0.0568546365914787,22.685,4.393833747423769,36,0.3447211813973991,0.6552788186026007,0.5511843173180605,0.36503124846090185,0.10623084780388149,4.499899568536834,0.7987024416083678,0.12440459894634509,0.593352883675464,0.9555555555555343,0.1805710439800219,0.6552788186026007,0.3447211813973991
sbm_8c_50_hard_s0,sbm,400,8,Louvain,{'resolution': 1.0},0.07389132724499303,8,2.0342843348006463,0.864275,29,66,50.0,14.64581851587681,0.4393939393939328,0.2929163703175303,400,4537,0.0568546365914787,22.685,4.393833747423769,36,0.31584747630592896,0.6841525236940709,0.1496758856583405,0.03061238947113436,0.1180555555555555,6.898068338050956,0.6955987126223844,0.0390330607698763,0.6490765171503954,0.7459459459459449,0.1796660125943137,0.6841525236940709,0.31584747630592896
sbm_8c_50_hard_s0,sbm,400,8,Louvain,{'resolution': 1.2},0.13376857381091023,16,2.67175305209258,0.925275,8,48,25.0,11.05667219374799,0.1666666666666632,0.44226688774990197,400,4537,0.0568546365914787,22.685,4.393833747423769,36,0.2501653074718977,0.7498346925281021,0.26293822488367496,0.11536863080452588,0.15868794326241123,5.249979471827082,0.768392722343719,0.043774456647646405,0.6682113067655231,0.8341968911917056,0.1754426623424794,0.7498346925281021,0.2501653074718977
sbm_8c_50_hard_s0,sbm,400,8,Louvain,{'resolution': 1.5},0.1537342144236765,24,3.1428052179558397,0.9554125,9,28,16.666666666666668,4.412734098291242,0.32142857142855996,0.26476404589745867,400,4537,0.0568546365914787,22.685,4.393833747423769,36,0.20608331496583643,0.7939166850341633,0.3070684047213211,0.06941618003320674,0.20899470899470843,4.545788729244611,0.800011216314556,0.026978851348855783,0.7485928705440886,0.8461538461538424,0.1616523683577573,0.7939166850341633,0.20608331496583643
sbm_8c_50_hard_s0,sbm,400,8,Louvain,{'resolution': 2.0},0.19984485561048146,33,3.4596421221373674,0.96755,5,18,12.121212121212121,3.226383431322706,0.27777777777776236,0.2661766330841013,400,4537,0.0568546365914787,22.685,4.393833747423769,36,0.18249944897509363,0.8175005510249062,0.38738330890736367,0.09865890807664451,0.26470588235293924,4.0256859302313845,0.8225559284018996,0.021575544342080612,0.7738693467336664,0.8727272727272648,0.14997608136542828,0.8175005510249062,0.18249944897509363
sbm_8c_50_hard_s0,sbm,400,8,Louvain,{'resolution': 3.0},0.272508792296091,59,4.033602569230354,0.98155,3,13,6.779661016949152,2.017447595439527,0.23076923076921302,0.29757352032728634,400,4537,0.0568546365914787,22.685,4.393833747423769,36,0.1456909852325325,0.8543090147674673,0.5910064511758921,0.13823502573698324,0.30769230769230377,3.1688267476403076,0.8598623341072855,0.024616324660021244,0.786324786324783,0.9240506329113808,0.12725826086774875,0.8543090147674673,0.1456909852325325
sbm_8c_50_hard_s0,sbm,400,8,Leiden,{'resolution': 0.5},0.0,1,-1.000088900581841e-12,0.0,400,400,400.0,0.0,0.9999999999999974,0.0,400,4537,0.0568546365914787,22.685,4.393833747423769,36,0.9999999999999998,0.0,0.0568546365914787,0.0,0.0568546365914787,22.685,0.0,0.0,0.0,0.0,0.0,0.0,0.9999999999999998
sbm_8c_50_hard_s0,sbm,400,8,Leiden,{'resolution': 0.8},0.028913205391918703,3,1.0685320150396747,0.6461625,99,178,133.33333333333334,33.06895153396242,0.5561797752808958,0.24801713650471627,400,4537,0.0568546365914787,22.685,4.393833747423769,36,0.5206083314965836,0.47939166850341625,0.08933248457714536,0.010708591146175523,0.07484288706912968,11.467549340117166,0.49492842957425376,0.06497850907070664,0.41094179365475886,0.5692171605484296,0.16800789472827665,0.47939166850341625,0.5206083314965836
sbm_8c_50_hard_s0,sbm,400,8,Leiden,{'resolution': 1.0},0.08190584898095182,10,2.237514763048294,0.8884625,14,57,40.0,13.586758259423032,0.24561403508771498,0.3396689564855673,400,4537,0.0568546365914787,22.685,4.393833747423769,36,0.30196164866651964,0.6980383513334801,0.18108356918841012,0.0476653894207817,0.14348370927318288,6.441852946388906,0.714983251932603,0.04869965744226842,0.6511805026656508,0.8156996587030688,0.1895756921186168,0.6980383513334801,0.30196164866651964
sbm_8c_50_hard_s0,sbm,400,8,Leiden,{'resolution': 1.2},0.09781776532282413,15,2.6577367624007904,0.9268000000000001,13,44,26.666666666666668,8.347987115999215,0.29545454545453875,0.31304951684995885,400,4537,0.0568546365914787,22.685,4.393833747423769,36,0.24994489750936738,0.7500551024906325,0.23279451787038732,0.06380278622920547,0.15327695560253682,5.4862706221559,0.7589771970972868,0.03171769258997253,0.7070707070707063,0.8106508875739621,0.17734490671052386,0.7500551024906325,0.24994489750936738
sbm_8c_50_hard_s0,sbm,400,8,Leiden,{'resolution': 1.5},0.17847017455689554,23,3.108333568802667,0.95435,9,22,17.391304347826086,3.886868980630784,0.4090909090908905,0.22349496638625727,400,4537,0.0568546365914787,22.685,4.393833747423769,36,0.20806700462860916,0.7919329953713906,0.29475737466045415,0.06913565165424619,0.22510822510822415,4.611192914860973,0.796800105998629,0.02535057013642584,0.7581967213114739,0.8589211618257226,0.1623375241670026,0.7919329953713906,0.20806700462860916
sbm_8c_50_hard_s0,sbm,400,8,Leiden,{'resolution': 2.0},0.22873035680636686,37,3.582755632150225,0.971375,5,18,10.81081081081081,2.628717062873044,0.27777777777776236,0.24315632831573408,400,4537,0.0568546365914787,22.685,4.393833747423769,36,0.1780912497244875,0.8219087502755122,0.4195521754345176,0.08534687940431354,0.2810457516339851,3.940086216556803,0.8264635064178552,0.023455223704350655,0.7692307692307674,0.8730158730158661,0.14955250753617952,0.8219087502755122,0.1780912497244875
sbm_8c_50_hard_s0,sbm,400,8,Leiden,{'resolution': 3.0},0.28519909253746467,58,4.011370231743957,0.9809875,3,13,6.896551724137931,2.2103959324879097,0.23076923076921302,0.32050741021070045,400,4537,0.0568546365914787,22.685,4.393833747423769,36,0.14723385497024463,0.8527661450297552,0.5809057800436634,0.13707659620247575,0.35555555555554763,3.1678427893945136,0.8600222055162052,0.026434865868933375,0.8019801980197993,0.9240506329113808,0.12815734113588814,0.8527661450297552,0.14723385497024463
sbm_8c_50_hard_s0,sbm,400,8,LabelProp,{'seed': 0},0.0,1,-1.000088900581841e-12,0.0,400,400,400.0,0.0,0.9999999999999974,0.0,400,4537,0.0568546365914787,22.685,4.393833747423769,36,0.9999999999999998,0.0,0.0568546365914787,0.0,0.0568546365914787,22.685,0.0,0.0,0.0,0.0,0.0,0.0,0.9999999999999998
sbm_8c_50_hard_s0,sbm,400,8,LabelProp,{'seed': 1},0.0,1,-1.000088900581841e-12,0.0,400,400,400.0,0.0,0.9999999999999974,0.0,400,4537,0.0568546365914787,22.685,4.393833747423769,36,0.9999999999999998,0.0,0.0568546365914787,0.0,0.0568546365914787,22.685,0.0,0.0,0.0,0.0,0.0,0.0,0.9999999999999998
sbm_8c_50_hard_s0,sbm,400,8,LabelProp,{'seed': 2},0.0,1,-1.000088900581841e-12,0.0,400,400,400.0,0.0,0.9999999999999974,0.0,400,4537,0.0568546365914787,22.685,4.393833747423769,36,0.9999999999999998,0.0,0.0568546365914787,0.0,0.0568546365914787,22.685,0.0,0.0,0.0,0.0,0.0,0.0,0.9999999999999998
sbm_8c_50_hard_s0,sbm,400,8,LabelProp,{'seed': 3},0.0,1,-1.000088900581841e-12,0.0,400,400,400.0,0.0,0.9999999999999974,0.0,400,4537,0.0568546365914787,22.685,4.393833747423769,36,0.9999999999999998,0.0,0.0568546365914787,0.0,0.0568546365914787,22.685,0.0,0.0,0.0,0.0,0.0,0.0,0.9999999999999998
sbm_8c_50_hard_s0,sbm,400,8,LabelProp,{'seed': 4},0.0,1,-1.000088900581841e-12,0.0,400,400,400.0,0.0,0.9999999999999974,0.0,400,4537,0.0568546365914787,22.685,4.393833747423769,36,0.9999999999999998,0.0,0.0568546365914787,0.0,0.0568546365914787,22.685,0.0,0.0,0.0,0.0,0.0,0.0,0.9999999999999998
sbm_8c_50_hard_s0,sbm,400,8,Spectral,{'k': 2},0.04491227064638055,2,0.6859298002503729,0.4927999999999999,176,224,200.0,24.0,0.7857142857142823,0.1199999999999994,400,4537,0.0568546365914787,22.685,4.393833747423769,36,0.5748291822790389,0.4251708177209609,0.06503188515520353,0.0018512317279133425,0.06318065342729019,12.896915584415584,0.48357984457257447,0.0,0.48357984457257447,0.48357984457257447,0.06753471529780672,0.4251708177209609,0.5748291822790389
sbm_8c_50_hard_s0,sbm,400,8,Spectral,{'k': 3},0.06861376345683208,3,1.0875346894993356,0.6591125,114,161,133.33333333333334,20.07209228976613,0.7080745341614864,0.15054069217324484,400,4537,0.0568546365914787,22.685,4.393833747423769,36,0.4181176989199911,0.5818823010800087,0.07149405197014927,0.004717217435621588,0.0653726708074534,9.367945951836111,0.5869967167128722,0.034882829497460965,0.5377436178973373,0.614035087719298,0.07726889757951773,0.5818823010800087,0.4181176989199911
sbm_8c_50_hard_s0,sbm,400,8,Spectral,{'k': 5},0.08350603951961286,5,1.5880452249651071,0.7915875,56,99,80.0,16.407315441594946,0.56565656565656,0.2050914430199343,400,4537,0.0568546365914787,22.685,4.393833747423769,36,0.2966718095657923,0.7033281904342075,0.08314460578951063,0.00514453681653231,0.07565450422593278,6.5059637050830785,0.712956905309922,0.04667593058129368,0.6415770609318994,0.7723970944309921,0.08724394223597526,0.7033281904342075,0.2966718095657923
sbm_8c_50_hard_s0,sbm,400,8,Spectral,{'k': 8},0.12140717729567758,8,2.0687181118525224,0.8722125000000001,39,67,50.0,7.466592261534039,0.5820895522387973,0.1493318452306778,400,4537,0.0568546365914787,22.685,4.393833747423769,36,0.2153405333921093,0.7846594666078905,0.09847954393348796,0.01227962276097253,0.0865306122448979,4.7969497159751775,0.7886539491910796,0.032496705059962654,0.7196870925684481,0.8241545893719799,0.08735543460185735,0.7846594666078905,0.2153405333921093
sbm_8c_50_hard_s0,sbm,400,8,Spectral,{'k': 10},0.12179914412186649,10,2.286142973106824,0.8966624999999999,30,53,40.0,7.307530362578044,0.5660377358490459,0.18268825906444652,400,4537,0.0568546365914787,22.685,4.393833747423769,36,0.18183821908750272,0.818161780912497,0.1036093932586742,0.014403149300716619,0.08461538461538451,4.018754848789138,0.822794974531082,0.032394175725611034,0.777777777777777,0.8793650793650779,0.07763592364672436,0.818161780912497,0.18183821908750272
sbm_8c_50_hard_s0,sbm,400,8,GreedyMod,{},0.023433623019983373,4,1.302401797033568,0.7145125,38,136,100.0,37.676252467569014,0.2794117647058803,0.3767625246756864,400,4537,0.0568546365914787,22.685,4.393833747423769,36,0.4586731320255675,0.5413268679744323,0.10239993936779365,0.01989423633781238,0.08809809409569505,9.406745995380842,0.5847929357096011,0.11315444034427927,0.4739865943185444,0.7711561382598322,0.17177857140046413,0.5413268679744323,0.4586731320255675
sbm_imb_clear_s0,sbm,350,3,Louvain,{'resolution': 0.5},0.5962246462561435,42,2.173291154313118,0.7321795918367346,1,168,8.333333333333334,26.677676298703613,0.005952380952380917,3.2013211558440493,350,6835,0.11191158411788785,39.05714285714286,15.443431996701209,68,0.6080468178493049,0.3919531821506949,0.4178066486903595,0.4159121012210976,0.0,2.710502989074418,0.9069655297771113,0.14832405146759456,0.31076320939334634,0.9999999999999841,0.1970994210379577,0.3919531821506949,0.6080468178493049
sbm_imb_clear_s0,sbm,350,3,Louvain,{'resolution': 0.8},1.0,3,0.9556998911095345,0.5714285714285714,50,200,116.66666666666667,62.36095644623236,0.24999999999999875,0.5345224838248442,350,6835,0.11191158411788785,39.05714285714286,15.443431996701209,68,0.9483540599853693,0.05164594001463057,0.24578050010928684,0.003278338790176243,0.2416326530612243,28.626666666666665,0.1284040924463604,0.052922505402464445,0.08958272541581556,0.20323014804845194,0.3453914803372846,0.05164594001463057,0.9483540599853693
sbm_imb_clear_s0,sbm,350,3,Louvain,{'resolution': 1.0},1.0,3,0.9556998911095343,0.5714285714285714,50,200,116.66666666666667,62.36095644623236,0.24999999999999875,0.5345224838248442,350,6835,0.11191158411788785,39.05714285714286,15.443431996701209,68,0.9483540599853693,0.05164594001463057,0.24578050010928684,0.003278338790176243,0.2416326530612243,28.626666666666665,0.1284040924463604,0.05292250540246444,0.08958272541581556,0.20323014804845194,0.3453914803372846,0.05164594001463057,0.9483540599853693
sbm_imb_clear_s0,sbm,350,3,Louvain,{'resolution': 1.2},0.6572152775817174,8,1.9526314386961354,0.8386122448979592,19,100,43.75,23.60481942316018,0.18999999999999811,0.5395387296722203,350,6835,0.11191158411788785,39.05714285714286,15.443431996701209,68,0.4266276517922457,0.5733723482077542,0.3775809263760943,0.08870689128825393,0.2416326530612243,14.402314851611056,0.5938393790358605,0.26293335282155544,0.09239940387481368,0.8127659574468076,0.28244119808057944,0.5733723482077542,0.4266276517922457
sbm_imb_clear_s0,sbm,350,3,Louvain,{'resolution': 1.5},0.5786620432211211,14,2.3474367230969673,0.8679673469387755,9,100,25.0,23.027933348125583,0.08999999999999911,0.9211173339249865,350,6835,0.11191158411788785,39.05714285714286,15.443431996701209,68,0.3531821506949524,0.6468178493050475,0.5159842527959972,0.12908175153588902,0.2416326530612243,9.820479520479521,0.7369454845235712,0.24347377713792323,0.09239940387481368,0.8862559241706139,0.2600571416645573,0.6468178493050475,0.3531821506949524
sbm_imb_clear_s0,sbm,350,3,Louvain,{'resolution': 2.0},0.5209244800616392,25,2.7135455664744765,0.8821387755102041,3,100,14.0,19.532536957599746,0.0299999999999997,1.395181211257025,350,6835,0.11191158411788785,39.05714285714286,15.443431996701209,68,0.30914411119239205,0.6908558888076078,0.7168122036693044,0.18267127990566415,0.2416326530612243,6.512326784326786,0.8329707871929294,0.2046638808419132,0.09239940387481368,0.965317919075139,0.24059063867770397,0.6908558888076078,0.30914411119239205
sbm_imb_clear_s0,sbm,350,3,Louvain,{'resolution': 3.0},0.47830352889357375,42,3.040506841098888,0.8891591836734694,2,100,8.333333333333334,15.932396864291007,0.019999999999999803,1.9118876237146913,350,6835,0.11191158411788785,39.05714285714286,15.443431996701209,68,0.2806144842721287,0.7193855157278711,0.9154855159955685,0.16065446724793997,0.2416326530612243,4.41557067271353,0.889852002817661,0.16782685164779926,0.09239940387481368,0.9831932773109161,0.22402517486858434,0.7193855157278711,0.2806144842721287
sbm_imb_clear_s0,sbm,350,3,Leiden,{'resolution': 0.5},1.0,3,0.9556998911095345,0.5714285714285714,50,200,116.66666666666667,62.36095644623236,0.24999999999999875,0.5345224838248442,350,6835,0.11191158411788785,39.05714285714286,15.443431996701209,68,0.9483540599853693,0.05164594001463057,0.24578050010928684,0.003278338790176243,0.2416326530612243,28.626666666666665,0.1284040924463604,0.05292250540246444,0.08958272541581556,0.20323014804845194,0.3453914803372846,0.05164594001463057,0.9483540599853693
sbm_imb_clear_s0,sbm,350,3,Leiden,{'resolution': 0.8},1.0,3,0.9556998911095345,0.5714285714285714,50,200,116.66666666666667,62.36095644623236,0.24999999999999875,0.5345224838248442,350,6835,0.11191158411788785,39.05714285714286,15.443431996701209,68,0.9483540599853693,0.05164594001463057,0.24578050010928684,0.003278338790176243,0.2416326530612243,28.626666666666665,0.1284040924463604,0.05292250540246444,0.08958272541581556,0.20323014804845194,0.3453914803372846,0.05164594001463057,0.9483540599853693
sbm_imb_clear_s0,sbm,350,3,Leiden,{'resolution': 1.0},1.0,3,0.9556998911095345,0.5714285714285714,50,200,116.66666666666667,62.36095644623236,0.24999999999999875,0.5345224838248442,350,6835,0.11191158411788785,39.05714285714286,15.443431996701209,68,0.9483540599853693,0.05164594001463057,0.24578050010928684,0.003278338790176243,0.2416326530612243,28.626666666666665,0.1284040924463604,0.05292250540246444,0.08958272541581556,0.20323014804845194,0.3453914803372846,0.05164594001463057,0.9483540599853693
sbm_imb_clear_s0,sbm,350,3,Leiden,{'resolution': 1.2},0.6772708153403458,7,1.8665090966759033,0.8306448979591836,32,100,50.0,21.53402623092778,0.31999999999999684,0.43068052461854694,350,6835,0.11191158411788785,39.05714285714286,15.443431996701209,68,0.4411119239209948,0.558888076079005,0.3445720809859007,0.0705041836440939,0.2416326530612243,15.720054861817475,0.5507628583272145,0.2579195232868081,0.09239940387481368,0.754512635379061,0.2843734832280812,0.558888076079005,0.4411119239209948
sbm_imb_clear_s0,sbm,350,3,Leiden,{'resolution': 1.5},0.5784087915190202,14,2.348882975266868,0.8681632653061224,8,100,25.0,22.9906813420444,0.07999999999999921,0.9196272536817393,350,6835,0.11191158411788785,39.05714285714286,15.443431996701209,68,0.3555230431602048,0.6444769568397951,0.5262707653018526,0.13416062751874988,0.2416326530612243,9.97706494849304,0.7340627355121713,0.2425608779883042,0.09239940387481368,0.8975609756097539,0.2630861957233119,0.6444769568397951,0.3555230431602048
sbm_imb_clear_s0,sbm,350,3,Leiden,{'resolution': 2.0},0.5350385447371013,21,2.6167526004234265,0.8794285714285714,6,100,16.666666666666668,20.62899792902107,0.0599999999999994,1.2377398757411902,350,6835,0.11191158411788785,39.05714285714286,15.443431996701209,68,0.3220190197512801,0.6779809802487198,0.667379970081033,0.16365941157971675,0.2416326530612243,7.641515362943934,0.8033774574053832,0.21469173214889947,0.09239940387481368,0.9148936170212737,0.2488054138489603,0.6779809802487198,0.3220190197512801
sbm_imb_clear_s0,sbm,350,3,Leiden,{'resolution': 3.0},0.48215261172157886,40,3.008604637656727,0.8887020408163265,1,100,8.75,16.256921602812756,0.009999999999999901,1.8579338974641026,350,6835,0.11191158411788785,39.05714285714286,15.443431996701209,68,0.2835405998536942,0.7164594001463057,0.8745732838588814,0.21573236524306338,0.0,4.6222619047619045,0.8847340370861838,0.1711607706539854,0.09239940387481368,0.9999999999999807,0.22617276604079106,0.7164594001463057,0.2835405998536942
sbm_imb_clear_s0,sbm,350,3,LabelProp,{'seed': 0},0.8335222413724919,2,0.6829081046984717,0.48979591836734704,150,200,175.0,25.0,0.7499999999999962,0.14285714285714204,350,6835,0.11191158411788785,39.05714285714286,15.443431996701209,68,0.9550841258229699,0.04491587417702999,0.1946227783211359,0.05502546288489429,0.1395973154362416,35.24,0.08958272541581556,0.0,0.08958272541581556,0.08958272541581556,0.33077811235577464,0.04491587417702999,0.9550841258229699
sbm_imb_clear_s0,sbm,350,3,LabelProp,{'seed': 1},0.8335222413724919,2,0.6829081046984717,0.48979591836734704,150,200,175.0,25.0,0.7499999999999962,0.14285714285714204,350,6835,0.11191158411788785,39.05714285714286,15.443431996701209,68,0.9550841258229699,0.04491587417702999,0.1946227783211359,0.05502546288489429,0.1395973154362416,35.24,0.08958272541581556,0.0,0.08958272541581556,0.08958272541581556,0.33077811235577464,0.04491587417702999,0.9550841258229699
sbm_imb_clear_s0,sbm,350,3,LabelProp,{'seed': 2},0.8335222413724919,2,0.6829081046984717,0.48979591836734704,150,200,175.0,25.0,0.7499999999999962,0.14285714285714204,350,6835,0.11191158411788785,39.05714285714286,15.443431996701209,68,0.9550841258229699,0.04491587417702999,0.1946227783211359,0.05502546288489429,0.1395973154362416,35.24,0.08958272541581556,0.0,0.08958272541581556,0.08958272541581556,0.33077811235577464,0.04491587417702999,0.9550841258229699
sbm_imb_clear_s0,sbm,350,3,LabelProp,{'seed': 3},0.8335222413724919,2,0.6829081046984717,0.48979591836734704,150,200,175.0,25.0,0.7499999999999962,0.14285714285714204,350,6835,0.11191158411788785,39.05714285714286,15.443431996701209,68,0.9550841258229699,0.04491587417702999,0.1946227783211359,0.05502546288489429,0.1395973154362416,35.24,0.08958272541581556,0.0,0.08958272541581556,0.08958272541581556,0.33077811235577464,0.04491587417702999,0.9550841258229699
sbm_imb_clear_s0,sbm,350,3,LabelProp,{'seed': 4},0.8335222413724919,2,0.6829081046984717,0.48979591836734704,150,200,175.0,25.0,0.7499999999999962,0.14285714285714204,350,6835,0.11191158411788785,39.05714285714286,15.443431996701209,68,0.9550841258229699,0.04491587417702999,0.1946227783211359,0.05502546288489429,0.1395973154362416,35.24,0.08958272541581556,0.0,0.08958272541581556,0.08958272541581556,0.33077811235577464,0.04491587417702999,0.9550841258229699
sbm_imb_clear_s0,sbm,350,3,Spectral,{'k': 2},0.7432804354785982,2,0.6034258516131417,0.41299591836734706,102,248,175.0,73.0,0.4112903225806435,0.41714285714285476,350,6835,0.11191158411788785,39.05714285714286,15.443431996701209,68,0.9616678858814922,0.038332114118507676,0.20613393943547414,0.031489822940763426,0.17464411649471073,33.568548387096776,0.09667896678966786,0.0,0.09667896678966786,0.09667896678966786,0.2795549179130396,0.038332114118507676,0.9616678858814922
sbm_imb_clear_s0,sbm,350,3,Spectral,{'k': 3},1.0,3,0.9556998911095345,0.5714285714285714,50,200,116.66666666666667,62.36095644623236,0.24999999999999875,0.5345224838248442,350,6835,0.11191158411788785,39.05714285714286,15.443431996701209,68,0.9483540599853693,0.05164594001463057,0.24578050010928684,0.003278338790176243,0.2416326530612243,28.626666666666665,0.1284040924463604,0.052922505402464445,0.08958272541581556,0.20323014804845194,0.3453914803372846,0.05164594001463057,0.9483540599853693
sbm_imb_clear_s0,sbm,350,3,Spectral,{'k': 5},0.928127184429839,5,1.1037159026341248,0.5841469387755103,11,200,70.0,72.7213861254033,0.05499999999999973,1.0388769446486037,350,6835,0.11191158411788785,39.05714285714286,15.443431996701209,68,0.928895391367959,0.07110460863204096,0.34617340448495937,0.09567430005064585,0.246060606060606,18.443532467532467,0.39082599016029995,0.2521118406998034,0.08958272541581556,0.6560509554140086,0.32775896898841916,0.07110460863204096,0.928895391367959
sbm_imb_clear_s0,sbm,350,3,Spectral,{'k': 8},0.8712918393989806,8,1.196730615519938,0.5850122448979592,6,201,43.75,66.63660780682042,0.02985074626865657,1.5231224641558605,350,6835,0.11191158411788785,39.05714285714286,15.443431996701209,68,0.9209948792977322,0.07900512070226773,0.4967491277379138,0.1577857348922392,0.246060606060606,12.230864508625704,0.5669785804246896,0.27575379445406467,0.09239940387481368,0.7777777777777682,0.3180439120688355,0.07900512070226773,0.9209948792977322
sbm_imb_clear_s0,sbm,350,3,Spectral,{'k': 10},0.7959177748631423,10,1.4005675457138032,0.6229877551020409,3,201,35.0,58.25289692367239,0.014925373134328285,1.6643684835334491,350,6835,0.11191158411788785,39.05714285714286,15.443431996701209,68,0.8555961960497438,0.144403803950256,0.5706318811784657,0.2488245971039547,0.24736318407960198,10.441526848980207,0.6223930550262414,0.21858309996978154,0.0939518496770405,0.8235294117646816,0.2702764986576151,0.144403803950256,0.8555961960497438
sbm_imb_clear_s0,sbm,350,3,GreedyMod,{},0.9832661451556084,3,0.959625194514963,0.5738612244897959,51,199,116.66666666666667,61.55936610748649,0.2562814070351746,0.5276517094927369,350,6835,0.11191158411788785,39.05714285714286,15.443431996701209,68,0.9414776883686904,0.05852231163130943,0.24364532107955097,0.006077590755463747,0.23529411764705865,28.51393043649621,0.14760338065335568,0.07183458667640921,0.09239940387481368,0.2490613266583226,0.34417537642700313,0.05852231163130943,0.9414776883686904
sbm_imb_moderate_s0,sbm,350,3,Louvain,{'resolution': 0.5},0.35041313677428926,91,3.270960415043261,0.8924897959183674,1,102,3.8461538461538463,11.398788326703444,0.009803921568627355,2.9636849649421246,350,4909,0.08037658616455177,28.05142857142857,8.887402687546697,52,0.24811570584640452,0.7518842941535953,0.2424590503296422,0.3910657838675494,0.0,0.9811699038589795,0.9588417143101545,0.08102173293777841,0.5222060957910013,0.9999999999999777,0.10642375279796926,0.7518842941535953,0.24811570584640452
sbm_imb_moderate_s0,sbm,350,3,Louvain,{'resolution': 0.8},0.6128427738907692,13,1.7550532877554188,0.7576163265306123,1,144,26.923076923076923,39.48604726981523,0.006944444444444396,1.466624612878797,350,4909,0.08037658616455177,28.05142857142857,8.887402687546697,52,0.5094723976369931,0.49052760236300663,0.32873455723178097,0.2904791514565142,0.0,5.589493187873755,0.7633890077516714,0.18399205004154687,0.33360892930963204,0.9999999999999706,0.19970219037615164,0.49052760236300663,0.5094723976369931
sbm_imb_moderate_s0,sbm,350,3,Louvain,{'resolution': 1.0},0.7932859270106747,4,1.3393833144305236,0.7279673469387755,49,119,87.5,25.975950415721076,0.4117647058823495,0.29686800475109465,350,4909,0.08037658616455177,28.05142857142857,8.887402687546697,52,0.5652882460786309,0.43471175392136885,0.16687062338375955,0.022141973640213357,0.1461386138613861,14.537959885090817,0.45640422245354695,0.08828651403622384,0.34195274186357544,0.5572519083969458,0.2587494726283589,0.43471175392136885,0.5652882460786309
sbm_imb_moderate_s0,sbm,350,3,Louvain,{'resolution': 1.2},0.602365683146369,8,1.9592438675378128,0.8392489795918368,21,101,43.75,23.397382332218278,0.20792079207920589,0.5347973104506912,350,4909,0.08037658616455177,28.05142857142857,8.887402687546697,52,0.3799144428600529,0.620085557139947,0.24711806235713246,0.05986556130742078,0.1459405940594059,9.450066235726917,0.6643525888595662,0.13755173707234117,0.34255129348795704,0.7932148626817435,0.2343691236731782,0.620085557139947,0.3799144428600529
sbm_imb_moderate_s0,sbm,350,3,Louvain,{'resolution': 1.5},0.5606959790393344,15,2.375104785894917,0.8697142857142857,3,100,23.333333333333332,22.79376132970501,0.0299999999999997,0.9768754855587444,350,4909,0.08037658616455177,28.05142857142857,8.887402687546697,52,0.32104298227744954,0.6789570177225502,0.4250923164352187,0.18895938492008585,0.14767676767676766,6.617555370555369,0.7733708849865474,0.14165634292242024,0.34321653189577706,0.936842105263148,0.2199699223359542,0.6789570177225502,0.32104298227744954
sbm_imb_moderate_s0,sbm,350,3,Louvain,{'resolution': 2.0},0.4201898704137727,26,2.9415856658622856,0.9277387755102041,3,57,13.461538461538462,12.619370852386389,0.052631578947367495,0.9374389776057764,350,4909,0.08037658616455177,28.05142857142857,8.887402687546697,52,0.23141169280912605,0.7685883071908738,0.5751479734107939,0.21511980966979793,0.15614617940199318,4.991970344618401,0.8291942449771881,0.09399663296362484,0.5361635220125782,0.943925233644851,0.17540773966408643,0.7685883071908738,0.23141169280912605
sbm_imb_moderate_s0,sbm,350,3,Louvain,{'resolution': 3.0},0.30194219636714636,50,3.7851968467766457,0.9740897959183673,2,21,7.0,3.8052595180880897,0.09523809523809071,0.5436085025839351,350,4909,0.08037658616455177,28.05142857142857,8.887402687546697,52,0.14687309024241188,0.853126909757588,0.7093236763235802,0.19260805256861407,0.27499999999999775,3.614475746475747,0.8712432550107277,0.058114303448947274,0.7135135135135116,0.9607843137254714,0.12365514785058729,0.853126909757588,0.14687309024241188
sbm_imb_moderate_s0,sbm,350,3,Leiden,{'resolution': 0.5},0.7920186791264403,2,0.6802920001901536,0.4872000000000001,147,203,175.0,28.0,0.7241379310344792,0.1599999999999991,350,4909,0.08037658616455177,28.05142857142857,8.887402687546697,52,0.8205337135872885,0.1794662864127113,0.12145836835040352,0.02398376206953503,0.0974746062808685,21.805301430917197,0.2963336696939118,0.0,0.2963336696939118,0.2963336696939118,0.24276683884630618,0.1794662864127113,0.8205337135872885
sbm_imb_moderate_s0,sbm,350,3,Leiden,{'resolution': 0.8},0.80298919332513,2,0.6811974647896526,0.4880979591836734,148,202,175.0,27.0,0.7326732673267291,0.15428571428571342,350,4909,0.08037658616455177,28.05142857142857,8.887402687546697,52,0.819718883683031,0.1802811163169688,0.12157417654156027,0.024773294026392056,0.09680088251516822,21.82278565694407,0.2958876629889668,0.0,0.2958876629889668,0.2958876629889668,0.24339136472016404,0.1802811163169688,0.819718883683031
sbm_imb_moderate_s0,sbm,350,3,Leiden,{'resolution': 1.0},0.9550699867400434,3,0.9615698643449571,0.5754612244897959,51,198,116.66666666666667,61.02640594220032,0.2575757575757563,0.5230834795045697,350,4909,0.08037658616455177,28.05142857142857,8.887402687546697,52,0.7797922183744141,0.22020778162558563,0.14599632591904552,0.0025984762278455503,0.1427450980392156,17.041617887278925,0.40203979569930776,0.11544437940500456,0.30061748456288584,0.5635491606714621,0.2489692314567998,0.22020778162558563,0.7797922183744141
sbm_imb_moderate_s0,sbm,350,3,Leiden,{'resolution': 1.2},0.638304236470678,8,1.9199024056847396,0.8337632653061224,13,100,43.75,25.12842016522328,0.1299999999999987,0.5743638894908046,350,4909,0.08037658616455177,28.05142857142857,8.887402687546697,52,0.3927480138521083,0.6072519861478916,0.27914567905745413,0.11355215078786422,0.14767676767676766,9.558344791843234,0.6597119465952137,0.14819662660629937,0.34321653189577706,0.8405466970387224,0.24013577980935652,0.6072519861478916,0.3927480138521083
sbm_imb_moderate_s0,sbm,350,3,Leiden,{'resolution': 1.5},0.5390830085198178,15,2.4209488920204296,0.8747591836734694,11,98,23.333333333333332,21.87134096381737,0.11224489795918254,0.9373431841635615,350,4909,0.08037658616455177,28.05142857142857,8.887402687546697,52,0.3126909757588103,0.6873090242411896,0.3986069037470758,0.11278622810699301,0.1488095238095237,6.821697725554868,0.7672199108475868,0.13201769652719272,0.3470319634703195,0.8478873239436595,0.21720576251891163,0.6873090242411896,0.3126909757588103
sbm_imb_moderate_s0,sbm,350,3,Leiden,{'resolution': 2.0},0.4242844560227457,27,3.0329910789101526,0.9343510204081633,5,51,12.962962962962964,11.393570251361174,0.09803921568627258,0.8789325622477941,350,4909,0.08037658616455177,28.05142857142857,8.887402687546697,52,0.21511509472397633,0.7848849052760235,0.5313139490216928,0.15326139135326605,0.15541165587419042,4.873587341314361,0.8333336914298315,0.09125260699332732,0.5483870967741928,0.913978494623651,0.16589971707940496,0.7848849052760235,0.21511509472397633
sbm_imb_moderate_s0,sbm,350,3,Leiden,{'resolution': 3.0},0.34031279269645265,50,3.7160149618088214,0.968,3,36,7.0,5.422176684690384,0.08333333333333101,0.7745966692413727,350,4909,0.08037658616455177,28.05142857142857,8.887402687546697,52,0.15216948462008553,0.8478305153799143,0.7371284584008225,0.2026268102925017,0.19682539682539651,3.565387414614969,0.8759006418094607,0.06603336932644853,0.5724137931034473,0.93103448275861,0.12791920718328417,0.8478305153799143,0.15216948462008553
sbm_imb_moderate_s0,sbm,350,3,LabelProp,{'seed': 0},0.0,1,-1.000088900581841e-12,0.0,350,350,350.0,0.0,0.9999999999999971,0.0,350,4909,0.08037658616455177,28.05142857142857,8.887402687546697,52,0.9999999999999998,0.0,0.08037658616455177,0.0,0.08037658616455177,28.05142857142857,0.0,0.0,0.0,0.0,0.0,0.0,0.9999999999999998
sbm_imb_moderate_s0,sbm,350,3,LabelProp,{'seed': 1},0.0,1,-1.000088900581841e-12,0.0,350,350,350.0,0.0,0.9999999999999971,0.0,350,4909,0.08037658616455177,28.05142857142857,8.887402687546697,52,0.9999999999999998,0.0,0.08037658616455177,0.0,0.08037658616455177,28.05142857142857,0.0,0.0,0.0,0.0,0.0,0.0,0.9999999999999998
sbm_imb_moderate_s0,sbm,350,3,LabelProp,{'seed': 2},0.0,1,-1.000088900581841e-12,0.0,350,350,350.0,0.0,0.9999999999999971,0.0,350,4909,0.08037658616455177,28.05142857142857,8.887402687546697,52,0.9999999999999998,0.0,0.08037658616455177,0.0,0.08037658616455177,28.05142857142857,0.0,0.0,0.0,0.0,0.0,0.0,0.9999999999999998
sbm_imb_moderate_s0,sbm,350,3,LabelProp,{'seed': 3},0.0,1,-1.000088900581841e-12,0.0,350,350,350.0,0.0,0.9999999999999971,0.0,350,4909,0.08037658616455177,28.05142857142857,8.887402687546697,52,0.9999999999999998,0.0,0.08037658616455177,0.0,0.08037658616455177,28.05142857142857,0.0,0.0,0.0,0.0,0.0,0.0,0.9999999999999998
sbm_imb_moderate_s0,sbm,350,3,LabelProp,{'seed': 4},0.0,1,-1.000088900581841e-12,0.0,350,350,350.0,0.0,0.9999999999999971,0.0,350,4909,0.08037658616455177,28.05142857142857,8.887402687546697,52,0.9999999999999998,0.0,0.08037658616455177,0.0,0.08037658616455177,28.05142857142857,0.0,0.0,0.0,0.0,0.0,0.0,0.9999999999999998
sbm_imb_moderate_s0,sbm,350,3,Spectral,{'k': 2},0.7330880358513235,2,0.6718361748568418,0.47884081632653064,139,211,175.0,36.0,0.6587677725118453,0.20571428571428454,350,4909,0.08037658616455177,28.05142857142857,8.887402687546697,52,0.8225707883479322,0.1774292116520676,0.12045809703536808,0.017027797796498323,0.10343029923886976,21.572709604827985,0.30507880910683005,0.0,0.30507880910683005,0.30507880910683005,0.23503516703120855,0.1774292116520676,0.8225707883479322
sbm_imb_moderate_s0,sbm,350,3,Spectral,{'k': 3},0.9334979718685974,3,0.9370089745237402,0.5604734693877551,45,204,116.66666666666667,65.8499978908293,0.22058823529411656,0.5644285533499606,350,4909,0.08037658616455177,28.05142857142857,8.887402687546697,52,0.7926257893664697,0.2073742106335302,0.15044681460322207,0.007211232063580683,0.14459576934221965,17.011156409758623,0.3969530584052124,0.11076950079454607,0.2974254742547425,0.5514809590973194,0.2461585330505525,0.2073742106335302,0.7926257893664697
sbm_imb_moderate_s0,sbm,350,3,Spectral,{'k': 5},0.7376805726441514,5,1.158982860117007,0.5903836734693878,12,207,70.0,71.66310068647603,0.057971014492753346,1.0237585812353573,350,4909,0.08037658616455177,28.05142857142857,8.887402687546697,52,0.743532287634956,0.25646771236504373,0.2230526649799823,0.07781814238079082,0.14103466066319592,11.402861551557205,0.5683288605734347,0.15951423179079666,0.30721649484536073,0.7325581395348795,0.2127144048158455,0.25646771236504373,0.743532287634956
sbm_imb_moderate_s0,sbm,350,3,Spectral,{'k': 8},0.7242666376009336,8,1.4116717014201727,0.6252081632653061,7,204,43.75,61.84607909964867,0.03431372549019591,1.4136246651347943,350,4909,0.08037658616455177,28.05142857142857,8.887402687546697,52,0.7091057241800772,0.29089427581992255,0.2905169257369833,0.10751394679096099,0.1446923597025017,8.215204928978242,0.6714372064726899,0.1564517772784597,0.30180333446750585,0.8028169014084484,0.19729336710780326,0.29089427581992255,0.7091057241800772
sbm_imb_moderate_s0,sbm,350,3,Spectral,{'k': 10},0.5925544321818123,10,1.8379902341264776,0.7929632653061225,4,113,35.0,36.21049571602134,0.03539823008849526,1.0345855918862945,350,4909,0.08037658616455177,28.05142857142857,8.887402687546697,52,0.4577306987166428,0.542269301283357,0.34693768559963223,0.19953514301680114,0.1673679289387564,7.275655482102214,0.6917593428634277,0.11855966179302267,0.4414646725116038,0.8039215686274351,0.1866418189745567,0.542269301283357,0.4577306987166428
sbm_imb_moderate_s0,sbm,350,3,GreedyMod,{},0.7944724803836087,2,0.6829081046984717,0.48979591836734704,150,200,175.0,25.0,0.7499999999999962,0.14285714285714204,350,4909,0.08037658616455177,28.05142857142857,8.887402687546697,52,0.8136076594010999,0.18639234059889995,0.12118512023203264,0.02615156318505278,0.09503355704697986,21.740000000000002,0.3010858835143138,0.0,0.3010858835143138,0.3010858835143138,0.2410526916836931,0.18639234059889995,0.8136076594010999
sbm_imb_hard_s0,sbm,350,3,Louvain,{'resolution': 0.5},0.14297698545119675,41,2.26792529335147,0.7127183673469388,1,184,8.536585365853659,28.02620512495631,0.0054347826086956225,3.2830697432087828,350,4308,0.07053622595169873,24.617142857142856,5.785868781006048,40,0.38300835654596094,0.6169916434540389,0.5174454542534903,0.4051065195983151,0.0,1.9224387219459267,0.9215423999872883,0.09179954936181296,0.46636202081746625,0.9999999999999791,0.07788722952008267,0.6169916434540389,0.38300835654596094
sbm_imb_hard_s0,sbm,350,3,Louvain,{'resolution': 0.8},0.11629148570380132,18,2.4303458566043905,0.8707755102040816,4,99,19.444444444444443,22.39102553907163,0.04040404040404,1.1515384562950535,350,4308,0.07053622595169873,24.617142857142856,5.785868781006048,40,0.2836583101207056,0.7163416898792941,0.4592029379057605,0.25242926730625787,0.11028653885796741,4.708928725595392,0.8052630533196186,0.07826480347507103,0.5632653061224487,0.8888888888888791,0.1511621616495492,0.7163416898792941,0.2836583101207056
sbm_imb_hard_s0,sbm,350,3,Louvain,{'resolution': 1.0},0.09124773043423755,10,2.220410514789419,0.8856,7,62,35.0,13.281566172707194,0.11290322580644979,0.37947331922019467,350,4308,0.07053622595169873,24.617142857142856,5.785868781006048,40,0.28226555246053847,0.7177344475394614,0.22728041418439754,0.11695652452357176,0.13696456901110518,6.467001094054733,0.7360459912695483,0.04824929835987277,0.657407407407407,0.8451612903225753,0.16688155050869494,0.7177344475394614,0.28226555246053847
sbm_imb_hard_s0,sbm,350,3,Louvain,{'resolution': 1.2},0.0973351965363625,16,2.7304337807493146,0.9326040816326531,9,32,21.875,6.122448448129228,0.2812499999999912,0.27988335762875194,350,4308,0.07053622595169873,24.617142857142856,5.785868781006048,40,0.2207520891364902,0.7792479108635095,0.27090034511549366,0.07288859184466602,0.1935483870967738,5.258695930672949,0.7865739335273635,0.032283724509783646,0.7386934673366822,0.8608695652173876,0.15358949233099614,0.7792479108635095,0.2207520891364902
sbm_imb_hard_s0,sbm,350,3,Louvain,{'resolution': 1.5},0.1019199154255827,23,3.0736822382452766,0.9514938775510204,7,22,15.217391304347826,5.174826371707141,0.31818181818180374,0.3400600187121612,350,4308,0.07053622595169873,24.617142857142856,5.785868781006048,40,0.1949860724233983,0.8050139275766015,0.35833350403951414,0.10512889427736254,0.23809523809523697,4.576186212644687,0.8146965940126091,0.032994822657533875,0.7548387096774177,0.8730158730158685,0.1468948746000833,0.8050139275766015,0.1949860724233983
sbm_imb_hard_s0,sbm,350,3,Louvain,{'resolution': 2.0},0.11318001351745963,37,3.5707423356877905,0.9708571428571429,5,15,9.45945945945946,2.646717442669209,0.3333333333333111,0.2797958439392868,350,4308,0.07053622595169873,24.617142857142856,5.785868781006048,40,0.16225626740947072,0.837743732590529,0.4859377859377666,0.11071815488899428,0.32967032967032606,3.8478155478155474,0.8436066600749893,0.027490020062146233,0.7792642140468201,0.8999999999999936,0.13317617392961123,0.837743732590529,0.16225626740947072
sbm_imb_hard_s0,sbm,350,3,Louvain,{'resolution': 3.0},0.14211373106597355,54,3.937433892534698,0.9794448979591837,4,14,6.481481481481482,2.1494249079328753,0.2857142857142653,0.33162555722387815,350,4308,0.07053622595169873,24.617142857142856,5.785868781006048,40,0.13904363974001854,0.8609563602599812,0.6396035034923353,0.14147821139716277,0.3516483516483478,3.2433194377638817,0.8684999472554504,0.029673557107105897,0.7948717948717923,0.9298245614035007,0.11887982475651528,0.8609563602599812,0.13904363974001854
sbm_imb_hard_s0,sbm,350,3,Leiden,{'resolution': 0.5},0.0,1,-1.000088900581841e-12,0.0,350,350,350.0,0.0,0.9999999999999971,0.0,350,4308,0.07053622595169873,24.617142857142856,5.785868781006048,40,0.9999999999999998,0.0,0.07053622595169873,0.0,0.07053622595169873,24.617142857142856,0.0,0.0,0.0,0.0,0.0,0.0,0.9999999999999998
sbm_imb_hard_s0,sbm,350,3,Leiden,{'resolution': 0.8},0.07724563453097548,2,0.6859298002503729,0.4927999999999999,154,196,175.0,21.0,0.7857142857142817,0.11999999999999932,350,4308,0.07053622595169873,24.617142857142856,5.785868781006048,40,0.6383472609099349,0.3616527390900649,0.09114233105829744,0.008934063135743804,0.08220826792255363,15.671150278293135,0.3978549540347292,0.0,0.3978549540347292,0.3978549540347292,0.134207352346566,0.3616527390900649,0.6383472609099349
sbm_imb_hard_s0,sbm,350,3,Leiden,{'resolution': 1.0},0.14102936460201065,8,2.0091214861358537,0.8578285714285714,21,75,43.75,16.215347668181526,0.2799999999999963,0.37063651812985493,350,4308,0.07053622595169873,24.617142857142856,5.785868781006048,40,0.31894150417827294,0.6810584958217268,0.1894155112843692,0.04527489102933976,0.1178378378378378,7.411838923573429,0.6996560579251785,0.05266307245540341,0.6159718144450965,0.7818930041152247,0.17820864466704428,0.6810584958217268,0.31894150417827294
sbm_imb_hard_s0,sbm,350,3,Leiden,{'resolution': 1.2},0.12118418140584246,15,2.6645214461507947,0.9276571428571428,11,35,23.333333333333332,6.808491430232952,0.3142857142857053,0.29179248986711404,350,4308,0.07053622595169873,24.617142857142856,5.785868781006048,40,0.23723305478180126,0.7627669452181985,0.26870910355633704,0.06058966051217943,0.18939393939393903,5.630689203741941,0.7710259595883748,0.030858284017667676,0.7237715803452845,0.8399999999999971,0.16448824669440973,0.7627669452181985,0.23723305478180126
sbm_imb_hard_s0,sbm,350,3,Leiden,{'resolution': 1.5},0.12191279864233569,22,3.044198757302964,0.9503020408163265,7,27,15.909090909090908,4.8608743219254,0.2592592592592497,0.3055406716638631,350,4308,0.07053622595169873,24.617142857142856,5.785868781006048,40,0.20287836583101201,0.7971216341689877,0.3429321285921294,0.08292883042497329,0.23333333333333253,4.77458864807936,0.8060744899247776,0.030955853096871058,0.7342465753424647,0.8644067796610121,0.15286059534678417,0.7971216341689877,0.20287836583101201
sbm_imb_hard_s0,sbm,350,3,Leiden,{'resolution': 2.0},0.1478156229588125,33,3.443245422576884,0.966334693877551,5,19,10.606060606060606,3.5328707010399203,0.26315789473682827,0.33309923752658965,350,4308,0.07053622595169873,24.617142857142856,5.785868781006048,40,0.1727019498607242,0.8272980501392756,0.45232402434061564,0.10288584025123233,0.29239766081871177,4.03406879159764,0.8357605621280686,0.03081451753833109,0.7596153846153827,0.8784530386740284,0.13910320696352968,0.8272980501392756,0.1727019498607242
sbm_imb_hard_s0,sbm,350,3,Leiden,{'resolution': 3.0},0.16313635260517947,53,3.922028659407039,0.9792816326530612,3,12,6.60377358490566,2.0680829026256253,0.24999999999997916,0.3131668395404044,350,4308,0.07053622595169873,24.617142857142856,5.785868781006048,40,0.14043639740018568,0.8595636025998141,0.6383525279751121,0.15012366564223562,0.393939393939388,3.2990593264178165,0.866196038124338,0.028454615478166807,0.804081632653058,0.9142857142857013,0.1200501819507918,0.8595636025998141,0.14043639740018568
sbm_imb_hard_s0,sbm,350,3,LabelProp,{'seed': 0},0.0,1,-1.000088900581841e-12,0.0,350,350,350.0,0.0,0.9999999999999971,0.0,350,4308,0.07053622595169873,24.617142857142856,5.785868781006048,40,0.9999999999999998,0.0,0.07053622595169873,0.0,0.07053622595169873,24.617142857142856,0.0,0.0,0.0,0.0,0.0,0.0,0.9999999999999998
sbm_imb_hard_s0,sbm,350,3,LabelProp,{'seed': 1},0.0,1,-1.000088900581841e-12,0.0,350,350,350.0,0.0,0.9999999999999971,0.0,350,4308,0.07053622595169873,24.617142857142856,5.785868781006048,40,0.9999999999999998,0.0,0.07053622595169873,0.0,0.07053622595169873,24.617142857142856,0.0,0.0,0.0,0.0,0.0,0.0,0.9999999999999998
sbm_imb_hard_s0,sbm,350,3,LabelProp,{'seed': 2},0.0,1,-1.000088900581841e-12,0.0,350,350,350.0,0.0,0.9999999999999971,0.0,350,4308,0.07053622595169873,24.617142857142856,5.785868781006048,40,0.9999999999999998,0.0,0.07053622595169873,0.0,0.07053622595169873,24.617142857142856,0.0,0.0,0.0,0.0,0.0,0.0,0.9999999999999998
sbm_imb_hard_s0,sbm,350,3,LabelProp,{'seed': 3},0.0,1,-1.000088900581841e-12,0.0,350,350,350.0,0.0,0.9999999999999971,0.0,350,4308,0.07053622595169873,24.617142857142856,5.785868781006048,40,0.9999999999999998,0.0,0.07053622595169873,0.0,0.07053622595169873,24.617142857142856,0.0,0.0,0.0,0.0,0.0,0.0,0.9999999999999998
sbm_imb_hard_s0,sbm,350,3,LabelProp,{'seed': 4},0.0,1,-1.000088900581841e-12,0.0,350,350,350.0,0.0,0.9999999999999971,0.0,350,4308,0.07053622595169873,24.617142857142856,5.785868781006048,40,0.9999999999999998,0.0,0.07053622595169873,0.0,0.07053622595169873,24.617142857142856,0.0,0.0,0.0,0.0,0.0,0.0,0.9999999999999998
sbm_imb_hard_s0,sbm,350,3,Spectral,{'k': 2},0.3396511219467875,2,0.666792379805358,0.47387755102040807,135,215,175.0,40.0,0.6279069767441832,0.22857142857142726,350,4308,0.07053622595169873,24.617142857142856,5.785868781006048,40,0.6715413184772515,0.3284586815227483,0.08957925963411467,0.0015748373013341477,0.08800442233278052,15.64978466838932,0.47056867309610895,0.0,0.47056867309610895,0.47056867309610895,0.12594044010452363,0.3284586815227483,0.6715413184772515
sbm_imb_hard_s0,sbm,350,3,Spectral,{'k': 3},0.23335486236427136,3,1.0934927418945057,0.6632,105,133,116.66666666666667,11.897712198383164,0.7894736842105204,0.10198039027185482,350,4308,0.07053622595169873,24.617142857142856,5.785868781006048,40,0.4979108635097492,0.5020891364902506,0.104860960124118,0.004804605442733186,0.0998168498168498,12.13074352548037,0.5063629629926264,0.02823864599825988,0.46978102189781007,0.5385266723116001,0.15692945969106736,0.5020891364902506,0.4979108635097492
sbm_imb_hard_s0,sbm,350,3,Spectral,{'k': 5},0.159255896482458,5,1.5550989602019356,0.7776816326530612,48,104,70.0,23.383755044902433,0.4615384615384571,0.33405364349860145,350,4308,0.07053622595169873,24.617142857142856,5.785868781006048,40,0.38649025069637877,0.613509749303621,0.132025574754711,0.014429644403997998,0.11295743091859595,8.814946318256224,0.6390310350191268,0.06615858023189627,0.5510204081632651,0.6994106090373274,0.1562415404304919,0.613509749303621,0.38649025069637877
sbm_imb_hard_s0,sbm,350,3,Spectral,{'k': 8},0.15332329657730942,8,2.0329089244525704,0.8633142857142857,26,69,43.75,13.376752221671746,0.3768115942028931,0.30575433649534717,350,4308,0.07053622595169873,24.617142857142856,5.785868781006048,40,0.2910863509749303,0.7089136490250695,0.16648308743723061,0.028004004134080152,0.1368286445012787,6.7918305765863725,0.7205077619244143,0.03399128579273393,0.6458907887479313,0.7658227848101253,0.14917858118902105,0.7089136490250695,0.2910863509749303
sbm_imb_hard_s0,sbm,350,3,Spectral,{'k': 10},0.1842307259736169,10,2.257130640721597,0.8905142857142857,18,57,35.0,10.779610382569492,0.31578947368420496,0.30798886807340525,350,4308,0.07053622595169873,24.617142857142856,5.785868781006048,40,0.2592850510677808,0.740714948932219,0.18641317917643133,0.03488820132807951,0.15082956259426838,6.046433294836371,0.7512372778574934,0.032397134905793865,0.6764314247669769,0.7822784810126562,0.14533023141933685,0.740714948932219,0.2592850510677808
sbm_imb_hard_s0,sbm,350,3,GreedyMod,{},0.005738816341617655,4,1.3088492553589068,0.7177795918367347,34,110,87.5,31.412577098990145,0.3090909090909063,0.35900088113131184,350,4308,0.07053622595169873,24.617142857142856,5.785868781006048,40,0.43918291550603517,0.5608170844939646,0.11922028946120383,0.01786834270144932,0.10642201834862383,9.776297905525848,0.6013483727047171,0.10634538422653347,0.5126650017838029,0.7798165137614669,0.15281466042318112,0.5608170844939646,0.43918291550603517
sbm_imb_extreme_s0,sbm,470,4,Louvain,{'resolution': 0.5},0.5104338993097262,76,2.293120984742801,0.6958261656858307,1,251,6.184210526315789,29.08368620591447,0.003984063745019905,4.702893939679027,470,11472,0.10408746540851971,48.817021276595746,21.040703401688955,82,0.5780160390516038,0.421983960948396,0.37596356982726564,0.4605144234225991,0.0,1.5581841679379507,0.955234582276836,0.0904154059075976,0.4860008357709987,0.9999999999999869,0.09920972994826764,0.421983960948396,0.5780160390516038
sbm_imb_extreme_s0,sbm,470,4,Louvain,{'resolution': 0.8},0.7966111817596787,2,0.6543912549246472,0.46174739701222267,170,300,235.0,65.0,0.5666666666666648,0.2765957446808499,470,11472,0.10408746540851971,48.817021276595746,21.040703401688955,82,0.9140516039051603,0.08594839609483959,0.15037762879785307,0.05187432214975005,0.09850330664810301,38.560196078431375,0.25838574423480076,0.0,0.25838574423480076,0.25838574423480076,0.19136423848788836,0.08594839609483959,0.9140516039051603
sbm_imb_extreme_s0,sbm,470,4,Louvain,{'resolution': 1.0},0.615949642889889,3,1.0836812591232965,0.6570937075599819,120,182,156.66666666666666,26.5497436689865,0.6593406593406558,0.1694664489509766,470,11472,0.10408746540851971,48.817021276595746,21.040703401688955,82,0.5888249651324964,0.4111750348675034,0.18806369067082607,0.06292738229436944,0.10051325919589392,28.49352869352869,0.3927449722235608,0.11506984963089069,0.25808997632202046,0.5392092473400761,0.19874957585773081,0.4111750348675034,0.5888249651324964
sbm_imb_extreme_s0,sbm,470,4,Louvain,{'resolution': 1.2},0.49485522550075484,13,2.384305254490373,0.8896152105024898,12,105,36.15384615384615,23.84516126966499,0.1142857142857132,0.6595470138417794,470,11472,0.10408746540851971,48.817021276595746,21.040703401688955,82,0.26420850767085075,0.7357914923291491,0.38500115681351144,0.11605177110160639,0.14336917562724008,11.12394843358054,0.7634044186306975,0.172821120475348,0.26265238271148866,0.9039999999999988,0.1762493299737497,0.7357914923291491,0.26420850767085075
sbm_imb_extreme_s0,sbm,470,4,Louvain,{'resolution': 1.5},0.44214429814670964,24,2.8966950128934803,0.9191489361702128,8,100,19.583333333333332,18.991043210477464,0.07999999999999921,0.9697553979817786,470,11472,0.10408746540851971,48.817021276595746,21.040703401688955,82,0.20737447698744765,0.7926255230125522,0.5187410258682118,0.12802499613040116,0.17306397306397295,7.64887171723472,0.8427957618185405,0.14713524277157752,0.25744843391902206,0.9171974522292978,0.15824797451170908,0.7926255230125522,0.20737447698744765
sbm_imb_extreme_s0,sbm,470,4,Louvain,{'resolution': 2.0},0.42192793950768176,36,3.1923226380080973,0.9278587596197374,3,100,13.055555555555555,16.499064694777978,0.0299999999999997,1.2637581468339611,470,11472,0.10408746540851971,48.817021276595746,21.040703401688955,82,0.18505927475592746,0.8149407252440724,0.6434331880900207,0.15720547898539167,0.1877828054298641,5.851567290733957,0.8818575113726456,0.12833322067616068,0.25744843391902206,0.9670329670329617,0.147313591372311,0.8149407252440724,0.18505927475592746
sbm_imb_extreme_s0,sbm,470,4,Louvain,{'resolution': 3.0},0.4194784215616539,61,3.5635896346805414,0.9343594386600271,2,100,7.704918032786885,13.354368429125444,0.019999999999999803,1.7332265408011625,470,11472,0.10408746540851971,48.817021276595746,21.040703401688955,82,0.16187238493723846,0.8381276150627613,0.8679793407674841,0.16922428359427774,0.19636363636363632,4.093622170179548,0.9187511819159403,0.10803324703814654,0.25744843391902206,0.9848484848484774,0.13433898285972853,0.8381276150627613,0.16187238493723846
sbm_imb_extreme_s0,sbm,470,4,Leiden,{'resolution': 0.5},0.7830123526662214,2,0.6531729659544214,0.46056133997283843,169,301,235.0,66.0,0.5614617940199317,0.28085106382978603,470,11472,0.10408746540851971,48.817021276595746,21.040703401688955,82,0.914225941422594,0.08577405857740585,0.15029002601453406,0.05068450333208832,0.09960552268244574,38.513043307318796,0.2581322140608604,0.0,0.2581322140608604,0.2581322140608604,0.19130582204637722,0.08577405857740585,0.914225941422594
sbm_imb_extreme_s0,sbm,470,4,Leiden,{'resolution': 0.8},0.7966111817596787,2,0.6543912549246472,0.46174739701222267,170,300,235.0,65.0,0.5666666666666648,0.2765957446808499,470,11472,0.10408746540851971,48.817021276595746,21.040703401688955,82,0.9140516039051603,0.08594839609483959,0.15037762879785307,0.05187432214975005,0.09850330664810301,38.560196078431375,0.25838574423480076,0.0,0.25838574423480076,0.25838574423480076,0.19136423848788836,0.08594839609483959,0.9140516039051603
sbm_imb_extreme_s0,sbm,470,4,Leiden,{'resolution': 1.0},0.5506738477460038,4,1.3534340465950296,0.7325758261656858,88,169,117.5,31.0201547384922,0.5207100591715945,0.2640013169233356,470,11472,0.10408746540851971,48.817021276595746,21.040703401688955,82,0.4646966527196652,0.5353033472803347,0.22053903858283447,0.07016229221965305,0.09960552268244574,23.557744100691686,0.5097179074881839,0.14752505465267698,0.2581322140608604,0.6296296296296295,0.20287922239631662,0.5353033472803347,0.4646966527196652
sbm_imb_extreme_s0,sbm,470,4,Leiden,{'resolution': 1.2},0.5425008054027217,11,2.2699368742533275,0.8826437301946582,22,100,42.72727272727273,23.04576833209362,0.2199999999999978,0.5393690460702636,470,11472,0.10408746540851971,48.817021276595746,21.040703401688955,82,0.2855648535564853,0.7144351464435146,0.35437231995717355,0.10180289292028229,0.1352063213345039,12.683764585582766,0.7261034892258911,0.17942776536703173,0.25744843391902206,0.853424657534246,0.18409333670823533,0.7144351464435146,0.2855648535564853
sbm_imb_extreme_s0,sbm,470,4,Leiden,{'resolution': 1.5},0.4735904722034041,21,2.7417661119987344,0.9094522408329561,7,100,22.38095238095238,21.25015672878043,0.0699999999999993,0.9494750878816364,470,11472,0.10408746540851971,48.817021276595746,21.040703401688955,82,0.22402370990237094,0.7759762900976289,0.5190140297782874,0.1506207428457375,0.13885119855269104,8.397420866894699,0.828499428286604,0.15617255737701172,0.25744843391902206,0.9329140461215913,0.1666056439765293,0.7759762900976289,0.22402370990237094
sbm_imb_extreme_s0,sbm,470,4,Leiden,{'resolution': 2.0},0.443000549783236,37,3.214121009391303,0.9283205070167496,4,100,12.702702702702704,16.32750103330866,0.039999999999999605,1.2853564643241975,470,11472,0.10408746540851971,48.817021276595746,21.040703401688955,82,0.18584379358437933,0.8141562064156205,0.6798242792360154,0.16166811454956684,0.1877828054298641,5.953391709862298,0.8799228212327729,0.12820927700880427,0.25744843391902206,0.9567099567099526,0.14927900297297744,0.8141562064156205,0.18584379358437933
sbm_imb_extreme_s0,sbm,470,4,Leiden,{'resolution': 3.0},0.42418491426663896,59,3.5401620567820973,0.9341149841557266,2,100,7.966101694915254,13.535848325389997,0.019999999999999803,1.6991809599955523,470,11472,0.10408746540851971,48.817021276595746,21.040703401688955,82,0.16457461645746163,0.8354253835425383,0.8700855103211166,0.17205495442221888,0.19636363636363632,4.266363291079144,0.9145672793026193,0.11115476787270973,0.25744843391902206,0.9844961240310002,0.13648087852370894,0.8354253835425383,0.16457461645746163
sbm_imb_extreme_s0,sbm,470,4,LabelProp,{'seed': 0},0.0,1,-1.000088900581841e-12,0.0,470,470,470.0,0.0,0.9999999999999978,0.0,470,11472,0.10408746540851971,48.817021276595746,21.040703401688955,82,0.9999999999999999,0.0,0.10408746540851971,0.0,0.10408746540851971,48.817021276595746,0.0,0.0,0.0,0.0,0.0,0.0,0.9999999999999999
sbm_imb_extreme_s0,sbm,470,4,LabelProp,{'seed': 1},0.0,1,-1.000088900581841e-12,0.0,470,470,470.0,0.0,0.9999999999999978,0.0,470,11472,0.10408746540851971,48.817021276595746,21.040703401688955,82,0.9999999999999999,0.0,0.10408746540851971,0.0,0.10408746540851971,48.817021276595746,0.0,0.0,0.0,0.0,0.0,0.0,0.9999999999999999
sbm_imb_extreme_s0,sbm,470,4,LabelProp,{'seed': 2},0.0,1,-1.000088900581841e-12,0.0,470,470,470.0,0.0,0.9999999999999978,0.0,470,11472,0.10408746540851971,48.817021276595746,21.040703401688955,82,0.9999999999999999,0.0,0.10408746540851971,0.0,0.10408746540851971,48.817021276595746,0.0,0.0,0.0,0.0,0.0,0.0,0.9999999999999999
sbm_imb_extreme_s0,sbm,470,4,LabelProp,{'seed': 3},0.0,1,-1.000088900581841e-12,0.0,470,470,470.0,0.0,0.9999999999999978,0.0,470,11472,0.10408746540851971,48.817021276595746,21.040703401688955,82,0.9999999999999999,0.0,0.10408746540851971,0.0,0.10408746540851971,48.817021276595746,0.0,0.0,0.0,0.0,0.0,0.0,0.9999999999999999
sbm_imb_extreme_s0,sbm,470,4,LabelProp,{'seed': 4},0.0,1,-1.000088900581841e-12,0.0,470,470,470.0,0.0,0.9999999999999978,0.0,470,11472,0.10408746540851971,48.817021276595746,21.040703401688955,82,0.9999999999999999,0.0,0.10408746540851971,0.0,0.10408746540851971,48.817021276595746,0.0,0.0,0.0,0.0,0.0,0.0,0.9999999999999999
sbm_imb_extreme_s0,sbm,470,4,Spectral,{'k': 2},0.6625613540092992,2,0.5258286861410835,0.3422453598913535,103,367,235.0,132.0,0.2806539509536777,0.5617021276595721,470,11472,0.10408746540851971,48.817021276595746,21.040703401688955,82,0.9387203626220361,0.06127963737796373,0.1667713189963128,0.021121313784955006,0.1456500052113578,36.23647522552314,0.26260739633918556,0.0,0.26260739633918556,0.26260739633918556,0.14484483945751625,0.06127963737796373,0.9387203626220361
sbm_imb_extreme_s0,sbm,470,4,Spectral,{'k': 3},0.8856927606208154,3,0.8558549510746225,0.49652331371661385,57,313,156.66666666666666,111.9295413294552,0.18210862619808246,0.7144438808263053,470,11472,0.10408746540851971,48.817021276595746,21.040703401688955,82,0.9077754532775452,0.09222454672245466,0.1834497259181974,0.012781178926273718,0.16604010025062646,29.12574108327261,0.3332283476778776,0.10443244612202031,0.25744843391902206,0.48090107737512194,0.18482755797755834,0.09222454672245466,0.9077754532775452
sbm_imb_extreme_s0,sbm,470,4,Spectral,{'k': 5},0.9397573622056352,5,1.0436018662291455,0.5340063377093707,17,302,94.0,108.4047969418328,0.05629139072847663,1.1532425206577834,470,11472,0.10408746540851971,48.817021276595746,21.040703401688955,82,0.8953103207810319,0.10468967921896791,0.2527616558797458,0.054344176846286486,0.19636363636363632,19.492285157771718,0.49474240873631026,0.19842590410032912,0.25744843391902206,0.7106109324758819,0.18513705570071531,0.10468967921896791,0.8953103207810319
sbm_imb_extreme_s0,sbm,470,4,Spectral,{'k': 8},0.8248535009959312,8,1.2530919855378815,0.5568764146672703,5,303,58.75,93.72399639366644,0.016501650165016445,1.5953020662751463,470,11472,0.10408746540851971,48.817021276595746,21.040703401688955,82,0.8599198047419804,0.1400801952580195,0.3508124652556042,0.15029026776841442,0.19876292264988088,13.319631915114588,0.625642500977303,0.1639536884775623,0.2598675496688741,0.7812499999999879,0.15472126421689616,0.1400801952580195,0.8599198047419804
sbm_imb_extreme_s0,sbm,470,4,Spectral,{'k': 10},0.7882229406092774,10,1.3701534691070294,0.567505658669081,5,302,47.0,85.70180861568792,0.01655629139072842,1.8234427365039596,470,11472,0.10408746540851971,48.817021276595746,21.040703401688955,82,0.8474546722454671,0.15254532775453275,0.3657568238542609,0.11116366552700271,0.19999559965677322,11.24588564303951,0.6747866715949424,0.15493942353855075,0.25998413118222685,0.8319327731092367,0.14488495896989612,0.15254532775453275,0.8474546722454671
sbm_imb_extreme_s0,sbm,470,4,GreedyMod,{},0.760930276177351,2,0.6294089098239548,0.43762788592123136,152,318,235.0,83.0,0.47798742138364625,0.35319148936170064,470,11472,0.10408746540851971,48.817021276595746,21.040703401688955,82,0.9193688981868897,0.08063110181311017,0.14877438490589825,0.03444883593413111,0.11432554897176715,37.672459450513074,0.2606367990983375,0.0,0.2606367990983375,0.2606367990983375,0.18087842265030965,0.08063110181311017,0.9193688981868897
sbm_3c_300_clear_s0,sbm,900,3,Louvain,{'resolution': 0.5},1.0,3,1.0986122886651097,0.6666666666666667,300,300,300.0,0.0,0.9999999999999966,0.0,900,21561,0.05329625509825732,47.913333333333334,6.332213936162717,71,0.9366448680487918,0.0633551319512082,0.1500929022668153,0.0006918718170337914,0.1492530657748049,44.87777777777777,0.06335494084612171,0.0020797581711883314,0.06089610209460396,0.06598209949351279,0.6033059708748032,0.0633551319512082,0.9366448680487918
sbm_3c_300_clear_s0,sbm,900,3,Louvain,{'resolution': 0.8},1.0,3,1.0986122886651097,0.6666666666666667,300,300,300.0,0.0,0.9999999999999966,0.0,900,21561,0.05329625509825732,47.913333333333334,6.332213936162717,71,0.9366448680487918,0.0633551319512082,0.15009290226681532,0.0006918718170337914,0.1492530657748049,44.87777777777777,0.06335494084612171,0.0020797581711883314,0.06089610209460396,0.06598209949351279,0.6033059708748032,0.0633551319512082,0.9366448680487918
sbm_3c_300_clear_s0,sbm,900,3,Louvain,{'resolution': 1.0},1.0,3,1.0986122886651097,0.6666666666666667,300,300,300.0,0.0,0.9999999999999966,0.0,900,21561,0.05329625509825732,47.913333333333334,6.332213936162717,71,0.9366448680487918,0.0633551319512082,0.1500929022668153,0.0006918718170337914,0.1492530657748049,44.87777777777777,0.06335494084612171,0.0020797581711883314,0.06089610209460396,0.06598209949351279,0.6033059708748032,0.0633551319512082,0.9366448680487918
sbm_3c_300_clear_s0,sbm,900,3,Louvain,{'resolution': 1.2},1.0,3,1.0986122886651097,0.6666666666666667,300,300,300.0,0.0,0.9999999999999966,0.0,900,21561,0.05329625509825732,47.913333333333334,6.332213936162717,71,0.9366448680487918,0.0633551319512082,0.1500929022668153,0.0006918718170337914,0.1492530657748049,44.87777777777777,0.06335494084612171,0.0020797581711883314,0.06089610209460396,0.06598209949351279,0.6033059708748032,0.0633551319512082,0.9366448680487918
sbm_3c_300_clear_s0,sbm,900,3,Louvain,{'resolution': 1.5},1.0,3,1.0986122886651097,0.6666666666666667,300,300,300.0,0.0,0.9999999999999966,0.0,900,21561,0.05329625509825732,47.913333333333334,6.332213936162717,71,0.9366448680487918,0.0633551319512082,0.1500929022668153,0.0006918718170337914,0.1492530657748049,44.87777777777777,0.06335494084612171,0.0020797581711883314,0.06089610209460396,0.06598209949351279,0.6033059708748032,0.0633551319512082,0.9366448680487918
sbm_3c_300_clear_s0,sbm,900,3,Louvain,{'resolution': 2.0},1.0,3,1.0986122886651097,0.6666666666666667,300,300,300.0,0.0,0.9999999999999966,0.0,900,21561,0.05329625509825732,47.913333333333334,6.332213936162717,71,0.9366448680487918,0.0633551319512082,0.1500929022668153,0.0006918718170337914,0.1492530657748049,44.87777777777777,0.06335494084612171,0.0020797581711883314,0.06089610209460396,0.06598209949351279,0.6033059708748032,0.0633551319512082,0.9366448680487918
sbm_3c_300_clear_s0,sbm,900,3,Louvain,{'resolution': 3.0},0.48514663886176296,32,3.43037833255058,0.9666469135802469,14,43,28.125,7.296189073756244,0.3255813953488296,0.25942005595576834,900,21561,0.05329625509825732,47.913333333333334,6.332213936162717,71,0.19961968368814062,0.8003803163118594,0.3527038767130759,0.056077262136644816,0.28571428571428537,9.196613135440685,0.8079982522753829,0.029763873334795913,0.7525179856115105,0.8657142857142844,0.16620151001280184,0.8003803163118594,0.19961968368814062
sbm_3c_300_clear_s0,sbm,900,3,Leiden,{'resolution': 0.5},1.0,3,1.0986122886651097,0.6666666666666667,300,300,300.0,0.0,0.9999999999999966,0.0,900,21561,0.05329625509825732,47.913333333333334,6.332213936162717,71,0.9366448680487918,0.0633551319512082,0.1500929022668153,0.0006918718170337914,0.1492530657748049,44.87777777777777,0.06335494084612171,0.0020797581711883314,0.06089610209460396,0.06598209949351279,0.6033059708748032,0.0633551319512082,0.9366448680487918
sbm_3c_300_clear_s0,sbm,900,3,Leiden,{'resolution': 0.8},1.0,3,1.0986122886651097,0.6666666666666667,300,300,300.0,0.0,0.9999999999999966,0.0,900,21561,0.05329625509825732,47.913333333333334,6.332213936162717,71,0.9366448680487918,0.0633551319512082,0.1500929022668153,0.0006918718170337914,0.1492530657748049,44.87777777777777,0.06335494084612171,0.0020797581711883314,0.06089610209460396,0.06598209949351279,0.6033059708748032,0.0633551319512082,0.9366448680487918
sbm_3c_300_clear_s0,sbm,900,3,Leiden,{'resolution': 1.0},1.0,3,1.0986122886651097,0.6666666666666667,300,300,300.0,0.0,0.9999999999999966,0.0,900,21561,0.05329625509825732,47.913333333333334,6.332213936162717,71,0.9366448680487918,0.0633551319512082,0.1500929022668153,0.0006918718170337914,0.1492530657748049,44.87777777777777,0.06335494084612171,0.0020797581711883314,0.06089610209460396,0.06598209949351279,0.6033059708748032,0.0633551319512082,0.9366448680487918
sbm_3c_300_clear_s0,sbm,900,3,Leiden,{'resolution': 1.2},1.0,3,1.0986122886651097,0.6666666666666667,300,300,300.0,0.0,0.9999999999999966,0.0,900,21561,0.05329625509825732,47.913333333333334,6.332213936162717,71,0.9366448680487918,0.0633551319512082,0.15009290226681532,0.0006918718170337914,0.1492530657748049,44.87777777777777,0.06335494084612171,0.0020797581711883314,0.06089610209460396,0.06598209949351279,0.6033059708748032,0.0633551319512082,0.9366448680487918
sbm_3c_300_clear_s0,sbm,900,3,Leiden,{'resolution': 1.5},1.0,3,1.0986122886651097,0.6666666666666667,300,300,300.0,0.0,0.9999999999999966,0.0,900,21561,0.05329625509825732,47.913333333333334,6.332213936162717,71,0.9366448680487918,0.0633551319512082,0.15009290226681532,0.0006918718170337914,0.1492530657748049,44.87777777777777,0.06335494084612171,0.0020797581711883314,0.06089610209460396,0.06598209949351279,0.6033059708748032,0.0633551319512082,0.9366448680487918
sbm_3c_300_clear_s0,sbm,900,3,Leiden,{'resolution': 2.0},1.0,3,1.0986122886651097,0.6666666666666667,300,300,300.0,0.0,0.9999999999999966,0.0,900,21561,0.05329625509825732,47.913333333333334,6.332213936162717,71,0.9366448680487918,0.0633551319512082,0.15009290226681532,0.0006918718170337914,0.1492530657748049,44.87777777777777,0.06335494084612171,0.0020797581711883314,0.06089610209460396,0.06598209949351279,0.6033059708748032,0.0633551319512082,0.9366448680487918
sbm_3c_300_clear_s0,sbm,900,3,Leiden,{'resolution': 3.0},0.48150887886481963,33,3.4645944843832877,0.9677827160493827,15,41,27.272727272727273,6.8546499469569415,0.3658536585365764,0.25133716472174533,900,21561,0.05329625509825732,47.913333333333334,6.332213936162717,71,0.19539910022726217,0.8046008997727379,0.3531655065357533,0.044306266228133016,0.27629233511586404,9.006909897771719,0.8119180215039654,0.028931219969832094,0.7572016460905346,0.8632911392405052,0.16306263806227458,0.8046008997727379,0.19539910022726217
sbm_3c_300_clear_s0,sbm,900,3,LabelProp,{'seed': 0},1.0,3,1.0986122886651097,0.6666666666666667,300,300,300.0,0.0,0.9999999999999966,0.0,900,21561,0.05329625509825732,47.913333333333334,6.332213936162717,71,0.9366448680487918,0.0633551319512082,0.15009290226681532,0.0006918718170337914,0.1492530657748049,44.87777777777777,0.06335494084612171,0.0020797581711883314,0.06089610209460396,0.06598209949351279,0.6033059708748032,0.0633551319512082,0.9366448680487918
sbm_3c_300_clear_s0,sbm,900,3,LabelProp,{'seed': 1},1.0,3,1.0986122886651097,0.6666666666666667,300,300,300.0,0.0,0.9999999999999966,0.0,900,21561,0.05329625509825732,47.913333333333334,6.332213936162717,71,0.9366448680487918,0.0633551319512082,0.15009290226681532,0.0006918718170337914,0.1492530657748049,44.87777777777777,0.06335494084612171,0.0020797581711883314,0.06089610209460396,0.06598209949351279,0.6033059708748032,0.0633551319512082,0.9366448680487918
sbm_3c_300_clear_s0,sbm,900,3,LabelProp,{'seed': 2},1.0,3,1.0986122886651097,0.6666666666666667,300,300,300.0,0.0,0.9999999999999966,0.0,900,21561,0.05329625509825732,47.913333333333334,6.332213936162717,71,0.9366448680487918,0.0633551319512082,0.15009290226681532,0.0006918718170337914,0.1492530657748049,44.87777777777777,0.06335494084612171,0.0020797581711883314,0.06089610209460396,0.06598209949351279,0.6033059708748032,0.0633551319512082,0.9366448680487918
sbm_3c_300_clear_s0,sbm,900,3,LabelProp,{'seed': 3},1.0,3,1.0986122886651097,0.6666666666666667,300,300,300.0,0.0,0.9999999999999966,0.0,900,21561,0.05329625509825732,47.913333333333334,6.332213936162717,71,0.9366448680487918,0.0633551319512082,0.15009290226681532,0.0006918718170337914,0.1492530657748049,44.87777777777777,0.06335494084612171,0.0020797581711883314,0.06089610209460396,0.06598209949351279,0.6033059708748032,0.0633551319512082,0.9366448680487918
sbm_3c_300_clear_s0,sbm,900,3,LabelProp,{'seed': 4},1.0,3,1.0986122886651097,0.6666666666666667,300,300,300.0,0.0,0.9999999999999966,0.0,900,21561,0.05329625509825732,47.913333333333334,6.332213936162717,71,0.9366448680487918,0.0633551319512082,0.15009290226681532,0.0006918718170337914,0.1492530657748049,44.87777777777777,0.06335494084612171,0.0020797581711883314,0.06089610209460396,0.06598209949351279,0.6033059708748032,0.0633551319512082,0.9366448680487918
sbm_3c_300_clear_s0,sbm,900,3,Spectral,{'k': 2},0.733680436651211,2,0.6365141682928128,0.4444444444444444,300,600,450.0,150.0,0.49999999999999917,0.3333333333333326,900,21561,0.05329625509825732,47.913333333333334,6.332213936162717,71,0.9592783266082279,0.040721673391772184,0.11418554335263344,0.036762059768882735,0.0774234835837507,45.754999999999995,0.06089610209460396,0.0,0.06089610209460396,0.06089610209460396,0.40440092933799543,0.040721673391772184,0.9592783266082279
sbm_3c_300_clear_s0,sbm,900,3,Spectral,{'k': 3},1.0,3,1.0986122886651097,0.6666666666666667,300,300,300.0,0.0,0.9999999999999966,0.0,900,21561,0.05329625509825732,47.913333333333334,6.332213936162717,71,0.9366448680487918,0.0633551319512082,0.1500929022668153,0.0006918718170337914,0.1492530657748049,44.87777777777777,0.06335494084612171,0.0020797581711883314,0.06089610209460396,0.06598209949351279,0.6033059708748032,0.0633551319512082,0.9366448680487918
sbm_3c_300_clear_s0,sbm,900,3,Spectral,{'k': 5},0.8212856275921839,5,1.5602553055898345,0.7777382716049384,138,299,180.0,60.053309650676205,0.46153846153845995,0.3336294980593104,900,21561,0.05329625509825732,47.913333333333334,6.332213936162717,71,0.6507119335837855,0.34928806641621446,0.1601085521287836,0.012898253217703697,0.1480756686236138,28.371440150565565,0.40766746175761215,0.17758199596042748,0.06275627215233859,0.5475512528473804,0.4279908457709156,0.34928806641621446,0.6507119335837855
sbm_3c_300_clear_s0,sbm,900,3,Spectral,{'k': 8},0.6884310776702699,8,2.0607605009780032,0.8701283950617285,87,150,112.5,22.20923231451281,0.5799999999999962,0.19741539835122324,900,21561,0.05329625509825732,47.913333333333334,6.332213936162717,71,0.41941468392004083,0.5805853160799592,0.17265680995417296,0.022750804432366545,0.13873295910184438,19.294827723401216,0.5972943509211992,0.09721401974332979,0.4518705338377469,0.7483636363636362,0.2896851313834663,0.5805853160799592,0.41941468392004083
sbm_3c_300_clear_s0,sbm,900,3,Spectral,{'k': 10},0.6487852009667188,10,2.2880626448164536,0.8971358024691358,66,113,90.0,15.231546211727817,0.5840707964601719,0.16923940235252943,900,21561,0.05329625509825732,47.913333333333334,6.332213936162717,71,0.34882426603589817,0.6511757339641019,0.1765801897837223,0.026411162080229495,0.13439466864124394,15.9999095873952,0.6660264510422034,0.09435860723338717,0.5513705015849337,0.7939543491671806,0.2459983062907553,0.6511757339641019,0.34882426603589817
sbm_3c_300_clear_s0,sbm,900,3,GreedyMod,{},1.0,3,1.0986122886651097,0.6666666666666667,300,300,300.0,0.0,0.9999999999999966,0.0,900,21561,0.05329625509825732,47.913333333333334,6.332213936162717,71,0.9366448680487918,0.0633551319512082,0.15009290226681532,0.0006918718170337914,0.1492530657748049,44.87777777777777,0.06335494084612171,0.0020797581711883314,0.06089610209460396,0.06598209949351279,0.6033059708748032,0.0633551319512082,0.9366448680487918
sbm_3c_300_moderate_s0,sbm,900,3,Louvain,{'resolution': 0.5},1.0,3,1.0986122886651097,0.6666666666666667,300,300,300.0,0.0,0.9999999999999966,0.0,900,17506,0.04327277221604252,38.90222222222222,5.741408611090677,62,0.7694504741231578,0.23054952587684222,0.10011148272017838,0.0011063220717998058,0.0985953177257525,29.933333333333334,0.2305631972511528,0.002671102750663574,0.22681202623285918,0.232824427480916,0.4360922332463604,0.23054952587684222,0.7694504741231578
sbm_3c_300_moderate_s0,sbm,900,3,Louvain,{'resolution': 0.8},1.0,3,1.0986122886651097,0.6666666666666667,300,300,300.0,0.0,0.9999999999999966,0.0,900,17506,0.04327277221604252,38.90222222222222,5.741408611090677,62,0.7694504741231578,0.23054952587684222,0.10011148272017838,0.0011063220717998058,0.0985953177257525,29.933333333333334,0.23056319725115282,0.002671102750663574,0.22681202623285918,0.232824427480916,0.4360922332463603,0.23054952587684222,0.7694504741231578
sbm_3c_300_moderate_s0,sbm,900,3,Louvain,{'resolution': 1.0},1.0,3,1.0986122886651097,0.6666666666666667,300,300,300.0,0.0,0.9999999999999966,0.0,900,17506,0.04327277221604252,38.90222222222222,5.741408611090677,62,0.7694504741231578,0.23054952587684222,0.10011148272017838,0.0011063220717998058,0.0985953177257525,29.933333333333334,0.23056319725115282,0.002671102750663574,0.22681202623285918,0.232824427480916,0.4360922332463603,0.23054952587684222,0.7694504741231578
sbm_3c_300_moderate_s0,sbm,900,3,Louvain,{'resolution': 1.2},1.0,3,1.0986122886651097,0.6666666666666667,300,300,300.0,0.0,0.9999999999999966,0.0,900,17506,0.04327277221604252,38.90222222222222,5.741408611090677,62,0.7694504741231578,0.23054952587684222,0.10011148272017838,0.0011063220717998058,0.0985953177257525,29.933333333333334,0.23056319725115282,0.002671102750663574,0.22681202623285918,0.232824427480916,0.4360922332463603,0.23054952587684222,0.7694504741231578
sbm_3c_300_moderate_s0,sbm,900,3,Louvain,{'resolution': 1.5},1.0,3,1.0986122886651097,0.6666666666666667,300,300,300.0,0.0,0.9999999999999966,0.0,900,17506,0.04327277221604252,38.90222222222222,5.741408611090677,62,0.7694504741231578,0.23054952587684222,0.10011148272017838,0.0011063220717998058,0.0985953177257525,29.933333333333334,0.23056319725115282,0.002671102750663574,0.22681202623285918,0.232824427480916,0.4360922332463603,0.23054952587684222,0.7694504741231578
sbm_3c_300_moderate_s0,sbm,900,3,Louvain,{'resolution': 2.0},0.6039891573147853,13,2.4873354200962883,0.9117851851851853,30,108,69.23076923076923,26.52474561946853,0.27777777777777524,0.38313521450342886,900,17506,0.04327277221604252,38.90222222222222,5.741408611090677,62,0.3130926539472181,0.6869073460527819,0.1755918802354299,0.034232242438397766,0.13689858082381445,11.13074504067379,0.7137112816426843,0.0692976640198655,0.6219832735961767,0.8251928020565547,0.22452310551839788,0.6869073460527819,0.3130926539472181
sbm_3c_300_moderate_s0,sbm,900,3,Louvain,{'resolution': 3.0},0.42768368786385885,51,3.856150471870549,0.9775234567901234,4,34,17.647058823529413,6.749941261652243,0.11764705882352594,0.38249667149360544,900,17506,0.04327277221604252,38.90222222222222,5.741408611090677,62,0.15577516280132525,0.8442248371986747,0.3795888469946109,0.11995762688372348,0.2439516129032253,5.631257309283071,0.8551183702281522,0.029632297887037574,0.7879481311975586,0.9280575539568279,0.1332462416078291,0.8442248371986747,0.15577516280132525
sbm_3c_300_moderate_s0,sbm,900,3,Leiden,{'resolution': 0.5},1.0,3,1.0986122886651097,0.6666666666666667,300,300,300.0,0.0,0.9999999999999966,0.0,900,17506,0.04327277221604252,38.90222222222222,5.741408611090677,62,0.7694504741231578,0.23054952587684222,0.10011148272017838,0.0011063220717998058,0.0985953177257525,29.933333333333334,0.2305631972511528,0.002671102750663574,0.22681202623285918,0.232824427480916,0.4360922332463604,0.23054952587684222,0.7694504741231578
sbm_3c_300_moderate_s0,sbm,900,3,Leiden,{'resolution': 0.8},1.0,3,1.0986122886651097,0.6666666666666667,300,300,300.0,0.0,0.9999999999999966,0.0,900,17506,0.04327277221604252,38.90222222222222,5.741408611090677,62,0.7694504741231578,0.23054952587684222,0.10011148272017838,0.0011063220717998058,0.0985953177257525,29.933333333333334,0.2305631972511528,0.002671102750663574,0.22681202623285918,0.232824427480916,0.4360922332463604,0.23054952587684222,0.7694504741231578
sbm_3c_300_moderate_s0,sbm,900,3,Leiden,{'resolution': 1.0},1.0,3,1.0986122886651097,0.6666666666666667,300,300,300.0,0.0,0.9999999999999966,0.0,900,17506,0.04327277221604252,38.90222222222222,5.741408611090677,62,0.7694504741231578,0.23054952587684222,0.10011148272017838,0.0011063220717998058,0.0985953177257525,29.933333333333334,0.2305631972511528,0.002671102750663574,0.22681202623285918,0.232824427480916,0.4360922332463604,0.23054952587684222,0.7694504741231578
sbm_3c_300_moderate_s0,sbm,900,3,Leiden,{'resolution': 1.2},1.0,3,1.0986122886651097,0.6666666666666667,300,300,300.0,0.0,0.9999999999999966,0.0,900,17506,0.04327277221604252,38.90222222222222,5.741408611090677,62,0.7694504741231578,0.23054952587684222,0.10011148272017838,0.0011063220717998058,0.0985953177257525,29.933333333333334,0.2305631972511528,0.002671102750663574,0.22681202623285918,0.232824427480916,0.4360922332463604,0.23054952587684222,0.7694504741231578
sbm_3c_300_moderate_s0,sbm,900,3,Leiden,{'resolution': 1.5},1.0,3,1.0986122886651097,0.6666666666666667,300,300,300.0,0.0,0.9999999999999966,0.0,900,17506,0.04327277221604252,38.90222222222222,5.741408611090677,62,0.7694504741231578,0.23054952587684222,0.10011148272017838,0.0011063220717998058,0.0985953177257525,29.933333333333334,0.2305631972511528,0.002671102750663574,0.22681202623285918,0.232824427480916,0.4360922332463604,0.23054952587684222,0.7694504741231578
sbm_3c_300_moderate_s0,sbm,900,3,Leiden,{'resolution': 2.0},0.6226848511841195,12,2.430017921542444,0.907562962962963,37,117,75.0,24.78911051248108,0.31623931623931356,0.33052147349974337,900,17506,0.04327277221604252,38.90222222222222,5.741408611090677,62,0.3305152519136296,0.6694847480863704,0.1718714063042296,0.027182817206360562,0.13795828065739568,12.081562960095612,0.6893586515468403,0.05989418173036475,0.5874400348887918,0.7865724381625436,0.23793417553471802,0.6694847480863704,0.3305152519136296
sbm_3c_300_moderate_s0,sbm,900,3,Leiden,{'resolution': 3.0},0.4235519639640769,55,3.943753510316314,0.9796320987654321,7,27,16.363636363636363,5.674067440761878,0.2592592592592497,0.34674856582431585,900,17506,0.04327277221604252,38.90222222222222,5.741408611090677,62,0.1516622872158117,0.8483377127841882,0.39507792354942306,0.09977083645892247,0.27666666666666573,5.544279660105931,0.857606958003487,0.028581497971089106,0.8003766478342743,0.9217081850533775,0.1313494331117288,0.8483377127841882,0.1516622872158117
sbm_3c_300_moderate_s0,sbm,900,3,LabelProp,{'seed': 0},0.0,1,-1.000088900581841e-12,0.0,900,900,900.0,0.0,0.9999999999999989,0.0,900,17506,0.04327277221604252,38.90222222222222,5.741408611090677,62,1.0,0.0,0.04327277221604252,0.0,0.04327277221604252,38.90222222222222,0.0,0.0,0.0,0.0,0.0,0.0,1.0
sbm_3c_300_moderate_s0,sbm,900,3,LabelProp,{'seed': 1},0.0,1,-1.000088900581841e-12,0.0,900,900,900.0,0.0,0.9999999999999989,0.0,900,17506,0.04327277221604252,38.90222222222222,5.741408611090677,62,1.0,0.0,0.04327277221604252,0.0,0.04327277221604252,38.90222222222222,0.0,0.0,0.0,0.0,0.0,0.0,1.0
sbm_3c_300_moderate_s0,sbm,900,3,LabelProp,{'seed': 2},0.0,1,-1.000088900581841e-12,0.0,900,900,900.0,0.0,0.9999999999999989,0.0,900,17506,0.04327277221604252,38.90222222222222,5.741408611090677,62,1.0,0.0,0.04327277221604252,0.0,0.04327277221604252,38.90222222222222,0.0,0.0,0.0,0.0,0.0,0.0,1.0
sbm_3c_300_moderate_s0,sbm,900,3,LabelProp,{'seed': 3},0.0,1,-1.000088900581841e-12,0.0,900,900,900.0,0.0,0.9999999999999989,0.0,900,17506,0.04327277221604252,38.90222222222222,5.741408611090677,62,1.0,0.0,0.04327277221604252,0.0,0.04327277221604252,38.90222222222222,0.0,0.0,0.0,0.0,0.0,0.0,1.0
sbm_3c_300_moderate_s0,sbm,900,3,LabelProp,{'seed': 4},0.0,1,-1.000088900581841e-12,0.0,900,900,900.0,0.0,0.9999999999999989,0.0,900,17506,0.04327277221604252,38.90222222222222,5.741408611090677,62,1.0,0.0,0.04327277221604252,0.0,0.04327277221604252,38.90222222222222,0.0,0.0,0.0,0.0,0.0,0.0,1.0
sbm_3c_300_moderate_s0,sbm,900,3,Spectral,{'k': 2},0.733680436651211,2,0.6365141682928128,0.4444444444444444,300,600,450.0,150.0,0.49999999999999917,0.3333333333333326,900,17506,0.04327277221604252,38.90222222222222,5.741408611090677,62,0.84788072660802,0.1521192733919799,0.07927201225379349,0.02193200112413294,0.05734001112966054,32.303333333333335,0.22681202623285918,0.0,0.22681202623285918,0.22681202623285918,0.29365632359320093,0.1521192733919799,0.84788072660802
sbm_3c_300_moderate_s0,sbm,900,3,Spectral,{'k': 3},1.0,3,1.0986122886651097,0.6666666666666667,300,300,300.0,0.0,0.9999999999999966,0.0,900,17506,0.04327277221604252,38.90222222222222,5.741408611090677,62,0.7694504741231578,0.23054952587684222,0.10011148272017838,0.0011063220717998058,0.0985953177257525,29.933333333333334,0.2305631972511528,0.002671102750663574,0.22681202623285918,0.232824427480916,0.4360922332463604,0.23054952587684222,0.7694504741231578
sbm_3c_300_moderate_s0,sbm,900,3,Spectral,{'k': 5},0.8229268080465284,5,1.555628945814175,0.7760864197530865,127,300,180.0,62.24146527838174,0.4233333333333319,0.34578591821322996,900,17506,0.04327277221604252,38.90222222222222,5.741408611090677,62,0.5442134125442706,0.4557865874557295,0.1089087563166857,0.012434065089975663,0.09563101660848405,19.210240025094315,0.5063698176195873,0.14786425825934105,0.2320531380396832,0.6561430201597565,0.3194099996777393,0.4557865874557295,0.5442134125442706
sbm_3c_300_moderate_s0,sbm,900,3,Spectral,{'k': 8},0.6659349491749078,8,2.062006952645711,0.8704617283950618,88,148,112.5,21.435951110226018,0.5945945945945906,0.1905417876464518,900,17506,0.04327277221604252,38.90222222222222,5.741408611090677,62,0.3565634639552154,0.6434365360447847,0.11972819903778185,0.020347989468141366,0.09004839049021669,13.356502808554694,0.6571509675276663,0.08341974552572172,0.5363464512802886,0.7675807765408632,0.2267423948876649,0.6434365360447847,0.3565634639552154
sbm_3c_300_moderate_s0,sbm,900,3,Spectral,{'k': 10},0.6220570571488488,10,2.289586721179506,0.8973432098765433,71,121,90.0,14.669696656713798,0.5867768595041274,0.1629966295190404,900,17506,0.04327277221604252,38.90222222222222,5.741408611090677,62,0.30041128755855134,0.6995887124414486,0.1324320404712476,0.02255473831129554,0.09515151515151514,11.570601579122725,0.7029456540960197,0.041211284973954015,0.6040016673614005,0.7521704814522492,0.1976751986676658,0.6995887124414486,0.30041128755855134
sbm_3c_300_moderate_s0,sbm,900,3,GreedyMod,{},1.0,3,1.0986122886651097,0.6666666666666667,300,300,300.0,0.0,0.9999999999999966,0.0,900,17506,0.04327277221604252,38.90222222222222,5.741408611090677,62,0.7694504741231578,0.23054952587684222,0.10011148272017838,0.0011063220717998058,0.0985953177257525,29.933333333333334,0.23056319725115282,0.002671102750663574,0.22681202623285918,0.232824427480916,0.4360922332463603,0.23054952587684222,0.7694504741231578
sbm_3c_300_hard_s0,sbm,900,3,Louvain,{'resolution': 0.5},0.19713977955392525,293,4.45142776732118,0.9254148148148148,1,236,3.0716723549488054,14.026972418298493,0.004237288135593202,4.566558798400134,900,16226,0.04010876282288963,36.05777777777778,5.795495909713523,56,0.12744977197091087,0.872550228029089,0.4007922528255624,0.45845602006287767,0.0,0.8747096858908834,0.9749586739838793,0.03579186969733327,0.6749681454882427,0.9999999999999796,0.050608150369680395,0.872550228029089,0.12744977197091087
sbm_3c_300_hard_s0,sbm,900,3,Louvain,{'resolution': 0.8},0.9675152740205991,3,1.0986085849545473,0.6666641975308643,299,301,300.0,0.816496580927726,0.9933554817275714,0.0027216552697590774,900,16226,0.04010876282288963,36.05777777777778,5.795495909713523,56,0.5840626155552816,0.4159373844447183,0.07044156468753208,0.0013400638295417348,0.06881506090808416,21.060933812844834,0.4159587701408251,0.0055314325496857485,0.4099384587122255,0.42329466357308576,0.2507222625278049,0.4159373844447183,0.5840626155552816
sbm_3c_300_hard_s0,sbm,900,3,Louvain,{'resolution': 1.0},0.956772820400948,3,1.0986085849545473,0.6666641975308643,299,301,300.0,0.816496580927726,0.9933554817275714,0.0027216552697590774,900,16226,0.04010876282288963,36.05777777777778,5.795495909713523,56,0.5840626155552816,0.4159373844447183,0.07044176222059108,0.0013767261690632601,0.0687264673311185,21.06096334403716,0.41596166442116583,0.005640300907781478,0.4099384587122255,0.4235020901068276,0.2507217877536496,0.4159373844447183,0.5840626155552816
sbm_3c_300_hard_s0,sbm,900,3,Louvain,{'resolution': 1.2},0.7982471317110843,4,1.2768086527728042,0.7067580246913581,65,292,225.0,93.57617218074267,0.22260273972602662,0.41589409858107673,900,16226,0.04010876282288963,36.05777777777778,5.795495909713523,56,0.5292740046838407,0.4707259953161592,0.08093841977395638,0.015277768827864068,0.06963667820069204,16.706115748930117,0.5362967986097539,0.15631059200258562,0.42302984653045844,0.8051550895587589,0.23513119582361613,0.4707259953161592,0.5292740046838407
sbm_3c_300_hard_s0,sbm,900,3,Louvain,{'resolution': 1.5},0.2529703302488996,29,3.2342384085520313,0.9553753086419753,11,86,31.03448275862069,16.830765669105,0.12790697674418458,0.5423246715600325,900,16226,0.04010876282288963,36.05777777777778,5.795495909713523,56,0.18112905213854305,0.8188709478614569,0.2248802581370331,0.07374647702912884,0.12476060191518465,5.738511728978974,0.8410516461405433,0.041845869684939994,0.7047588216251212,0.8947368421052615,0.1366431885656031,0.8188709478614569,0.18112905213854305
sbm_3c_300_hard_s0,sbm,900,3,Louvain,{'resolution': 2.0},0.20207081225529253,50,3.8217104946105986,0.9761012345679012,6,49,18.0,7.9473265945222105,0.12244897959183423,0.4415181441400983,900,16226,0.04010876282288963,36.05777777777778,5.795495909713523,56,0.1425489954394182,0.8574510045605817,0.3135241932457702,0.09351373915438035,0.17091836734693863,4.711927625110808,0.8689917294720066,0.026791108403041195,0.774410774410774,0.9192825112107582,0.11849210733165394,0.8574510045605817,0.1425489954394182
sbm_3c_300_hard_s0,sbm,900,3,Louvain,{'resolution': 3.0},0.2018566402342699,86,4.412840262220516,0.9874345679012345,3,19,10.465116279069768,2.971561622253738,0.15789473684209696,0.2839492216819967,900,16226,0.04010876282288963,36.05777777777778,5.795495909713523,56,0.11216566005176876,0.8878343399482311,0.4444214462268138,0.12311085011710125,0.2514619883040921,3.900356192155458,0.8917436278680992,0.016350345157693937,0.859519408502771,0.950413223140488,0.09955924967999082,0.8878343399482311,0.11216566005176876
sbm_3c_300_hard_s0,sbm,900,3,Leiden,{'resolution': 0.5},0.0,1,-1.000088900581841e-12,0.0,900,900,900.0,0.0,0.9999999999999989,0.0,900,16226,0.04010876282288963,36.05777777777778,5.795495909713523,56,0.9999999999999999,0.0,0.04010876282288963,0.0,0.04010876282288963,36.05777777777778,0.0,0.0,0.0,0.0,0.0,0.0,0.9999999999999999
sbm_3c_300_hard_s0,sbm,900,3,Leiden,{'resolution': 0.8},0.6563295788757044,2,0.6432217401574136,0.45091111111111115,309,591,450.0,141.0,0.5228426395939078,0.31333333333333263,900,16226,0.04010876282288963,36.05777777777778,5.795495909713523,56,0.7198323678047577,0.28016763219524216,0.05852352634853685,0.010320251233104809,0.04820327511543204,24.82190790662527,0.4096233555595602,0.0,0.4096233555595602,0.4096233555595602,0.16989299380564832,0.28016763219524216,0.7198323678047577
sbm_3c_300_hard_s0,sbm,900,3,Leiden,{'resolution': 1.0},0.9675152740205991,3,1.0986085849545473,0.6666641975308643,299,301,300.0,0.816496580927726,0.9933554817275714,0.0027216552697590774,900,16226,0.04010876282288963,36.05777777777778,5.795495909713523,56,0.5840626155552816,0.4159373844447183,0.07044156468753208,0.0013400638295417348,0.06881506090808416,21.060933812844837,0.4159587701408251,0.0055314325496857485,0.4099384587122255,0.42329466357308576,0.2507222625278049,0.4159373844447183,0.5840626155552816
sbm_3c_300_hard_s0,sbm,900,3,Leiden,{'resolution': 1.2},0.8752104729856035,7,1.2879400582450504,0.7042666666666666,1,293,128.57142857142858,133.00360590477788,0.0034129692832764384,1.0344724903704865,900,16226,0.04010876282288963,36.05777777777778,5.795495909713523,56,0.5416615308763711,0.4583384691236287,0.1908240995061378,0.3326640065869454,0.0,9.801103637752961,0.7275502954788516,0.26009892482791946,0.4134156609598652,0.9999999999999721,0.24414673163420503,0.4583384691236287,0.5416615308763711
sbm_3c_300_hard_s0,sbm,900,3,Leiden,{'resolution': 1.5},0.36745591454854765,24,3.019661334919066,0.9434444444444444,15,99,37.5,22.416511771459895,0.15151515151515,0.5977736472389146,900,16226,0.04010876282288963,36.05777777777778,5.795495909713523,56,0.2081843954147664,0.7918156045852335,0.2074317515721893,0.0570899639408003,0.11317254174397029,6.416878009721063,0.8219788677122802,0.05102366644950325,0.693038859379368,0.8844133099824852,0.15154495726113443,0.7918156045852335,0.2081843954147664
sbm_3c_300_hard_s0,sbm,900,3,Leiden,{'resolution': 2.0},0.2426860790820089,48,3.8191272285593905,0.9769975308641975,6,36,18.75,6.050137739478885,0.16666666666666202,0.32267401277219,900,16226,0.04010876282288963,36.05777777777778,5.795495909713523,56,0.14267225440650805,0.8573277455934918,0.2968511248027089,0.07320319735565017,0.19841269841269787,4.895022286640649,0.8641621988391535,0.022414421105621963,0.8024502297090347,0.9134615384615341,0.11965442852847863,0.8573277455934918,0.14267225440650805
sbm_3c_300_hard_s0,sbm,900,3,Leiden,{'resolution': 3.0},0.2140810264604187,88,4.4333230089386415,0.9876296296296296,4,17,10.227272727272727,3.044097390955131,0.235294117647045,0.29764507822669484,900,16226,0.04010876282288963,36.05777777777778,5.795495909713523,56,0.11241217798594846,0.8875878220140514,0.45239901215835493,0.10117800379322761,0.283333333333331,3.8989489139054645,0.8919993885304026,0.017333642705535814,0.8541329011345205,0.9470198675496626,0.10009684595146552,0.8875878220140514,0.11241217798594846
sbm_3c_300_hard_s0,sbm,900,3,LabelProp,{'seed': 0},0.0,1,-1.000088900581841e-12,0.0,900,900,900.0,0.0,0.9999999999999989,0.0,900,16226,0.04010876282288963,36.05777777777778,5.795495909713523,56,0.9999999999999999,0.0,0.04010876282288963,0.0,0.04010876282288963,36.05777777777778,0.0,0.0,0.0,0.0,0.0,0.0,0.9999999999999999
sbm_3c_300_hard_s0,sbm,900,3,LabelProp,{'seed': 1},0.0,1,-1.000088900581841e-12,0.0,900,900,900.0,0.0,0.9999999999999989,0.0,900,16226,0.04010876282288963,36.05777777777778,5.795495909713523,56,0.9999999999999999,0.0,0.04010876282288963,0.0,0.04010876282288963,36.05777777777778,0.0,0.0,0.0,0.0,0.0,0.0,0.9999999999999999
sbm_3c_300_hard_s0,sbm,900,3,LabelProp,{'seed': 2},0.0,1,-1.000088900581841e-12,0.0,900,900,900.0,0.0,0.9999999999999989,0.0,900,16226,0.04010876282288963,36.05777777777778,5.795495909713523,56,0.9999999999999999,0.0,0.04010876282288963,0.0,0.04010876282288963,36.05777777777778,0.0,0.0,0.0,0.0,0.0,0.0,0.9999999999999999
sbm_3c_300_hard_s0,sbm,900,3,LabelProp,{'seed': 3},0.0,1,-1.000088900581841e-12,0.0,900,900,900.0,0.0,0.9999999999999989,0.0,900,16226,0.04010876282288963,36.05777777777778,5.795495909713523,56,0.9999999999999999,0.0,0.04010876282288963,0.0,0.04010876282288963,36.05777777777778,0.0,0.0,0.0,0.0,0.0,0.0,0.9999999999999999
sbm_3c_300_hard_s0,sbm,900,3,LabelProp,{'seed': 4},0.0,1,-1.000088900581841e-12,0.0,900,900,900.0,0.0,0.9999999999999989,0.0,900,16226,0.04010876282288963,36.05777777777778,5.795495909713523,56,0.9999999999999999,0.0,0.04010876282288963,0.0,0.04010876282288963,36.05777777777778,0.0,0.0,0.0,0.0,0.0,0.0,0.9999999999999999
sbm_3c_300_hard_s0,sbm,900,3,Spectral,{'k': 2},0.5706865735162939,2,0.6646054499696279,0.47173086419753085,343,557,450.0,107.0,0.615798922800717,0.23777777777777723,900,16226,0.04010876282288963,36.05777777777778,5.795495909713523,56,0.6757672870701342,0.3242327129298656,0.054502434285938525,0.006977796904281918,0.04752463738165661,23.724968725628237,0.4217910687084101,0.0,0.4217910687084101,0.4217910687084101,0.14901849407137735,0.3242327129298656,0.6757672870701342
sbm_3c_300_hard_s0,sbm,900,3,Spectral,{'k': 3},0.9194653099040441,3,1.098601189838154,0.6666592592592593,299,302,300.0,1.4142135623730951,0.9900662251655595,0.004714045207910301,900,16226,0.04010876282288963,36.05777777777778,5.795495909713523,56,0.5782078146185134,0.42179218538148644,0.06972912187151346,0.0017714641458509896,0.0677201409620435,20.84871573382947,0.42188026804191,0.009660996563686616,0.41119266055045867,0.4345952023988005,0.24484420715291244,0.42179218538148644,0.5782078146185134
sbm_3c_300_hard_s0,sbm,900,3,Spectral,{'k': 5},0.6700021344830788,5,1.564019621945772,0.7812197530864198,111,276,180.0,55.157955001975914,0.40217391304347677,0.30643308334430897,900,16226,0.04010876282288963,36.05777777777778,5.795495909713523,56,0.4028719339331936,0.5971280660668062,0.07340377714130528,0.007168497628854646,0.06322686322686322,13.230592850418608,0.633264363715911,0.11657833052003815,0.43914506233920436,0.8015934207144692,0.18262794643131564,0.5971280660668062,0.4028719339331936
sbm_3c_300_hard_s0,sbm,900,3,Spectral,{'k': 8},0.5173136121205741,8,2.0664020190863424,0.8718123456790123,79,142,112.5,17.96524422322168,0.5563380281690102,0.1596910597619691,900,16226,0.04010876282288963,36.05777777777778,5.795495909713523,56,0.25976827314187106,0.7402317268581289,0.07973112368789533,0.013661362563662235,0.05777345017851345,9.02356787999143,0.7500483742023483,0.06718529135722237,0.6538016209957545,0.8705925118138855,0.1312263212087358,0.7402317268581289,0.25976827314187106
sbm_3c_300_hard_s0,sbm,900,3,Spectral,{'k': 10},0.4443574047189845,10,2.2965690385858086,0.8988098765432099,77,103,90.0,9.818350166906862,0.7475728155339734,0.10909277963229726,900,16226,0.04010876282288963,36.05777777777778,5.795495909713523,56,0.2158880808578824,0.7841119191421175,0.08454379089669298,0.017070667721815556,0.05800588078053995,7.608107394328397,0.7893064712667105,0.05488320629605287,0.7129135538954107,0.8615629984051034,0.11448757154447711,0.7841119191421175,0.2158880808578824
sbm_3c_300_hard_s0,sbm,900,3,GreedyMod,{},0.8335537987683119,3,1.0964039575225355,0.6651753086419753,282,328,300.0,20.06655592438988,0.8597560975609729,0.06688851974796604,900,16226,0.04010876282288963,36.05777777777778,5.795495909713523,56,0.5709355355602119,0.42906446443978796,0.06904443498535805,0.0038511194989416307,0.06366077422242113,20.570817004575034,0.429689013807894,0.011525975011367413,0.4179524337226152,0.44535330639597903,0.23632663156822128,0.42906446443978796,0.5709355355602119
sbm_5c_200_clear_s0,sbm,1000,5,Louvain,{'resolution': 0.5},1.0,5,1.6094379124291003,0.7999999999999999,200,200,200.0,0.0,0.999999999999995,0.0,1000,11983,0.02398998998998999,23.966,4.5948714889537445,38,0.8312609530167736,0.1687390469832262,0.10011055276381908,0.0015437526168779847,0.0985929648241206,19.922000000000004,0.16876845589003003,0.007255442872073869,0.15756823821339946,0.1788381742738589,0.6312429910494707,0.1687390469832262,0.8312609530167736
sbm_5c_200_clear_s0,sbm,1000,5,Louvain,{'resolution': 0.8},1.0,5,1.6094379124291003,0.7999999999999999,200,200,200.0,0.0,0.999999999999995,0.0,1000,11983,0.02398998998998999,23.966,4.5948714889537445,38,0.8312609530167736,0.1687390469832262,0.10011055276381908,0.0015437526168779847,0.0985929648241206,19.922000000000004,0.16876845589003003,0.007255442872073869,0.15756823821339946,0.1788381742738589,0.6312429910494707,0.1687390469832262,0.8312609530167736
sbm_5c_200_clear_s0,sbm,1000,5,Louvain,{'resolution': 1.0},1.0,5,1.6094379124291003,0.7999999999999999,200,200,200.0,0.0,0.999999999999995,0.0,1000,11983,0.02398998998998999,23.966,4.5948714889537445,38,0.8312609530167736,0.1687390469832262,0.10011055276381908,0.0015437526168779847,0.0985929648241206,19.922000000000004,0.16876845589003003,0.007255442872073869,0.15756823821339946,0.1788381742738589,0.6312429910494707,0.1687390469832262,0.8312609530167736
sbm_5c_200_clear_s0,sbm,1000,5,Louvain,{'resolution': 1.2},1.0,5,1.6094379124291003,0.7999999999999999,200,200,200.0,0.0,0.999999999999995,0.0,1000,11983,0.02398998998998999,23.966,4.5948714889537445,38,0.8312609530167736,0.1687390469832262,0.10011055276381908,0.0015437526168779847,0.0985929648241206,19.922000000000004,0.16876845589003003,0.007255442872073869,0.15756823821339946,0.1788381742738589,0.6312429910494707,0.1687390469832262,0.8312609530167736
sbm_5c_200_clear_s0,sbm,1000,5,Louvain,{'resolution': 1.5},1.0,5,1.6094379124291003,0.7999999999999999,200,200,200.0,0.0,0.999999999999995,0.0,1000,11983,0.02398998998998999,23.966,4.5948714889537445,38,0.8312609530167736,0.1687390469832262,0.10011055276381908,0.0015437526168779847,0.0985929648241206,19.922,0.16876845589003006,0.007255442872073869,0.15756823821339946,0.1788381742738589,0.6312429910494706,0.1687390469832262,0.8312609530167736
sbm_5c_200_clear_s0,sbm,1000,5,Louvain,{'resolution': 2.0},1.0,5,1.6094379124291003,0.7999999999999999,200,200,200.0,0.0,0.999999999999995,0.0,1000,11983,0.02398998998998999,23.966,4.5948714889537445,38,0.8312609530167736,0.1687390469832262,0.10011055276381908,0.0015437526168779847,0.0985929648241206,19.922,0.16876845589003006,0.007255442872073869,0.15756823821339946,0.1788381742738589,0.6312429910494706,0.1687390469832262,0.8312609530167736
sbm_5c_200_clear_s0,sbm,1000,5,Louvain,{'resolution': 3.0},0.9222470794595158,7,1.88081529254018,0.838832,78,200,142.85714285714286,51.14525134060715,0.38999999999999807,0.3580167593842476,1000,11983,0.02398998998998999,23.966,4.5948714889537445,38,0.7169323207877826,0.28306767921221726,0.1171747080107971,0.015395333604451172,0.09864321608040201,15.840800238013355,0.3388348078978959,0.1551333664871948,0.15756823821339946,0.5555555555555552,0.5555144225049577,0.28306767921221726,0.7169323207877826
sbm_5c_200_clear_s0,sbm,1000,5,Leiden,{'resolution': 0.5},1.0,5,1.6094379124291003,0.7999999999999999,200,200,200.0,0.0,0.999999999999995,0.0,1000,11983,0.02398998998998999,23.966,4.5948714889537445,38,0.8312609530167736,0.1687390469832262,0.10011055276381908,0.0015437526168779847,0.0985929648241206,19.922000000000004,0.16876845589003003,0.007255442872073869,0.15756823821339946,0.1788381742738589,0.6312429910494707,0.1687390469832262,0.8312609530167736
sbm_5c_200_clear_s0,sbm,1000,5,Leiden,{'resolution': 0.8},1.0,5,1.6094379124291003,0.7999999999999999,200,200,200.0,0.0,0.999999999999995,0.0,1000,11983,0.02398998998998999,23.966,4.5948714889537445,38,0.8312609530167736,0.1687390469832262,0.10011055276381911,0.0015437526168779847,0.0985929648241206,19.922000000000004,0.16876845589003006,0.007255442872073869,0.15756823821339946,0.1788381742738589,0.6312429910494706,0.1687390469832262,0.8312609530167736
sbm_5c_200_clear_s0,sbm,1000,5,Leiden,{'resolution': 1.0},1.0,5,1.6094379124291003,0.7999999999999999,200,200,200.0,0.0,0.999999999999995,0.0,1000,11983,0.02398998998998999,23.966,4.5948714889537445,38,0.8312609530167736,0.1687390469832262,0.10011055276381911,0.0015437526168779847,0.0985929648241206,19.922000000000004,0.16876845589003006,0.007255442872073869,0.15756823821339946,0.1788381742738589,0.6312429910494706,0.1687390469832262,0.8312609530167736
sbm_5c_200_clear_s0,sbm,1000,5,Leiden,{'resolution': 1.2},1.0,5,1.6094379124291003,0.7999999999999999,200,200,200.0,0.0,0.999999999999995,0.0,1000,11983,0.02398998998998999,23.966,4.5948714889537445,38,0.8312609530167736,0.1687390469832262,0.10011055276381908,0.0015437526168779847,0.0985929648241206,19.922,0.16876845589003003,0.007255442872073869,0.15756823821339946,0.1788381742738589,0.6312429910494707,0.1687390469832262,0.8312609530167736
sbm_5c_200_clear_s0,sbm,1000,5,Leiden,{'resolution': 1.5},1.0,5,1.6094379124291003,0.7999999999999999,200,200,200.0,0.0,0.999999999999995,0.0,1000,11983,0.02398998998998999,23.966,4.5948714889537445,38,0.8312609530167736,0.1687390469832262,0.10011055276381911,0.0015437526168779847,0.0985929648241206,19.922000000000004,0.16876845589003006,0.007255442872073869,0.15756823821339946,0.1788381742738589,0.6312429910494706,0.1687390469832262,0.8312609530167736
sbm_5c_200_clear_s0,sbm,1000,5,Leiden,{'resolution': 2.0},1.0,5,1.6094379124291003,0.7999999999999999,200,200,200.0,0.0,0.999999999999995,0.0,1000,11983,0.02398998998998999,23.966,4.5948714889537445,38,0.8312609530167736,0.1687390469832262,0.10011055276381911,0.0015437526168779847,0.0985929648241206,19.922000000000004,0.16876845589003006,0.007255442872073869,0.15756823821339946,0.1788381742738589,0.6312429910494706,0.1687390469832262,0.8312609530167736
sbm_5c_200_clear_s0,sbm,1000,5,Leiden,{'resolution': 3.0},0.9577430768988261,7,1.751459078107686,0.81982,1,200,142.85714285714286,73.01942710466768,0.004999999999999975,0.5111359897326703,1000,11983,0.02398998998998999,23.966,4.5948714889537445,38,0.7725945088875906,0.2274054911124092,0.0941737840139334,0.04059553573042386,0.0,15.01020016229255,0.3737645615949809,0.2908221358008769,0.15756823821339946,0.9999999999999644,0.5926547385841868,0.2274054911124092,0.7725945088875906
sbm_5c_200_clear_s0,sbm,1000,5,LabelProp,{'seed': 0},0.7918756684685213,3,1.0549201679831441,0.6399999999999999,200,400,333.3333333333333,94.28090415820634,0.4999999999999987,0.2828427124746182,1000,11983,0.02398998998998999,23.966,4.5948714889537445,38,0.8640574146707835,0.13594258532921638,0.0681323702892071,0.02214296879861912,0.05244360902255639,20.555000000000003,0.1430416471160949,0.025320319582565812,0.1243469174503657,0.1788381742738589,0.5045028079467415,0.13594258532921638,0.8640574146707835
sbm_5c_200_clear_s0,sbm,1000,5,LabelProp,{'seed': 1},0.7918756684685213,3,1.0549201679831441,0.6399999999999999,200,400,333.3333333333333,94.28090415820634,0.4999999999999987,0.2828427124746182,1000,11983,0.02398998998998999,23.966,4.5948714889537445,38,0.8640574146707835,0.13594258532921638,0.0681323702892071,0.02214296879861912,0.05244360902255639,20.555000000000003,0.1430416471160949,0.025320319582565812,0.1243469174503657,0.1788381742738589,0.5045028079467415,0.13594258532921638,0.8640574146707835
sbm_5c_200_clear_s0,sbm,1000,5,LabelProp,{'seed': 2},0.7918756684685213,3,1.0549201679831441,0.6399999999999999,200,400,333.3333333333333,94.28090415820634,0.4999999999999987,0.2828427124746182,1000,11983,0.02398998998998999,23.966,4.5948714889537445,38,0.8640574146707835,0.13594258532921638,0.0681323702892071,0.02214296879861912,0.05244360902255639,20.555000000000003,0.1430416471160949,0.025320319582565812,0.1243469174503657,0.1788381742738589,0.5045028079467415,0.13594258532921638,0.8640574146707835
sbm_5c_200_clear_s0,sbm,1000,5,LabelProp,{'seed': 3},0.7918756684685213,3,1.0549201679831441,0.6399999999999999,200,400,333.3333333333333,94.28090415820634,0.4999999999999987,0.2828427124746182,1000,11983,0.02398998998998999,23.966,4.5948714889537445,38,0.8640574146707835,0.13594258532921638,0.0681323702892071,0.02214296879861912,0.05244360902255639,20.555000000000003,0.1430416471160949,0.025320319582565812,0.1243469174503657,0.1788381742738589,0.5045028079467415,0.13594258532921638,0.8640574146707835
sbm_5c_200_clear_s0,sbm,1000,5,LabelProp,{'seed': 4},0.7918756684685213,3,1.0549201679831441,0.6399999999999999,200,400,333.3333333333333,94.28090415820634,0.4999999999999987,0.2828427124746182,1000,11983,0.02398998998998999,23.966,4.5948714889537445,38,0.8640574146707835,0.13594258532921638,0.0681323702892071,0.02214296879861912,0.05244360902255639,20.555000000000003,0.1430416471160949,0.025320319582565812,0.1243469174503657,0.1788381742738589,0.5045028079467415,0.13594258532921638,0.8640574146707835
sbm_5c_200_clear_s0,sbm,1000,5,Spectral,{'k': 2},0.4743509876140318,2,0.5004024235361879,0.31999999999999984,200,800,500.0,300.0,0.24999999999999967,0.5999999999999988,1000,11983,0.02398998998998999,23.966,4.5948714889537445,38,0.9364099140448968,0.06359008595510306,0.06554886447255048,0.03681294457267564,0.028735919899874843,21.665,0.15756823821339946,0.0,0.15756823821339946,0.15756823821339946,0.25854657139701975,0.06359008595510306,0.9364099140448968
sbm_5c_200_clear_s0,sbm,1000,5,Spectral,{'k': 3},0.7424834172925041,3,0.9502705392302345,0.5599999999999999,200,600,333.3333333333333,188.56180831641268,0.33333333333333276,0.5656854249492363,1000,11983,0.02398998998998999,23.966,4.5948714889537445,38,0.8850037553200366,0.11499624467996326,0.08010261845305176,0.030877157794103917,0.03643850862548692,20.798888888888893,0.14863886142490454,0.017568303097723767,0.12409513960703203,0.16425320645428212,0.44777611978871645,0.11499624467996326,0.8850037553200366
sbm_5c_200_clear_s0,sbm,1000,5,Spectral,{'k': 5},1.0,5,1.6094379124291003,0.7999999999999999,200,200,200.0,0.0,0.999999999999995,0.0,1000,11983,0.02398998998998999,23.966,4.5948714889537445,38,0.8312609530167736,0.1687390469832262,0.10011055276381911,0.0015437526168779847,0.0985929648241206,19.922,0.16876845589003006,0.007255442872073869,0.15756823821339946,0.1788381742738589,0.6312429910494707,0.1687390469832262,0.8312609530167736
sbm_5c_200_clear_s0,sbm,1000,5,Spectral,{'k': 8},0.8944090738514806,8,1.9653359825694845,0.846542,50,200,125.0,59.64268605621313,0.24999999999999875,0.4771414884497012,1000,11983,0.02398998998998999,23.966,4.5948714889537445,38,0.6619377451389468,0.3380622548610531,0.1179829925610357,0.02593755287010151,0.09280037400654509,13.527856984007881,0.43466129210890353,0.20705892040706944,0.15756823821339946,0.6461405030355589,0.5078937073006755,0.3380622548610531,0.6619377451389468
sbm_5c_200_clear_s0,sbm,1000,5,Spectral,{'k': 10},0.8455906790036982,10,2.1848248062461564,0.8728779999999999,59,200,100.0,52.078786468196434,0.29499999999999854,0.5207878646819591,1000,11983,0.02398998998998999,23.966,4.5948714889537445,38,0.5763998998581322,0.4236001001418676,0.12062452294175478,0.020478837661525768,0.09771825396825393,11.418029031591365,0.522921804564896,0.1969554272998762,0.15756823821339946,0.7419777341191875,0.44864105829526824,0.4236001001418676,0.5763998998581322
sbm_5c_200_clear_s0,sbm,1000,5,GreedyMod,{},0.984347999232397,5,1.6094129120749203,0.79999,198,202,200.0,1.4142135623730951,0.9801980198019754,0.007071067811865441,1000,11983,0.02398998998998999,23.966,4.5948714889537445,38,0.8286739547692563,0.17132604523074352,0.09980364077919235,0.0016594836112319691,0.09791044776119404,19.859954845045745,0.17136361209961065,0.007237754459365566,0.1602300739523418,0.1822148348223561,0.6286509507484764,0.17132604523074352,0.8286739547692563
sbm_5c_200_moderate_s0,sbm,1000,5,Louvain,{'resolution': 0.5},0.41535588247443644,96,3.0560175172168083,0.8633379999999999,1,304,10.416666666666666,36.26369473117094,0.0032894736842105153,3.4813146941920765,1000,13053,0.02613213213213213,26.106,5.102623246919177,42,0.309890446640619,0.6901095533593808,0.4631107178111466,0.37860348485516515,0.0,1.9996682915389876,0.9221102270205531,0.08205549393718696,0.47878638381845084,0.9999999999999815,0.16998832010476017,0.6901095533593808,0.309890446640619
sbm_5c_200_moderate_s0,sbm,1000,5,Louvain,{'resolution': 0.8},0.9629399708156147,5,1.60935290707408,0.799966,196,204,200.0,2.6076809620810595,0.9607843137254856,0.013038404810405232,1000,13053,0.02613213213213213,26.106,5.102623246919177,42,0.5380372328200413,0.46196276717995854,0.0706120624883559,0.002117931334675875,0.06693711967545639,14.04770208979114,0.4619809288114243,0.0036757941113684123,0.4577464788732394,0.4663857498563493,0.33797357717675824,0.46196276717995854,0.5380372328200413
sbm_5c_200_moderate_s0,sbm,1000,5,Louvain,{'resolution': 1.0},0.9726187267038414,5,1.6094129120749203,0.79999,198,202,200.0,1.4142135623730951,0.9801980198019754,0.007071067811865441,1000,13053,0.02613213213213213,26.106,5.102623246919177,42,0.5384202865241706,0.46157971347582927,0.07064194820095579,0.0017135492362909783,0.06787842963400818,14.056519293720418,0.46160500660058634,0.0040058445426169285,0.4564459930313588,0.4663857498563493,0.3383604634721508,0.46157971347582927,0.5384202865241706
sbm_5c_200_moderate_s0,sbm,1000,5,Louvain,{'resolution': 1.2},0.9726187267038413,5,1.6094129120749203,0.79999,198,202,200.0,1.4142135623730951,0.9801980198019754,0.007071067811865441,1000,13053,0.02613213213213213,26.106,5.102623246919177,42,0.5384202865241706,0.46157971347582927,0.07064194820095579,0.0017135492362909783,0.06787842963400818,14.056519293720418,0.46160500660058634,0.0040058445426169285,0.4564459930313588,0.4663857498563493,0.33836046347215076,0.46157971347582927,0.5384202865241706
sbm_5c_200_moderate_s0,sbm,1000,5,Louvain,{'resolution': 1.5},0.9116687950585319,6,1.6319942081076069,0.8016179999999999,5,214,166.66666666666666,72.70411878902658,0.023364485981308303,0.4362247127341569,1000,13053,0.02613213213213213,26.106,5.102623246919177,42,0.5326744809622308,0.46732551903776903,0.19217570204803294,0.27184278922324323,0.06559606862357949,12.165217952058848,0.5302443444073789,0.1439003281349894,0.4587255611875452,0.851851851851844,0.3339735609542739,0.46732551903776903,0.5326744809622308
sbm_5c_200_moderate_s0,sbm,1000,5,Louvain,{'resolution': 2.0},0.5415676334113121,26,3.0253669272444355,0.942702,3,115,38.46153846153846,26.916152955814997,0.026086956521738904,0.6998199768511717,1000,13053,0.02613213213213213,26.106,5.102623246919177,42,0.26568604918409555,0.7343139508159043,0.20925667817708757,0.11688296971961969,0.0852784134248665,5.576929249050988,0.7863687505797008,0.07723838168000115,0.613816925734024,0.9354838709677268,0.20878424752637484,0.7343139508159043,0.26568604918409555
sbm_5c_200_moderate_s0,sbm,1000,5,Louvain,{'resolution': 3.0},0.37272609515174926,65,4.101920518512357,0.98238,3,34,15.384615384615385,5.864344170014128,0.08823529411764446,0.38118237105089353,1000,13053,0.02613213213213213,26.106,5.102623246919177,42,0.16555581092469163,0.8344441890753083,0.3070970998525613,0.08433636508135975,0.172905525846702,4.00814072361185,0.8461287540733359,0.032639554555380375,0.7774524158125904,0.959183673469378,0.14781623967990434,0.8344441890753083,0.16555581092469163
sbm_5c_200_moderate_s0,sbm,1000,5,Leiden,{'resolution': 0.5},0.0,1,-1.000088900581841e-12,0.0,1000,1000,1000.0,0.0,0.999999999999999,0.0,1000,13053,0.02613213213213213,26.106,5.102623246919177,42,0.9999999999999999,0.0,0.02613213213213213,0.0,0.02613213213213213,26.106,0.0,0.0,0.0,0.0,0.0,0.0,0.9999999999999999
sbm_5c_200_moderate_s0,sbm,1000,5,Leiden,{'resolution': 0.8},0.8475256801099804,4,1.338855607895416,0.723848,200,390,250.0,80.85790004693419,0.5128205128205114,0.3234316001877355,1000,13053,0.02613213213213213,26.106,5.102623246919177,42,0.5806328047192215,0.4193671952807783,0.06341754320234708,0.01197274359085254,0.042686704897501815,14.823893416216373,0.4332246765322815,0.04436643381718601,0.3568378190485648,0.46638655462184864,0.3060257948417184,0.4193671952807783,0.5806328047192215
sbm_5c_200_moderate_s0,sbm,1000,5,Leiden,{'resolution': 1.0},0.972613962756365,5,1.6093979863939143,0.799984,198,203,200.0,1.7888543819998317,0.9753694581280741,0.008944271909999114,1000,13053,0.02613213213213213,26.106,5.102623246919177,42,0.5384202865241706,0.46157971347582927,0.0706477187934477,0.0018427810246078734,0.06740477003365361,14.0568887800341,0.46160235003201455,0.004046698736612509,0.4564459930313588,0.4663857498563493,0.3383600643661693,0.46157971347582927,0.5384202865241706
sbm_5c_200_moderate_s0,sbm,1000,5,Leiden,{'resolution': 1.2},0.9746242791011737,6,1.6157087252633537,0.800388,1,202,166.66666666666666,74.10053231177822,0.004950495049504926,0.4446031938706667,1000,13053,0.02613213213213213,26.106,5.102623246919177,42,0.5381138435608671,0.4618861564391327,0.05895204226126551,0.026408642931051482,0.0,11.718707451634685,0.5513003372089964,0.20069787499971795,0.4564459930313588,0.9999999999999413,0.33831089509617246,0.4618861564391327,0.5381138435608671
sbm_5c_200_moderate_s0,sbm,1000,5,Leiden,{'resolution': 1.5},0.9593405864630093,11,1.678468429752019,0.8051119999999999,1,200,90.9090909090909,97.22462701997654,0.004999999999999975,1.0694708972197302,1000,13053,0.02613213213213213,26.106,5.102623246919177,42,0.5322148165172756,0.4677851834827242,0.22950599761750617,0.32202016326247684,0.0,6.784418481072842,0.7390084283881926,0.253638085148148,0.4564459930313588,0.9999999999999525,0.33650913994662396,0.4677851834827242,0.5322148165172756
sbm_5c_200_moderate_s0,sbm,1000,5,Leiden,{'resolution': 2.0},0.5074310731102185,28,3.1806873182283706,0.952644,11,98,35.714285714285715,20.390574052833372,0.11224489795918254,0.5709360734793184,1000,13053,0.02613213213213213,26.106,5.102623246919177,42,0.24729947138588826,0.7527005286141116,0.1970065043910123,0.07400514368497113,0.10204081632653059,5.6061292951145445,0.784973592247527,0.057445614402241905,0.6159936658749008,0.8560606060606027,0.19988276085718082,0.7527005286141116,0.24729947138588826
sbm_5c_200_moderate_s0,sbm,1000,5,Leiden,{'resolution': 3.0},0.38928449771692075,68,4.149877423810425,0.98317,3,32,14.705882352941176,5.5890092343324405,0.09374999999999707,0.3800526279345801,1000,13053,0.02613213213213213,26.106,5.102623246919177,42,0.16494292499808472,0.8350570750019152,0.32841589839242835,0.11211375676006098,0.19202898550724568,4.0337942010411725,0.84524553041455,0.028725388003900527,0.7668269230769221,0.9189189189189065,0.14803317432305424,0.8350570750019152,0.16494292499808472
sbm_5c_200_moderate_s0,sbm,1000,5,LabelProp,{'seed': 0},0.0,1,-1.000088900581841e-12,0.0,1000,1000,1000.0,0.0,0.999999999999999,0.0,1000,13053,0.02613213213213213,26.106,5.102623246919177,42,0.9999999999999999,0.0,0.02613213213213213,0.0,0.02613213213213213,26.106,0.0,0.0,0.0,0.0,0.0,0.0,0.9999999999999999
sbm_5c_200_moderate_s0,sbm,1000,5,LabelProp,{'seed': 1},0.0,1,-1.000088900581841e-12,0.0,1000,1000,1000.0,0.0,0.999999999999999,0.0,1000,13053,0.02613213213213213,26.106,5.102623246919177,42,0.9999999999999999,0.0,0.02613213213213213,0.0,0.02613213213213213,26.106,0.0,0.0,0.0,0.0,0.0,0.0,0.9999999999999999
sbm_5c_200_moderate_s0,sbm,1000,5,LabelProp,{'seed': 2},0.0,1,-1.000088900581841e-12,0.0,1000,1000,1000.0,0.0,0.999999999999999,0.0,1000,13053,0.02613213213213213,26.106,5.102623246919177,42,0.9999999999999999,0.0,0.02613213213213213,0.0,0.02613213213213213,26.106,0.0,0.0,0.0,0.0,0.0,0.0,0.9999999999999999
sbm_5c_200_moderate_s0,sbm,1000,5,LabelProp,{'seed': 3},0.0,1,-1.000088900581841e-12,0.0,1000,1000,1000.0,0.0,0.999999999999999,0.0,1000,13053,0.02613213213213213,26.106,5.102623246919177,42,0.9999999999999999,0.0,0.02613213213213213,0.0,0.02613213213213213,26.106,0.0,0.0,0.0,0.0,0.0,0.0,0.9999999999999999
sbm_5c_200_moderate_s0,sbm,1000,5,LabelProp,{'seed': 4},0.0,1,-1.000088900581841e-12,0.0,1000,1000,1000.0,0.0,0.999999999999999,0.0,1000,13053,0.02613213213213213,26.106,5.102623246919177,42,0.9999999999999999,0.0,0.02613213213213213,0.0,0.02613213213213213,26.106,0.0,0.0,0.0,0.0,0.0,0.0,0.9999999999999999
sbm_5c_200_moderate_s0,sbm,1000,5,Spectral,{'k': 2},0.4603780213224012,2,0.6796382396050922,0.4865520000000001,418,582,500.0,82.0,0.7182130584192428,0.16399999999999967,1000,13053,0.02613213213213213,26.106,5.102623246919177,42,0.7073469700452002,0.29265302995479964,0.03711465696811296,0.0033773513391168568,0.0337373056289961,18.243271017280783,0.3511674940246368,0.0,0.3511674940246368,0.3511674940246368,0.19346446465106285,0.29265302995479964,0.7073469700452002
sbm_5c_200_moderate_s0,sbm,1000,5,Spectral,{'k': 3},0.6663025428655986,3,1.0724499030099288,0.6503140000000001,229,389,333.3333333333333,73.8301353709235,0.5886889460154227,0.22149040611276982,1000,13053,0.02613213213213213,26.106,5.102623246919177,42,0.6185551214280242,0.38144487857197573,0.049189693953732294,0.007390540764321058,0.043940317493970794,15.802086255478253,0.3943517130639911,0.0579637787078575,0.34369124195942596,0.4754926730672056,0.268393780780792,0.38144487857197573,0.6185551214280242
sbm_5c_200_moderate_s0,sbm,1000,5,Spectral,{'k': 5},0.9478510961116001,5,1.6094028869073096,0.799986,198,202,200.0,1.6733200530681511,0.9801980198019754,0.008366600265340715,1000,13053,0.02613213213213213,26.106,5.102623246919177,42,0.5345897494828774,0.4654102505171224,0.0701161508832147,0.0012277917541701994,0.0691542288557214,13.95407063094369,0.46548549333596434,0.006272946598928846,0.4577237317119513,0.47610756432578827,0.334501786524561,0.4654102505171224,0.5345897494828774
sbm_5c_200_moderate_s0,sbm,1000,5,Spectral,{'k': 8},0.8194541339722153,8,2.019566044951153,0.859512,71,195,125.0,44.0,0.36410256410256225,0.3519999999999972,1000,13053,0.02613213213213213,26.106,5.102623246919177,42,0.4194438060216042,0.5805561939783956,0.08579880838384431,0.011555931255002412,0.07010309278350516,10.164283267329438,0.6104680953780809,0.08645053593862047,0.47182674954882686,0.7214912280701751,0.2790318069214004,0.5805561939783956,0.4194438060216042
sbm_5c_200_moderate_s0,sbm,1000,5,Spectral,{'k': 10},0.7509380134575269,10,2.2852136137068277,0.8965339999999999,73,130,100.0,18.61719635176038,0.5615384615384572,0.18617196351760196,1000,13053,0.02613213213213213,26.106,5.102623246919177,42,0.33402283000076605,0.6659771699992338,0.08562828654925281,0.0076594199294472325,0.07078763708873378,8.453385770574359,0.6758678758828819,0.05576760480799052,0.5826186392224126,0.7898909811694744,0.22977037572347717,0.6659771699992338,0.33402283000076605
sbm_5c_200_moderate_s0,sbm,1000,5,GreedyMod,{},0.6530428397932807,4,1.3245857653099886,0.7179800000000001,147,393,250.0,89.47066558375433,0.37404580152671657,0.35788266233501587,1000,13053,0.02613213213213213,26.106,5.102623246919177,42,0.5582624683980694,0.4417375316019305,0.06044299177272233,0.012276450183331363,0.041400529677519865,13.955016872123025,0.46481056956187117,0.0662434718174377,0.377087606211544,0.5629709364908503,0.27558717895276574,0.4417375316019305,0.5582624683980694
sbm_5c_200_hard_s0,sbm,1000,5,Louvain,{'resolution': 0.5},0.1712388313559424,127,3.9489336346978963,0.9586,1,136,7.874015748031496,16.2475883739174,0.007352941176470534,2.0634437234872474,1000,12864,0.025753753753753755,25.728,4.905916428150809,45,0.16495646766169153,0.8350435323383083,0.48257291839483213,0.38855285543219237,0.0,1.9666190977956113,0.9235588582325305,0.061592075026112636,0.7143673236218222,0.9999999999999697,0.12355867233232935,0.8350435323383083,0.16495646766169153
sbm_5c_200_hard_s0,sbm,1000,5,Louvain,{'resolution': 0.8},0.061013098177530686,21,1.9190591363240894,0.801684,1,301,47.61904761904762,84.71154202039956,0.0033222591362126134,1.7789423824283532,1000,12864,0.025753753753753755,25.728,4.905916428150809,45,0.36388370646766166,0.6361162935323382,0.449028014987336,0.3733464100385251,0.0,3.9127104489471662,0.8449210717900286,0.12429671831860511,0.5367580790524011,0.9999999999999818,0.16394606472457357,0.6361162935323382,0.36388370646766166
sbm_5c_200_hard_s0,sbm,1000,5,Louvain,{'resolution': 1.0},0.08477337608908782,10,2.2276528986310113,0.885862,48,152,100.0,37.600531911131256,0.31578947368420845,0.3760053191113088,1000,12864,0.025753753753753755,25.728,4.905916428150809,45,0.2886349502487562,0.7113650497512437,0.07787886353664553,0.02107097970258418,0.05838271174625304,6.964634954559512,0.7293098293606046,0.04785957467156099,0.6613596158706089,0.7892234548335969,0.1743817545512487,0.7113650497512437,0.2886349502487562
sbm_5c_200_hard_s0,sbm,1000,5,Louvain,{'resolution': 1.2},0.06606029060853508,19,2.8737163231695746,0.940318,13,87,52.63157894736842,19.263301696328366,0.14942528735632013,0.366002732230232,1000,12864,0.025753753753753755,25.728,4.905916428150809,45,0.2243470149253731,0.7756529850746268,0.12088162592129749,0.049073067350605896,0.07778668805132316,5.483810559396898,0.7871843747273898,0.032562063125959745,0.7343678685531717,0.8545454545454519,0.16496148027643961,0.7756529850746268,0.2243470149253731
sbm_5c_200_hard_s0,sbm,1000,5,Louvain,{'resolution': 1.5},0.10190747015782207,32,3.4032898137694403,0.965122,9,52,31.25,10.647769719523428,0.17307692307691974,0.3407286310247388,1000,12864,0.025753753753753755,25.728,4.905916428150809,45,0.18462375621890545,0.8153762437810944,0.169690359639107,0.06367240547765661,0.10859728506787322,4.5520517710203405,0.8232599505075118,0.02386887295787868,0.7877671333824607,0.8744769874476951,0.14973441360227005,0.8153762437810944,0.18462375621890545
sbm_5c_200_hard_s0,sbm,1000,5,Louvain,{'resolution': 2.0},0.11852931022852348,52,3.902518349860933,0.978986,7,35,19.23076923076923,5.856013952193422,0.19999999999999427,0.3045127255140421,1000,12864,0.025753753753753755,25.728,4.905916428150809,45,0.160136815920398,0.8398631840796019,0.23991347699219137,0.0710700324872446,0.13781512605041993,3.9936883948090935,0.8450692782682245,0.020085080336428474,0.8112773302646711,0.8883720930232517,0.13924384788104716,0.8398631840796019,0.160136815920398
sbm_5c_200_hard_s0,sbm,1000,5,Louvain,{'resolution': 3.0},0.14294435338441527,83,4.375705688943486,0.98694,5,19,12.048192771084338,3.491482284238682,0.26315789473682827,0.28979302959178654,1000,12864,0.025753753753753755,25.728,4.905916428150809,45,0.13938121890547261,0.8606187810945273,0.340400754992861,0.09396186819654476,0.21052631578947245,3.4746171863539166,0.864902903806711,0.017156174385715692,0.8276643990929686,0.9005524861878403,0.12629369573927623,0.8606187810945273,0.13938121890547261
sbm_5c_200_hard_s0,sbm,1000,5,Leiden,{'resolution': 0.5},0.0,1,-1.000088900581841e-12,0.0,1000,1000,1000.0,0.0,0.999999999999999,0.0,1000,12864,0.025753753753753755,25.728,4.905916428150809,45,0.9999999999999999,0.0,0.025753753753753755,0.0,0.025753753753753755,25.728,0.0,0.0,0.0,0.0,0.0,0.0,0.9999999999999999
sbm_5c_200_hard_s0,sbm,1000,5,Leiden,{'resolution': 0.8},0.028839723969074894,2,0.6901020884387327,0.496958,461,539,500.0,39.0,0.8552875695732822,0.07799999999999985,1000,12864,0.025753753753753755,25.728,4.905916428150809,45,0.6366604477611939,0.36333955223880593,0.03277195005244297,0.0009354912377579211,0.03183645881468505,16.31671891789648,0.3953645745220774,0.0,0.3953645745220774,0.3953645745220774,0.13337984701415184,0.36333955223880593,0.6366604477611939
sbm_5c_200_hard_s0,sbm,1000,5,Leiden,{'resolution': 1.0},0.08707992185380538,9,2.178459554957603,0.884696,84,141,111.11111111111111,21.58417344282325,0.5957446808510596,0.1942575609854075,1000,12864,0.025753753753753755,25.728,4.905916428150809,45,0.29726368159203975,0.7027363184079601,0.06974381685319253,0.007533949243161917,0.06008105369807496,7.519126212963908,0.7079555558468172,0.028184488936871116,0.6724661695664179,0.7456492637215526,0.18226018599574426,0.7027363184079601,0.29726368159203975
sbm_5c_200_hard_s0,sbm,1000,5,Leiden,{'resolution': 1.2},0.10079241251351331,17,2.746674251262918,0.93186,20,85,58.8235294117647,23.409991064947025,0.23529411764705607,0.3979698481040927,1000,12864,0.025753753753753755,25.728,4.905916428150809,45,0.2415267412935323,0.7584732587064675,0.11530519248404335,0.03859944241393853,0.08039215686274508,5.812745527627613,0.7737792468144582,0.03920277426936608,0.725776965265082,0.8443579766536948,0.173294875247712,0.7584732587064675,0.2415267412935323
sbm_5c_200_hard_s0,sbm,1000,5,Leiden,{'resolution': 1.5},0.08929437267151223,31,3.3731851620754623,0.964154,10,55,32.25806451612903,10.758245875532792,0.1818181818181785,0.3335056221415062,1000,12864,0.025753753753753755,25.728,4.905916428150809,45,0.1923196517412935,0.8076803482587064,0.1731946397572169,0.06656077807344533,0.10909090909090903,4.77045187064416,0.8147251716327572,0.022776985397354337,0.7710247349823317,0.8759124087591208,0.15645723944120352,0.8076803482587064,0.1923196517412935
sbm_5c_200_hard_s0,sbm,1000,5,Leiden,{'resolution': 2.0},0.1419773106578951,49,3.8397316235878507,0.977508,8,37,20.408163265306122,6.521294373042445,0.21621621621621037,0.3195434242790642,1000,12864,0.025753753753753755,25.728,4.905916428150809,45,0.16728855721393032,0.8327114427860696,0.23321574555903585,0.06361979993856848,0.13513513513513492,4.150535746709016,0.8385864818403841,0.01982020573394538,0.8043165467625888,0.8849557522123855,0.1447909904622178,0.8327114427860696,0.16728855721393032
sbm_5c_200_hard_s0,sbm,1000,5,Leiden,{'resolution': 3.0},0.1571468360743473,80,4.3571567511029565,0.98688,7,20,12.5,2.7838821814150108,0.34999999999998255,0.22271057451318305,1000,12864,0.025753753753753755,25.728,4.905916428150809,45,0.1429570895522388,0.857042910447761,0.32760955483284615,0.06261660765548538,0.22222222222222093,3.6133414114480296,0.8595518573207123,0.01457846294853296,0.8276553106212408,0.8921568627450936,0.12982806652855894,0.857042910447761,0.1429570895522388
sbm_5c_200_hard_s0,sbm,1000,5,LabelProp,{'seed': 0},0.0,1,-1.000088900581841e-12,0.0,1000,1000,1000.0,0.0,0.999999999999999,0.0,1000,12864,0.025753753753753755,25.728,4.905916428150809,45,0.9999999999999999,0.0,0.025753753753753755,0.0,0.025753753753753755,25.728,0.0,0.0,0.0,0.0,0.0,0.0,0.9999999999999999
sbm_5c_200_hard_s0,sbm,1000,5,LabelProp,{'seed': 1},0.0,1,-1.000088900581841e-12,0.0,1000,1000,1000.0,0.0,0.999999999999999,0.0,1000,12864,0.025753753753753755,25.728,4.905916428150809,45,0.9999999999999999,0.0,0.025753753753753755,0.0,0.025753753753753755,25.728,0.0,0.0,0.0,0.0,0.0,0.0,0.9999999999999999
sbm_5c_200_hard_s0,sbm,1000,5,LabelProp,{'seed': 2},0.0,1,-1.000088900581841e-12,0.0,1000,1000,1000.0,0.0,0.999999999999999,0.0,1000,12864,0.025753753753753755,25.728,4.905916428150809,45,0.9999999999999999,0.0,0.025753753753753755,0.0,0.025753753753753755,25.728,0.0,0.0,0.0,0.0,0.0,0.0,0.9999999999999999
sbm_5c_200_hard_s0,sbm,1000,5,LabelProp,{'seed': 3},0.0,1,-1.000088900581841e-12,0.0,1000,1000,1000.0,0.0,0.999999999999999,0.0,1000,12864,0.025753753753753755,25.728,4.905916428150809,45,0.9999999999999999,0.0,0.025753753753753755,0.0,0.025753753753753755,25.728,0.0,0.0,0.0,0.0,0.0,0.0,0.9999999999999999
sbm_5c_200_hard_s0,sbm,1000,5,LabelProp,{'seed': 4},0.0,1,-1.000088900581841e-12,0.0,1000,1000,1000.0,0.0,0.999999999999999,0.0,1000,12864,0.025753753753753755,25.728,4.905916428150809,45,0.9999999999999999,0.0,0.025753753753753755,0.0,0.025753753753753755,25.728,0.0,0.0,0.0,0.0,0.0,0.0,0.9999999999999999
sbm_5c_200_hard_s0,sbm,1000,5,Spectral,{'k': 2},0.0986888890075129,2,0.6922649210668046,0.49911799999999995,479,521,500.0,21.0,0.9193857965451038,0.04199999999999991,1000,12864,0.025753753753753755,25.728,4.905916428150809,45,0.6022232587064675,0.3977767412935323,0.031019412256738748,0.0002870927528261548,0.030732319503912593,15.472657768303286,0.41652421652421645,0.0,0.41652421652421645,0.41652421652421645,0.10121033888683909,0.3977767412935323,0.6022232587064675
sbm_5c_200_hard_s0,sbm,1000,5,Spectral,{'k': 3},0.20029984533203662,3,1.093771342213925,0.663498,289,366,333.3333333333333,32.49957264676295,0.7896174863387956,0.09749871794028855,1000,12864,0.025753753753753755,25.728,4.905916428150809,45,0.4684390547263681,0.5315609452736317,0.036517970409466256,0.003203323595077426,0.032727000523991315,12.034126136583795,0.5328235041131911,0.016963900943895226,0.5164588248511403,0.5561982384645721,0.1329010743226885,0.5315609452736317,0.4684390547263681
sbm_5c_200_hard_s0,sbm,1000,5,Spectral,{'k': 5},0.3336065121895256,5,1.6006827989586216,0.796474,168,234,200.0,26.55560204551951,0.7179487179487148,0.1327780102275969,1000,12864,0.025753753753753755,25.728,4.905916428150809,45,0.35160136815920395,0.6483986318407959,0.04485284129977704,0.002697942536518628,0.040220730458527705,8.905260125767871,0.653770193830914,0.03812696139267758,0.6060556731238808,0.7004871849184493,0.14697801029058685,0.6483986318407959,0.35160136815920395
sbm_5c_200_hard_s0,sbm,1000,5,Spectral,{'k': 8},0.25473649296247797,8,2.0685354851606266,0.872298,102,154,125.0,18.377975949489105,0.662337662337658,0.14702380759591166,1000,12864,0.025753753753753755,25.728,4.905916428150809,45,0.25474191542288555,0.7452580845771143,0.05182669956358292,0.006219010827467561,0.04269192913385826,6.4172067996397795,0.7506715854262874,0.04148613280052743,0.6746108949416341,0.8029827315541599,0.1262528122611832,0.7452580845771143,0.25474191542288555
sbm_5c_200_hard_s0,sbm,1000,5,Spectral,{'k': 10},0.2387514850275465,10,2.2893456663082734,0.897448,73,123,100.0,15.974980438172686,0.5934959349593448,0.15974980438172529,1000,12864,0.025753753753753755,25.728,4.905916428150809,45,0.21703980099502485,0.782960199004975,0.055715116702727795,0.010025346366138046,0.03925353925353925,5.470973032887473,0.7877010218544352,0.04273511196600675,0.7236265588136163,0.8483412322274878,0.1142848939140971,0.782960199004975,0.21703980099502485
sbm_5c_200_hard_s0,sbm,1000,5,GreedyMod,{},0.04167891826887462,5,1.3374041567170365,0.724256,2,322,200.0,123.08046148759762,0.006211180124223583,0.6154023074379851,1000,12864,0.025753753753753755,25.728,4.905916428150809,45,0.4405317164179104,0.5594682835820894,0.23553426363372393,0.3822737815553533,0.03900853311661926,8.625587271580486,0.664079487495751,0.1704330536580224,0.5109763493026075,0.9583333333333134,0.16419794332809676,0.5594682835820894,0.4405317164179104
sbm_3c_30_clear_s0,sbm,90,3,Louvain,{'resolution': 0.5},1.0,3,1.0986122886651097,0.6666666666666667,30,30,30.0,0.0,0.9999999999999667,0.0,90,678,0.1692883895131086,15.066666666666666,2.8158282775923835,22,0.9188790560471962,0.08112094395280224,0.47739463601532456,0.01682337042153266,0.46436781609195293,13.844444444444443,0.08129962059874431,0.006337080071411455,0.07234042553191473,0.08597285067873284,0.5852803230044987,0.08112094395280224,0.9188790560471962
sbm_3c_30_clear_s0,sbm,90,3,Louvain,{'resolution': 0.8},1.0,3,1.0986122886651097,0.6666666666666667,30,30,30.0,0.0,0.9999999999999667,0.0,90,678,0.1692883895131086,15.066666666666666,2.8158282775923835,22,0.9188790560471962,0.08112094395280224,0.47739463601532456,0.01682337042153266,0.46436781609195293,13.844444444444443,0.08129962059874431,0.006337080071411455,0.07234042553191473,0.08597285067873284,0.5852803230044987,0.08112094395280224,0.9188790560471962
sbm_3c_30_clear_s0,sbm,90,3,Louvain,{'resolution': 1.0},1.0,3,1.0986122886651097,0.6666666666666667,30,30,30.0,0.0,0.9999999999999667,0.0,90,678,0.1692883895131086,15.066666666666666,2.8158282775923835,22,0.9188790560471962,0.08112094395280224,0.47739463601532456,0.01682337042153266,0.46436781609195293,13.844444444444443,0.08129962059874431,0.006337080071411455,0.07234042553191473,0.08597285067873284,0.5852803230044987,0.08112094395280224,0.9188790560471962
sbm_3c_30_clear_s0,sbm,90,3,Louvain,{'resolution': 1.2},1.0,3,1.0986122886651097,0.6666666666666667,30,30,30.0,0.0,0.9999999999999667,0.0,90,678,0.1692883895131086,15.066666666666666,2.8158282775923835,22,0.9188790560471962,0.08112094395280224,0.47739463601532456,0.01682337042153266,0.46436781609195293,13.844444444444443,0.08129962059874431,0.006337080071411455,0.07234042553191473,0.08597285067873284,0.5852803230044987,0.08112094395280224,0.9188790560471962
sbm_3c_30_clear_s0,sbm,90,3,Louvain,{'resolution': 1.5},1.0,3,1.0986122886651097,0.6666666666666667,30,30,30.0,0.0,0.9999999999999667,0.0,90,678,0.1692883895131086,15.066666666666666,2.8158282775923835,22,0.9188790560471962,0.08112094395280224,0.47739463601532456,0.01682337042153266,0.46436781609195293,13.844444444444443,0.08129962059874431,0.006337080071411455,0.07234042553191473,0.08597285067873284,0.5852803230044987,0.08112094395280224,0.9188790560471962
sbm_3c_30_clear_s0,sbm,90,3,Louvain,{'resolution': 2.0},1.0,3,1.0986122886651097,0.6666666666666667,30,30,30.0,0.0,0.9999999999999667,0.0,90,678,0.1692883895131086,15.066666666666666,2.8158282775923835,22,0.9188790560471962,0.08112094395280224,0.47739463601532456,0.01682337042153266,0.46436781609195293,13.844444444444443,0.08129962059874431,0.006337080071411455,0.07234042553191473,0.08597285067873284,0.5852803230044987,0.08112094395280224,0.9188790560471962
sbm_3c_30_clear_s0,sbm,90,3,Louvain,{'resolution': 3.0},0.6088492912754119,13,2.5102029120945915,0.9170370370370371,1,9,6.923076923076923,1.939926186602845,0.11111111111109877,0.28021156028703714,90,678,0.1692883895131086,15.066666666666666,2.8158282775923835,22,0.3421828908554567,0.6578171091445418,0.74328449328446,0.2181176431575865,0.0,4.744810744810744,0.6840917739645833,0.09937110938196218,0.5937499999999953,0.9999999999999413,0.25919979812218824,0.6578171091445418,0.3421828908554567
sbm_3c_30_clear_s0,sbm,90,3,Leiden,{'resolution': 0.5},1.0,3,1.0986122886651097,0.6666666666666667,30,30,30.0,0.0,0.9999999999999667,0.0,90,678,0.1692883895131086,15.066666666666666,2.8158282775923835,22,0.9188790560471962,0.08112094395280224,0.47739463601532456,0.01682337042153266,0.46436781609195293,13.844444444444443,0.08129962059874431,0.006337080071411455,0.07234042553191473,0.08597285067873284,0.5852803230044987,0.08112094395280224,0.9188790560471962
sbm_3c_30_clear_s0,sbm,90,3,Leiden,{'resolution': 0.8},1.0,3,1.0986122886651097,0.6666666666666667,30,30,30.0,0.0,0.9999999999999667,0.0,90,678,0.1692883895131086,15.066666666666666,2.8158282775923835,22,0.9188790560471962,0.08112094395280224,0.47739463601532456,0.01682337042153266,0.46436781609195293,13.844444444444443,0.08129962059874431,0.006337080071411455,0.07234042553191473,0.08597285067873284,0.5852803230044987,0.08112094395280224,0.9188790560471962
sbm_3c_30_clear_s0,sbm,90,3,Leiden,{'resolution': 1.0},1.0,3,1.0986122886651097,0.6666666666666667,30,30,30.0,0.0,0.9999999999999667,0.0,90,678,0.1692883895131086,15.066666666666666,2.8158282775923835,22,0.9188790560471962,0.08112094395280224,0.47739463601532456,0.01682337042153266,0.46436781609195293,13.844444444444443,0.08129962059874431,0.006337080071411455,0.07234042553191473,0.08597285067873284,0.5852803230044987,0.08112094395280224,0.9188790560471962
sbm_3c_30_clear_s0,sbm,90,3,Leiden,{'resolution': 1.2},1.0,3,1.0986122886651097,0.6666666666666667,30,30,30.0,0.0,0.9999999999999667,0.0,90,678,0.1692883895131086,15.066666666666666,2.8158282775923835,22,0.9188790560471962,0.08112094395280224,0.47739463601532456,0.01682337042153266,0.46436781609195293,13.844444444444443,0.08129962059874431,0.006337080071411455,0.07234042553191473,0.08597285067873284,0.5852803230044987,0.08112094395280224,0.9188790560471962
sbm_3c_30_clear_s0,sbm,90,3,Leiden,{'resolution': 1.5},1.0,3,1.0986122886651097,0.6666666666666667,30,30,30.0,0.0,0.9999999999999667,0.0,90,678,0.1692883895131086,15.066666666666666,2.8158282775923835,22,0.9188790560471962,0.08112094395280224,0.47739463601532456,0.01682337042153266,0.46436781609195293,13.844444444444443,0.08129962059874431,0.006337080071411455,0.07234042553191473,0.08597285067873284,0.5852803230044987,0.08112094395280224,0.9188790560471962
sbm_3c_30_clear_s0,sbm,90,3,Leiden,{'resolution': 2.0},1.0,3,1.0986122886651097,0.6666666666666667,30,30,30.0,0.0,0.9999999999999667,0.0,90,678,0.1692883895131086,15.066666666666666,2.8158282775923835,22,0.9188790560471962,0.08112094395280224,0.47739463601532456,0.01682337042153266,0.46436781609195293,13.844444444444443,0.08129962059874432,0.006337080071411456,0.07234042553191473,0.08597285067873284,0.5852803230044987,0.08112094395280224,0.9188790560471962
sbm_3c_30_clear_s0,sbm,90,3,Leiden,{'resolution': 3.0},0.6156713243090947,13,2.4702149257452586,0.9106172839506173,1,11,6.923076923076923,2.7862723501961284,0.09090909090908264,0.4024615616949382,90,678,0.1692883895131086,15.066666666666666,2.8158282775923835,22,0.36430678466076644,0.6356932153392321,0.7692307692307172,0.2443377844284544,0.0,4.743589743589744,0.6845276856179393,0.1250341245650891,0.5209580838323322,0.9999999999999333,0.2744711584479773,0.6356932153392321,0.36430678466076644
sbm_3c_30_clear_s0,sbm,90,3,LabelProp,{'seed': 0},0.7336804366512107,2,0.6365141682928128,0.4444444444444444,30,60,45.0,15.0,0.4999999999999917,0.33333333333332593,90,678,0.1692883895131086,15.066666666666666,2.8158282775923835,22,0.9439528023598805,0.05604719764011791,0.3567796610169485,0.10988700564971703,0.2468926553672315,14.05,0.08558558558558539,0.0,0.08558558558558539,0.08558558558558539,0.3843944970893048,0.05604719764011791,0.9439528023598805
sbm_3c_30_clear_s0,sbm,90,3,LabelProp,{'seed': 1},0.7336804366512107,2,0.6365141682928128,0.4444444444444444,30,60,45.0,15.0,0.4999999999999917,0.33333333333332593,90,678,0.1692883895131086,15.066666666666666,2.8158282775923835,22,0.9439528023598805,0.05604719764011791,0.3567796610169485,0.10988700564971703,0.2468926553672315,14.05,0.08558558558558539,0.0,0.08558558558558539,0.08558558558558539,0.3843944970893048,0.05604719764011791,0.9439528023598805
sbm_3c_30_clear_s0,sbm,90,3,LabelProp,{'seed': 2},0.7336804366512107,2,0.6365141682928128,0.4444444444444444,30,60,45.0,15.0,0.4999999999999917,0.33333333333332593,90,678,0.1692883895131086,15.066666666666666,2.8158282775923835,22,0.9439528023598805,0.05604719764011791,0.3567796610169485,0.10988700564971703,0.2468926553672315,14.05,0.08558558558558539,0.0,0.08558558558558539,0.08558558558558539,0.3843944970893048,0.05604719764011791,0.9439528023598805
sbm_3c_30_clear_s0,sbm,90,3,LabelProp,{'seed': 3},0.7336804366512107,2,0.6365141682928128,0.4444444444444444,30,60,45.0,15.0,0.4999999999999917,0.33333333333332593,90,678,0.1692883895131086,15.066666666666666,2.8158282775923835,22,0.9439528023598805,0.05604719764011791,0.3567796610169485,0.10988700564971703,0.2468926553672315,14.05,0.08558558558558539,0.0,0.08558558558558539,0.08558558558558539,0.3843944970893048,0.05604719764011791,0.9439528023598805
sbm_3c_30_clear_s0,sbm,90,3,LabelProp,{'seed': 4},0.7336804366512107,2,0.6365141682928128,0.4444444444444444,30,60,45.0,15.0,0.4999999999999917,0.33333333333332593,90,678,0.1692883895131086,15.066666666666666,2.8158282775923835,22,0.9439528023598805,0.05604719764011791,0.3567796610169485,0.10988700564971703,0.2468926553672315,14.05,0.08558558558558539,0.0,0.08558558558558539,0.08558558558558539,0.3843944970893048,0.05604719764011791,0.9439528023598805
sbm_3c_30_clear_s0,sbm,90,3,Spectral,{'k': 2},0.7336804366512107,2,0.6365141682928128,0.4444444444444444,30,60,45.0,15.0,0.4999999999999917,0.33333333333332593,90,678,0.1692883895131086,15.066666666666666,2.8158282775923835,22,0.9498525073746298,0.050147492625368655,0.370913695694525,0.1302357295928302,0.24067796610169478,14.366666666666667,0.07234042553191473,0.0,0.07234042553191473,0.07234042553191473,0.40279409333368127,0.050147492625368655,0.9498525073746298
sbm_3c_30_clear_s0,sbm,90,3,Spectral,{'k': 3},1.0,3,1.0986122886651097,0.6666666666666667,30,30,30.0,0.0,0.9999999999999667,0.0,90,678,0.1692883895131086,15.066666666666666,2.8158282775923835,22,0.9188790560471962,0.08112094395280224,0.47739463601532456,0.01682337042153266,0.46436781609195293,13.844444444444443,0.08129962059874431,0.006337080071411455,0.07234042553191473,0.08597285067873284,0.5852803230044987,0.08112094395280224,0.9188790560471962
sbm_3c_30_clear_s0,sbm,90,3,Spectral,{'k': 5},0.8292542991564819,5,1.551026766042962,0.7745679012345679,12,30,18.0,6.418722614352485,0.3999999999999867,0.3565957007973405,90,678,0.1692883895131086,15.066666666666666,2.8158282775923835,22,0.682890855457226,0.3171091445427724,0.5607479617520135,0.04455443912300602,0.5011494252873552,9.294499748617394,0.3816893240363647,0.16552362916179356,0.07234042553191473,0.5268817204301047,0.4523890324657808,0.3171091445427724,0.682890855457226
sbm_3c_30_clear_s0,sbm,90,3,Spectral,{'k': 8},0.6623263914111517,8,2.01568781269592,0.8575308641975309,6,21,11.25,4.205650960315181,0.28571428571427215,0.3738356409168717,90,678,0.1692883895131086,15.066666666666666,2.8158282775923835,22,0.48820058997050075,0.5117994100294978,0.6569798257298085,0.07710788478640825,0.5636363636363534,6.547782079032078,0.5645951997021426,0.1317683402927069,0.26946107784431056,0.7619047619047529,0.3420175598889672,0.5117994100294978,0.48820058997050075
sbm_3c_30_clear_s0,sbm,90,3,Spectral,{'k': 10},0.6325339698107378,10,2.274216377331426,0.894074074074074,6,14,9.0,2.1908902300206643,0.42857142857139796,0.24343224778004677,90,678,0.1692883895131086,15.066666666666666,2.8158282775923835,22,0.3952802359882,0.6047197640117985,0.7137523587523343,0.1015332187983669,0.5238095238094989,5.637871572871573,0.6251446099401359,0.07469915808604714,0.4723404255319129,0.7684210526315709,0.2860258351389215,0.6047197640117985,0.3952802359882
sbm_3c_30_clear_s0,sbm,90,3,GreedyMod,{},1.0,3,1.0986122886651097,0.6666666666666667,30,30,30.0,0.0,0.9999999999999667,0.0,90,678,0.1692883895131086,15.066666666666666,2.8158282775923835,22,0.9188790560471962,0.08112094395280224,0.47739463601532456,0.01682337042153266,0.46436781609195293,13.844444444444443,0.08129962059874431,0.006337080071411455,0.07234042553191473,0.08597285067873284,0.5852803230044987,0.08112094395280224,0.9188790560471962
sbm_3c_30_hard_s0,sbm,90,3,Louvain,{'resolution': 0.5},0.23976956563851415,12,2.1301939142618154,0.854320987654321,1,20,7.5,6.487166818676188,0.049999999999997505,0.8649555758233765,90,661,0.165043695380774,14.688888888888888,3.8489376440330023,25,0.33736762481089205,0.6626323751891063,0.6388962602581929,0.31657455130560785,0.0,3.115604575163399,0.7825076776303925,0.14001957572524543,0.5851851851851829,0.9999999999998889,0.1784750561314288,0.6626323751891063,0.33736762481089205
sbm_3c_30_hard_s0,sbm,90,3,Louvain,{'resolution': 0.8},0.365668552087946,7,1.7531883275790237,0.8061728395061729,3,26,12.857142857142858,7.6798171746946355,0.11538461538461095,0.597319113587314,90,661,0.165043695380774,14.688888888888888,3.8489376440330023,25,0.4175491679273821,0.5824508320726164,0.5961602589753087,0.27744888336576545,0.3076923076923067,5.077869352869352,0.6546858628601785,0.1253696842105808,0.47089947089946965,0.863636363636344,0.22501207312077012,0.5824508320726164,0.4175491679273821
sbm_3c_30_hard_s0,sbm,90,3,Louvain,{'resolution': 1.0},0.3829123724109918,6,1.7607577546733597,0.822716049382716,11,21,15.0,3.7859388972001824,0.5238095238094989,0.2523959264799953,90,661,0.165043695380774,14.688888888888888,3.8489376440330023,25,0.40544629349470435,0.594553706505294,0.42266018581807546,0.06303659014646368,0.3523809523809507,5.735156071998177,0.6097889654779955,0.06205983213944214,0.5179153094462523,0.6941176470588195,0.22782722734773564,0.594553706505294,0.40544629349470435
sbm_3c_30_hard_s0,sbm,90,3,Louvain,{'resolution': 1.2},0.2956620257925714,8,2.046610006658169,0.865679012345679,8,19,11.25,3.072051431861127,0.42105263157892525,0.2730712383876315,90,661,0.165043695380774,14.688888888888888,3.8489376440330023,25,0.34493192133131567,0.6550680786686828,0.4863674337358445,0.05031690200268897,0.3801169590643253,4.846172248803828,0.6686250399040753,0.05479425437177627,0.5390070921985796,0.7124999999999956,0.209464640060789,0.6550680786686828,0.34493192133131567
sbm_3c_30_hard_s0,sbm,90,3,Louvain,{'resolution': 1.5},0.33257437789577193,13,2.551366711922073,0.9209876543209876,5,9,6.923076923076923,1.1409536133993328,0.5555555555554939,0.16480441082432426,90,661,0.165043695380774,14.688888888888888,3.8489376440330023,25,0.2617246596066562,0.7382753403933423,0.6540293040292677,0.09442133572800657,0.49999999999998607,3.795054945054945,0.7412492724428031,0.029176627047971353,0.6896551724137872,0.8028169014084394,0.18217824274868913,0.7382753403933423,0.2617246596066562
sbm_3c_30_hard_s0,sbm,90,3,Louvain,{'resolution': 2.0},0.3462863019035681,19,2.8719033413464543,0.94,1,9,4.7368421052631575,1.772364025313972,0.11111111111109877,0.3741657386773151,90,661,0.165043695380774,14.688888888888888,3.8489376440330023,25,0.2223903177004535,0.777609682299545,0.7841269841268609,0.22899397034254615,0.0,2.9163742690058476,0.797920928665553,0.07285011570501781,0.6811594202898452,0.9999999999999566,0.16268043879786048,0.777609682299545,0.2223903177004535
sbm_3c_30_hard_s0,sbm,90,3,Louvain,{'resolution': 3.0},0.33264641764705605,23,3.0620352455105975,0.9506172839506173,1,7,3.9130434782608696,1.4420107784153913,0.14285714285712245,0.36851386559495025,90,661,0.165043695380774,14.688888888888888,3.8489376440330023,25,0.19515885022692858,0.8048411497730699,0.8188405797099756,0.27572059072608707,0.0,2.5072463768115942,0.8267924683362339,0.06997655979774797,0.7254901960784242,0.9999999999999566,0.14563502326507538,0.8048411497730699,0.19515885022692858
sbm_3c_30_hard_s0,sbm,90,3,Leiden,{'resolution': 0.5},0.0,1,-1.000088900581841e-12,0.0,90,90,90.0,0.0,0.9999999999999889,0.0,90,661,0.165043695380774,14.688888888888888,3.8489376440330023,25,0.9999999999999984,0.0,0.16504369538077399,0.0,0.16504369538077399,14.688888888888888,0.0,0.0,0.0,0.0,0.0,0.0,0.9999999999999984
sbm_3c_30_hard_s0,sbm,90,3,Leiden,{'resolution': 0.8},0.3839321132099539,3,1.088488358572996,0.659753086419753,26,36,30.0,4.320493798938574,0.7222222222222021,0.14401645996461435,90,661,0.165043695380774,14.688888888888888,3.8489376440330023,25,0.5642965204235997,0.4357034795763987,0.2857441324107983,0.02193472708284822,0.2603174603174599,8.2000407000407,0.4414272770670664,0.039832717136997695,0.38576779026217156,0.4767726161369181,0.22322914211035857,0.4357034795763987,0.5642965204235997
sbm_3c_30_hard_s0,sbm,90,3,Leiden,{'resolution': 1.0},0.37614911073880053,5,1.5827957737997387,0.7891358024691357,14,24,18.0,4.1952353926806065,0.5833333333333091,0.23306863292668745,90,661,0.165043695380774,14.688888888888888,3.8489376440330023,25,0.444780635400907,0.5552193645990914,0.3760704512878396,0.036621676315791524,0.3152173913043467,6.282467532467533,0.5711758670260088,0.06313022583587435,0.49287749287749144,0.6454545454545425,0.23054396561392104,0.5552193645990914,0.444780635400907
sbm_3c_30_hard_s0,sbm,90,3,Leiden,{'resolution': 1.2},0.24687467264670304,9,2.1315517608410226,0.8740740740740741,6,17,10.0,3.6514837167011076,0.3529411764705675,0.36514837167007425,90,661,0.165043695380774,14.688888888888888,3.8489376440330023,25,0.34493192133131567,0.6550680786686828,0.5687219643101771,0.12627027634387675,0.4044117647058794,4.703103432515197,0.6742318125630696,0.0517948263508745,0.588014981273406,0.7349397590361357,0.21330515127448663,0.6550680786686828,0.34493192133131567
sbm_3c_30_hard_s0,sbm,90,3,Leiden,{'resolution': 1.5},0.2883141785798706,11,2.3641824499179567,0.9032098765432098,5,11,8.181818181818182,2.0810042076835633,0.45454545454541323,0.25434495871684887,90,661,0.165043695380774,14.688888888888888,3.8489376440330023,25,0.30105900151285886,0.6989409984871396,0.6158533385805809,0.11638553037903783,0.45454545454544626,4.234796012068739,0.7092384602491509,0.048616182861755536,0.6249999999999964,0.7910447761193913,0.20221390136889733,0.6989409984871396,0.30105900151285886
sbm_3c_30_hard_s0,sbm,90,3,Leiden,{'resolution': 2.0},0.24729458089590892,16,2.748231586937229,0.934320987654321,4,9,5.625,1.2686114456365274,0.44444444444439507,0.2255309236686759,90,661,0.165043695380774,14.688888888888888,3.8489376440330023,25,0.2375189107413007,0.7624810892586977,0.7345734126983436,0.08007468914307271,0.59999999999996,3.3352182539682538,0.7713765184590059,0.050984798552915,0.6666666666666619,0.8387096774193413,0.17095424573321033,0.7624810892586977,0.2375189107413007
sbm_3c_30_hard_s0,sbm,90,3,Leiden,{'resolution': 3.0},0.30225950954726827,24,3.1292142813015147,0.9545679012345679,1,6,3.75,1.1273124382057236,0.16666666666663887,0.3006166501881128,90,661,0.165043695380774,14.688888888888888,3.8489376440330023,25,0.18003025718608143,0.819969742813917,0.8694444444442185,0.20747973275992654,0.0,2.411111111111111,0.8331075014696006,0.06415516492827955,0.7317073170731618,0.9999999999999566,0.1356801343950051,0.819969742813917,0.18003025718608143
sbm_3c_30_hard_s0,sbm,90,3,LabelProp,{'seed': 0},0.0,1,-1.000088900581841e-12,0.0,90,90,90.0,0.0,0.9999999999999889,0.0,90,661,0.165043695380774,14.688888888888888,3.8489376440330023,25,0.9999999999999984,0.0,0.16504369538077399,0.0,0.16504369538077399,14.688888888888888,0.0,0.0,0.0,0.0,0.0,0.0,0.9999999999999984
sbm_3c_30_hard_s0,sbm,90,3,LabelProp,{'seed': 1},0.0,1,-1.000088900581841e-12,0.0,90,90,90.0,0.0,0.9999999999999889,0.0,90,661,0.165043695380774,14.688888888888888,3.8489376440330023,25,0.9999999999999984,0.0,0.16504369538077399,0.0,0.16504369538077399,14.688888888888888,0.0,0.0,0.0,0.0,0.0,0.0,0.9999999999999984
sbm_3c_30_hard_s0,sbm,90,3,LabelProp,{'seed': 2},0.0,1,-1.000088900581841e-12,0.0,90,90,90.0,0.0,0.9999999999999889,0.0,90,661,0.165043695380774,14.688888888888888,3.8489376440330023,25,0.9999999999999984,0.0,0.16504369538077399,0.0,0.16504369538077399,14.688888888888888,0.0,0.0,0.0,0.0,0.0,0.0,0.9999999999999984
sbm_3c_30_hard_s0,sbm,90,3,LabelProp,{'seed': 3},0.0,1,-1.000088900581841e-12,0.0,90,90,90.0,0.0,0.9999999999999889,0.0,90,661,0.165043695380774,14.688888888888888,3.8489376440330023,25,0.9999999999999984,0.0,0.16504369538077399,0.0,0.16504369538077399,14.688888888888888,0.0,0.0,0.0,0.0,0.0,0.0,0.9999999999999984
sbm_3c_30_hard_s0,sbm,90,3,LabelProp,{'seed': 4},0.0,1,-1.000088900581841e-12,0.0,90,90,90.0,0.0,0.9999999999999889,0.0,90,661,0.165043695380774,14.688888888888888,3.8489376440330023,25,0.9999999999999984,0.0,0.16504369538077399,0.0,0.16504369538077399,14.688888888888888,0.0,0.0,0.0,0.0,0.0,0.0,0.9999999999999984
sbm_3c_30_hard_s0,sbm,90,3,Spectral,{'k': 2},0.3229619350551426,2,0.6809991432634109,0.48790123456790124,38,52,45.0,7.0,0.7307692307692167,0.1555555555555521,90,661,0.165043695380774,14.688888888888888,3.8489376440330023,25,0.6747352496217841,0.32526475037821434,0.2269877641394667,0.02336785463720438,0.2036199095022623,9.823886639676115,0.37918871252204517,0.0,0.37918871252204517,0.37918871252204517,0.16462358183744882,0.32526475037821434,0.6747352496217841
sbm_3c_30_hard_s0,sbm,90,3,Spectral,{'k': 3},0.341583840546238,3,1.0681452609815678,0.6466666666666666,21,39,30.0,7.3484692283495345,0.5384615384615247,0.24494897427830967,90,661,0.165043695380774,14.688888888888888,3.8489376440330023,25,0.5718608169440234,0.42813918305597515,0.2862501080286916,0.02941687385904074,0.24561403508771895,8.095238095238095,0.44782828163945193,0.07599097109624688,0.3702422145328713,0.5510204081632634,0.21537760830905361,0.42813918305597515,0.5718608169440234
sbm_3c_30_hard_s0,sbm,90,3,Spectral,{'k': 5},0.47385179531457383,5,1.5251469454911812,0.768641975308642,9,26,18.0,7.127411872482185,0.3461538461538329,0.3959673262489883,90,661,0.165043695380774,14.688888888888888,3.8489376440330023,25,0.4478063540090765,0.552193645990922,0.3949673514890847,0.10079905323384965,0.289855072463767,6.023003663003663,0.5877168630874406,0.0858595321049369,0.4683544303797456,0.6923076923076864,0.21283138141677788,0.552193645990922,0.4478063540090765
sbm_3c_30_hard_s0,sbm,90,3,Spectral,{'k': 8},0.3675561900290193,8,2.049994604320804,0.8681481481481481,7,15,11.25,2.6339134382131846,0.46666666666663553,0.23412563895226227,90,661,0.165043695380774,14.688888888888888,3.8489376440330023,25,0.33434190620272264,0.6656580937972758,0.48367465867464693,0.08737235924779699,0.36190476190475845,4.764972527472527,0.6734784690598259,0.045724593326000255,0.6288659793814401,0.7884615384615309,0.2008417997761609,0.6656580937972758,0.33434190620272264
sbm_3c_30_hard_s0,sbm,90,3,Spectral,{'k': 10},0.3505590551705491,10,2.260527902310905,0.8918518518518519,5,12,9.0,2.569046515733026,0.41666666666663194,0.28544961285919335,90,661,0.165043695380774,14.688888888888888,3.8489376440330023,25,0.29349470499243524,0.7065052950075632,0.5642784992784738,0.15646844805451646,0.37878787878787307,4.1726190476190474,0.712849642753838,0.04050473991863687,0.6210526315789441,0.7708333333333254,0.1823464653793249,0.7065052950075632,0.29349470499243524
sbm_3c_30_hard_s0,sbm,90,3,GreedyMod,{},0.39114503777498794,3,1.0938604226753306,0.6634567901234568,27,34,30.0,2.943920288775949,0.7941176470588002,0.09813067629252836,90,661,0.165043695380774,14.688888888888888,3.8489376440330023,25,0.552193645990922,0.4478063540090765,0.2819366544856734,0.02504069604677012,0.24955436720142557,8.10312273057371,0.4493016161902898,0.02200729265869028,0.4190871369294597,0.47087378640776584,0.21732075134864198,0.4478063540090765,0.552193645990922
sbm_10c_30_clear_s0,sbm,300,10,Louvain,{'resolution': 0.5},1.0,10,2.3025850929840455,0.8999999999999999,30,30,30.0,0.0,0.9999999999999667,0.0,300,2138,0.04767001114827202,14.253333333333334,3.1030880676441583,24,0.7998129092609912,0.20018709073900834,0.3931034482758612,0.02395662615193195,0.349425287356321,11.400000000000002,0.20052705608471522,0.019208151981609228,0.16945107398567977,0.22518159806295343,0.6995813210286315,0.20018709073900834,0.7998129092609912
sbm_10c_30_clear_s0,sbm,300,10,Louvain,{'resolution': 0.8},1.0,10,2.3025850929840455,0.8999999999999999,30,30,30.0,0.0,0.9999999999999667,0.0,300,2138,0.04767001114827202,14.253333333333334,3.1030880676441583,24,0.7998129092609912,0.20018709073900834,0.3931034482758612,0.02395662615193195,0.349425287356321,11.400000000000002,0.20052705608471522,0.019208151981609228,0.16945107398567977,0.22518159806295343,0.6995813210286315,0.20018709073900834,0.7998129092609912
sbm_10c_30_clear_s0,sbm,300,10,Louvain,{'resolution': 1.0},1.0,10,2.3025850929840455,0.8999999999999999,30,30,30.0,0.0,0.9999999999999667,0.0,300,2138,0.04767001114827202,14.253333333333334,3.1030880676441583,24,0.7998129092609912,0.20018709073900834,0.3931034482758612,0.02395662615193195,0.349425287356321,11.400000000000002,0.20052705608471522,0.019208151981609228,0.16945107398567977,0.22518159806295343,0.6995813210286315,0.20018709073900834,0.7998129092609912
sbm_10c_30_clear_s0,sbm,300,10,Louvain,{'resolution': 1.2},1.0,10,2.3025850929840455,0.8999999999999999,30,30,30.0,0.0,0.9999999999999667,0.0,300,2138,0.04767001114827202,14.253333333333334,3.1030880676441583,24,0.7998129092609912,0.20018709073900834,0.3931034482758612,0.02395662615193195,0.349425287356321,11.400000000000002,0.20052705608471522,0.019208151981609228,0.16945107398567977,0.22518159806295343,0.6995813210286315,0.20018709073900834,0.7998129092609912
sbm_10c_30_clear_s0,sbm,300,10,Louvain,{'resolution': 1.5},1.0,10,2.3025850929840455,0.8999999999999999,30,30,30.0,0.0,0.9999999999999667,0.0,300,2138,0.04767001114827202,14.253333333333334,3.1030880676441583,24,0.7998129092609912,0.20018709073900834,0.3931034482758612,0.02395662615193195,0.349425287356321,11.400000000000002,0.20052705608471522,0.019208151981609228,0.16945107398567977,0.22518159806295343,0.6995813210286315,0.20018709073900834,0.7998129092609912
sbm_10c_30_clear_s0,sbm,300,10,Louvain,{'resolution': 2.0},1.0,10,2.3025850929840455,0.8999999999999999,30,30,30.0,0.0,0.9999999999999667,0.0,300,2138,0.04767001114827202,14.253333333333334,3.1030880676441583,24,0.7998129092609912,0.20018709073900834,0.3931034482758612,0.02395662615193195,0.349425287356321,11.400000000000002,0.20052705608471522,0.019208151981609228,0.16945107398567977,0.22518159806295343,0.6995813210286315,0.20018709073900834,0.7998129092609912
sbm_10c_30_clear_s0,sbm,300,10,Louvain,{'resolution': 3.0},1.0,10,2.3025850929840455,0.8999999999999999,30,30,30.0,0.0,0.9999999999999667,0.0,300,2138,0.04767001114827202,14.253333333333334,3.1030880676441583,24,0.7998129092609912,0.20018709073900834,0.3931034482758612,0.02395662615193195,0.349425287356321,11.400000000000002,0.20052705608471522,0.019208151981609228,0.16945107398567977,0.22518159806295343,0.6995813210286315,0.20018709073900834,0.7998129092609912
sbm_10c_30_clear_s0,sbm,300,10,Leiden,{'resolution': 0.5},1.0,10,2.3025850929840455,0.8999999999999999,30,30,30.0,0.0,0.9999999999999667,0.0,300,2138,0.04767001114827202,14.253333333333334,3.1030880676441583,24,0.7998129092609912,0.20018709073900834,0.3931034482758612,0.023956626151931944,0.349425287356321,11.4,0.20052705608471522,0.019208151981609228,0.16945107398567977,0.22518159806295343,0.6995813210286315,0.20018709073900834,0.7998129092609912
sbm_10c_30_clear_s0,sbm,300,10,Leiden,{'resolution': 0.8},1.0,10,2.3025850929840455,0.8999999999999999,30,30,30.0,0.0,0.9999999999999667,0.0,300,2138,0.04767001114827202,14.253333333333334,3.1030880676441583,24,0.7998129092609912,0.20018709073900834,0.3931034482758612,0.023956626151931944,0.349425287356321,11.4,0.20052705608471522,0.019208151981609228,0.16945107398567977,0.22518159806295343,0.6995813210286315,0.20018709073900834,0.7998129092609912
sbm_10c_30_clear_s0,sbm,300,10,Leiden,{'resolution': 1.0},1.0,10,2.3025850929840455,0.8999999999999999,30,30,30.0,0.0,0.9999999999999667,0.0,300,2138,0.04767001114827202,14.253333333333334,3.1030880676441583,24,0.7998129092609912,0.20018709073900834,0.3931034482758612,0.023956626151931944,0.349425287356321,11.4,0.20052705608471522,0.019208151981609228,0.16945107398567977,0.22518159806295343,0.6995813210286315,0.20018709073900834,0.7998129092609912
sbm_10c_30_clear_s0,sbm,300,10,Leiden,{'resolution': 1.2},1.0,10,2.3025850929840455,0.8999999999999999,30,30,30.0,0.0,0.9999999999999667,0.0,300,2138,0.04767001114827202,14.253333333333334,3.1030880676441583,24,0.7998129092609912,0.20018709073900834,0.3931034482758612,0.023956626151931944,0.349425287356321,11.4,0.20052705608471522,0.019208151981609228,0.16945107398567977,0.22518159806295343,0.6995813210286315,0.20018709073900834,0.7998129092609912
sbm_10c_30_clear_s0,sbm,300,10,Leiden,{'resolution': 1.5},1.0,10,2.3025850929840455,0.8999999999999999,30,30,30.0,0.0,0.9999999999999667,0.0,300,2138,0.04767001114827202,14.253333333333334,3.1030880676441583,24,0.7998129092609912,0.20018709073900834,0.3931034482758612,0.023956626151931944,0.349425287356321,11.4,0.20052705608471522,0.019208151981609228,0.16945107398567977,0.22518159806295343,0.6995813210286315,0.20018709073900834,0.7998129092609912
sbm_10c_30_clear_s0,sbm,300,10,Leiden,{'resolution': 2.0},1.0,10,2.3025850929840455,0.8999999999999999,30,30,30.0,0.0,0.9999999999999667,0.0,300,2138,0.04767001114827202,14.253333333333334,3.1030880676441583,24,0.7998129092609912,0.20018709073900834,0.3931034482758612,0.023956626151931944,0.349425287356321,11.4,0.20052705608471522,0.019208151981609228,0.16945107398567977,0.22518159806295343,0.6995813210286315,0.20018709073900834,0.7998129092609912
sbm_10c_30_clear_s0,sbm,300,10,Leiden,{'resolution': 3.0},1.0,10,2.3025850929840455,0.8999999999999999,30,30,30.0,0.0,0.9999999999999667,0.0,300,2138,0.04767001114827202,14.253333333333334,3.1030880676441583,24,0.7998129092609912,0.20018709073900834,0.3931034482758612,0.02395662615193195,0.349425287356321,11.399999999999999,0.20052705608471522,0.019208151981609228,0.16945107398567977,0.22518159806295343,0.6995813210286315,0.20018709073900834,0.7998129092609912
sbm_10c_30_clear_s0,sbm,300,10,LabelProp,{'seed': 0},0.8329531415779028,6,1.64341771978718,0.78,30,90,50.0,28.284271247461902,0.33333333333332965,0.5656854249492267,300,2138,0.04767001114827202,14.253333333333334,3.1030880676441583,24,0.8320860617399435,0.16791393826005604,0.31310143929283735,0.12675366296753773,0.13308364544319598,11.774074074074074,0.1763937469463858,0.02196015344768941,0.15463917525773185,0.21985815602836825,0.6131104841694808,0.16791393826005604,0.8320860617399435
sbm_10c_30_clear_s0,sbm,300,10,LabelProp,{'seed': 1},0.8329531415779028,6,1.64341771978718,0.78,30,90,50.0,28.284271247461902,0.33333333333332965,0.5656854249492267,300,2138,0.04767001114827202,14.253333333333334,3.1030880676441583,24,0.8320860617399435,0.16791393826005604,0.31310143929283735,0.12675366296753773,0.13308364544319598,11.774074074074074,0.1763937469463858,0.02196015344768941,0.15463917525773185,0.21985815602836825,0.6131104841694808,0.16791393826005604,0.8320860617399435
sbm_10c_30_clear_s0,sbm,300,10,LabelProp,{'seed': 2},0.8329531415779028,6,1.64341771978718,0.78,30,90,50.0,28.284271247461902,0.33333333333332965,0.5656854249492267,300,2138,0.04767001114827202,14.253333333333334,3.1030880676441583,24,0.8320860617399435,0.16791393826005604,0.31310143929283735,0.12675366296753773,0.13308364544319598,11.774074074074074,0.1763937469463858,0.02196015344768941,0.15463917525773185,0.21985815602836825,0.6131104841694808,0.16791393826005604,0.8320860617399435
sbm_10c_30_clear_s0,sbm,300,10,LabelProp,{'seed': 3},0.8329531415779028,6,1.64341771978718,0.78,30,90,50.0,28.284271247461902,0.33333333333332965,0.5656854249492267,300,2138,0.04767001114827202,14.253333333333334,3.1030880676441583,24,0.8320860617399435,0.16791393826005604,0.31310143929283735,0.12675366296753773,0.13308364544319598,11.774074074074074,0.1763937469463858,0.02196015344768941,0.15463917525773185,0.21985815602836825,0.6131104841694808,0.16791393826005604,0.8320860617399435
sbm_10c_30_clear_s0,sbm,300,10,LabelProp,{'seed': 4},0.8329531415779028,6,1.64341771978718,0.78,30,90,50.0,28.284271247461902,0.33333333333332965,0.5656854249492267,300,2138,0.04767001114827202,14.253333333333334,3.1030880676441583,24,0.8320860617399435,0.16791393826005604,0.31310143929283735,0.12675366296753773,0.13308364544319598,11.774074074074074,0.1763937469463858,0.02196015344768941,0.15463917525773185,0.21985815602836825,0.6131104841694808,0.16791393826005604,0.8320860617399435
sbm_10c_30_clear_s0,sbm,300,10,Spectral,{'k': 2},0.3318746804750388,2,0.504988825900191,0.3239777777777779,61,239,150.0,89.0,0.2552301255230115,0.5933333333333294,300,2138,0.04767001114827202,14.253333333333334,3.1030880676441583,24,0.9326473339569687,0.06735266604303085,0.12708679054309147,0.06963452093231828,0.05745226961077318,12.738459427944303,0.16666666666666646,0.0,0.16666666666666646,0.16666666666666646,0.25510846099928164,0.06735266604303085,0.9326473339569687
sbm_10c_30_clear_s0,sbm,300,10,Spectral,{'k': 3},0.5611229986279309,3,0.8979457248537798,0.54,30,180,100.0,61.644140029689765,0.16666666666666574,0.6164414002968915,300,2138,0.04767001114827202,14.253333333333334,3.1030880676441583,24,0.8919550982226376,0.10804490177736198,0.2044625317050146,0.1410461976420465,0.07256362507759155,12.374074074074073,0.1431011520010418,0.021158384920543668,0.11764705882352935,0.16945107398567977,0.434370900827032,0.10804490177736198,0.8919550982226376
sbm_10c_30_clear_s0,sbm,300,10,Spectral,{'k': 5},0.7580288978124982,5,1.4683441438405367,0.7385999999999999,30,121,60.0,33.244548425268164,0.24793388429751861,0.5540758070877935,300,2138,0.04767001114827202,14.253333333333334,3.1030880676441583,24,0.8405051449953224,0.1594948550046772,0.2671193839613536,0.12665319098150096,0.10068870523415976,11.967454118760969,0.167766206080588,0.01711779177301896,0.13644418192557584,0.18872017353579135,0.5830869271877496,0.1594948550046772,0.8405051449953224
sbm_10c_30_clear_s0,sbm,300,10,Spectral,{'k': 8},0.9359370254787317,8,2.0253262207620675,0.86,30,60,37.5,12.99038105676658,0.4999999999999917,0.3464101615137662,300,2138,0.04767001114827202,14.253333333333334,3.1030880676441583,24,0.8152478952291858,0.18475210477081377,0.3528321644262607,0.09363430115874427,0.1926553672316383,11.679166666666667,0.1856402355038661,0.011357387705683003,0.16945107398567977,0.20588235294117596,0.6770631610634243,0.18475210477081377,0.8152478952291858
sbm_10c_30_clear_s0,sbm,300,10,Spectral,{'k': 10},1.0,10,2.3025850929840455,0.8999999999999999,30,30,30.0,0.0,0.9999999999999667,0.0,300,2138,0.04767001114827202,14.253333333333334,3.1030880676441583,24,0.7998129092609912,0.20018709073900834,0.39310344827586113,0.02395662615193195,0.349425287356321,11.4,0.20052705608471522,0.019208151981609228,0.16945107398567977,0.22518159806295343,0.6995813210286315,0.20018709073900834,0.7998129092609912
sbm_10c_30_clear_s0,sbm,300,10,GreedyMod,{},0.8981110688099587,8,2.0271090553585545,0.8605555555555555,28,60,37.5,12.747548783981962,0.46666666666665885,0.3399346342395099,300,2138,0.04767001114827202,14.253333333333334,3.1030880676441583,24,0.7932647333956966,0.206735266604303,0.33581998365370475,0.08491556345093317,0.19096045197740102,11.232590302728529,0.21025637807836306,0.023447773655631676,0.1724941724941723,0.24999999999999942,0.6525895397200289,0.206735266604303,0.7932647333956966
sbm_10c_30_moderate_s0,sbm,300,10,Louvain,{'resolution': 0.5},0.7707573099133607,11,2.0990985505095616,0.8580888888888889,2,64,27.272727272727273,20.427659097369602,0.031249999999999514,0.7490141669035246,300,2249,0.050144927536231884,14.993333333333334,3.67059789256313,30,0.47799021787461077,0.5220097821253888,0.38814277969579397,0.26000221998026785,0.11855158730158724,5.716068569454276,0.6159926961815749,0.15035991253954104,0.47517730496453786,0.9166666666666285,0.33519368620132733,0.5220097821253888,0.47799021787461077
sbm_10c_30_moderate_s0,sbm,300,10,Louvain,{'resolution': 0.8},0.8718835113953748,9,2.1788131644023263,0.8842666666666666,27,52,33.333333333333336,6.79869268479038,0.5192307692307593,0.20396078054370526,300,2249,0.050144927536231884,14.993333333333334,3.67059789256313,30,0.47354379724321904,0.5264562027567806,0.22598555697569075,0.039054896182466714,0.14630467571644032,7.084632883378403,0.5285930930608772,0.03128781346840343,0.48677248677248613,0.5948827292110861,0.3583897077125924,0.5264562027567806,0.47354379724321904
sbm_10c_30_moderate_s0,sbm,300,10,Louvain,{'resolution': 1.0},0.9365007940333562,10,2.302025600879957,0.8998888888888888,28,31,30.0,1.0,0.9032258064515838,0.03333333333333222,300,2249,0.050144927536231884,14.993333333333334,3.67059789256313,30,0.4673188083592706,0.532681191640729,0.24250172148948507,0.024188573866252328,0.19784946236559095,7.0150844854070655,0.5325199707339358,0.02859780332646536,0.47517730496453786,0.589285714285713,0.36712873326834056,0.532681191640729,0.4673188083592706
sbm_10c_30_moderate_s0,sbm,300,10,Louvain,{'resolution': 1.2},0.9085938015191913,10,2.3002699846886605,0.8995333333333333,27,34,30.0,2.04939015319192,0.7941176470588002,0.06831300510639506,300,2249,0.050144927536231884,14.993333333333334,3.67059789256313,30,0.46287238772787886,0.5371276122721207,0.2403984343161855,0.028299987470674866,0.17943548387096736,6.939013973405454,0.5375626689263274,0.035406975383376435,0.47517730496453786,0.6130434782608682,0.36215404069710544,0.5371276122721207,0.46287238772787886
sbm_10c_30_moderate_s0,sbm,300,10,Louvain,{'resolution': 1.5},0.9352770477305161,11,2.3416302763130146,0.9022666666666667,4,31,27.272727272727273,7.472262759285279,0.12903225806451196,0.2739829678404502,300,2249,0.050144927536231884,14.993333333333334,3.67059789256313,30,0.46153846153846134,0.5384615384615382,0.2827968990594023,0.12337176462155058,0.19540229885057425,6.52788827783266,0.5647257540494469,0.10142651662288497,0.47517730496453786,0.8688524590163792,0.36353284627662197,0.5384615384615382,0.46153846153846134
sbm_10c_30_moderate_s0,sbm,300,10,Louvain,{'resolution': 2.0},0.879325393963893,13,2.4702488627959935,0.9108,7,33,23.076923076923077,9.219223548663775,0.2121212121212057,0.39949968710874634,300,2249,0.050144927536231884,14.993333333333334,3.67059789256313,30,0.4357492218763893,0.5642507781236102,0.31151085247302746,0.11156242222914073,0.20634920634920578,5.926450005315411,0.6036213645140187,0.10026601049361002,0.487858719646798,0.7981651376146716,0.3457013946814166,0.5642507781236102,0.4357492218763893
sbm_10c_30_moderate_s0,sbm,300,10,Louvain,{'resolution': 3.0},0.7126900987524566,28,3.1617174053757857,0.9517777777777778,2,26,10.714285714285714,6.340668863192041,0.07692307692307397,0.5917957605645353,300,2249,0.050144927536231884,14.993333333333334,3.67059789256313,30,0.3219208537127611,0.6780791462872385,0.5141367675765197,0.19875044788335627,0.2615384615384607,3.9564658753944473,0.7347513751720512,0.1007184612451298,0.5526315789473669,0.9428571428571159,0.2732321523858931,0.6780791462872385,0.3219208537127611
sbm_10c_30_moderate_s0,sbm,300,10,Leiden,{'resolution': 0.5},0.0,1,-1.000088900581841e-12,0.0,300,300,300.0,0.0,0.9999999999999966,0.0,300,2249,0.050144927536231884,14.993333333333334,3.67059789256313,30,0.9999999999999996,0.0,0.050144927536231884,0.0,0.050144927536231884,14.993333333333334,0.0,0.0,0.0,0.0,0.0,0.0,0.9999999999999996
sbm_10c_30_moderate_s0,sbm,300,10,Leiden,{'resolution': 0.8},0.8199691837474499,8,2.0238530440805933,0.859688888888889,28,61,37.5,13.124404748406688,0.4590163934426154,0.349984126624169,300,2249,0.050144927536231884,14.993333333333334,3.67059789256313,30,0.4953312583370385,0.5046687416629612,0.2184097462979391,0.05305933385241618,0.1289617486338797,7.309655180473884,0.5139599733762067,0.037791908208543834,0.4537142857142852,0.5546038543897204,0.35618112768265564,0.5046687416629612,0.4953312583370385
sbm_10c_30_moderate_s0,sbm,300,10,Leiden,{'resolution': 1.0},0.9491218285510719,10,2.3019180553420333,0.8998666666666667,28,32,30.0,1.0954451150103321,0.8749999999999726,0.03651483716700986,300,2249,0.050144927536231884,14.993333333333334,3.67059789256313,30,0.46776345042240974,0.5322365495775898,0.24279245457916146,0.025358980438942528,0.19999999999999954,7.02183226071296,0.5323675530181025,0.029373631472526123,0.47517730496453786,0.5934579439252322,0.3676263606907155,0.5322365495775898,0.46776345042240974
sbm_10c_30_moderate_s0,sbm,300,10,Leiden,{'resolution': 1.2},0.9363997713098774,10,2.301588246411324,0.8997999999999999,28,32,30.0,1.3416407864998738,0.8749999999999726,0.04472135954999431,300,2249,0.050144927536231884,14.993333333333334,3.67059789256313,30,0.46776345042240974,0.5322365495775898,0.24343536469092583,0.02701927152633356,0.18951612903225767,7.028872490598019,0.5318937272936592,0.02858316154688761,0.47517730496453786,0.5904139433551185,0.3676106430188527,0.5322365495775898,0.46776345042240974
sbm_10c_30_moderate_s0,sbm,300,10,Leiden,{'resolution': 1.5},0.9364525729429676,10,2.3020330206605495,0.8998888888888888,29,32,30.0,1.0,0.9062499999999716,0.03333333333333222,300,2249,0.050144927536231884,14.993333333333334,3.67059789256313,30,0.46776345042240974,0.5322365495775898,0.24278980613379889,0.023752004303791888,0.19784946236559095,7.022869391916944,0.5320200950654147,0.028482906389369594,0.47517730496453786,0.589285714285713,0.3676074797138237,0.5322365495775898,0.46776345042240974
sbm_10c_30_moderate_s0,sbm,300,10,Leiden,{'resolution': 2.0},0.928851131188178,12,2.4055599871848394,0.9069555555555555,4,31,25.0,8.534244742994739,0.12903225806451196,0.34136978971977594,300,2249,0.050144927536231884,14.993333333333334,3.67059789256313,30,0.45664739884393046,0.5433526011560691,0.29917796314072914,0.11816758844184966,0.22365591397849413,6.2667091889283215,0.5808023260225311,0.11041190349745865,0.47517730496453786,0.8688524590163792,0.3628722097919712,0.5433526011560691,0.45664739884393046
sbm_10c_30_moderate_s0,sbm,300,10,Leiden,{'resolution': 3.0},0.7734360945683405,23,3.0128812371960607,0.9459777777777778,3,29,13.043478260869565,6.423315281538743,0.1034482758620654,0.49245417158459925,300,2249,0.050144927536231884,14.993333333333334,3.67059789256313,30,0.3485993775011115,0.6514006224988881,0.42811823293076356,0.12694212499542865,0.27339901477832446,4.484135421466755,0.7003070156582362,0.10476197520918643,0.47517730496453786,0.9024390243902218,0.29471020270656334,0.6514006224988881,0.3485993775011115
sbm_10c_30_moderate_s0,sbm,300,10,LabelProp,{'seed': 0},0.0,1,-1.000088900581841e-12,0.0,300,300,300.0,0.0,0.9999999999999966,0.0,300,2249,0.050144927536231884,14.993333333333334,3.67059789256313,30,0.9999999999999996,0.0,0.050144927536231884,0.0,0.050144927536231884,14.993333333333334,0.0,0.0,0.0,0.0,0.0,0.0,0.9999999999999996
sbm_10c_30_moderate_s0,sbm,300,10,LabelProp,{'seed': 1},0.0,1,-1.000088900581841e-12,0.0,300,300,300.0,0.0,0.9999999999999966,0.0,300,2249,0.050144927536231884,14.993333333333334,3.67059789256313,30,0.9999999999999996,0.0,0.050144927536231884,0.0,0.050144927536231884,14.993333333333334,0.0,0.0,0.0,0.0,0.0,0.0,0.9999999999999996
sbm_10c_30_moderate_s0,sbm,300,10,LabelProp,{'seed': 2},0.0,1,-1.000088900581841e-12,0.0,300,300,300.0,0.0,0.9999999999999966,0.0,300,2249,0.050144927536231884,14.993333333333334,3.67059789256313,30,0.9999999999999996,0.0,0.050144927536231884,0.0,0.050144927536231884,14.993333333333334,0.0,0.0,0.0,0.0,0.0,0.0,0.9999999999999996
sbm_10c_30_moderate_s0,sbm,300,10,LabelProp,{'seed': 3},0.0,1,-1.000088900581841e-12,0.0,300,300,300.0,0.0,0.9999999999999966,0.0,300,2249,0.050144927536231884,14.993333333333334,3.67059789256313,30,0.9999999999999996,0.0,0.050144927536231884,0.0,0.050144927536231884,14.993333333333334,0.0,0.0,0.0,0.0,0.0,0.0,0.9999999999999996
sbm_10c_30_moderate_s0,sbm,300,10,LabelProp,{'seed': 4},0.0,1,-1.000088900581841e-12,0.0,300,300,300.0,0.0,0.9999999999999966,0.0,300,2249,0.050144927536231884,14.993333333333334,3.67059789256313,30,0.9999999999999996,0.0,0.050144927536231884,0.0,0.050144927536231884,14.993333333333334,0.0,0.0,0.0,0.0,0.0,0.0,0.9999999999999996
sbm_10c_30_moderate_s0,sbm,300,10,Spectral,{'k': 2},0.19486122826928906,2,0.3926744672255522,0.23111111111111104,40,260,150.0,110.0,0.15384615384615324,0.7333333333333285,300,2249,0.050144927536231884,14.993333333333334,3.67059789256313,30,0.8746109381947529,0.12538906180524673,0.11499603999603988,0.06064498564498553,0.05435105435105435,10.463461538461537,0.5071942446043156,0.0,0.5071942446043156,0.5071942446043156,0.09127281706745402,0.12538906180524673,0.8746109381947529
sbm_10c_30_moderate_s0,sbm,300,10,Spectral,{'k': 3},0.3749334669969238,3,0.9566839807213823,0.5878,32,143,100.0,48.641546028061235,0.22377622377622222,0.4864154602806075,300,2249,0.050144927536231884,14.993333333333334,3.67059789256313,30,0.6376167185415738,0.3623832814584258,0.129892960288235,0.07927896393373692,0.07032404215502806,9.02867132867133,0.39348552826272837,0.06355791320374561,0.3305203938115329,0.48051948051947946,0.22319697050277376,0.3623832814584258,0.6376167185415738
sbm_10c_30_moderate_s0,sbm,300,10,Spectral,{'k': 5},0.5607866235218344,5,1.4955576899326433,0.7501555555555556,31,115,60.0,29.953296980466106,0.269565217391302,0.49922161634109347,300,2249,0.050144927536231884,14.993333333333334,3.67059789256313,30,0.5291240551356157,0.470875944864384,0.1507264404292105,0.058423398524201704,0.0822273073989321,7.464893839852723,0.4997731050711362,0.07254867580298183,0.38010350776308205,0.580689655172413,0.27687153482176063,0.470875944864384,0.5291240551356157
sbm_10c_30_moderate_s0,sbm,300,10,Spectral,{'k': 8},0.7931238054417,8,2.0482266269435696,0.8664222222222222,28,60,37.5,9.82344135219425,0.46666666666665885,0.2619584360585063,300,2249,0.050144927536231884,14.993333333333334,3.67059789256313,30,0.47309915518007983,0.5269008448199197,0.20019826660715012,0.036212260898583565,0.13276836158192085,6.990809112038924,0.5323000444713591,0.03557264251162516,0.48115299334811423,0.5820895522388045,0.3383286203383511,0.5269008448199197,0.47309915518007983
sbm_10c_30_moderate_s0,sbm,300,10,Spectral,{'k': 10},0.9105485860809206,10,2.2995835695580147,0.8993777777777778,28,36,30.0,2.3664319132398464,0.7777777777777561,0.07888106377465892,300,2249,0.050144927536231884,14.993333333333334,3.67059789256313,30,0.4526456202756779,0.5473543797243217,0.23491969325117207,0.025217874494810773,0.187301587301587,6.780116708158976,0.5476942638786635,0.03451965178681372,0.47517730496453786,0.6088019559902186,0.35171295932918956,0.5473543797243217,0.4526456202756779
sbm_10c_30_moderate_s0,sbm,300,10,GreedyMod,{},0.5806178980853125,5,1.4801402089439495,0.7542888888888889,22,86,60.0,28.684490582891655,0.25581395348836916,0.47807484304818626,300,2249,0.050144927536231884,14.993333333333334,3.67059789256313,30,0.5540240106714093,0.4459759893285903,0.17801154216663329,0.09115079330813794,0.09938271604938269,7.897626376957655,0.47104288443106324,0.05788360651723186,0.40199846272098355,0.5705521472392621,0.3068868511492979,0.4459759893285903,0.5540240106714093
sbm_3c_100_clear_s1,sbm,300,3,Louvain,{'resolution': 0.5},1.0,3,1.0986122886651097,0.6666666666666667,100,100,100.0,0.0,0.99999999999999,0.0,300,4726,0.10537346711259754,31.506666666666668,4.779465335044171,48,0.9331358442657637,0.06686415573423612,0.2969696969696969,0.0056372928044327,0.29050505050505043,29.400000000000002,0.06684782511298963,0.0025489469704487572,0.063258785942492,0.06893353941267386,0.599672752400753,0.06686415573423612,0.9331358442657637
sbm_3c_100_clear_s1,sbm,300,3,Louvain,{'resolution': 0.8},1.0,3,1.0986122886651097,0.6666666666666667,100,100,100.0,0.0,0.99999999999999,0.0,300,4726,0.10537346711259754,31.506666666666668,4.779465335044171,48,0.9331358442657637,0.06686415573423612,0.2969696969696969,0.0056372928044327,0.29050505050505043,29.400000000000002,0.06684782511298963,0.0025489469704487572,0.063258785942492,0.06893353941267386,0.599672752400753,0.06686415573423612,0.9331358442657637
sbm_3c_100_clear_s1,sbm,300,3,Louvain,{'resolution': 1.0},1.0,3,1.0986122886651097,0.6666666666666667,100,100,100.0,0.0,0.99999999999999,0.0,300,4726,0.10537346711259754,31.506666666666668,4.779465335044171,48,0.9331358442657637,0.06686415573423612,0.2969696969696969,0.0056372928044327,0.29050505050505043,29.400000000000002,0.06684782511298963,0.0025489469704487572,0.063258785942492,0.06893353941267386,0.599672752400753,0.06686415573423612,0.9331358442657637
sbm_3c_100_clear_s1,sbm,300,3,Louvain,{'resolution': 1.2},1.0,3,1.0986122886651097,0.6666666666666667,100,100,100.0,0.0,0.99999999999999,0.0,300,4726,0.10537346711259754,31.506666666666668,4.779465335044171,48,0.9331358442657637,0.06686415573423612,0.2969696969696969,0.0056372928044327,0.29050505050505043,29.400000000000002,0.06684782511298963,0.0025489469704487572,0.063258785942492,0.06893353941267386,0.599672752400753,0.06686415573423612,0.9331358442657637
sbm_3c_100_clear_s1,sbm,300,3,Louvain,{'resolution': 1.5},1.0,3,1.0986122886651097,0.6666666666666667,100,100,100.0,0.0,0.99999999999999,0.0,300,4726,0.10537346711259754,31.506666666666668,4.779465335044171,48,0.9331358442657637,0.06686415573423612,0.2969696969696969,0.0056372928044327,0.29050505050505043,29.400000000000002,0.06684782511298963,0.0025489469704487572,0.063258785942492,0.06893353941267386,0.599672752400753,0.06686415573423612,0.9331358442657637
sbm_3c_100_clear_s1,sbm,300,3,Louvain,{'resolution': 2.0},1.0,3,1.0986122886651097,0.6666666666666667,100,100,100.0,0.0,0.99999999999999,0.0,300,4726,0.10537346711259754,31.506666666666668,4.779465335044171,48,0.9331358442657637,0.06686415573423612,0.2969696969696969,0.0056372928044327,0.29050505050505043,29.400000000000002,0.06684782511298963,0.0025489469704487572,0.063258785942492,0.06893353941267386,0.599672752400753,0.06686415573423612,0.9331358442657637
sbm_3c_100_clear_s1,sbm,300,3,Louvain,{'resolution': 3.0},0.5207701796007622,24,3.120570497504821,0.9539777777777778,2,22,12.5,4.041451884327381,0.09090909090908679,0.3233161507461646,300,4726,0.10537346711259754,31.506666666666668,4.779465335044171,48,0.23804485823106217,0.7619551417689376,0.6397145420654965,0.10747904693867019,0.48484848484848275,6.960729451576975,0.7791508793933296,0.056162019885440145,0.661631419939576,0.9661016949152378,0.19218898113442734,0.7619551417689376,0.23804485823106217
sbm_3c_100_clear_s1,sbm,300,3,Leiden,{'resolution': 0.5},1.0,3,1.0986122886651097,0.6666666666666667,100,100,100.0,0.0,0.99999999999999,0.0,300,4726,0.10537346711259754,31.506666666666668,4.779465335044171,48,0.9331358442657637,0.06686415573423612,0.29696969696969694,0.0056372928044327,0.29050505050505043,29.400000000000002,0.06684782511298963,0.0025489469704487572,0.063258785942492,0.06893353941267386,0.599672752400753,0.06686415573423612,0.9331358442657637
sbm_3c_100_clear_s1,sbm,300,3,Leiden,{'resolution': 0.8},1.0,3,1.0986122886651097,0.6666666666666667,100,100,100.0,0.0,0.99999999999999,0.0,300,4726,0.10537346711259754,31.506666666666668,4.779465335044171,48,0.9331358442657637,0.06686415573423612,0.29696969696969694,0.0056372928044327,0.29050505050505043,29.400000000000002,0.06684782511298963,0.0025489469704487572,0.063258785942492,0.06893353941267386,0.599672752400753,0.06686415573423612,0.9331358442657637
sbm_3c_100_clear_s1,sbm,300,3,Leiden,{'resolution': 1.0},1.0,3,1.0986122886651097,0.6666666666666667,100,100,100.0,0.0,0.99999999999999,0.0,300,4726,0.10537346711259754,31.506666666666668,4.779465335044171,48,0.9331358442657637,0.06686415573423612,0.2969696969696969,0.0056372928044327,0.29050505050505043,29.400000000000002,0.06684782511298963,0.0025489469704487572,0.063258785942492,0.06893353941267386,0.599672752400753,0.06686415573423612,0.9331358442657637
sbm_3c_100_clear_s1,sbm,300,3,Leiden,{'resolution': 1.2},1.0,3,1.0986122886651097,0.6666666666666667,100,100,100.0,0.0,0.99999999999999,0.0,300,4726,0.10537346711259754,31.506666666666668,4.779465335044171,48,0.9331358442657637,0.06686415573423612,0.2969696969696969,0.0056372928044327,0.29050505050505043,29.400000000000002,0.06684782511298963,0.0025489469704487572,0.063258785942492,0.06893353941267386,0.599672752400753,0.06686415573423612,0.9331358442657637
sbm_3c_100_clear_s1,sbm,300,3,Leiden,{'resolution': 1.5},1.0,3,1.0986122886651097,0.6666666666666667,100,100,100.0,0.0,0.99999999999999,0.0,300,4726,0.10537346711259754,31.506666666666668,4.779465335044171,48,0.9331358442657637,0.06686415573423612,0.2969696969696969,0.0056372928044327,0.29050505050505043,29.400000000000002,0.06684782511298963,0.0025489469704487572,0.063258785942492,0.06893353941267386,0.599672752400753,0.06686415573423612,0.9331358442657637
sbm_3c_100_clear_s1,sbm,300,3,Leiden,{'resolution': 2.0},1.0,3,1.0986122886651097,0.6666666666666667,100,100,100.0,0.0,0.99999999999999,0.0,300,4726,0.10537346711259754,31.506666666666668,4.779465335044171,48,0.9331358442657637,0.06686415573423612,0.2969696969696969,0.0056372928044327,0.29050505050505043,29.400000000000002,0.06684782511298963,0.0025489469704487572,0.063258785942492,0.06893353941267386,0.599672752400753,0.06686415573423612,0.9331358442657637
sbm_3c_100_clear_s1,sbm,300,3,Leiden,{'resolution': 3.0},0.5235785289898449,23,3.0979398151076993,0.9534222222222222,6,19,13.043478260869565,3.4826059816523105,0.3157894736841939,0.2669997919266567,300,4726,0.10537346711259754,31.506666666666668,4.779465335044171,48,0.2403724079559881,0.7596275920440118,0.623824035703146,0.09124239690662686,0.5166666666666624,7.220250928832165,0.7709067450642254,0.044272510305498294,0.6952998379254446,0.8709677419354792,0.19388223706962085,0.7596275920440118,0.2403724079559881
sbm_3c_100_clear_s1,sbm,300,3,LabelProp,{'seed': 0},1.0,3,1.0986122886651097,0.6666666666666667,100,100,100.0,0.0,0.99999999999999,0.0,300,4726,0.10537346711259754,31.506666666666668,4.779465335044171,48,0.9331358442657637,0.06686415573423612,0.2969696969696969,0.0056372928044327,0.29050505050505043,29.400000000000002,0.06684782511298963,0.0025489469704487572,0.063258785942492,0.06893353941267386,0.599672752400753,0.06686415573423612,0.9331358442657637
sbm_3c_100_clear_s1,sbm,300,3,LabelProp,{'seed': 1},1.0,3,1.0986122886651097,0.6666666666666667,100,100,100.0,0.0,0.99999999999999,0.0,300,4726,0.10537346711259754,31.506666666666668,4.779465335044171,48,0.9331358442657637,0.06686415573423612,0.2969696969696969,0.0056372928044327,0.29050505050505043,29.400000000000002,0.06684782511298963,0.0025489469704487572,0.063258785942492,0.06893353941267386,0.599672752400753,0.06686415573423612,0.9331358442657637
sbm_3c_100_clear_s1,sbm,300,3,LabelProp,{'seed': 2},1.0,3,1.0986122886651097,0.6666666666666667,100,100,100.0,0.0,0.99999999999999,0.0,300,4726,0.10537346711259754,31.506666666666668,4.779465335044171,48,0.9331358442657637,0.06686415573423612,0.2969696969696969,0.0056372928044327,0.29050505050505043,29.400000000000002,0.06684782511298963,0.0025489469704487572,0.063258785942492,0.06893353941267386,0.599672752400753,0.06686415573423612,0.9331358442657637
sbm_3c_100_clear_s1,sbm,300,3,LabelProp,{'seed': 3},1.0,3,1.0986122886651097,0.6666666666666667,100,100,100.0,0.0,0.99999999999999,0.0,300,4726,0.10537346711259754,31.506666666666668,4.779465335044171,48,0.9331358442657637,0.06686415573423612,0.2969696969696969,0.0056372928044327,0.29050505050505043,29.400000000000002,0.06684782511298963,0.0025489469704487572,0.063258785942492,0.06893353941267386,0.599672752400753,0.06686415573423612,0.9331358442657637
sbm_3c_100_clear_s1,sbm,300,3,LabelProp,{'seed': 4},1.0,3,1.0986122886651097,0.6666666666666667,100,100,100.0,0.0,0.99999999999999,0.0,300,4726,0.10537346711259754,31.506666666666668,4.779465335044171,48,0.9331358442657637,0.06686415573423612,0.2969696969696969,0.0056372928044327,0.29050505050505043,29.400000000000002,0.06684782511298963,0.0025489469704487572,0.063258785942492,0.06893353941267386,0.599672752400753,0.06686415573423612,0.9331358442657637
sbm_3c_100_clear_s1,sbm,300,3,Spectral,{'k': 2},0.7336804366512119,2,0.6365141682928128,0.4444444444444444,100,200,150.0,50.0,0.4999999999999975,0.33333333333333115,300,4726,0.10537346711259754,31.506666666666668,4.779465335044171,48,0.9581041049513329,0.04189589504866694,0.22501548144764222,0.0711461347139739,0.15386934673366834,29.97,0.063258785942492,0.0,0.063258785942492,0.063258785942492,0.4010813305493117,0.04189589504866694,0.9581041049513329
sbm_3c_100_clear_s1,sbm,300,3,Spectral,{'k': 3},1.0,3,1.0986122886651097,0.6666666666666667,100,100,100.0,0.0,0.99999999999999,0.0,300,4726,0.10537346711259754,31.506666666666668,4.779465335044171,48,0.9331358442657637,0.06686415573423612,0.29696969696969694,0.0056372928044327,0.29050505050505043,29.400000000000002,0.06684782511298963,0.0025489469704487572,0.063258785942492,0.06893353941267386,0.599672752400753,0.06686415573423612,0.9331358442657637
sbm_3c_100_clear_s1,sbm,300,3,Spectral,{'k': 5},0.8279011133876751,5,1.5553575415466276,0.776,42,100,60.0,20.784609690826528,0.4199999999999958,0.3464101615137697,300,4726,0.10537346711259754,31.506666666666668,4.779465335044171,48,0.6883199322894624,0.3116800677105374,0.34354036832943413,0.025230605225948898,0.3042424242424242,19.823663660233375,0.36992453350519716,0.15765562804785005,0.06893353941267386,0.5129209083790129,0.46100228179210134,0.3116800677105374,0.6883199322894624
sbm_3c_100_clear_s1,sbm,300,3,Spectral,{'k': 8},0.6883916822558805,8,2.0501158693439288,0.8674444444444445,25,56,37.5,9.219544457292887,0.44642857142856346,0.2458545188611371,300,4726,0.10537346711259754,31.506666666666668,4.779465335044171,48,0.4652983495556495,0.5347016504443503,0.3918343801637732,0.034832738342450424,0.35194805194805173,14.040239135864136,0.5539396093621094,0.07366116672499871,0.40861974904528076,0.6624040920716104,0.331519982291531,0.5347016504443503,0.4652983495556495
sbm_3c_100_clear_s1,sbm,300,3,Spectral,{'k': 10},0.6617227119630739,10,2.221848891833451,0.8831777777777777,13,57,30.0,12.30447073221762,0.22807017543859248,0.4101490244072404,300,4726,0.10537346711259754,31.506666666666668,4.779465335044171,48,0.4299619128226829,0.5700380871773169,0.4399678587243385,0.06168246932881527,0.3496240601503757,12.088826536844248,0.6154896291454952,0.10735269760287855,0.3970826580226902,0.7706666666666646,0.31151284195316825,0.5700380871773169,0.4299619128226829
sbm_3c_100_clear_s1,sbm,300,3,GreedyMod,{},1.0,3,1.0986122886651097,0.6666666666666667,100,100,100.0,0.0,0.99999999999999,0.0,300,4726,0.10537346711259754,31.506666666666668,4.779465335044171,48,0.9331358442657637,0.06686415573423612,0.2969696969696969,0.0056372928044327,0.29050505050505043,29.400000000000002,0.06684782511298963,0.0025489469704487572,0.063258785942492,0.06893353941267386,0.599672752400753,0.06686415573423612,0.9331358442657637
sbm_3c_100_moderate_s1,sbm,300,3,Louvain,{'resolution': 0.5},1.0,3,1.0986122886651097,0.6666666666666667,100,100,100.0,0.0,0.99999999999999,0.0,300,3835,0.08550724637681159,25.566666666666666,4.630214777835785,38,0.7590612777053454,0.24093872229465443,0.196026936026936,0.00381289903485308,0.1931313131313131,19.406666666666666,0.24093564503679388,0.002619861344197327,0.23786793953858384,0.24426877470355723,0.42560319842798355,0.24093872229465443,0.7590612777053454
sbm_3c_100_moderate_s1,sbm,300,3,Louvain,{'resolution': 0.8},1.0,3,1.0986122886651097,0.6666666666666667,100,100,100.0,0.0,0.99999999999999,0.0,300,3835,0.08550724637681159,25.566666666666666,4.630214777835785,38,0.7590612777053454,0.24093872229465443,0.196026936026936,0.00381289903485308,0.1931313131313131,19.406666666666666,0.24093564503679388,0.002619861344197327,0.23786793953858384,0.24426877470355723,0.42560319842798355,0.24093872229465443,0.7590612777053454
sbm_3c_100_moderate_s1,sbm,300,3,Louvain,{'resolution': 1.0},1.0,3,1.0986122886651097,0.6666666666666667,100,100,100.0,0.0,0.99999999999999,0.0,300,3835,0.08550724637681159,25.566666666666666,4.630214777835785,38,0.7590612777053454,0.24093872229465443,0.196026936026936,0.00381289903485308,0.1931313131313131,19.406666666666666,0.24093564503679388,0.002619861344197327,0.23786793953858384,0.24426877470355723,0.42560319842798355,0.24093872229465443,0.7590612777053454
sbm_3c_100_moderate_s1,sbm,300,3,Louvain,{'resolution': 1.2},1.0,3,1.0986122886651097,0.6666666666666667,100,100,100.0,0.0,0.99999999999999,0.0,300,3835,0.08550724637681159,25.566666666666666,4.630214777835785,38,0.7590612777053454,0.24093872229465443,0.196026936026936,0.00381289903485308,0.1931313131313131,19.406666666666666,0.24093564503679388,0.002619861344197327,0.23786793953858384,0.24426877470355723,0.42560319842798355,0.24093872229465443,0.7590612777053454
sbm_3c_100_moderate_s1,sbm,300,3,Louvain,{'resolution': 1.5},1.0,3,1.0986122886651097,0.6666666666666667,100,100,100.0,0.0,0.99999999999999,0.0,300,3835,0.08550724637681159,25.566666666666666,4.630214777835785,38,0.7590612777053454,0.24093872229465443,0.196026936026936,0.00381289903485308,0.1931313131313131,19.406666666666666,0.24093564503679388,0.002619861344197327,0.23786793953858384,0.24426877470355723,0.42560319842798355,0.24093872229465443,0.7590612777053454
sbm_3c_100_moderate_s1,sbm,300,3,Louvain,{'resolution': 2.0},0.5876242220102554,14,2.5322704905363094,0.9134888888888889,6,44,21.428571428571427,9.846785448737542,0.13636363636363324,0.45951665427439725,300,3835,0.08550724637681159,25.566666666666666,4.630214777835785,38,0.313689700130378,0.6863102998696218,0.39866686948333463,0.12589088176919666,0.2505285412262154,7.1192287297411525,0.7215869204338912,0.07788022056980679,0.5702629193109696,0.8650306748466204,0.2268434391940016,0.6863102998696218,0.313689700130378
sbm_3c_100_moderate_s1,sbm,300,3,Louvain,{'resolution': 3.0},0.46964960261924776,34,3.4784816211607072,0.9679333333333333,2,15,8.823529411764707,2.6509774915867643,0.13333333333332445,0.30044411571313256,300,3835,0.08550724637681159,25.566666666666666,4.630214777835785,38,0.18774445893089955,0.8122555410691003,0.6113874687403582,0.11382312845296996,0.41904761904761506,4.519290186937246,0.8233024487138793,0.04055340616155528,0.7521126760563359,0.9607843137254714,0.15569317121346823,0.8122555410691003,0.18774445893089955
sbm_3c_100_moderate_s1,sbm,300,3,Leiden,{'resolution': 0.5},1.0,3,1.0986122886651097,0.6666666666666667,100,100,100.0,0.0,0.99999999999999,0.0,300,3835,0.08550724637681159,25.566666666666666,4.630214777835785,38,0.7590612777053454,0.24093872229465443,0.196026936026936,0.00381289903485308,0.1931313131313131,19.406666666666666,0.24093564503679388,0.002619861344197327,0.23786793953858384,0.24426877470355723,0.42560319842798355,0.24093872229465443,0.7590612777053454
sbm_3c_100_moderate_s1,sbm,300,3,Leiden,{'resolution': 0.8},1.0,3,1.0986122886651097,0.6666666666666667,100,100,100.0,0.0,0.99999999999999,0.0,300,3835,0.08550724637681159,25.566666666666666,4.630214777835785,38,0.7590612777053454,0.24093872229465443,0.196026936026936,0.00381289903485308,0.1931313131313131,19.406666666666666,0.24093564503679388,0.002619861344197327,0.23786793953858384,0.24426877470355723,0.42560319842798355,0.24093872229465443,0.7590612777053454
sbm_3c_100_moderate_s1,sbm,300,3,Leiden,{'resolution': 1.0},1.0,3,1.0986122886651097,0.6666666666666667,100,100,100.0,0.0,0.99999999999999,0.0,300,3835,0.08550724637681159,25.566666666666666,4.630214777835785,38,0.7590612777053454,0.24093872229465443,0.196026936026936,0.00381289903485308,0.1931313131313131,19.406666666666666,0.24093564503679388,0.002619861344197327,0.23786793953858384,0.24426877470355723,0.42560319842798355,0.24093872229465443,0.7590612777053454
sbm_3c_100_moderate_s1,sbm,300,3,Leiden,{'resolution': 1.2},1.0,3,1.0986122886651097,0.6666666666666667,100,100,100.0,0.0,0.99999999999999,0.0,300,3835,0.08550724637681159,25.566666666666666,4.630214777835785,38,0.7590612777053454,0.24093872229465443,0.196026936026936,0.00381289903485308,0.1931313131313131,19.406666666666666,0.24093564503679388,0.002619861344197327,0.23786793953858384,0.24426877470355723,0.42560319842798355,0.24093872229465443,0.7590612777053454
sbm_3c_100_moderate_s1,sbm,300,3,Leiden,{'resolution': 1.5},1.0,3,1.0986122886651097,0.6666666666666667,100,100,100.0,0.0,0.99999999999999,0.0,300,3835,0.08550724637681159,25.566666666666666,4.630214777835785,38,0.7590612777053454,0.24093872229465443,0.196026936026936,0.00381289903485308,0.1931313131313131,19.406666666666666,0.24093564503679388,0.0026198613441973276,0.23786793953858384,0.24426877470355723,0.42560319842798355,0.24093872229465443,0.7590612777053454
sbm_3c_100_moderate_s1,sbm,300,3,Leiden,{'resolution': 2.0},0.6365201304328714,11,2.353320293314765,0.9013333333333333,13,39,27.272727272727273,7.966873563711507,0.33333333333332477,0.2921186973360779,300,3835,0.08550724637681159,25.566666666666666,4.630214777835785,38,0.34837027379400254,0.6516297262059972,0.34020128273125666,0.06542557741797159,0.27800269905533026,8.48098819165692,0.6689256971848179,0.06093783704894293,0.5817258883248725,0.7873563218390781,0.24991522873961608,0.6516297262059972,0.34837027379400254
sbm_3c_100_moderate_s1,sbm,300,3,Leiden,{'resolution': 3.0},0.48465053897668725,31,3.3968756501394157,0.9655333333333334,4,15,9.67741935483871,2.5322066976503694,0.2666666666666489,0.2616613587571778,300,3835,0.08550724637681159,25.566666666666666,4.630214777835785,38,0.19739243807040413,0.8026075619295956,0.5792585550649828,0.09459075447165369,0.41904761904761506,4.8122927251959515,0.8114058492175544,0.03654961896445694,0.742331288343556,0.895833333333324,0.16284876990730737,0.8026075619295956,0.19739243807040413
sbm_3c_100_moderate_s1,sbm,300,3,LabelProp,{'seed': 0},0.0,1,-1.000088900581841e-12,0.0,300,300,300.0,0.0,0.9999999999999966,0.0,300,3835,0.08550724637681159,25.566666666666666,4.630214777835785,38,0.9999999999999998,0.0,0.08550724637681159,0.0,0.08550724637681159,25.566666666666666,0.0,0.0,0.0,0.0,0.0,0.0,0.9999999999999998
sbm_3c_100_moderate_s1,sbm,300,3,LabelProp,{'seed': 1},0.0,1,-1.000088900581841e-12,0.0,300,300,300.0,0.0,0.9999999999999966,0.0,300,3835,0.08550724637681159,25.566666666666666,4.630214777835785,38,0.9999999999999998,0.0,0.08550724637681159,0.0,0.08550724637681159,25.566666666666666,0.0,0.0,0.0,0.0,0.0,0.0,0.9999999999999998
sbm_3c_100_moderate_s1,sbm,300,3,LabelProp,{'seed': 2},0.0,1,-1.000088900581841e-12,0.0,300,300,300.0,0.0,0.9999999999999966,0.0,300,3835,0.08550724637681159,25.566666666666666,4.630214777835785,38,0.9999999999999998,0.0,0.08550724637681159,0.0,0.08550724637681159,25.566666666666666,0.0,0.0,0.0,0.0,0.0,0.0,0.9999999999999998
sbm_3c_100_moderate_s1,sbm,300,3,LabelProp,{'seed': 3},0.0,1,-1.000088900581841e-12,0.0,300,300,300.0,0.0,0.9999999999999966,0.0,300,3835,0.08550724637681159,25.566666666666666,4.630214777835785,38,0.9999999999999998,0.0,0.08550724637681159,0.0,0.08550724637681159,25.566666666666666,0.0,0.0,0.0,0.0,0.0,0.0,0.9999999999999998
sbm_3c_100_moderate_s1,sbm,300,3,LabelProp,{'seed': 4},0.0,1,-1.000088900581841e-12,0.0,300,300,300.0,0.0,0.9999999999999966,0.0,300,3835,0.08550724637681159,25.566666666666666,4.630214777835785,38,0.9999999999999998,0.0,0.08550724637681159,0.0,0.08550724637681159,25.566666666666666,0.0,0.0,0.0,0.0,0.0,0.0,0.9999999999999998
sbm_3c_100_moderate_s1,sbm,300,3,Spectral,{'k': 2},0.7336804366512119,2,0.6365141682928128,0.4444444444444444,100,200,150.0,50.0,0.4999999999999975,0.33333333333333115,300,3835,0.08550724637681159,25.566666666666666,4.630214777835785,38,0.8440677966101693,0.15593220338983046,0.15402898330034007,0.03950637023501344,0.11452261306532663,20.975,0.23786793953858384,0.0,0.23786793953858384,0.23786793953858384,0.28474181907191876,0.15593220338983046,0.8440677966101693
sbm_3c_100_moderate_s1,sbm,300,3,Spectral,{'k': 3},1.0,3,1.0986122886651097,0.6666666666666667,100,100,100.0,0.0,0.99999999999999,0.0,300,3835,0.08550724637681159,25.566666666666666,4.630214777835785,38,0.7590612777053454,0.24093872229465443,0.196026936026936,0.00381289903485308,0.1931313131313131,19.406666666666666,0.24093564503679388,0.002619861344197327,0.23786793953858384,0.24426877470355723,0.42560319842798355,0.24093872229465443,0.7590612777053454
sbm_3c_100_moderate_s1,sbm,300,3,Spectral,{'k': 5},0.8281123679525072,5,1.5546805039086729,0.7757777777777778,41,100,60.0,20.8806130178211,0.4099999999999959,0.34801021696367923,300,3835,0.08550724637681159,25.566666666666666,4.630214777835785,38,0.5598435462842242,0.44015645371577566,0.23285067268281767,0.02430549706324413,0.1931313131313131,13.258979833975275,0.4817755225619848,0.12361668442881771,0.24426877470355723,0.5927342256214144,0.3369349758367061,0.44015645371577566,0.5598435462842242
sbm_3c_100_moderate_s1,sbm,300,3,Spectral,{'k': 8},0.6401315807986864,8,2.0626920020298476,0.8707333333333334,28,51,37.5,6.928203230275509,0.5490196078431264,0.1847520861406753,300,3835,0.08550724637681159,25.566666666666666,4.630214777835785,38,0.3869621903520208,0.613037809647979,0.26499689520828157,0.02267419676905268,0.23215686274509786,9.625683516803266,0.6234003938272393,0.061025490511127,0.538940809968847,0.7389100126742703,0.2574214374227633,0.613037809647979,0.3869621903520208
sbm_3c_100_moderate_s1,sbm,300,3,Spectral,{'k': 10},0.6115894767527803,10,2.26496418228498,0.8927111111111111,15,43,30.0,8.099382692526634,0.34883720930231743,0.26997942308421213,300,3835,0.08550724637681159,25.566666666666666,4.630214777835785,38,0.33794002607561924,0.6620599739243805,0.29875425213474543,0.054183651884491764,0.23902439024390215,8.29294680069534,0.674323665824516,0.04438641543689236,0.5834084761045982,0.7513812154696111,0.2290967534664085,0.6620599739243805,0.33794002607561924
sbm_3c_100_moderate_s1,sbm,300,3,GreedyMod,{},1.0,3,1.0986122886651097,0.6666666666666667,100,100,100.0,0.0,0.99999999999999,0.0,300,3835,0.08550724637681159,25.566666666666666,4.630214777835785,38,0.7590612777053454,0.24093872229465443,0.196026936026936,0.00381289903485308,0.1931313131313131,19.406666666666666,0.24093564503679388,0.0026198613441973276,0.23786793953858384,0.24426877470355723,0.42560319842798355,0.24093872229465443,0.7590612777053454
sbm_3c_100_mixed_s1,sbm,300,3,Louvain,{'resolution': 0.5},0.29245374324134576,26,2.2718964472249983,0.8170444444444445,1,109,11.538461538461538,22.364516485565613,0.00917431192660542,1.9382580954155184,300,3739,0.08336677814938684,24.926666666666666,4.846437408608055,39,0.33056967103503604,0.6694303289649637,0.4155000250065227,0.3646644114477315,0.0,2.843277095308934,0.8857289529869382,0.123435181393919,0.4790159189580317,0.9999999999999767,0.1442553680329377,0.6694303289649637,0.33056967103503604
sbm_3c_100_mixed_s1,sbm,300,3,Louvain,{'resolution': 0.8},0.8895573775247765,3,1.0984789464414648,0.6665777777777777,98,102,100.0,1.632993161855452,0.9607843137254808,0.01632993161855436,300,3739,0.08336677814938684,24.926666666666666,4.846437408608055,39,0.5945439957207808,0.40545600427921896,0.14966481220095126,0.0021359879306143874,0.14666666666666664,14.816390556222489,0.4055350189992936,0.0026412350465327195,0.4018475750577366,0.4078947368421051,0.2609107603575105,0.40545600427921896,0.5945439957207808
sbm_3c_100_mixed_s1,sbm,300,3,Louvain,{'resolution': 1.0},0.7249455970366319,3,1.0972997527039063,0.6658,93,105,100.0,5.0990195135927845,0.8857142857142773,0.05099019513592734,300,3739,0.08336677814938684,24.926666666666666,4.846437408608055,39,0.5758224124097351,0.4241775875902647,0.1451898543492708,0.005865245276947426,0.13864468864468862,14.344194451974339,0.424737146510846,0.014292911267524083,0.4127230411171449,0.44482173174872647,0.2419777339552354,0.4241775875902647,0.5758224124097351
sbm_3c_100_mixed_s1,sbm,300,3,Louvain,{'resolution': 1.2},0.5070419514513256,7,1.7839472821526092,0.8169333333333333,6,77,42.857142857142854,22.737185222378223,0.07792207792207692,0.5305343218554796,300,3739,0.08336677814938684,24.926666666666666,4.846437408608055,39,0.40037443166622083,0.5996255683337789,0.26160948485472435,0.1413077930151817,0.16267942583732053,8.389498398489994,0.6621371985522355,0.11674452835642223,0.5122950819672129,0.8695652173912981,0.21555360643874255,0.5996255683337789,0.40037443166622083
sbm_3c_100_mixed_s1,sbm,300,3,Louvain,{'resolution': 1.5},0.336395346823838,19,2.8502101533263584,0.9370222222222222,5,31,15.789473684210526,7.000593564070655,0.16129032258063997,0.44337092572444675,300,3739,0.08336677814938684,24.926666666666666,4.846437408608055,39,0.23294998662744043,0.7670500133725593,0.4036228241933102,0.12494047873087662,0.2602150537634403,5.26230982374764,0.7890781437435996,0.05218108802920916,0.6932826362484148,0.8749999999999932,0.170139729119655,0.7670500133725593,0.23294998662744043
sbm_3c_100_mixed_s1,sbm,300,3,Louvain,{'resolution': 2.0},0.38318171555577085,29,3.312862253625927,0.9616666666666667,4,21,10.344827586206897,3.456885802717831,0.19047619047618142,0.3341656275960247,300,3739,0.08336677814938684,24.926666666666666,4.846437408608055,39,0.18587857715966832,0.8141214228403314,0.4996226953123315,0.1096484077866029,0.3666666666666649,4.346968644382438,0.8248041221308815,0.03288529052436677,0.7249999999999986,0.8947368421052538,0.14687029532863127,0.8141214228403314,0.18587857715966832
sbm_3c_100_mixed_s1,sbm,300,3,Louvain,{'resolution': 3.0},0.28253355990790685,49,3.8271042700571782,0.9768666666666667,3,13,6.122448979591836,2.2372783489459294,0.23076923076921302,0.36542213032777543,300,3739,0.08336677814938684,24.926666666666666,4.846437408608055,39,0.1449585450655255,0.8550414549344743,0.7062046796739815,0.1478060848523663,0.4230769230769177,3.324796292143231,0.8665066537939183,0.036240149357403335,0.7891373801916907,0.9393939393939252,0.12198774960531461,0.8550414549344743,0.1449585450655255
sbm_3c_100_mixed_s1,sbm,300,3,Leiden,{'resolution': 0.5},0.0,1,-1.000088900581841e-12,0.0,300,300,300.0,0.0,0.9999999999999966,0.0,300,3739,0.08336677814938684,24.926666666666666,4.846437408608055,39,0.9999999999999998,0.0,0.08336677814938684,0.0,0.08336677814938684,24.926666666666666,0.0,0.0,0.0,0.0,0.0,0.0,0.9999999999999998
sbm_3c_100_mixed_s1,sbm,300,3,Leiden,{'resolution': 0.8},0.9080578446036291,3,1.0983799284508913,0.666511111111111,98,103,100.0,2.160246899469287,0.9514563106796025,0.021602468994692654,300,3739,0.08336677814938684,24.926666666666666,4.846437408608055,39,0.5958812516715698,0.40411874832843,0.14997920746203441,0.00038311404292686464,0.14943841614315626,14.84713991510108,0.404275199181475,0.004739205817675964,0.39777522056003056,0.40894039735099325,0.26218367494816386,0.40411874832843,0.5958812516715698
sbm_3c_100_mixed_s1,sbm,300,3,Leiden,{'resolution': 1.0},0.9150868486286181,3,1.0985789547761988,0.6666444444444444,99,101,100.0,0.816496580927726,0.9801980198019705,0.00816496580927718,300,3739,0.08336677814938684,24.926666666666666,4.846437408608055,39,0.5953463492912542,0.40465365070874554,0.14986574847960984,0.0015687401046596777,0.1486291486291486,14.837859119245259,0.404709583197874,0.0027394188816145366,0.40163615114920126,0.4082888797702091,0.2618525619341921,0.40465365070874554,0.5953463492912542
sbm_3c_100_mixed_s1,sbm,300,3,Leiden,{'resolution': 1.2},0.6096240418100061,6,1.6449532320511964,0.7873777777777777,17,82,50.0,26.25515822335362,0.2073170731707292,0.525103164467062,300,3739,0.08336677814938684,24.926666666666666,4.846437408608055,39,0.44798074351430855,0.5520192564856913,0.2103588120406722,0.04200058984116324,0.1644083107497741,9.278559171400385,0.6275283427921782,0.1435267068120479,0.4628627643876043,0.8378378378378357,0.2345934988688581,0.5520192564856913,0.44798074351430855
sbm_3c_100_mixed_s1,sbm,300,3,Leiden,{'resolution': 1.5},0.3963946176388413,15,2.6355835967660113,0.9231777777777778,9,37,20.0,7.805980613179444,0.24324324324323665,0.3902990306589527,300,3739,0.08336677814938684,24.926666666666666,4.846437408608055,39,0.25862530088258884,0.7413746991174109,0.3389216162139807,0.06797551530487018,0.23865546218487355,5.954283835025523,0.7608866832684917,0.052239092850159055,0.6527331189710603,0.8508771929824525,0.18183261790080357,0.7413746991174109,0.25862530088258884
sbm_3c_100_mixed_s1,sbm,300,3,Leiden,{'resolution': 2.0},0.3593266850019227,28,3.261991853603129,0.9590666666666666,4,21,10.714285714285714,4.095791767666128,0.19047619047618142,0.38227389831546965,300,3739,0.08336677814938684,24.926666666666666,4.846437408608055,39,0.1936346616742444,0.8063653383257553,0.5047833294156636,0.12020908829520047,0.328571428571427,4.476168159571521,0.820146243434478,0.03769479113849238,0.7386363636363622,0.8850574712643577,0.15246209242394967,0.8063653383257553,0.1936346616742444
sbm_3c_100_mixed_s1,sbm,300,3,Leiden,{'resolution': 3.0},0.3130974736060788,50,3.8694958954867995,0.9783111111111111,3,10,6.0,1.7435595774162693,0.29999999999997,0.29059326290266313,300,3739,0.08336677814938684,24.926666666666666,4.846437408608055,39,0.14255148435410533,0.8574485156458944,0.7101269841269062,0.1303209944805543,0.42222222222221284,3.359269841269841,0.8649296231411314,0.031530599949912114,0.8032786885245868,0.9534883720930122,0.12096601309816987,0.8574485156458944,0.14255148435410533
sbm_3c_100_mixed_s1,sbm,300,3,LabelProp,{'seed': 0},0.0,1,-1.000088900581841e-12,0.0,300,300,300.0,0.0,0.9999999999999966,0.0,300,3739,0.08336677814938684,24.926666666666666,4.846437408608055,39,0.9999999999999998,0.0,0.08336677814938684,0.0,0.08336677814938684,24.926666666666666,0.0,0.0,0.0,0.0,0.0,0.0,0.9999999999999998
sbm_3c_100_mixed_s1,sbm,300,3,LabelProp,{'seed': 1},0.0,1,-1.000088900581841e-12,0.0,300,300,300.0,0.0,0.9999999999999966,0.0,300,3739,0.08336677814938684,24.926666666666666,4.846437408608055,39,0.9999999999999998,0.0,0.08336677814938684,0.0,0.08336677814938684,24.926666666666666,0.0,0.0,0.0,0.0,0.0,0.0,0.9999999999999998
sbm_3c_100_mixed_s1,sbm,300,3,LabelProp,{'seed': 2},0.0,1,-1.000088900581841e-12,0.0,300,300,300.0,0.0,0.9999999999999966,0.0,300,3739,0.08336677814938684,24.926666666666666,4.846437408608055,39,0.9999999999999998,0.0,0.08336677814938684,0.0,0.08336677814938684,24.926666666666666,0.0,0.0,0.0,0.0,0.0,0.0,0.9999999999999998
sbm_3c_100_mixed_s1,sbm,300,3,LabelProp,{'seed': 3},0.0,1,-1.000088900581841e-12,0.0,300,300,300.0,0.0,0.9999999999999966,0.0,300,3739,0.08336677814938684,24.926666666666666,4.846437408608055,39,0.9999999999999998,0.0,0.08336677814938684,0.0,0.08336677814938684,24.926666666666666,0.0,0.0,0.0,0.0,0.0,0.0,0.9999999999999998
sbm_3c_100_mixed_s1,sbm,300,3,LabelProp,{'seed': 4},0.0,1,-1.000088900581841e-12,0.0,300,300,300.0,0.0,0.9999999999999966,0.0,300,3739,0.08336677814938684,24.926666666666666,4.846437408608055,39,0.9999999999999998,0.0,0.08336677814938684,0.0,0.08336677814938684,24.926666666666666,0.0,0.0,0.0,0.0,0.0,0.0,0.9999999999999998
sbm_3c_100_mixed_s1,sbm,300,3,Spectral,{'k': 2},0.5109094892114568,2,0.6859298002503729,0.4927999999999999,132,168,150.0,18.0,0.785714285714281,0.1199999999999992,300,3739,0.08336677814938684,24.926666666666666,4.846437408608055,39,0.6820005349023801,0.3179994650976196,0.11405309733462586,0.006696382193479594,0.10735671514114627,16.873376623376622,0.36283185840707954,0.0,0.36283185840707954,0.36283185840707954,0.17436669539555497,0.3179994650976196,0.6820005349023801
sbm_3c_100_mixed_s1,sbm,300,3,Spectral,{'k': 3},0.8850566782993844,3,1.0979837593495874,0.6662444444444444,97,105,100.0,3.559026084010437,0.9238095238095151,0.03559026084010402,300,3739,0.08336677814938684,24.926666666666666,4.846437408608055,39,0.5958812516715698,0.40411874832843,0.1499886711226917,0.002073804092381258,0.14706959706959705,14.841662575683195,0.404433666284953,0.00680166499255615,0.3951035781544255,0.41112505227938084,0.2618260242525798,0.40411874832843,0.5958812516715698
sbm_3c_100_mixed_s1,sbm,300,3,Spectral,{'k': 5},0.6470754104625194,5,1.5620550756720406,0.7810444444444444,35,90,60.0,18.471599822430107,0.38888888888888457,0.30785999704049666,300,3739,0.08336677814938684,24.926666666666666,4.846437408608055,39,0.4391548542391013,0.5608451457608985,0.18064628398491211,0.020708705474643766,0.1518102372034956,10.294522626735741,0.5871747949762522,0.08759147847095256,0.4475238527941843,0.7046511627906968,0.22093660705797896,0.5608451457608985,0.4391548542391013
sbm_3c_100_mixed_s1,sbm,300,3,Spectral,{'k': 8},0.5039351730814677,8,2.04886123606295,0.8668888888888889,27,58,37.5,9.5524865872714,0.4655172413793023,0.25473297566056385,300,3739,0.08336677814938684,24.926666666666666,4.846437408608055,39,0.32201123294998657,0.6779887670500132,0.21782914786115012,0.03092070538007857,0.18511796733212332,7.731628483575091,0.6896690320279262,0.047321907042777,0.5862068965517238,0.737704918032786,0.188134387391926,0.6779887670500132,0.32201123294998657
sbm_3c_100_mixed_s1,sbm,300,3,Spectral,{'k': 10},0.38945945250947445,10,2.272911067169579,0.8942222222222223,17,42,30.0,7.211102550927978,0.4047619047618951,0.2403700850309246,300,3739,0.08336677814938684,24.926666666666666,4.846437408608055,39,0.28082374966568596,0.7191762503343138,0.2429391770263317,0.04102715822239669,0.1996996996996994,6.798449692010922,0.7268921616040662,0.03604993837099703,0.6569274269557016,0.7903780068728509,0.17456218726576114,0.7191762503343138,0.28082374966568596
sbm_3c_100_mixed_s1,sbm,300,3,GreedyMod,{},0.8435374321378531,3,1.0985789547761988,0.6666444444444444,99,101,100.0,0.816496580927726,0.9801980198019705,0.00816496580927718,300,3739,0.08336677814938684,24.926666666666666,4.846437408608055,39,0.5926718373896762,0.4073281626103235,0.1492380122365978,0.001634145246702295,0.1469306930693069,14.773447344734473,0.4073169480390743,0.0030640480435383255,0.403057119871279,0.41013460015835296,0.2593051233247552,0.4073281626103235,0.5926718373896762
sbm_3c_100_hard_s1,sbm,300,3,Louvain,{'resolution': 0.5},0.13548788339171972,47,3.1572565936975363,0.9048666666666667,1,83,6.382978723404255,11.89234187965205,0.012048192771084192,1.863133561145196,300,3218,0.07175027870680045,21.453333333333333,4.551317269636219,36,0.21690490988191416,0.7830950901180855,0.5611523344604902,0.36308055027984015,0.0,2.171149126301651,0.8973947973276779,0.07678619152526131,0.5921696574225119,0.9999999999999546,0.11630903467559923,0.7830950901180855,0.21690490988191416
sbm_3c_100_hard_s1,sbm,300,3,Louvain,{'resolution': 0.8},0.07195974916254713,15,2.159267083078783,0.8481333333333334,1,74,20.0,22.609732417700126,0.013513513513513332,1.1304866208849498,300,3218,0.07175027870680045,21.453333333333333,4.551317269636219,36,0.32442510876320685,0.6755748912367928,0.28500772449912476,0.2076566999393345,0.0,4.085939309024124,0.810691497948014,0.13119243293394472,0.5706874189364458,0.9999999999999761,0.1744239596180744,0.6755748912367928,0.32442510876320685
sbm_3c_100_hard_s1,sbm,300,3,Louvain,{'resolution': 1.0},0.03235375269317556,10,2.262430101588969,0.8918666666666667,19,44,30.0,8.555699854482976,0.431818181818172,0.28518999514942306,300,3218,0.07175027870680045,21.453333333333333,4.551317269636219,36,0.2818520820385332,0.7181479179614666,0.21413106726880757,0.0425735556432431,0.15331010452961655,5.871407872027067,0.7265305913479569,0.030890139444885337,0.6837696335078527,0.7610619469026532,0.17369077605343777,0.7181479179614666,0.2818520820385332
sbm_3c_100_hard_s1,sbm,300,3,Louvain,{'resolution': 1.2},0.062110761697901085,16,2.7117852177705215,0.9303555555555556,8,28,18.75,6.339361166552983,0.28571428571427554,0.3380992622161411,300,3218,0.07175027870680045,21.453333333333333,4.551317269636219,36,0.23990055935363572,0.760099440646364,0.30903876522520124,0.09800717563022798,0.18666666666666604,4.925491922382108,0.7705467758692904,0.031646319143682086,0.722222222222221,0.833333333333329,0.16992394590558627,0.760099440646364,0.23990055935363572
sbm_3c_100_hard_s1,sbm,300,3,Louvain,{'resolution': 1.5},0.06900201569252312,21,2.9819518865977868,0.9466,6,23,14.285714285714286,4.977500397195527,0.26086956521738,0.34842502780366247,300,3218,0.07175027870680045,21.453333333333333,4.551317269636219,36,0.214108141702921,0.7858918582970787,0.35893544559438084,0.09665710569353601,0.2292490118577066,4.338327733999618,0.7979362874957745,0.036013495863619356,0.7377049180327854,0.853658536585359,0.1606973244424908,0.7858918582970787,0.214108141702921
sbm_3c_100_hard_s1,sbm,300,3,Louvain,{'resolution': 2.0},0.10942516674529813,32,3.4064182443062694,0.9651333333333333,4,18,9.375,3.1893377055432683,0.2222222222222099,0.340196021924579,300,3218,0.07175027870680045,21.453333333333333,4.551317269636219,36,0.18023617153511493,0.8197638284648848,0.4891278860028584,0.16131429501328853,0.33333333333332593,3.6605193417693416,0.829368741734523,0.03140902813649409,0.7548076923076904,0.9019607843137167,0.14526420874501378,0.8197638284648848,0.18023617153511493
sbm_3c_100_hard_s1,sbm,300,3,Louvain,{'resolution': 3.0},0.13726976309101133,50,3.879504065727378,0.9786888888888889,3,9,6.0,1.5362291495737217,0.3333333333332963,0.2560381915955776,300,3218,0.07175027870680045,21.453333333333333,4.551317269636219,36,0.14667495338719697,0.8533250466128027,0.6443333333332728,0.12983777792483178,0.38888888888887807,3.049380952380952,0.8581157142383375,0.023095879071504222,0.8032786885245858,0.928571428571412,0.1254483597353451,0.8533250466128027,0.14667495338719697
sbm_3c_100_hard_s1,sbm,300,3,Leiden,{'resolution': 0.5},0.0,1,-1.000088900581841e-12,0.0,300,300,300.0,0.0,0.9999999999999966,0.0,300,3218,0.07175027870680045,21.453333333333333,4.551317269636219,36,0.9999999999999997,0.0,0.07175027870680045,0.0,0.07175027870680045,21.453333333333333,0.0,0.0,0.0,0.0,0.0,0.0,0.9999999999999997
sbm_3c_100_hard_s1,sbm,300,3,Leiden,{'resolution': 0.8},0.014138017415769498,3,1.080437939375944,0.6543111111111111,80,126,100.0,19.252705437591537,0.6349206349206299,0.19252705437591344,300,3218,0.07175027870680045,21.453333333333333,4.551317269636219,36,0.5161591050341826,0.4838408949658171,0.11215218267586145,0.011287546088889648,0.09752380952380951,10.88707362377575,0.49268880795019704,0.04696070553196409,0.4309003334568357,0.5446685878962533,0.1708644101447691,0.4838408949658171,0.5161591050341826
sbm_3c_100_hard_s1,sbm,300,3,Leiden,{'resolution': 1.0},0.04418618352943476,10,2.2514372760097183,0.8888,21,50,30.0,10.039920318408907,0.4199999999999916,0.3346640106136191,300,3218,0.07175027870680045,21.453333333333333,4.551317269636219,36,0.2973896830329396,0.7026103169670601,0.2206709217833831,0.037323899772919285,0.15836734693877538,6.069642003386685,0.7163540020056358,0.03962492181124985,0.6430542778288864,0.7589285714285697,0.18477442570747749,0.7026103169670601,0.2973896830329396
sbm_3c_100_hard_s1,sbm,300,3,Leiden,{'resolution': 1.2},0.06340548739041633,14,2.603328351722254,0.9236222222222222,12,30,21.428571428571427,5.640596292114181,0.3999999999999867,0.2632278269653162,300,3218,0.07175027870680045,21.453333333333333,4.551317269636219,36,0.2545059042883778,0.745494095711622,0.2731842264178576,0.0580041196510862,0.21379310344827535,5.293867920698113,0.7525250105562327,0.025001094250914197,0.714723926380367,0.7984496124030976,0.17719055066648487,0.745494095711622,0.2545059042883778
sbm_3c_100_hard_s1,sbm,300,3,Leiden,{'resolution': 1.5},0.08556040738330803,20,2.9569937960987804,0.9462888888888888,7,22,15.0,4.08656334834051,0.31818181818180374,0.27243755655601587,300,3218,0.07175027870680045,21.453333333333333,4.551317269636219,36,0.22094468614045984,0.7790553138595399,0.3451226027154768,0.07023337627881517,0.24761904761904643,4.567848434245493,0.7872337731625042,0.030849131040317078,0.7333333333333317,0.8513513513513457,0.16722924885307588,0.7790553138595399,0.22094468614045984
sbm_3c_100_hard_s1,sbm,300,3,Leiden,{'resolution': 2.0},0.07658703958863522,30,3.350140222996778,0.9632222222222222,4,17,10.0,3.2145502536643185,0.235294117647045,0.3214550253663997,300,3218,0.07175027870680045,21.453333333333333,4.551317269636219,36,0.1895587321317588,0.8104412678682409,0.46310835134362793,0.10232704487072443,0.2720588235294098,3.878922118186824,0.8197032169529468,0.03369115413572993,0.7566765578634992,0.9036144578313144,0.15301388901227983,0.8104412678682409,0.1895587321317588
sbm_3c_100_hard_s1,sbm,300,3,Leiden,{'resolution': 3.0},0.15238549382530586,47,3.82001973674759,0.9774666666666667,3,11,6.382978723404255,1.551295841153888,0.27272727272724795,0.24303634844740438,300,3218,0.07175027870680045,21.453333333333333,4.551317269636219,36,0.158794282162834,0.8412057178371657,0.6405744373828917,0.13193321172476957,0.4363636363636284,3.2858186730527152,0.8468411243290499,0.026809282764326113,0.7798165137614643,0.915492957746466,0.13619841931707174,0.8412057178371657,0.158794282162834
sbm_3c_100_hard_s1,sbm,300,3,LabelProp,{'seed': 0},0.0,1,-1.000088900581841e-12,0.0,300,300,300.0,0.0,0.9999999999999966,0.0,300,3218,0.07175027870680045,21.453333333333333,4.551317269636219,36,0.9999999999999997,0.0,0.07175027870680045,0.0,0.07175027870680045,21.453333333333333,0.0,0.0,0.0,0.0,0.0,0.0,0.9999999999999997
sbm_3c_100_hard_s1,sbm,300,3,LabelProp,{'seed': 1},0.0,1,-1.000088900581841e-12,0.0,300,300,300.0,0.0,0.9999999999999966,0.0,300,3218,0.07175027870680045,21.453333333333333,4.551317269636219,36,0.9999999999999997,0.0,0.07175027870680045,0.0,0.07175027870680045,21.453333333333333,0.0,0.0,0.0,0.0,0.0,0.0,0.9999999999999997
sbm_3c_100_hard_s1,sbm,300,3,LabelProp,{'seed': 2},0.0,1,-1.000088900581841e-12,0.0,300,300,300.0,0.0,0.9999999999999966,0.0,300,3218,0.07175027870680045,21.453333333333333,4.551317269636219,36,0.9999999999999997,0.0,0.07175027870680045,0.0,0.07175027870680045,21.453333333333333,0.0,0.0,0.0,0.0,0.0,0.0,0.9999999999999997
sbm_3c_100_hard_s1,sbm,300,3,LabelProp,{'seed': 3},0.0,1,-1.000088900581841e-12,0.0,300,300,300.0,0.0,0.9999999999999966,0.0,300,3218,0.07175027870680045,21.453333333333333,4.551317269636219,36,0.9999999999999997,0.0,0.07175027870680045,0.0,0.07175027870680045,21.453333333333333,0.0,0.0,0.0,0.0,0.0,0.0,0.9999999999999997
sbm_3c_100_hard_s1,sbm,300,3,LabelProp,{'seed': 4},0.0,1,-1.000088900581841e-12,0.0,300,300,300.0,0.0,0.9999999999999966,0.0,300,3218,0.07175027870680045,21.453333333333333,4.551317269636219,36,0.9999999999999997,0.0,0.07175027870680045,0.0,0.07175027870680045,21.453333333333333,0.0,0.0,0.0,0.0,0.0,0.0,0.9999999999999997
sbm_3c_100_hard_s1,sbm,300,3,Spectral,{'k': 2},0.008591196884506682,2,0.6904558764286521,0.49731111111111115,139,161,150.0,11.0,0.8633540372670754,0.07333333333333285,300,3218,0.07175027870680045,21.453333333333333,4.551317269636219,36,0.6243008079552516,0.37569919204474816,0.08979716847639899,0.0026853672341629747,0.08711180124223601,13.35023906340766,0.4052966811934293,0.0,0.4052966811934293,0.4052966811934293,0.12163435669696679,0.37569919204474816,0.6243008079552516
sbm_3c_100_hard_s1,sbm,300,3,Spectral,{'k': 3},0.00798807850187946,3,1.0942475913584007,0.6637111111111111,91,113,100.0,9.41629792788369,0.8053097345132673,0.09416297927883596,300,3218,0.07175027870680045,21.453333333333333,4.551317269636219,36,0.4947172156619017,0.505282784338098,0.10645193746032122,0.0022838670736707346,0.10445638432364095,10.529436394480642,0.5090950869386105,0.0361154484696069,0.4623830825538835,0.5503390714658317,0.15757420870252434,0.505282784338098,0.4947172156619017
sbm_3c_100_hard_s1,sbm,300,3,Spectral,{'k': 5},0.023729211903333016,5,1.5904289002954497,0.7924222222222223,45,76,60.0,11.679041056525147,0.592105263157887,0.19465068427541588,300,3218,0.07175027870680045,21.453333333333333,4.551317269636219,36,0.37600994406463634,0.6239900559353634,0.13807960626614527,0.018646628349963383,0.11262939958592129,7.945704883678123,0.6300965282212869,0.03360544365297559,0.5699576014536641,0.6676798378926032,0.16877388338822835,0.6239900559353634,0.37600994406463634
sbm_3c_100_hard_s1,sbm,300,3,Spectral,{'k': 8},0.0715544375801762,8,2.070977712964624,0.8728666666666667,32,45,37.5,4.898979485566356,0.7111111111110953,0.13063945294843265,300,3218,0.07175027870680045,21.453333333333333,4.551317269636219,36,0.288688626476072,0.7113113735239277,0.1696513516332529,0.014582158633509631,0.14949494949494935,6.139610174190035,0.7134638823092418,0.02078959799542204,0.6912442396313356,0.7514970059880228,0.1608988593913741,0.7113113735239277,0.288688626476072
sbm_3c_100_hard_s1,sbm,300,3,Spectral,{'k': 10},0.05823144819412556,10,2.2857709409416502,0.8966,22,41,30.0,5.531726674375733,0.5365853658536455,0.18439088914585164,300,3218,0.07175027870680045,21.453333333333333,4.551317269636219,36,0.26444996892479794,0.7355500310752018,0.19275807783110127,0.01696848736683082,0.16931216931216886,5.530778874811327,0.7411489880240014,0.030181900862461194,0.6788793103448268,0.7852348993288577,0.1593566390266683,0.7355500310752018,0.26444996892479794
sbm_3c_100_hard_s1,sbm,300,3,GreedyMod,{},0.060867648609126884,6,1.474148452416077,0.7429111111111111,6,96,50.0,36.8284310463171,0.062499999999999355,0.7365686209263272,300,3218,0.07175027870680045,21.453333333333333,4.551317269636219,36,0.42728402734617765,0.5727159726538221,0.21568815951831277,0.11327618283496729,0.11118421052631576,6.661461332595053,0.6885404633443356,0.1581832083945031,0.502941176470588,0.9039999999999928,0.17028462297031033,0.5727159726538221,0.42728402734617765
sbm_2c_200_clear_s1,sbm,400,2,Louvain,{'resolution': 0.5},0.5159946805604638,43,1.935222075885724,0.7160249999999999,1,151,9.30232558139535,31.14671574289038,0.006622516556291347,3.3482719423603555,400,8296,0.10395989974937343,41.48,6.076972930662107,58,0.5517116682738668,0.44828833172613297,0.4144764195754751,0.42741622233849846,0.0,2.3549991024579557,0.9430671372182201,0.14862454478128606,0.282730027108914,0.9999999999999803,0.26488672144166314,0.44828833172613297,0.5517116682738668
sbm_2c_200_clear_s1,sbm,400,2,Louvain,{'resolution': 0.8},1.0,2,0.6931471805579453,0.5,200,200,200.0,0.0,0.999999999999995,0.0,400,8296,0.10395989974937343,41.48,6.076972930662107,58,0.9516634522661521,0.04833654773384763,0.19836683417085427,0.0023869346733668417,0.19597989949748743,39.475,0.048896476039507364,0.0,0.048896476039507364,0.048896476039507364,0.4515978861093262,0.04833654773384763,0.9516634522661521
sbm_2c_200_clear_s1,sbm,400,2,Louvain,{'resolution': 1.0},1.0,2,0.6931471805579453,0.5,200,200,200.0,0.0,0.999999999999995,0.0,400,8296,0.10395989974937343,41.48,6.076972930662107,58,0.9516634522661521,0.04833654773384763,0.19836683417085427,0.0023869346733668417,0.19597989949748743,39.475,0.048896476039507364,0.0,0.048896476039507364,0.048896476039507364,0.4515978861093262,0.04833654773384763,0.9516634522661521
sbm_2c_200_clear_s1,sbm,400,2,Louvain,{'resolution': 1.2},1.0,2,0.6931471805579453,0.5,200,200,200.0,0.0,0.999999999999995,0.0,400,8296,0.10395989974937343,41.48,6.076972930662107,58,0.9516634522661521,0.04833654773384763,0.19836683417085427,0.0023869346733668417,0.19597989949748743,39.475,0.048896476039507364,0.0,0.048896476039507364,0.048896476039507364,0.4515978861093262,0.04833654773384763,0.9516634522661521
sbm_2c_200_clear_s1,sbm,400,2,Louvain,{'resolution': 1.5},1.0,2,0.6931471805579453,0.5,200,200,200.0,0.0,0.999999999999995,0.0,400,8296,0.10395989974937343,41.48,6.076972930662107,58,0.9516634522661521,0.04833654773384763,0.19836683417085427,0.0023869346733668417,0.19597989949748743,39.475,0.048896476039507364,0.0,0.048896476039507364,0.048896476039507364,0.4515978861093262,0.04833654773384763,0.9516634522661521
sbm_2c_200_clear_s1,sbm,400,2,Louvain,{'resolution': 2.0},0.397079420540652,17,2.7980797362759873,0.9372125,13,35,23.529411764705884,6.108024105838863,0.3714285714285608,0.25959102449814064,400,8296,0.10395989974937343,41.48,6.076972930662107,58,0.228784956605593,0.7712150433944068,0.42262355719034955,0.06815606347320333,0.3042328042328034,9.150925193175008,0.7797394577009465,0.03434248584626008,0.7273356401384079,0.8563535911602194,0.1660079441335951,0.7712150433944068,0.228784956605593
sbm_2c_200_clear_s1,sbm,400,2,Louvain,{'resolution': 3.0},0.3098943772936521,45,3.780294297186873,0.9766,5,14,8.88888888888889,2.046375899239349,0.3571428571428316,0.23021728866440086,400,8296,0.10395989974937343,41.48,6.076972930662107,58,0.12933944069431047,0.8706605593056893,0.6734357001023425,0.07983644362816354,0.5274725274725217,5.1750535883869215,0.8752442570854645,0.021377853382977496,0.8312757201646073,0.9191919191919146,0.10594696884278791,0.8706605593056893,0.12933944069431047
sbm_2c_200_clear_s1,sbm,400,2,Leiden,{'resolution': 0.5},1.0,2,0.6931471805579453,0.5,200,200,200.0,0.0,0.999999999999995,0.0,400,8296,0.10395989974937343,41.48,6.076972930662107,58,0.9516634522661521,0.04833654773384763,0.19836683417085427,0.0023869346733668417,0.19597989949748743,39.475,0.048896476039507364,0.0,0.048896476039507364,0.048896476039507364,0.4515978861093262,0.04833654773384763,0.9516634522661521
sbm_2c_200_clear_s1,sbm,400,2,Leiden,{'resolution': 0.8},1.0,2,0.6931471805579453,0.5,200,200,200.0,0.0,0.999999999999995,0.0,400,8296,0.10395989974937343,41.48,6.076972930662107,58,0.9516634522661521,0.04833654773384763,0.19836683417085427,0.0023869346733668417,0.19597989949748743,39.475,0.048896476039507364,0.0,0.048896476039507364,0.048896476039507364,0.4515978861093262,0.04833654773384763,0.9516634522661521
sbm_2c_200_clear_s1,sbm,400,2,Leiden,{'resolution': 1.0},1.0,2,0.6931471805579453,0.5,200,200,200.0,0.0,0.999999999999995,0.0,400,8296,0.10395989974937343,41.48,6.076972930662107,58,0.9516634522661521,0.04833654773384763,0.19836683417085427,0.0023869346733668417,0.19597989949748743,39.475,0.048896476039507364,0.0,0.048896476039507364,0.048896476039507364,0.4515978861093262,0.04833654773384763,0.9516634522661521
sbm_2c_200_clear_s1,sbm,400,2,Leiden,{'resolution': 1.2},1.0,2,0.6931471805579453,0.5,200,200,200.0,0.0,0.999999999999995,0.0,400,8296,0.10395989974937343,41.48,6.076972930662107,58,0.9516634522661521,0.04833654773384763,0.19836683417085427,0.0023869346733668417,0.19597989949748743,39.475,0.048896476039507364,0.0,0.048896476039507364,0.048896476039507364,0.4515978861093262,0.04833654773384763,0.9516634522661521
sbm_2c_200_clear_s1,sbm,400,2,Leiden,{'resolution': 1.5},1.0,2,0.6931471805579453,0.5,200,200,200.0,0.0,0.999999999999995,0.0,400,8296,0.10395989974937343,41.48,6.076972930662107,58,0.9516634522661521,0.04833654773384763,0.19836683417085427,0.0023869346733668417,0.19597989949748743,39.475,0.048896476039507364,0.0,0.048896476039507364,0.048896476039507364,0.4515978861093262,0.04833654773384763,0.9516634522661521
sbm_2c_200_clear_s1,sbm,400,2,Leiden,{'resolution': 2.0},0.40398037480770543,17,2.7384412023482536,0.930025,8,47,23.529411764705884,10.244755599868553,0.17021276595744317,0.43540211299439496,400,8296,0.10395989974937343,41.48,6.076972930662107,58,0.24493731918997103,0.7550626808100288,0.4441239822210156,0.09356938880690967,0.30989824236817737,9.103257969027338,0.7805357870814366,0.05963642253519081,0.6579887697804999,0.8811188811188779,0.17509386603575144,0.7550626808100288,0.24493731918997103
sbm_2c_200_clear_s1,sbm,400,2,Leiden,{'resolution': 3.0},0.30800219404149015,45,3.761172679840548,0.97575,4,16,8.88888888888889,2.68512132746546,0.2499999999999844,0.3020761493398303,400,8296,0.10395989974937343,41.48,6.076972930662107,58,0.13524590163934425,0.8647540983606555,0.701760338426973,0.10815854411990104,0.5166666666666624,5.276588226588226,0.8725893676687726,0.02720470707812843,0.8154761904761892,0.9272727272727217,0.11091543054058653,0.8647540983606555,0.13524590163934425
sbm_2c_200_clear_s1,sbm,400,2,LabelProp,{'seed': 0},0.0,1,-1.000088900581841e-12,0.0,400,400,400.0,0.0,0.9999999999999974,0.0,400,8296,0.10395989974937343,41.48,6.076972930662107,58,0.9999999999999998,0.0,0.10395989974937343,0.0,0.10395989974937343,41.48,0.0,0.0,0.0,0.0,0.0,0.0,0.9999999999999998
sbm_2c_200_clear_s1,sbm,400,2,LabelProp,{'seed': 1},0.0,1,-1.000088900581841e-12,0.0,400,400,400.0,0.0,0.9999999999999974,0.0,400,8296,0.10395989974937343,41.48,6.076972930662107,58,0.9999999999999998,0.0,0.10395989974937343,0.0,0.10395989974937343,41.48,0.0,0.0,0.0,0.0,0.0,0.0,0.9999999999999998
sbm_2c_200_clear_s1,sbm,400,2,LabelProp,{'seed': 2},0.0,1,-1.000088900581841e-12,0.0,400,400,400.0,0.0,0.9999999999999974,0.0,400,8296,0.10395989974937343,41.48,6.076972930662107,58,0.9999999999999998,0.0,0.10395989974937343,0.0,0.10395989974937343,41.48,0.0,0.0,0.0,0.0,0.0,0.0,0.9999999999999998
sbm_2c_200_clear_s1,sbm,400,2,LabelProp,{'seed': 3},0.0,1,-1.000088900581841e-12,0.0,400,400,400.0,0.0,0.9999999999999974,0.0,400,8296,0.10395989974937343,41.48,6.076972930662107,58,0.9999999999999998,0.0,0.10395989974937343,0.0,0.10395989974937343,41.48,0.0,0.0,0.0,0.0,0.0,0.0,0.9999999999999998
sbm_2c_200_clear_s1,sbm,400,2,LabelProp,{'seed': 4},0.0,1,-1.000088900581841e-12,0.0,400,400,400.0,0.0,0.9999999999999974,0.0,400,8296,0.10395989974937343,41.48,6.076972930662107,58,0.9999999999999998,0.0,0.10395989974937343,0.0,0.10395989974937343,41.48,0.0,0.0,0.0,0.0,0.0,0.0,0.9999999999999998
sbm_2c_200_clear_s1,sbm,400,2,Spectral,{'k': 2},1.0,2,0.6931471805579453,0.5,200,200,200.0,0.0,0.999999999999995,0.0,400,8296,0.10395989974937343,41.48,6.076972930662107,58,0.9516634522661521,0.04833654773384763,0.19836683417085427,0.0023869346733668417,0.19597989949748743,39.475,0.048896476039507364,0.0,0.048896476039507364,0.048896476039507364,0.4515978861093262,0.04833654773384763,0.9516634522661521
sbm_2c_200_clear_s1,sbm,400,2,Spectral,{'k': 3},0.8001847568998052,3,1.039320664101926,0.6248,96,200,133.33333333333334,47.2534537244516,0.4799999999999976,0.35440090293338433,400,8296,0.10395989974937343,41.48,6.076972930662107,58,0.7597637415621985,0.2402362584378013,0.2228228161868964,0.01921467247576919,0.2007537688442211,28.71463675213675,0.3077707317251546,0.183119177778626,0.048896476039507364,0.4432938856015778,0.38183735507300287,0.2402362584378013,0.7597637415621985
sbm_2c_200_clear_s1,sbm,400,2,Spectral,{'k': 5},0.5529248748662621,5,1.5908145732904406,0.7926124999999999,60,101,80.0,15.375304875026057,0.5940594059405883,0.19219131093782332,400,8296,0.10395989974937343,41.48,6.076972930662107,58,0.4833654773384763,0.5166345226615235,0.24653880126739097,0.007717360007738981,0.2362637362637362,19.401635719127466,0.5323125420702124,0.08139896868063803,0.4254614292475153,0.6463414634146339,0.27590480715224264,0.5166345226615235,0.4833654773384763
sbm_2c_200_clear_s1,sbm,400,2,Spectral,{'k': 8},0.5033587005640777,8,2.0609412251085035,0.8705625,34,64,50.0,9.420721840708387,0.5312499999999918,0.18841443681416395,400,8296,0.10395989974937343,41.48,6.076972930662107,58,0.3516152362584377,0.6483847637415621,0.29578658231604904,0.02796603118072743,0.2718253968253967,14.256944206969361,0.6559231854337177,0.03883810213261826,0.5960191669738295,0.714084507042253,0.22160874982215406,0.6483847637415621,0.3516152362584377
sbm_2c_200_clear_s1,sbm,400,2,Spectral,{'k': 10},0.46798244267044553,10,2.26913138956035,0.8932625,26,59,40.0,10.382677881933928,0.4406779661016874,0.2595669470483417,400,8296,0.10395989974937343,41.48,6.076972930662107,58,0.3033992285438765,0.6966007714561233,0.31549585318491624,0.030574080001513206,0.26358854471069537,12.034339514082609,0.7095485555210619,0.04971369703046791,0.6357027463651048,0.7911877394636009,0.19594727484240296,0.6966007714561233,0.3033992285438765
sbm_2c_200_clear_s1,sbm,400,2,GreedyMod,{},1.0,2,0.6931471805579453,0.5,200,200,200.0,0.0,0.999999999999995,0.0,400,8296,0.10395989974937343,41.48,6.076972930662107,58,0.9516634522661521,0.04833654773384763,0.19836683417085427,0.0023869346733668417,0.19597989949748743,39.475,0.048896476039507364,0.0,0.048896476039507364,0.048896476039507364,0.4515978861093262,0.04833654773384763,0.9516634522661521
sbm_2c_200_mixed_s1,sbm,400,2,Louvain,{'resolution': 0.5},0.3395920740449554,17,2.022777176156508,0.8365374999999999,1,106,23.529411764705884,31.382118638521117,0.009433962264150855,1.3337400421370909,400,8010,0.10037593984962406,40.05,5.77775908116633,58,0.30599250936329586,0.6940074906367041,0.30196056404080635,0.3560652269863377,0.0,4.882401993177232,0.8779121170857607,0.14016885820069508,0.5582907570831397,0.9999999999999791,0.14130994964159968,0.6940074906367041,0.30599250936329586
sbm_2c_200_mixed_s1,sbm,400,2,Louvain,{'resolution': 0.8},0.8174654003224417,3,1.0026975127697388,0.60695,62,200,133.33333333333334,56.43481982684882,0.30999999999999844,0.423261148701363,400,8010,0.10037593984962406,40.05,5.77775908116633,58,0.6228464419475654,0.3771535580524344,0.17791763687485437,0.0283492997753228,0.15190954773869347,22.00809880006233,0.4514367693361823,0.16790298705837828,0.25569683998489234,0.6657177714518094,0.22790135146298088,0.3771535580524344,0.6228464419475654
sbm_2c_200_mixed_s1,sbm,400,2,Louvain,{'resolution': 1.0},1.0,2,0.6931471805579453,0.5,200,200,200.0,0.0,0.999999999999995,0.0,400,8010,0.10037593984962406,40.05,5.77775908116633,58,0.7464419475655429,0.2535580524344569,0.15022613065326634,0.001683417085427144,0.14854271356783919,29.895,0.25569683998489234,0.0,0.25569683998489234,0.25569683998489234,0.24640696476470583,0.2535580524344569,0.7464419475655429
sbm_2c_200_mixed_s1,sbm,400,2,Louvain,{'resolution': 1.2},0.6705739503984754,4,1.3303992253364496,0.7226125,64,135,100.0,33.09833832687073,0.4740740740740706,0.330983383268704,400,8010,0.10037593984962406,40.05,5.77775908116633,58,0.48014981273408236,0.5198501872659176,0.19039137860847483,0.027162834485838422,0.160530679933665,17.98697386556404,0.5510807963569428,0.09517277880559372,0.45495495495495486,0.6489971346704869,0.20307402887464326,0.5198501872659176,0.48014981273408236
sbm_2c_200_mixed_s1,sbm,400,2,Louvain,{'resolution': 1.5},0.3569586730758771,21,2.92442704211209,0.9422875,4,33,19.047619047619047,8.76940672628803,0.12121212121211754,0.4603938531300975,400,8010,0.10037593984962406,40.05,5.77775908116633,58,0.1922596754057428,0.807740324594257,0.45935038250271,0.1821847584810987,0.29195402298850504,6.846756261911541,0.8294465414725671,0.048819143954896144,0.761538461538461,0.9249999999999943,0.13487547556814902,0.807740324594257,0.1922596754057428
sbm_2c_200_mixed_s1,sbm,400,2,Louvain,{'resolution': 2.0},0.27443087601857874,36,3.5187095774758053,0.9686,5,20,11.11111111111111,4.012326685615064,0.2499999999999875,0.3611094017053233,400,8010,0.10037593984962406,40.05,5.77775908116633,58,0.1403245942571785,0.8596754057428214,0.5615765712901751,0.12346509310966085,0.38421052631578745,5.229783737504326,0.869374938830493,0.028696675576879355,0.805352798053527,0.9360730593607264,0.10894654933517872,0.8596754057428214,0.1403245942571785
sbm_2c_200_mixed_s1,sbm,400,2,Louvain,{'resolution': 3.0},0.2267890018597372,60,4.035045320446153,0.981325,3,12,6.666666666666667,2.3142073276946373,0.24999999999997916,0.34713109915414353,400,8010,0.10037593984962406,40.05,5.77775908116633,58,0.10674157303370785,0.893258426966292,0.7458718133717455,0.14168529462095156,0.5357142857142666,3.941280663780664,0.9016481020901563,0.02594206980549448,0.8396624472573821,0.9523809523809449,0.08813473638600935,0.893258426966292,0.10674157303370785
sbm_2c_200_mixed_s1,sbm,400,2,Leiden,{'resolution': 0.5},0.0,1,-1.000088900581841e-12,0.0,400,400,400.0,0.0,0.9999999999999974,0.0,400,8010,0.10037593984962406,40.05,5.77775908116633,58,0.9999999999999999,0.0,0.10037593984962406,0.0,0.10037593984962406,40.05,0.0,0.0,0.0,0.0,0.0,0.0,0.9999999999999999
sbm_2c_200_mixed_s1,sbm,400,2,Leiden,{'resolution': 0.8},1.0,2,0.6931471805579453,0.5,200,200,200.0,0.0,0.999999999999995,0.0,400,8010,0.10037593984962406,40.05,5.77775908116633,58,0.7464419475655429,0.2535580524344569,0.15022613065326634,0.001683417085427144,0.14854271356783919,29.895,0.25569683998489234,0.0,0.25569683998489234,0.25569683998489234,0.24640696476470583,0.2535580524344569,0.7464419475655429
sbm_2c_200_mixed_s1,sbm,400,2,Leiden,{'resolution': 1.0},1.0,2,0.6931471805579453,0.5,200,200,200.0,0.0,0.999999999999995,0.0,400,8010,0.10037593984962406,40.05,5.77775908116633,58,0.7464419475655429,0.2535580524344569,0.15022613065326634,0.001683417085427144,0.14854271356783919,29.895,0.25569683998489234,0.0,0.25569683998489234,0.25569683998489234,0.24640696476470583,0.2535580524344569,0.7464419475655429
sbm_2c_200_mixed_s1,sbm,400,2,Leiden,{'resolution': 1.2},0.6546754858582562,5,1.3838213823357197,0.74305,1,126,80.0,42.68957718225844,0.007936507936507874,0.5336197147782239,400,8010,0.10037593984962406,40.05,5.77775908116633,58,0.46828963795255923,0.5317103620474406,0.15009898731026622,0.0757331354086271,0.0,14.683588400077122,0.6333924805977557,0.19129064135221543,0.45815324165029464,0.9999999999999749,0.21101461032635543,0.5317103620474406,0.46828963795255923
sbm_2c_200_mixed_s1,sbm,400,2,Leiden,{'resolution': 1.5},0.3389271879497843,17,2.7912916963059113,0.9362625,13,36,23.529411764705884,6.800671654189525,0.36111111111110106,0.28902854530304256,400,8010,0.10037593984962406,40.05,5.77775908116633,58,0.20399500624219724,0.7960049937578026,0.3611104647038305,0.05797613437639602,0.2773109243697474,7.7904248298054934,0.8054747382637004,0.03349075859798581,0.7385159010600701,0.8593481989708389,0.1401508959618205,0.7960049937578026,0.20399500624219724
sbm_2c_200_mixed_s1,sbm,400,2,Leiden,{'resolution': 2.0},0.2787842636774526,33,3.439839857713094,0.966275,4,25,12.121212121212121,4.0732503271628016,0.15999999999999362,0.3360431519909034,400,8010,0.10037593984962406,40.05,5.77775908116633,58,0.14669163545568037,0.8533083645443195,0.529176823374668,0.12221337106847661,0.3733333333333321,5.480773500613073,0.8631023021279303,0.03024930551156792,0.7764471057884224,0.9310344827586153,0.11290151511609241,0.8533083645443195,0.14669163545568037
sbm_2c_200_mixed_s1,sbm,400,2,Leiden,{'resolution': 3.0},0.2295882663497319,59,4.020183292950832,0.9810875,2,15,6.779661016949152,2.3074514271118085,0.13333333333332445,0.34034908549894155,400,8010,0.10037593984962406,40.05,5.77775908116633,58,0.10574282147315854,0.8942571785268414,0.7214762638490706,0.12696952910296455,0.47619047619047167,3.909973830312813,0.902347216212233,0.026285562065706293,0.8278829604130794,0.9756097560975492,0.08695153997577935,0.8942571785268414,0.10574282147315854
sbm_2c_200_mixed_s1,sbm,400,2,LabelProp,{'seed': 0},0.0,1,-1.000088900581841e-12,0.0,400,400,400.0,0.0,0.9999999999999974,0.0,400,8010,0.10037593984962406,40.05,5.77775908116633,58,0.9999999999999999,0.0,0.10037593984962406,0.0,0.10037593984962406,40.05,0.0,0.0,0.0,0.0,0.0,0.0,0.9999999999999999
sbm_2c_200_mixed_s1,sbm,400,2,LabelProp,{'seed': 1},0.0,1,-1.000088900581841e-12,0.0,400,400,400.0,0.0,0.9999999999999974,0.0,400,8010,0.10037593984962406,40.05,5.77775908116633,58,0.9999999999999999,0.0,0.10037593984962406,0.0,0.10037593984962406,40.05,0.0,0.0,0.0,0.0,0.0,0.0,0.9999999999999999
sbm_2c_200_mixed_s1,sbm,400,2,LabelProp,{'seed': 2},0.0,1,-1.000088900581841e-12,0.0,400,400,400.0,0.0,0.9999999999999974,0.0,400,8010,0.10037593984962406,40.05,5.77775908116633,58,0.9999999999999999,0.0,0.10037593984962406,0.0,0.10037593984962406,40.05,0.0,0.0,0.0,0.0,0.0,0.0,0.9999999999999999
sbm_2c_200_mixed_s1,sbm,400,2,LabelProp,{'seed': 3},0.0,1,-1.000088900581841e-12,0.0,400,400,400.0,0.0,0.9999999999999974,0.0,400,8010,0.10037593984962406,40.05,5.77775908116633,58,0.9999999999999999,0.0,0.10037593984962406,0.0,0.10037593984962406,40.05,0.0,0.0,0.0,0.0,0.0,0.0,0.9999999999999999
sbm_2c_200_mixed_s1,sbm,400,2,LabelProp,{'seed': 4},0.0,1,-1.000088900581841e-12,0.0,400,400,400.0,0.0,0.9999999999999974,0.0,400,8010,0.10037593984962406,40.05,5.77775908116633,58,0.9999999999999999,0.0,0.10037593984962406,0.0,0.10037593984962406,40.05,0.0,0.0,0.0,0.0,0.0,0.0,0.9999999999999999
sbm_2c_200_mixed_s1,sbm,400,2,Spectral,{'k': 2},1.0,2,0.6931471805579453,0.5,200,200,200.0,0.0,0.999999999999995,0.0,400,8010,0.10037593984962406,40.05,5.77775908116633,58,0.7464419475655429,0.2535580524344569,0.15022613065326634,0.001683417085427144,0.14854271356783919,29.895,0.25569683998489234,0.0,0.25569683998489234,0.25569683998489234,0.24640696476470583,0.2535580524344569,0.7464419475655429
sbm_2c_200_mixed_s1,sbm,400,2,Spectral,{'k': 3},0.6410601009387896,3,1.0630183607050618,0.6421625,98,183,133.33333333333334,36.15091823023157,0.5355191256830572,0.2711318867267347,400,8010,0.10037593984962406,40.05,5.77775908116633,58,0.5671660424469412,0.43283395755305865,0.16299758297365755,0.006390193712582485,0.1542064492884165,21.36439493830319,0.4665833081402669,0.12531482550655743,0.29836065573770487,0.5989808917197451,0.20951132401601616,0.43283395755305865,0.5671660424469412
sbm_2c_200_mixed_s1,sbm,400,2,Spectral,{'k': 5},0.3190762134097866,5,1.606064519890263,0.7986375,74,89,80.0,6.603029607687671,0.8314606741572941,0.08253787009609487,400,8010,0.10037593984962406,40.05,5.77775908116633,58,0.36104868913857674,0.6389513108614231,0.18246066961644294,0.012783729950891198,0.16586449463161787,14.387924301470662,0.6408587743103725,0.031463390472698444,0.5963615690733369,0.6934656175162502,0.15977461849342506,0.6389513108614231,0.36104868913857674
sbm_2c_200_mixed_s1,sbm,400,2,Spectral,{'k': 8},0.309359961238,8,2.055552867254506,0.8689875,34,67,50.0,10.965856099730654,0.5074626865671567,0.2193171219946087,400,8010,0.10037593984962406,40.05,5.77775908116633,58,0.2794007490636704,0.7205992509363295,0.22349616548973683,0.02068987121826986,0.17980769230769222,10.815858017956016,0.7297151808095534,0.042894036460161815,0.663883847549909,0.8071539657853805,0.14732174669303819,0.7205992509363295,0.2794007490636704
sbm_2c_200_mixed_s1,sbm,400,2,Spectral,{'k': 10},0.3261612779704649,10,2.2724879202159554,0.8941,24,56,40.0,9.715966241192895,0.4285714285714209,0.2428991560298163,400,8010,0.10037593984962406,40.05,5.77775908116633,58,0.24581772784019973,0.7541822721598002,0.24513706484300832,0.031152955910578137,0.2164404223227751,9.39634913395783,0.7653024191145025,0.04544885684479628,0.6782417582417579,0.8368376787216142,0.13903016828215667,0.7541822721598002,0.24581772784019973
sbm_2c_200_mixed_s1,sbm,400,2,GreedyMod,{},1.0,2,0.6931471805579453,0.5,200,200,200.0,0.0,0.999999999999995,0.0,400,8010,0.10037593984962406,40.05,5.77775908116633,58,0.7464419475655429,0.2535580524344569,0.15022613065326634,0.001683417085427144,0.14854271356783919,29.895,0.25569683998489234,0.0,0.25569683998489234,0.25569683998489234,0.24640696476470583,0.2535580524344569,0.7464419475655429
sbm_5c_80_clear_s1,sbm,400,5,Louvain,{'resolution': 0.5},1.0,5,1.6094379124291003,0.7999999999999999,80,80,80.0,0.0,0.9999999999999876,0.0,400,4573,0.05730576441102757,22.865,4.159540239016807,34,0.8554559370216487,0.14454406297835115,0.2475949367088607,0.005209902690444714,0.2395569620253164,19.560000000000002,0.14448201978854408,0.007303985286318898,0.1322808927599346,0.1528662420382165,0.6553524239217927,0.14454406297835115,0.8554559370216487
sbm_5c_80_clear_s1,sbm,400,5,Louvain,{'resolution': 0.8},1.0,5,1.6094379124291003,0.7999999999999999,80,80,80.0,0.0,0.9999999999999876,0.0,400,4573,0.05730576441102757,22.865,4.159540239016807,34,0.8554559370216487,0.14454406297835115,0.2475949367088607,0.005209902690444714,0.2395569620253164,19.560000000000002,0.14448201978854408,0.007303985286318898,0.1322808927599346,0.1528662420382165,0.6553524239217927,0.14454406297835115,0.8554559370216487
sbm_5c_80_clear_s1,sbm,400,5,Louvain,{'resolution': 1.0},1.0,5,1.6094379124291003,0.7999999999999999,80,80,80.0,0.0,0.9999999999999876,0.0,400,4573,0.05730576441102757,22.865,4.159540239016807,34,0.8554559370216487,0.14454406297835115,0.2475949367088607,0.005209902690444714,0.2395569620253164,19.560000000000002,0.14448201978854408,0.007303985286318898,0.1322808927599346,0.1528662420382165,0.6553524239217927,0.14454406297835115,0.8554559370216487
sbm_5c_80_clear_s1,sbm,400,5,Louvain,{'resolution': 1.2},1.0,5,1.6094379124291003,0.7999999999999999,80,80,80.0,0.0,0.9999999999999876,0.0,400,4573,0.05730576441102757,22.865,4.159540239016807,34,0.8554559370216487,0.14454406297835115,0.2475949367088607,0.005209902690444714,0.2395569620253164,19.560000000000002,0.14448201978854408,0.007303985286318898,0.1322808927599346,0.1528662420382165,0.6553524239217927,0.14454406297835115,0.8554559370216487
sbm_5c_80_clear_s1,sbm,400,5,Louvain,{'resolution': 1.5},1.0,5,1.6094379124291003,0.7999999999999999,80,80,80.0,0.0,0.9999999999999876,0.0,400,4573,0.05730576441102757,22.865,4.159540239016807,34,0.8554559370216487,0.14454406297835115,0.2475949367088607,0.005209902690444714,0.2395569620253164,19.560000000000002,0.14448201978854408,0.007303985286318898,0.1322808927599346,0.1528662420382165,0.6553524239217927,0.14454406297835115,0.8554559370216487
sbm_5c_80_clear_s1,sbm,400,5,Louvain,{'resolution': 2.0},1.0,5,1.6094379124291003,0.7999999999999999,80,80,80.0,0.0,0.9999999999999876,0.0,400,4573,0.05730576441102757,22.865,4.159540239016807,34,0.8554559370216487,0.14454406297835115,0.2475949367088607,0.005209902690444714,0.2395569620253164,19.560000000000002,0.14448201978854408,0.007303985286318898,0.1322808927599346,0.1528662420382165,0.6553524239217927,0.14454406297835115,0.8554559370216487
sbm_5c_80_clear_s1,sbm,400,5,Louvain,{'resolution': 3.0},1.0,5,1.6094379124291003,0.7999999999999999,80,80,80.0,0.0,0.9999999999999876,0.0,400,4573,0.05730576441102757,22.865,4.159540239016807,34,0.8554559370216487,0.14454406297835115,0.2475949367088607,0.005209902690444714,0.2395569620253164,19.560000000000002,0.14448201978854408,0.007303985286318899,0.1322808927599346,0.1528662420382165,0.6553524239217927,0.14454406297835115,0.8554559370216487
sbm_5c_80_clear_s1,sbm,400,5,Leiden,{'resolution': 0.5},1.0,5,1.6094379124291003,0.7999999999999999,80,80,80.0,0.0,0.9999999999999876,0.0,400,4573,0.05730576441102757,22.865,4.159540239016807,34,0.8554559370216487,0.14454406297835115,0.24759493670886065,0.005209902690444714,0.2395569620253164,19.56,0.14448201978854408,0.007303985286318899,0.1322808927599346,0.1528662420382165,0.6553524239217928,0.14454406297835115,0.8554559370216487
sbm_5c_80_clear_s1,sbm,400,5,Leiden,{'resolution': 0.8},1.0,5,1.6094379124291003,0.7999999999999999,80,80,80.0,0.0,0.9999999999999876,0.0,400,4573,0.05730576441102757,22.865,4.159540239016807,34,0.8554559370216487,0.14454406297835115,0.24759493670886065,0.005209902690444714,0.2395569620253164,19.56,0.14448201978854408,0.007303985286318899,0.1322808927599346,0.1528662420382165,0.6553524239217928,0.14454406297835115,0.8554559370216487
sbm_5c_80_clear_s1,sbm,400,5,Leiden,{'resolution': 1.0},1.0,5,1.6094379124291003,0.7999999999999999,80,80,80.0,0.0,0.9999999999999876,0.0,400,4573,0.05730576441102757,22.865,4.159540239016807,34,0.8554559370216487,0.14454406297835115,0.2475949367088607,0.005209902690444714,0.2395569620253164,19.560000000000002,0.14448201978854408,0.007303985286318899,0.1322808927599346,0.1528662420382165,0.6553524239217927,0.14454406297835115,0.8554559370216487
sbm_5c_80_clear_s1,sbm,400,5,Leiden,{'resolution': 1.2},1.0,5,1.6094379124291003,0.7999999999999999,80,80,80.0,0.0,0.9999999999999876,0.0,400,4573,0.05730576441102757,22.865,4.159540239016807,34,0.8554559370216487,0.14454406297835115,0.24759493670886065,0.005209902690444714,0.2395569620253164,19.56,0.14448201978854408,0.007303985286318899,0.1322808927599346,0.1528662420382165,0.6553524239217928,0.14454406297835115,0.8554559370216487
sbm_5c_80_clear_s1,sbm,400,5,Leiden,{'resolution': 1.5},1.0,5,1.6094379124291003,0.7999999999999999,80,80,80.0,0.0,0.9999999999999876,0.0,400,4573,0.05730576441102757,22.865,4.159540239016807,34,0.8554559370216487,0.14454406297835115,0.2475949367088607,0.005209902690444714,0.2395569620253164,19.559999999999995,0.14448201978854408,0.007303985286318899,0.1322808927599346,0.1528662420382165,0.6553524239217927,0.14454406297835115,0.8554559370216487
sbm_5c_80_clear_s1,sbm,400,5,Leiden,{'resolution': 2.0},1.0,5,1.6094379124291003,0.7999999999999999,80,80,80.0,0.0,0.9999999999999876,0.0,400,4573,0.05730576441102757,22.865,4.159540239016807,34,0.8554559370216487,0.14454406297835115,0.24759493670886065,0.005209902690444714,0.2395569620253164,19.56,0.14448201978854408,0.007303985286318899,0.1322808927599346,0.1528662420382165,0.6553524239217928,0.14454406297835115,0.8554559370216487
sbm_5c_80_clear_s1,sbm,400,5,Leiden,{'resolution': 3.0},0.9958421826965919,6,1.62287728850064,0.8009875,1,80,66.66666666666667,29.36929613653612,0.012499999999999845,0.4405394420480352,400,4573,0.05730576441102757,22.865,4.159540239016807,34,0.8537065383774326,0.1462934616225672,0.2069755490641566,0.0927296239660963,0.0,16.308333333333334,0.28728657429492294,0.31881096301790246,0.1322808927599346,0.9999999999999376,0.6543176276540027,0.1462934616225672,0.8537065383774326
sbm_5c_80_clear_s1,sbm,400,5,LabelProp,{'seed': 0},0.9057460992755191,4,1.3321790402061222,0.72,80,160,100.0,34.64101615137755,0.4999999999999969,0.346410161513772,400,4573,0.05730576441102757,22.865,4.159540239016807,34,0.8712005248195931,0.12879947518040671,0.21773520221319953,0.05154314864193107,0.12885220125786162,19.778125,0.13413654128430014,0.016593326192259696,0.10778443113772453,0.1499193981730252,0.5904661073379249,0.12879947518040671,0.8712005248195931
sbm_5c_80_clear_s1,sbm,400,5,LabelProp,{'seed': 1},0.9057460992755191,4,1.3321790402061222,0.72,80,160,100.0,34.64101615137755,0.4999999999999969,0.346410161513772,400,4573,0.05730576441102757,22.865,4.159540239016807,34,0.8712005248195931,0.12879947518040671,0.21773520221319953,0.05154314864193107,0.12885220125786162,19.778125,0.13413654128430014,0.016593326192259696,0.10778443113772453,0.1499193981730252,0.5904661073379249,0.12879947518040671,0.8712005248195931
sbm_5c_80_clear_s1,sbm,400,5,LabelProp,{'seed': 2},0.9057460992755191,4,1.3321790402061222,0.72,80,160,100.0,34.64101615137755,0.4999999999999969,0.346410161513772,400,4573,0.05730576441102757,22.865,4.159540239016807,34,0.8712005248195931,0.12879947518040671,0.21773520221319953,0.05154314864193107,0.12885220125786162,19.778125,0.13413654128430014,0.016593326192259696,0.10778443113772453,0.1499193981730252,0.5904661073379249,0.12879947518040671,0.8712005248195931
sbm_5c_80_clear_s1,sbm,400,5,LabelProp,{'seed': 3},0.9057460992755191,4,1.3321790402061222,0.72,80,160,100.0,34.64101615137755,0.4999999999999969,0.346410161513772,400,4573,0.05730576441102757,22.865,4.159540239016807,34,0.8712005248195931,0.12879947518040671,0.21773520221319953,0.05154314864193107,0.12885220125786162,19.778125,0.13413654128430014,0.016593326192259696,0.10778443113772453,0.1499193981730252,0.5904661073379249,0.12879947518040671,0.8712005248195931
sbm_5c_80_clear_s1,sbm,400,5,LabelProp,{'seed': 4},0.9057460992755191,4,1.3321790402061222,0.72,80,160,100.0,34.64101615137755,0.4999999999999969,0.346410161513772,400,4573,0.05730576441102757,22.865,4.159540239016807,34,0.8712005248195931,0.12879947518040671,0.21773520221319953,0.05154314864193107,0.12885220125786162,19.778125,0.13413654128430014,0.016593326192259696,0.10778443113772453,0.1499193981730252,0.5904661073379249,0.12879947518040671,0.8712005248195931
sbm_5c_80_clear_s1,sbm,400,5,Spectral,{'k': 2},0.4743509876140318,2,0.5004024235361879,0.31999999999999984,80,320,200.0,120.0,0.2499999999999992,0.599999999999997,400,4573,0.05730576441102757,22.865,4.159540239016807,34,0.9468620161819372,0.05313798381806253,0.16071770465457716,0.09149748521884046,0.06922021943573668,21.003125,0.1322808927599346,0.0,0.1322808927599346,0.1322808927599346,0.2678839597445124,0.05313798381806253,0.9468620161819372
sbm_5c_80_clear_s1,sbm,400,5,Spectral,{'k': 3},0.7424834172925041,3,0.9502705392302345,0.5599999999999999,80,240,133.33333333333334,75.42472332656506,0.3333333333333319,0.5656854249492337,400,4573,0.05730576441102757,22.865,4.159540239016807,34,0.9046577738902251,0.09534222610977475,0.19507132390586648,0.07463584104760893,0.08964435146443514,20.191666666666666,0.12566855599823717,0.01574968562975738,0.10394265232974907,0.14078212290502787,0.4618803338451685,0.09534222610977475,0.9046577738902251
sbm_5c_80_clear_s1,sbm,400,5,Spectral,{'k': 5},1.0,5,1.6094379124291003,0.7999999999999999,80,80,80.0,0.0,0.9999999999999876,0.0,400,4573,0.05730576441102757,22.865,4.159540239016807,34,0.8554559370216487,0.14454406297835115,0.24759493670886065,0.005209902690444714,0.2395569620253164,19.56,0.14448201978854408,0.007303985286318899,0.1322808927599346,0.1528662420382165,0.6553524239217928,0.14454406297835115,0.8554559370216487
sbm_5c_80_clear_s1,sbm,400,5,Spectral,{'k': 8},0.884422854307465,8,2.00658261945892,0.8564625,24,80,50.0,19.254869513969705,0.29999999999999627,0.3850973902793864,400,4573,0.05730576441102757,22.865,4.159540239016807,34,0.6746118521758144,0.32538814782418535,0.3010519051259144,0.044487521056059895,0.2522151898734176,13.9803640085788,0.3881788666544384,0.15954838319721323,0.1322808927599346,0.617486338797813,0.5300616684062306,0.32538814782418535,0.6746118521758144
sbm_5c_80_clear_s1,sbm,400,5,Spectral,{'k': 10},0.8281317002714131,10,2.185484808651441,0.8739125,19,80,40.0,20.43036955123426,0.23749999999999705,0.5107592387808437,400,4573,0.05730576441102757,22.865,4.159540239016807,34,0.6079160288650776,0.39208397113492227,0.31984111863794296,0.04483411633825802,0.2503164556962025,11.673486951009835,0.4883346030929744,0.1814463432106247,0.1499193981730252,0.6954545454545439,0.47936162442738917,0.39208397113492227,0.6079160288650776
sbm_5c_80_clear_s1,sbm,400,5,GreedyMod,{},1.0,5,1.6094379124291003,0.7999999999999999,80,80,80.0,0.0,0.9999999999999876,0.0,400,4573,0.05730576441102757,22.865,4.159540239016807,34,0.8554559370216487,0.14454406297835115,0.24759493670886065,0.005209902690444714,0.2395569620253164,19.560000000000002,0.14448201978854408,0.007303985286318899,0.1322808927599346,0.1528662420382165,0.6553524239217928,0.14454406297835115,0.8554559370216487
sbm_5c_80_moderate_s1,sbm,400,5,Louvain,{'resolution': 0.5},0.48296884950342606,42,2.4063603088394387,0.7984125,1,160,9.523809523809524,26.024016467612682,0.006249999999999961,2.732521729099045,400,4332,0.054285714285714284,21.66,4.206471205178992,34,0.3917359187442289,0.6082640812557709,0.4412498971721542,0.38187218264024964,0.0,2.119620603612052,0.9009043425872592,0.12356383038974511,0.4135211267605633,0.9999999999999697,0.1813458583889866,0.6082640812557709,0.3917359187442289
sbm_5c_80_moderate_s1,sbm,400,5,Louvain,{'resolution': 0.8},0.9916398563708724,5,1.6094066616152474,0.7999875,79,81,80.0,0.6324555320336759,0.9753086419752967,0.00790569415042085,400,4332,0.054285714285714284,21.66,4.206471205178992,34,0.5470914127423822,0.4529085872576176,0.1499767391539543,0.004617264179424966,0.14443362544628363,11.848720112517581,0.45292314688473356,0.00458561380201991,0.44502617801047095,0.4579780755176611,0.3468403926117476,0.4529085872576176,0.5470914127423822
sbm_5c_80_moderate_s1,sbm,400,5,Louvain,{'resolution': 1.0},0.9916398563708724,5,1.6094066616152474,0.7999875,79,81,80.0,0.6324555320336759,0.9753086419752967,0.00790569415042085,400,4332,0.054285714285714284,21.66,4.206471205178992,34,0.5470914127423822,0.4529085872576176,0.1499767391539543,0.004617264179424966,0.14443362544628363,11.848720112517581,0.45292314688473356,0.00458561380201991,0.44502617801047095,0.4579780755176611,0.3468403926117476,0.4529085872576176,0.5470914127423822
sbm_5c_80_moderate_s1,sbm,400,5,Louvain,{'resolution': 1.2},0.9665885515998346,5,1.6094066616152474,0.7999875,79,81,80.0,0.6324555320336759,0.9753086419752967,0.00790569415042085,400,4332,0.054285714285714284,21.66,4.206471205178992,34,0.5466297322253,0.4533702677746998,0.1499380912883022,0.005962832546543435,0.14043209876543206,11.842166744803876,0.45335148798132063,0.005835305129162166,0.44470588235294095,0.46185688941454733,0.3464629591973324,0.4533702677746998,0.5466297322253
sbm_5c_80_moderate_s1,sbm,400,5,Louvain,{'resolution': 1.5},0.9061916658971021,7,1.776443543572225,0.8209875,6,81,57.142857142857146,28.747315757567804,0.07407407407407317,0.5030780257574278,400,4332,0.054285714285714284,21.66,4.206471205178992,34,0.5129270544783009,0.4870729455216989,0.22718463885620155,0.13119690369797277,0.14043209876543206,9.35912020516621,0.5671013063803836,0.1598991358470695,0.45235361653272077,0.862068965517234,0.33414441818449997,0.4870729455216989,0.5129270544783009
sbm_5c_80_moderate_s1,sbm,400,5,Louvain,{'resolution': 2.0},0.5576957497359585,21,2.8780045426321124,0.9349375,5,53,19.047619047619047,11.528334412700984,0.09433962264150765,0.6052375566667699,400,4332,0.054285714285714284,21.66,4.206471205178992,34,0.28947368421052627,0.7105263157894736,0.35651820397902323,0.1331014505476535,0.18867924528301874,5.228971958648191,0.7589636284260648,0.08212492902056549,0.5490026019080655,0.8811881188118725,0.22448533066641432,0.7105263157894736,0.28947368421052627
sbm_5c_80_moderate_s1,sbm,400,5,Louvain,{'resolution': 3.0},0.48796080657269914,44,3.6780888674437238,0.9722125,3,20,9.090909090909092,4.289618449965101,0.1499999999999925,0.4718580294961091,400,4332,0.054285714285714284,21.66,4.206471205178992,34,0.198522622345337,0.8014773776546628,0.5507803115669235,0.17270014653737695,0.3137254901960764,3.8303832857185656,0.8229036427924239,0.04913511389462657,0.7254004576659022,0.9142857142857013,0.17080100930267053,0.8014773776546628,0.198522622345337
sbm_5c_80_moderate_s1,sbm,400,5,Leiden,{'resolution': 0.5},0.0,1,-1.000088900581841e-12,0.0,400,400,400.0,0.0,0.9999999999999974,0.0,400,4332,0.054285714285714284,21.66,4.206471205178992,34,0.9999999999999998,0.0,0.054285714285714284,0.0,0.054285714285714284,21.66,0.0,0.0,0.0,0.0,0.0,0.0,0.9999999999999998
sbm_5c_80_moderate_s1,sbm,400,5,Leiden,{'resolution': 0.8},0.9916398563708724,5,1.6094066616152474,0.7999875,79,81,80.0,0.6324555320336759,0.9753086419752967,0.00790569415042085,400,4332,0.054285714285714284,21.66,4.206471205178992,34,0.5470914127423822,0.4529085872576176,0.1499767391539543,0.004617264179424966,0.14443362544628363,11.84872011251758,0.45292314688473356,0.00458561380201991,0.44502617801047095,0.4579780755176611,0.3468403926117476,0.4529085872576176,0.5470914127423822
sbm_5c_80_moderate_s1,sbm,400,5,Leiden,{'resolution': 1.0},0.9916398563708724,5,1.6094066616152474,0.7999875,79,81,80.0,0.6324555320336759,0.9753086419752967,0.00790569415042085,400,4332,0.054285714285714284,21.66,4.206471205178992,34,0.5470914127423822,0.4529085872576176,0.1499767391539543,0.004617264179424966,0.14443362544628363,11.848720112517581,0.45292314688473356,0.00458561380201991,0.44502617801047095,0.4579780755176611,0.3468403926117476,0.4529085872576176,0.5470914127423822
sbm_5c_80_moderate_s1,sbm,400,5,Leiden,{'resolution': 1.2},0.9875167591541919,6,1.622846037686787,0.800975,1,81,66.66666666666667,29.37497044915771,0.012345679012345527,0.44062455673735906,400,4332,0.054285714285714284,21.66,4.206471205178992,34,0.5457063711911356,0.45429362880886415,0.12531059540553208,0.05622225082804926,0.0,9.87414439756212,0.543884270218408,0.20402679160503354,0.44502617801047095,0.9999999999999616,0.3466586298873977,0.45429362880886415,0.5457063711911356
sbm_5c_80_moderate_s1,sbm,400,5,Leiden,{'resolution': 1.5},0.9303012036273954,8,1.7341086344727572,0.8146249999999999,1,80,50.0,34.74910070778811,0.012499999999999845,0.6949820141557482,400,4332,0.054285714285714284,21.66,4.206471205178992,34,0.5256232686980609,0.47437673130193897,0.12962669306703015,0.08210786318121231,0.0,7.793258014013785,0.639498960981012,0.23863565635888312,0.44470588235294095,0.9999999999999616,0.33969926501996356,0.47437673130193897,0.5256232686980609
sbm_5c_80_moderate_s1,sbm,400,5,Leiden,{'resolution': 2.0},0.6023153930122845,19,2.831605127115094,0.935325,6,46,21.05263157894737,10.070664454169668,0.13043478260869282,0.4783565615730365,400,4332,0.054285714285714284,21.66,4.206471205178992,34,0.2970914127423822,0.7029085872576176,0.3273086283631235,0.10737497744259315,0.20917678812415624,5.6859545043182855,0.7378708970124288,0.07491133412919215,0.5765158806544749,0.8591549295774588,0.23228170461995978,0.7029085872576176,0.2970914127423822
sbm_5c_80_moderate_s1,sbm,400,5,Leiden,{'resolution': 3.0},0.486840727283767,40,3.623551657406436,0.9716,4,20,10.0,3.687817782917155,0.19999999999999002,0.36878177829167863,400,4332,0.054285714285714284,21.66,4.206471205178992,34,0.2026777469990766,0.7973222530009232,0.49787188688502393,0.12579876902349302,0.30526315789473524,4.09726232831496,0.8113200812842909,0.043456200922549294,0.7149877149877132,0.8947368421052538,0.17463545143658094,0.7973222530009232,0.2026777469990766
sbm_5c_80_moderate_s1,sbm,400,5,LabelProp,{'seed': 0},0.0,1,-1.000088900581841e-12,0.0,400,400,400.0,0.0,0.9999999999999974,0.0,400,4332,0.054285714285714284,21.66,4.206471205178992,34,0.9999999999999998,0.0,0.054285714285714284,0.0,0.054285714285714284,21.66,0.0,0.0,0.0,0.0,0.0,0.0,0.9999999999999998
sbm_5c_80_moderate_s1,sbm,400,5,LabelProp,{'seed': 1},0.0,1,-1.000088900581841e-12,0.0,400,400,400.0,0.0,0.9999999999999974,0.0,400,4332,0.054285714285714284,21.66,4.206471205178992,34,0.9999999999999998,0.0,0.054285714285714284,0.0,0.054285714285714284,21.66,0.0,0.0,0.0,0.0,0.0,0.0,0.9999999999999998
sbm_5c_80_moderate_s1,sbm,400,5,LabelProp,{'seed': 2},0.0,1,-1.000088900581841e-12,0.0,400,400,400.0,0.0,0.9999999999999974,0.0,400,4332,0.054285714285714284,21.66,4.206471205178992,34,0.9999999999999998,0.0,0.054285714285714284,0.0,0.054285714285714284,21.66,0.0,0.0,0.0,0.0,0.0,0.0,0.9999999999999998
sbm_5c_80_moderate_s1,sbm,400,5,LabelProp,{'seed': 3},0.0,1,-1.000088900581841e-12,0.0,400,400,400.0,0.0,0.9999999999999974,0.0,400,4332,0.054285714285714284,21.66,4.206471205178992,34,0.9999999999999998,0.0,0.054285714285714284,0.0,0.054285714285714284,21.66,0.0,0.0,0.0,0.0,0.0,0.0,0.9999999999999998
sbm_5c_80_moderate_s1,sbm,400,5,LabelProp,{'seed': 4},0.0,1,-1.000088900581841e-12,0.0,400,400,400.0,0.0,0.9999999999999974,0.0,400,4332,0.054285714285714284,21.66,4.206471205178992,34,0.9999999999999998,0.0,0.054285714285714284,0.0,0.054285714285714284,21.66,0.0,0.0,0.0,0.0,0.0,0.0,0.9999999999999998
sbm_5c_80_moderate_s1,sbm,400,5,Spectral,{'k': 2},0.4983495529516293,2,0.6853142072744584,0.4921875,175,225,200.0,25.0,0.7777777777777743,0.12499999999999938,400,4332,0.054285714285714284,21.66,4.206471205178992,34,0.7253000923361033,0.2746999076638965,0.07856458675424192,0.0034058565955117637,0.07515873015873016,15.549206349206349,0.3228431904503526,0.0,0.3228431904503526,0.3228431904503526,0.21418128654970764,0.2746999076638965,0.7253000923361033
sbm_5c_80_moderate_s1,sbm,400,5,Spectral,{'k': 3},0.6491011816618925,3,0.97803283540282,0.5804875,80,229,133.33333333333334,67.79544396360438,0.34934497816593735,0.508465829727029,400,4332,0.054285714285714284,21.66,4.206471205178992,34,0.6703601108033239,0.3296398891966758,0.11435332896876726,0.029154221257061318,0.07415919711943615,13.180970775948943,0.4184050218413364,0.06150506584045021,0.3314809669352597,0.46459948320413413,0.24183296010960972,0.3296398891966758,0.6703601108033239
sbm_5c_80_moderate_s1,sbm,400,5,Spectral,{'k': 5},0.9581967670038457,5,1.6091573978203018,0.7998875,78,83,80.0,1.8973665961010275,0.939759036144567,0.02371708245126255,400,4332,0.054285714285714284,21.66,4.206471205178992,34,0.5452446906740535,0.4547553093259463,0.14967674291212962,0.0072180193788558816,0.13664413752571258,11.813888831679996,0.4546913927006157,0.004081643257903722,0.4495192307692305,0.46149392009264595,0.3449857840341243,0.4547553093259463,0.5452446906740535
sbm_5c_80_moderate_s1,sbm,400,5,Spectral,{'k': 8},0.7389662806452517,8,2.0383527374108885,0.8645125,32,74,50.0,14.482748357960238,0.43243243243242663,0.289654967159199,400,4332,0.054285714285714284,21.66,4.206471205178992,34,0.42012927054478294,0.5798707294552169,0.17891086023114558,0.028532151169686187,0.1379800853485062,8.561943116824775,0.6058151504912768,0.09873309183957892,0.4720812182741114,0.7477243172951875,0.2856131313363839,0.5798707294552169,0.42012927054478294
sbm_5c_80_moderate_s1,sbm,400,5,Spectral,{'k': 10},0.7014562213755702,10,2.2313386058306226,0.885825,15,70,40.0,15.05988047761336,0.21428571428571125,0.3764970119403246,400,4332,0.054285714285714284,21.66,4.206471205178992,34,0.38457987072945515,0.6154201292705447,0.21042586752647358,0.054633327228082625,0.16666666666666657,7.6208624708624715,0.6469602774157085,0.08394379659946088,0.4696276943174393,0.7727272727272713,0.26909326564576863,0.6154201292705447,0.38457987072945515
sbm_5c_80_moderate_s1,sbm,400,5,GreedyMod,{},0.6360686334335767,4,1.3620094946296282,0.7379249999999999,71,131,100.0,21.97726097583591,0.5419847328244234,0.2197726097583569,400,4332,0.054285714285714284,21.66,4.206471205178992,34,0.5438596491228069,0.4561403508771929,0.12086788010134267,0.018227803176933254,0.09900176159718142,11.581382908941901,0.46404254518534027,0.03872978338936931,0.40821340821340807,0.5139931740614331,0.28032666560944813,0.4561403508771929,0.5438596491228069
sbm_5c_80_hard_s1,sbm,400,5,Louvain,{'resolution': 0.5},0.1351048099483012,34,1.4380057081358364,0.47302500000000003,1,289,11.764705882352942,48.38878019172324,0.0034602076124567354,4.113046316296126,400,4733,0.05931077694235589,23.665,4.3626568739702645,35,0.5848299175998308,0.41517008240016895,0.3085187839219,0.3636157819031519,0.0,1.5469456454394375,0.9456681639975455,0.07230233049266528,0.6613672496025434,0.9999999999999656,0.04099898001405197,0.41517008240016895,0.5848299175998308
sbm_5c_80_hard_s1,sbm,400,5,Louvain,{'resolution': 0.8},0.09561232175376348,12,2.0362773705701778,0.8409625000000001,4,100,33.333333333333336,31.770881147505005,0.039999999999999605,0.9531264344251215,400,4733,0.05931077694235589,23.665,4.3626568739702645,35,0.32664272131840266,0.6733572786815971,0.36531612610331893,0.23478519853347152,0.10080808080808079,5.457242048293071,0.7688701927124088,0.10195250537186692,0.5820770519262979,0.895833333333324,0.16681149464211634,0.6733572786815971,0.32664272131840266
sbm_5c_80_hard_s1,sbm,400,5,Louvain,{'resolution': 1.0},0.048729630004578535,9,2.109477877525239,0.869,17,86,44.44444444444444,18.80372960116105,0.19767441860464888,0.42308391602611406,400,4733,0.05931077694235589,23.665,4.3626568739702645,35,0.3025565180646524,0.6974434819353474,0.17728924330321905,0.06558591684875116,0.10588235294117644,6.6964168717231045,0.7174622574940891,0.048178181972881824,0.6196560196560194,0.783529411764704,0.17145390606763747,0.6974434819353474,0.3025565180646524
sbm_5c_80_hard_s1,sbm,400,5,Louvain,{'resolution': 1.2},0.09186191533885779,15,2.662020794795993,0.9275125,11,41,26.666666666666668,7.879650302449271,0.26829268292682273,0.29548688634183656,400,4733,0.05931077694235589,23.665,4.3626568739702645,35,0.2376927952672723,0.7623072047327275,0.22443507623255948,0.05226913219721798,0.15853658536585347,5.39265658439733,0.7716955360979078,0.032349375538615374,0.7266514806378124,0.8425196850393668,0.16473353386048453,0.7623072047327275,0.2376927952672723
sbm_5c_80_hard_s1,sbm,400,5,Louvain,{'resolution': 1.5},0.12005572495034948,25,3.1309170207942145,0.9533625,4,30,16.0,6.517668294720129,0.1333333333333289,0.4073542684199826,400,4733,0.05931077694235589,23.665,4.3626568739702645,35,0.19754912317768852,0.8024508768223113,0.34497585725734,0.14776952860417555,0.20553359683794387,4.35802781499322,0.8153977501046199,0.03262521936986409,0.7447405329593257,0.8901098901098804,0.15072070183104194,0.8024508768223113,0.19754912317768852
sbm_5c_80_hard_s1,sbm,400,5,Louvain,{'resolution': 2.0},0.13883511223369818,39,3.627430507159201,0.9725875,5,16,10.256410256410257,2.695846270420656,0.3124999999999805,0.2628450113659883,400,4733,0.05931077694235589,23.665,4.3626568739702645,35,0.16818085780688777,0.831819142193112,0.44124194893424157,0.0985320466804205,0.30476190476190185,3.8449366872443806,0.8371235784805162,0.022073531501263458,0.7913486005089038,0.8831168831168774,0.14060909619977674,0.831819142193112,0.16818085780688777
sbm_5c_80_hard_s1,sbm,400,5,Louvain,{'resolution': 3.0},0.18066073037035843,58,4.0351872805185725,0.981875,4,11,6.896551724137931,1.561273299678865,0.36363636363633056,0.2263846284534026,400,4733,0.05931077694235589,23.665,4.3626568739702645,35,0.14092541728290722,0.8590745827170926,0.575344578792818,0.10246284592280529,0.363636363636357,3.2562783002438174,0.8624591011515955,0.018303552815233163,0.8181818181818148,0.9047619047618962,0.12284603354744453,0.8590745827170926,0.14092541728290722
sbm_5c_80_hard_s1,sbm,400,5,Leiden,{'resolution': 0.5},0.0,1,-1.000088900581841e-12,0.0,400,400,400.0,0.0,0.9999999999999974,0.0,400,4733,0.05931077694235589,23.665,4.3626568739702645,35,0.9999999999999998,0.0,0.05931077694235589,0.0,0.05931077694235589,23.665,0.0,0.0,0.0,0.0,0.0,0.0,0.9999999999999998
sbm_5c_80_hard_s1,sbm,400,5,Leiden,{'resolution': 0.8},0.007592274014599359,2,0.6777555495622991,0.48468749999999994,165,235,200.0,35.0,0.7021276595744651,0.17499999999999913,400,4733,0.05931077694235589,23.665,4.3626568739702645,35,0.6374392562856538,0.362560743714346,0.07549252051068345,0.005734382667439225,0.06975813784324422,14.822308188265634,0.43842616249361255,0.0,0.43842616249361255,0.43842616249361255,0.12246777406425136,0.362560743714346,0.6374392562856538
sbm_5c_80_hard_s1,sbm,400,5,Leiden,{'resolution': 1.0},0.03574577445470146,8,2.0607146932598495,0.8703,37,64,50.0,9.695359714832659,0.578124999999991,0.1939071942966493,400,4733,0.05931077694235589,23.665,4.3626568739702645,35,0.30868371012043094,0.6913162898795688,0.15075064920156112,0.0201801244446098,0.1289617486338797,7.2024523448382975,0.6962091726840018,0.02909732365749599,0.6528052805280524,0.7329127234490003,0.179751598222763,0.6913162898795688,0.30868371012043094
sbm_5c_80_hard_s1,sbm,400,5,Leiden,{'resolution': 1.2},0.07355990538714549,16,2.7015674291955225,0.9294,7,41,25.0,9.0,0.170731707317069,0.3599999999999856,400,4733,0.05931077694235589,23.665,4.3626568739702645,35,0.23600253538981614,0.7639974646101837,0.2541066357477824,0.10074418159958368,0.16190476190476163,5.305058923655643,0.7764847756956244,0.036670004687245863,0.7221654749744629,0.8588235294117597,0.1656950410308978,0.7639974646101837,0.23600253538981614
sbm_5c_80_hard_s1,sbm,400,5,Leiden,{'resolution': 1.5},0.09886817911888873,25,3.1642384245050774,0.9560375,5,24,16.0,5.035871324805669,0.20833333333332466,0.31474195780033465,400,4733,0.05931077694235589,23.665,4.3626568739702645,35,0.19776040566237055,0.8022395943376293,0.33373871205893607,0.11888900314704996,0.2213438735177857,4.4808116323484475,0.8105345347941655,0.028459436129912634,0.7680140597539529,0.8727272727272648,0.15374030485477866,0.8022395943376293,0.19776040566237055
sbm_5c_80_hard_s1,sbm,400,5,Leiden,{'resolution': 2.0},0.13892936397513883,37,3.57419569984947,0.970925,6,19,10.81081081081081,2.975919915351525,0.3157894736841939,0.2752725921699906,400,4733,0.05931077694235589,23.665,4.3626568739702645,35,0.17029368265370798,0.8297063173462919,0.42364684075209214,0.0922520838985112,0.2631578947368406,3.9137867466814837,0.834494508325858,0.020616024080899128,0.7819025522041745,0.8651685393258378,0.1412841689600987,0.8297063173462919,0.17029368265370798
sbm_5c_80_hard_s1,sbm,400,5,Leiden,{'resolution': 3.0},0.20924032462681594,56,3.9810773708444254,0.9806,3,12,7.142857142857143,2.099562636671296,0.24999999999997916,0.29393876913394024,400,4733,0.05931077694235589,23.665,4.3626568739702645,35,0.1449397844918656,0.8550602155081342,0.5785598330240713,0.14570229650600805,0.3777777777777694,3.2832933931148216,0.8611506187944123,0.024120700622355565,0.8175438596491199,0.9178082191780697,0.1255180003257848,0.8550602155081342,0.1449397844918656
sbm_5c_80_hard_s1,sbm,400,5,LabelProp,{'seed': 0},0.0,1,-1.000088900581841e-12,0.0,400,400,400.0,0.0,0.9999999999999974,0.0,400,4733,0.05931077694235589,23.665,4.3626568739702645,35,0.9999999999999998,0.0,0.05931077694235589,0.0,0.05931077694235589,23.665,0.0,0.0,0.0,0.0,0.0,0.0,0.9999999999999998
sbm_5c_80_hard_s1,sbm,400,5,LabelProp,{'seed': 1},0.0,1,-1.000088900581841e-12,0.0,400,400,400.0,0.0,0.9999999999999974,0.0,400,4733,0.05931077694235589,23.665,4.3626568739702645,35,0.9999999999999998,0.0,0.05931077694235589,0.0,0.05931077694235589,23.665,0.0,0.0,0.0,0.0,0.0,0.0,0.9999999999999998
sbm_5c_80_hard_s1,sbm,400,5,LabelProp,{'seed': 2},0.0,1,-1.000088900581841e-12,0.0,400,400,400.0,0.0,0.9999999999999974,0.0,400,4733,0.05931077694235589,23.665,4.3626568739702645,35,0.9999999999999998,0.0,0.05931077694235589,0.0,0.05931077694235589,23.665,0.0,0.0,0.0,0.0,0.0,0.0,0.9999999999999998
sbm_5c_80_hard_s1,sbm,400,5,LabelProp,{'seed': 3},0.0,1,-1.000088900581841e-12,0.0,400,400,400.0,0.0,0.9999999999999974,0.0,400,4733,0.05931077694235589,23.665,4.3626568739702645,35,0.9999999999999998,0.0,0.05931077694235589,0.0,0.05931077694235589,23.665,0.0,0.0,0.0,0.0,0.0,0.0,0.9999999999999998
sbm_5c_80_hard_s1,sbm,400,5,LabelProp,{'seed': 4},0.0,1,-1.000088900581841e-12,0.0,400,400,400.0,0.0,0.9999999999999974,0.0,400,4733,0.05931077694235589,23.665,4.3626568739702645,35,0.9999999999999998,0.0,0.05931077694235589,0.0,0.05931077694235589,23.665,0.0,0.0,0.0,0.0,0.0,0.0,0.9999999999999998
sbm_5c_80_hard_s1,sbm,400,5,Spectral,{'k': 2},0.0364423835480307,2,0.6895303178853327,0.4963875,183,217,200.0,17.0,0.8433179723502265,0.08499999999999958,400,4733,0.05931077694235589,23.665,4.3626568739702645,35,0.629410521867737,0.3705894781322628,0.07434026008854142,0.00018084721945112875,0.0741594128690903,14.790637354889073,0.4140698772426817,0.0,0.4140698772426817,0.4140698772426817,0.12389724537726376,0.3705894781322628,0.629410521867737
sbm_5c_80_hard_s1,sbm,400,5,Spectral,{'k': 3},0.03993583411175282,3,1.0918630261428657,0.6622875,112,147,133.33333333333334,15.2825245151302,0.7619047619047568,0.11461893386347564,400,4733,0.05931077694235589,23.665,4.3626568739702645,35,0.4937671667018803,0.5062328332981195,0.08792962181603559,0.0035912394560891083,0.08498741962538439,11.581258744632605,0.5102361751507706,0.03115111886369486,0.48299319727891143,0.5538402161327671,0.15491976823297982,0.5062328332981195,0.4937671667018803
sbm_5c_80_hard_s1,sbm,400,5,Spectral,{'k': 5},0.04504900614045751,5,1.606431727973749,0.7987875,73,90,80.0,6.2289646009589745,0.8111111111111021,0.07786205751198622,400,4733,0.05931077694235589,23.665,4.3626568739702645,35,0.3538981618423832,0.6461018381576166,0.10620618263886247,0.0067091143779438485,0.09814869233029677,8.356412999895422,0.6469774360173561,0.012544690057407732,0.6251145737855176,0.6637168141592917,0.1525910183114909,0.6461018381576166,0.3538981618423832
sbm_5c_80_hard_s1,sbm,400,5,Spectral,{'k': 8},0.06781402556653886,8,2.072277075130569,0.8732125,40,60,50.0,5.979130371550699,0.6666666666666555,0.11958260743101158,400,4733,0.05931077694235589,23.665,4.3626568739702645,35,0.27910416226494816,0.7208958377350516,0.13549056845938018,0.01322307632379439,0.11460517120894471,6.572184429327287,0.7226949495758992,0.01864055629354867,0.6864111498257836,0.748962655601659,0.1526543182403477,0.7208958377350516,0.27910416226494816
sbm_5c_80_hard_s1,sbm,400,5,Spectral,{'k': 10},0.08100613914284358,10,2.2873457646874833,0.897075,25,52,40.0,6.841052550594828,0.4807692307692215,0.1710263137648664,400,4733,0.05931077694235589,23.665,4.3626568739702645,35,0.24994717937882946,0.7500528206211704,0.1509357996015232,0.013312474396130291,0.12854609929078004,5.8088055245994905,0.7541846602110871,0.025174323245541207,0.725283018867924,0.8219178082191766,0.14628580078583872,0.7500528206211704,0.24994717937882946
sbm_5c_80_hard_s1,sbm,400,5,GreedyMod,{},0.04047822051937088,5,1.3519951082217871,0.7155625,16,135,80.0,51.980765673468106,0.11851851851851765,0.6497595709183432,400,4733,0.05931077694235589,23.665,4.3626568739702645,35,0.45024297485738424,0.5497570251426156,0.1485498500113603,0.06839327242283204,0.09087893864013265,8.224094304388423,0.6520471599665472,0.15697292794725584,0.48318138950015704,0.843243243243241,0.16526363728444385,0.5497570251426156,0.45024297485738424
sbm_8c_50_clear_s1,sbm,400,8,Louvain,{'resolution': 0.5},1.0,8,2.079441541671836,0.875,50,50,50.0,0.0,0.99999999999998,0.0,400,3569,0.044724310776942354,17.845,3.5736500947910383,31,0.8187167273746145,0.1812832726253852,0.29816326530612225,0.009827754390068976,0.2799999999999998,14.61,0.18124704532916172,0.008219378976931473,0.16794731064763976,0.191208791208791,0.6935817841141783,0.1812832726253852,0.8187167273746145
sbm_8c_50_clear_s1,sbm,400,8,Louvain,{'resolution': 0.8},1.0,8,2.079441541671836,0.875,50,50,50.0,0.0,0.99999999999998,0.0,400,3569,0.044724310776942354,17.845,3.5736500947910383,31,0.8187167273746145,0.1812832726253852,0.29816326530612225,0.009827754390068976,0.2799999999999998,14.61,0.18124704532916172,0.008219378976931473,0.16794731064763976,0.191208791208791,0.6935817841141783,0.1812832726253852,0.8187167273746145
sbm_8c_50_clear_s1,sbm,400,8,Louvain,{'resolution': 1.0},1.0,8,2.079441541671836,0.875,50,50,50.0,0.0,0.99999999999998,0.0,400,3569,0.044724310776942354,17.845,3.5736500947910383,31,0.8187167273746145,0.1812832726253852,0.29816326530612225,0.009827754390068976,0.2799999999999998,14.61,0.18124704532916172,0.008219378976931473,0.16794731064763976,0.191208791208791,0.6935817841141783,0.1812832726253852,0.8187167273746145
sbm_8c_50_clear_s1,sbm,400,8,Louvain,{'resolution': 1.2},1.0,8,2.079441541671836,0.875,50,50,50.0,0.0,0.99999999999998,0.0,400,3569,0.044724310776942354,17.845,3.5736500947910383,31,0.8187167273746145,0.1812832726253852,0.29816326530612225,0.009827754390068976,0.2799999999999998,14.61,0.18124704532916172,0.008219378976931473,0.16794731064763976,0.191208791208791,0.6935817841141783,0.1812832726253852,0.8187167273746145
sbm_8c_50_clear_s1,sbm,400,8,Louvain,{'resolution': 1.5},1.0,8,2.079441541671836,0.875,50,50,50.0,0.0,0.99999999999998,0.0,400,3569,0.044724310776942354,17.845,3.5736500947910383,31,0.8187167273746145,0.1812832726253852,0.29816326530612225,0.009827754390068976,0.2799999999999998,14.61,0.18124704532916172,0.008219378976931473,0.16794731064763976,0.191208791208791,0.6935817841141783,0.1812832726253852,0.8187167273746145
sbm_8c_50_clear_s1,sbm,400,8,Louvain,{'resolution': 2.0},1.0,8,2.079441541671836,0.875,50,50,50.0,0.0,0.99999999999998,0.0,400,3569,0.044724310776942354,17.845,3.5736500947910383,31,0.8187167273746145,0.1812832726253852,0.29816326530612225,0.009827754390068976,0.2799999999999998,14.61,0.18124704532916175,0.008219378976931473,0.16794731064763976,0.191208791208791,0.6935817841141783,0.1812832726253852,0.8187167273746145
sbm_8c_50_clear_s1,sbm,400,8,Louvain,{'resolution': 3.0},1.0,8,2.079441541671836,0.875,50,50,50.0,0.0,0.99999999999998,0.0,400,3569,0.044724310776942354,17.845,3.5736500947910383,31,0.8187167273746145,0.1812832726253852,0.29816326530612225,0.009827754390068976,0.2799999999999998,14.61,0.18124704532916172,0.008219378976931473,0.16794731064763976,0.191208791208791,0.6935817841141783,0.1812832726253852,0.8187167273746145
sbm_8c_50_clear_s1,sbm,400,8,Leiden,{'resolution': 0.5},1.0,8,2.079441541671836,0.875,50,50,50.0,0.0,0.99999999999998,0.0,400,3569,0.044724310776942354,17.845,3.5736500947910383,31,0.8187167273746145,0.1812832726253852,0.29816326530612225,0.009827754390068976,0.2799999999999998,14.610000000000001,0.18124704532916172,0.008219378976931473,0.16794731064763976,0.191208791208791,0.6935817841141784,0.1812832726253852,0.8187167273746145
sbm_8c_50_clear_s1,sbm,400,8,Leiden,{'resolution': 0.8},1.0,8,2.079441541671836,0.875,50,50,50.0,0.0,0.99999999999998,0.0,400,3569,0.044724310776942354,17.845,3.5736500947910383,31,0.8187167273746145,0.1812832726253852,0.29816326530612225,0.009827754390068976,0.2799999999999998,14.610000000000001,0.18124704532916172,0.008219378976931473,0.16794731064763976,0.191208791208791,0.6935817841141784,0.1812832726253852,0.8187167273746145
sbm_8c_50_clear_s1,sbm,400,8,Leiden,{'resolution': 1.0},1.0,8,2.079441541671836,0.875,50,50,50.0,0.0,0.99999999999998,0.0,400,3569,0.044724310776942354,17.845,3.5736500947910383,31,0.8187167273746145,0.1812832726253852,0.29816326530612225,0.009827754390068976,0.2799999999999998,14.610000000000001,0.18124704532916172,0.008219378976931473,0.16794731064763976,0.191208791208791,0.6935817841141784,0.1812832726253852,0.8187167273746145
sbm_8c_50_clear_s1,sbm,400,8,Leiden,{'resolution': 1.2},1.0,8,2.079441541671836,0.875,50,50,50.0,0.0,0.99999999999998,0.0,400,3569,0.044724310776942354,17.845,3.5736500947910383,31,0.8187167273746145,0.1812832726253852,0.29816326530612225,0.009827754390068976,0.2799999999999998,14.610000000000001,0.18124704532916172,0.008219378976931473,0.16794731064763976,0.191208791208791,0.6935817841141784,0.1812832726253852,0.8187167273746145
sbm_8c_50_clear_s1,sbm,400,8,Leiden,{'resolution': 1.5},1.0,8,2.079441541671836,0.875,50,50,50.0,0.0,0.99999999999998,0.0,400,3569,0.044724310776942354,17.845,3.5736500947910383,31,0.8187167273746145,0.1812832726253852,0.29816326530612225,0.009827754390068976,0.2799999999999998,14.610000000000001,0.18124704532916172,0.008219378976931473,0.16794731064763976,0.191208791208791,0.6935817841141783,0.1812832726253852,0.8187167273746145
sbm_8c_50_clear_s1,sbm,400,8,Leiden,{'resolution': 2.0},1.0,8,2.079441541671836,0.875,50,50,50.0,0.0,0.99999999999998,0.0,400,3569,0.044724310776942354,17.845,3.5736500947910383,31,0.8187167273746145,0.1812832726253852,0.29816326530612225,0.009827754390068976,0.2799999999999998,14.610000000000001,0.18124704532916172,0.008219378976931473,0.16794731064763976,0.191208791208791,0.6935817841141784,0.1812832726253852,0.8187167273746145
sbm_8c_50_clear_s1,sbm,400,8,Leiden,{'resolution': 3.0},1.0,8,2.079441541671836,0.875,50,50,50.0,0.0,0.99999999999998,0.0,400,3569,0.044724310776942354,17.845,3.5736500947910383,31,0.8187167273746145,0.1812832726253852,0.29816326530612225,0.009827754390068976,0.2799999999999998,14.61,0.18124704532916172,0.008219378976931473,0.16794731064763976,0.191208791208791,0.6935817841141783,0.1812832726253852,0.8187167273746145
sbm_8c_50_clear_s1,sbm,400,8,LabelProp,{'seed': 0},0.7529301269245373,4,1.2554823251747536,0.6875,50,150,100.0,50.0,0.33333333333333115,0.499999999999995,400,3569,0.044724310776942354,17.845,3.5736500947910383,31,0.8540207340991872,0.1459792659008125,0.1995644432269551,0.09613635144115949,0.1028187919463087,14.98,0.15965331127819146,0.027537159313662605,0.12921140318400587,0.1906283280085195,0.5410205529841547,0.1459792659008125,0.8540207340991872
sbm_8c_50_clear_s1,sbm,400,8,LabelProp,{'seed': 1},0.7529301269245373,4,1.2554823251747536,0.6875,50,150,100.0,50.0,0.33333333333333115,0.499999999999995,400,3569,0.044724310776942354,17.845,3.5736500947910383,31,0.8540207340991872,0.1459792659008125,0.1995644432269551,0.09613635144115949,0.1028187919463087,14.98,0.15965331127819146,0.027537159313662605,0.12921140318400587,0.1906283280085195,0.5410205529841547,0.1459792659008125,0.8540207340991872
sbm_8c_50_clear_s1,sbm,400,8,LabelProp,{'seed': 2},0.7529301269245373,4,1.2554823251747536,0.6875,50,150,100.0,50.0,0.33333333333333115,0.499999999999995,400,3569,0.044724310776942354,17.845,3.5736500947910383,31,0.8540207340991872,0.1459792659008125,0.1995644432269551,0.09613635144115949,0.1028187919463087,14.98,0.15965331127819146,0.027537159313662605,0.12921140318400587,0.1906283280085195,0.5410205529841547,0.1459792659008125,0.8540207340991872
sbm_8c_50_clear_s1,sbm,400,8,LabelProp,{'seed': 3},0.7529301269245373,4,1.2554823251747536,0.6875,50,150,100.0,50.0,0.33333333333333115,0.499999999999995,400,3569,0.044724310776942354,17.845,3.5736500947910383,31,0.8540207340991872,0.1459792659008125,0.1995644432269551,0.09613635144115949,0.1028187919463087,14.98,0.15965331127819146,0.027537159313662605,0.12921140318400587,0.1906283280085195,0.5410205529841547,0.1459792659008125,0.8540207340991872
sbm_8c_50_clear_s1,sbm,400,8,LabelProp,{'seed': 4},0.7529301269245373,4,1.2554823251747536,0.6875,50,150,100.0,50.0,0.33333333333333115,0.499999999999995,400,3569,0.044724310776942354,17.845,3.5736500947910383,31,0.8540207340991872,0.1459792659008125,0.1995644432269551,0.09613635144115949,0.1028187919463087,14.98,0.15965331127819146,0.027537159313662605,0.12921140318400587,0.1906283280085195,0.5410205529841547,0.1459792659008125,0.8540207340991872
sbm_8c_50_clear_s1,sbm,400,8,Spectral,{'k': 2},0.390868998172605,2,0.583258840126597,0.3942000000000001,108,292,200.0,92.0,0.36986301369862884,0.4599999999999977,400,3569,0.044724310776942354,17.845,3.5736500947910383,31,0.9066965536564862,0.09330344634351356,0.09812067345719991,0.04085475056495305,0.05726592289224686,15.767376966007102,0.17173800928313557,0.0,0.17173800928313557,0.17173800928313557,0.30240428439503614,0.09330344634351356,0.9066965536564862
sbm_8c_50_clear_s1,sbm,400,8,Spectral,{'k': 3},0.6509510508286859,3,1.039720770836918,0.625,100,200,133.33333333333334,47.14045207910317,0.4999999999999975,0.3535533905932711,400,3569,0.044724310776942354,17.845,3.5736500947910383,31,0.8747548332866347,0.12524516671336505,0.12848281813105933,0.033436247854620904,0.08120603015075377,15.426666666666668,0.13402611274177625,0.0227428356320465,0.10245554614733274,0.1551339285714285,0.4978971971604742,0.12524516671336505,0.8747548332866347
sbm_8c_50_clear_s1,sbm,400,8,Spectral,{'k': 5},0.8362257466865244,5,1.4941751382843085,0.75,50,150,80.0,40.0,0.33333333333333115,0.4999999999999938,400,3569,0.044724310776942354,17.845,3.5736500947910383,31,0.8492574950966655,0.15074250490333424,0.2312564018489233,0.08506602328059426,0.10478747203579417,14.962666666666669,0.1596251393955112,0.017998028888859013,0.1290442543696541,0.18044237485448175,0.598174435836879,0.15074250490333424,0.8492574950966655
sbm_8c_50_clear_s1,sbm,400,8,Spectral,{'k': 8},1.0,8,2.079441541671836,0.875,50,50,50.0,0.0,0.99999999999998,0.0,400,3569,0.044724310776942354,17.845,3.5736500947910383,31,0.8187167273746145,0.1812832726253852,0.29816326530612225,0.009827754390068976,0.2799999999999998,14.610000000000001,0.18124704532916172,0.008219378976931473,0.16794731064763976,0.191208791208791,0.6935817841141784,0.1812832726253852,0.8187167273746145
sbm_8c_50_clear_s1,sbm,400,8,Spectral,{'k': 10},0.9605563270167404,10,2.2502192667254017,0.8903125,21,50,40.0,12.449899597988733,0.4199999999999916,0.3112474899497105,400,3569,0.044724310776942354,17.845,3.5736500947910383,31,0.7284953768562621,0.2715046231437377,0.3157411933076951,0.041998013291130606,0.27339901477832446,12.017214211076281,0.3266384256456861,0.18843108597027308,0.16794731064763976,0.677419354838708,0.6192024642321362,0.2715046231437377,0.7284953768562621
sbm_8c_50_clear_s1,sbm,400,8,GreedyMod,{},0.994094549797693,8,2.079391538337969,0.8749875,49,51,50.0,0.5,0.9607843137254714,0.009999999999999799,400,3569,0.044724310776942354,17.845,3.5736500947910383,31,0.8167553936676938,0.1832446063323059,0.2973361844737893,0.008203649923489799,0.28316326530612224,14.571528611444577,0.1833067966488295,0.008156432935353059,0.16985376827896492,0.19370460048426127,0.6915737389012088,0.1832446063323059,0.8167553936676938
sbm_8c_50_moderate_s1,sbm,400,8,Louvain,{'resolution': 0.5},0.5496242051366139,15,1.945755317618207,0.7998625,1,146,26.666666666666668,37.73180208907188,0.006849315068493104,1.4149425783401424,400,3983,0.04991228070175439,19.915,4.418458441583445,36,0.4486567913632939,0.5513432086367058,0.470629902216982,0.35667255218623084,0.0,4.594673172741029,0.7688709766405967,0.18048119364528156,0.4292665971498087,0.9999999999999231,0.24994567988518118,0.5513432086367058,0.4486567913632939
sbm_8c_50_moderate_s1,sbm,400,8,Louvain,{'resolution': 0.8},0.9705575819232347,8,2.079240507719874,0.87495,48,51,50.0,1.0,0.9411764705882169,0.019999999999999598,400,3983,0.04991228070175439,19.915,4.418458441583445,36,0.48154657293497355,0.5184534270650263,0.1955992929086527,0.006788339358742953,0.18367346938775497,9.585249599839937,0.5186136708612042,0.01478518359231692,0.49473684210526264,0.5461293743372211,0.3563467294374176,0.5184534270650263,0.48154657293497355
sbm_8c_50_moderate_s1,sbm,400,8,Louvain,{'resolution': 1.0},0.9780688734189698,8,2.079242508920835,0.87495,49,52,50.0,1.0,0.9423076923076742,0.019999999999999598,400,3983,0.04991228070175439,19.915,4.418458441583445,36,0.48154657293497355,0.5184534270650263,0.19559106334841614,0.006627823802022146,0.18452380952380937,9.585054945054944,0.5186038711489089,0.014882850510882985,0.49473684210526264,0.547445255474452,0.3563422224595127,0.5184534270650263,0.48154657293497355
sbm_8c_50_moderate_s1,sbm,400,8,Louvain,{'resolution': 1.2},0.9764141930606267,8,2.079291531670236,0.8749625,49,51,50.0,0.8660254037844386,0.9607843137254714,0.017320508075688426,400,3983,0.04991228070175439,19.915,4.418458441583445,36,0.48154657293497355,0.5184534270650263,0.1955879851940775,0.006717951690544756,0.18452380952380937,9.58546218487395,0.5185782858222199,0.014944310510351458,0.49473684210526264,0.547445255474452,0.3563467294374176,0.5184534270650263,0.48154657293497355
sbm_8c_50_moderate_s1,sbm,400,8,Louvain,{'resolution': 1.5},0.9560376022021917,8,2.0784553878941803,0.87475,47,55,50.0,2.23606797749979,0.854545454545439,0.0447213595499949,400,3983,0.04991228070175439,19.915,4.418458441583445,36,0.48054230479538024,0.5194576952046195,0.1957404751185553,0.011984085189624818,0.16835016835016825,9.571443428918958,0.5195878130678946,0.013860527943913643,0.49628055260361265,0.5460385438972156,0.35528065581760393,0.5194576952046195,0.48054230479538024
sbm_8c_50_moderate_s1,sbm,400,8,Louvain,{'resolution': 2.0},0.9091407060893956,10,2.1993143026270947,0.8849,7,49,40.0,15.543487382180357,0.14285714285713993,0.3885871845544992,400,3983,0.04991228070175439,19.915,4.418458441583445,36,0.4627165453175997,0.5372834546824001,0.2511762940816694,0.10313978928269145,0.19060283687943247,8.26828562389551,0.5831291809259508,0.11588189525678272,0.49628055260361265,0.8211382113821072,0.34680678094051365,0.5372834546824001,0.4627165453175997
sbm_8c_50_moderate_s1,sbm,400,8,Louvain,{'resolution': 3.0},0.6189198389466667,35,3.424644044900182,0.96365,3,27,11.428571428571429,5.9631521591746575,0.111111111111107,0.5217758139277369,400,3983,0.04991228070175439,19.915,4.418458441583445,36,0.2508159678634195,0.7491840321365802,0.4750551921795584,0.15864705600355167,0.2964426877470344,4.231312850804996,0.7863992644526473,0.07021744704973612,0.5922671353251308,0.8965517241379155,0.21359589452764,0.7491840321365802,0.2508159678634195
sbm_8c_50_moderate_s1,sbm,400,8,Leiden,{'resolution': 0.5},0.0,1,-1.000088900581841e-12,0.0,400,400,400.0,0.0,0.9999999999999974,0.0,400,3983,0.04991228070175439,19.915,4.418458441583445,36,0.9999999999999998,0.0,0.04991228070175439,0.0,0.04991228070175439,19.915,0.0,0.0,0.0,0.0,0.0,0.0,0.9999999999999998
sbm_8c_50_moderate_s1,sbm,400,8,Leiden,{'resolution': 0.8},0.9764141930606267,8,2.0792915316702354,0.8749625,49,51,50.0,0.8660254037844386,0.9607843137254714,0.017320508075688426,400,3983,0.04991228070175439,19.915,4.418458441583445,36,0.48154657293497355,0.5184534270650263,0.1955879851940775,0.006717951690544756,0.18452380952380937,9.58546218487395,0.5185782858222199,0.014944310510351458,0.49473684210526264,0.547445255474452,0.3563467294374176,0.5184534270650263,0.48154657293497355
sbm_8c_50_moderate_s1,sbm,400,8,Leiden,{'resolution': 1.0},0.9705575819232347,8,2.0792405077198737,0.87495,48,51,50.0,1.0,0.9411764705882169,0.019999999999999598,400,3983,0.04991228070175439,19.915,4.418458441583445,36,0.48154657293497355,0.5184534270650263,0.1955992929086527,0.006788339358742953,0.18367346938775497,9.585249599839937,0.5186136708612041,0.01478518359231692,0.49473684210526264,0.5461293743372211,0.3563467294374176,0.5184534270650263,0.48154657293497355
sbm_8c_50_moderate_s1,sbm,400,8,Leiden,{'resolution': 1.2},0.9705575819232347,8,2.0792405077198737,0.87495,48,51,50.0,1.0,0.9411764705882169,0.019999999999999598,400,3983,0.04991228070175439,19.915,4.418458441583445,36,0.48154657293497355,0.5184534270650263,0.1955992929086527,0.006788339358742952,0.18367346938775497,9.585249599839937,0.5186136708612041,0.01478518359231692,0.49473684210526264,0.5461293743372211,0.3563467294374176,0.5184534270650263,0.48154657293497355
sbm_8c_50_moderate_s1,sbm,400,8,Leiden,{'resolution': 1.5},0.982307696202799,8,2.079391538337969,0.8749875,49,51,50.0,0.5,0.9607843137254714,0.009999999999999799,400,3983,0.04991228070175439,19.915,4.418458441583445,36,0.4812955059000752,0.5187044940999246,0.19561224489795903,0.009171760981415075,0.1787755102040815,9.584489795918367,0.5187564627222853,0.015286620359280939,0.49473684210526264,0.5479876160990707,0.3561411419068324,0.5187044940999246,0.4812955059000752
sbm_8c_50_moderate_s1,sbm,400,8,Leiden,{'resolution': 2.0},0.9166218186207065,11,2.2216404850234692,0.885675,4,50,36.36363636363637,18.45521718437131,0.07999999999999839,0.507518472570197,400,3983,0.04991228070175439,19.915,4.418458441583445,36,0.46397188049209126,0.5360281195079085,0.2923738226671281,0.1519371918323871,0.18367346938775497,7.674165773729669,0.6108392550671184,0.14415263443527404,0.4983570646221243,0.8769230769230635,0.34810630340887005,0.5360281195079085,0.46397188049209126
sbm_8c_50_moderate_s1,sbm,400,8,Leiden,{'resolution': 3.0},0.6272352175559357,36,3.4470546607553074,0.9646,3,27,11.11111111111111,5.820355934981686,0.111111111111107,0.5238320341483046,400,3983,0.04991228070175439,19.915,4.418458441583445,36,0.25332663821240264,0.7466733617875971,0.4952653291490182,0.16639397087343602,0.2849002849002841,4.2458874837529805,0.7855652159059927,0.07350697576539363,0.6233521657250459,0.9076923076922938,0.2171971589776258,0.7466733617875971,0.25332663821240264
sbm_8c_50_moderate_s1,sbm,400,8,LabelProp,{'seed': 0},0.0,1,-1.000088900581841e-12,0.0,400,400,400.0,0.0,0.9999999999999974,0.0,400,3983,0.04991228070175439,19.915,4.418458441583445,36,0.9999999999999998,0.0,0.04991228070175439,0.0,0.04991228070175439,19.915,0.0,0.0,0.0,0.0,0.0,0.0,0.9999999999999998
sbm_8c_50_moderate_s1,sbm,400,8,LabelProp,{'seed': 1},0.0,1,-1.000088900581841e-12,0.0,400,400,400.0,0.0,0.9999999999999974,0.0,400,3983,0.04991228070175439,19.915,4.418458441583445,36,0.9999999999999998,0.0,0.04991228070175439,0.0,0.04991228070175439,19.915,0.0,0.0,0.0,0.0,0.0,0.0,0.9999999999999998
sbm_8c_50_moderate_s1,sbm,400,8,LabelProp,{'seed': 2},0.0,1,-1.000088900581841e-12,0.0,400,400,400.0,0.0,0.9999999999999974,0.0,400,3983,0.04991228070175439,19.915,4.418458441583445,36,0.9999999999999998,0.0,0.04991228070175439,0.0,0.04991228070175439,19.915,0.0,0.0,0.0,0.0,0.0,0.0,0.9999999999999998
sbm_8c_50_moderate_s1,sbm,400,8,LabelProp,{'seed': 3},0.0,1,-1.000088900581841e-12,0.0,400,400,400.0,0.0,0.9999999999999974,0.0,400,3983,0.04991228070175439,19.915,4.418458441583445,36,0.9999999999999998,0.0,0.04991228070175439,0.0,0.04991228070175439,19.915,0.0,0.0,0.0,0.0,0.0,0.0,0.9999999999999998
sbm_8c_50_moderate_s1,sbm,400,8,LabelProp,{'seed': 4},0.0,1,-1.000088900581841e-12,0.0,400,400,400.0,0.0,0.9999999999999974,0.0,400,3983,0.04991228070175439,19.915,4.418458441583445,36,0.9999999999999998,0.0,0.04991228070175439,0.0,0.04991228070175439,19.915,0.0,0.0,0.0,0.0,0.0,0.0,0.9999999999999998
sbm_8c_50_moderate_s1,sbm,400,8,Spectral,{'k': 2},0.30782687334234154,2,0.5392763414950504,0.35420000000000007,92,308,200.0,108.0,0.2987012987012977,0.5399999999999973,400,3983,0.04991228070175439,19.915,4.418458441583445,36,0.785337685161938,0.21466231483806172,0.0893667301399917,0.034140197714762205,0.05522653242522949,14.096837944664031,0.452620434092112,0.0,0.452620434092112,0.452620434092112,0.1471393706960331,0.21466231483806172,0.785337685161938
sbm_8c_50_moderate_s1,sbm,400,8,Spectral,{'k': 3},0.4837603975106205,3,0.8775872196881409,0.5143499999999999,48,258,133.33333333333334,90.13076919429655,0.18604651162790625,0.675980768957219,400,3983,0.04991228070175439,19.915,4.418458441583445,36,0.695957820738137,0.30404217926186283,0.12922641932111467,0.060264620680332906,0.06080897656320695,12.161429985155863,0.4451967328301339,0.04569069845930709,0.3856991898555828,0.49677419354838653,0.2106648775750366,0.30404217926186283,0.695957820738137
sbm_8c_50_moderate_s1,sbm,400,8,Spectral,{'k': 5},0.7382193029599107,5,1.5109132459204138,0.7586125,49,138,80.0,36.39230687933921,0.35507246376811336,0.45490383599173445,400,3983,0.04991228070175439,19.915,4.418458441583445,36,0.5405473261360783,0.4594526738639216,0.15258310588102797,0.047611405042948134,0.08452343171479952,10.346232513184347,0.4796150832075615,0.047108381925826906,0.40748980348535396,0.5387559808612435,0.299097583257592,0.4594526738639216,0.5405473261360783
sbm_8c_50_moderate_s1,sbm,400,8,Spectral,{'k': 8},0.9544319115573343,8,2.078799076469453,0.8748374999999999,48,54,50.0,1.8027756377319946,0.8888888888888724,0.03605551275463917,400,3983,0.04991228070175439,19.915,4.418458441583445,36,0.47351242781822733,0.5264875721817724,0.19260008547555676,0.011053314770759184,0.1787755102040815,9.427494720110268,0.526464045034394,0.01665096636816233,0.49677419354838653,0.5493827160493822,0.34810888782976657,0.5264875721817724,0.47351242781822733
sbm_8c_50_moderate_s1,sbm,400,8,Spectral,{'k': 10},0.8926402182197536,10,2.246009639299262,0.8903875,15,52,40.0,12.401612798341997,0.2884615384615329,0.31004031995854214,400,3983,0.04991228070175439,19.915,4.418458441583445,36,0.4323374340949032,0.5676625659050966,0.2150469742040153,0.046770332272909464,0.18715393133997765,8.022305609382611,0.5969680452105048,0.09433407076350679,0.522471910112359,0.8345864661654103,0.32164520578262285,0.5676625659050966,0.4323374340949032
sbm_8c_50_moderate_s1,sbm,400,8,GreedyMod,{},0.5560282476714047,4,1.2997355596150406,0.7120124999999999,39,147,100.0,38.98076448711595,0.2653061224489778,0.3898076448711556,400,3983,0.04991228070175439,19.915,4.418458441583445,36,0.5696711021842831,0.4303288978157167,0.12013997093710718,0.03665781903902472,0.08768987046873543,10.504191099516728,0.47044750182015016,0.10106509850857753,0.3661165375547321,0.6366083445491243,0.2793613694253805,0.4303288978157167,0.5696711021842831
sbm_8c_50_hard_s1,sbm,400,8,Louvain,{'resolution': 0.5},0.21577822211394024,53,2.441753795031773,0.75315,1,192,7.547169811320755,26.23447683886415,0.005208333333333306,3.4760681811490395,400,4705,0.058959899749373434,23.525,4.7163942795317695,38,0.3528161530286928,0.647183846971307,0.39354804820151046,0.3864533107313817,0.0,1.6047545614762595,0.9299739331131222,0.09514759559804234,0.4291237113402061,0.9999999999999714,0.09173890800593125,0.647183846971307,0.3528161530286928
sbm_8c_50_hard_s1,sbm,400,8,Louvain,{'resolution': 0.8},0.18457648328710957,34,2.783258781499664,0.8852,1,102,11.764705882352942,20.045622704704815,0.009803921568627355,1.7038779298997644,400,4705,0.058959899749373434,23.525,4.7163942795317695,38,0.2641870350690754,0.7358129649309244,0.6015471636396684,0.27050997160266266,0.0,3.270960807087062,0.8585219333441971,0.0760771760938399,0.568785197103781,0.9999999999999546,0.14552732356764292,0.7358129649309244,0.2641870350690754
sbm_8c_50_hard_s1,sbm,400,8,Louvain,{'resolution': 1.0},0.05801979478463528,7,1.914423764422712,0.8492125,28,74,57.142857142857146,13.463480460952471,0.3783783783783733,0.2356109080666641,400,4705,0.058959899749373434,23.525,4.7163942795317695,38,0.32412327311370875,0.6758767268862911,0.1419650322129617,0.03598395469037073,0.10847834135505365,7.494747298318727,0.6827394884196974,0.03460971098116424,0.6555023923444973,0.7622377622377612,0.1746400656818159,0.6758767268862911,0.32412327311370875
sbm_8c_50_hard_s1,sbm,400,8,Louvain,{'resolution': 1.2},0.13188773853021632,15,2.633148233543698,0.9235625,12,45,26.666666666666668,10.208928554075701,0.2666666666666607,0.38283482077782444,400,4705,0.058959899749373434,23.525,4.7163942795317695,38,0.242933049946865,0.7570669500531348,0.22735891535664424,0.05484545190123922,0.15454545454545437,5.31159779057567,0.7729728746844773,0.03997032016306729,0.708015267175572,0.8403041825095025,0.16532524130952556,0.7570669500531348,0.242933049946865
sbm_8c_50_hard_s1,sbm,400,8,Louvain,{'resolution': 1.5},0.1641856043370186,24,3.138180053508189,0.95505,7,28,16.666666666666668,4.6785562825394,0.2499999999999911,0.28071337695234716,400,4705,0.058959899749373434,23.525,4.7163942795317695,38,0.19829968119022312,0.8017003188097767,0.30783293322819916,0.06956473485931533,0.18783068783068732,4.530178774408314,0.807806182135101,0.02702850610627933,0.7695167286245339,0.8870056497175092,0.1536463007111389,0.8017003188097767,0.19829968119022312
sbm_8c_50_hard_s1,sbm,400,8,Louvain,{'resolution': 2.0},0.23751441191026637,38,3.6094964585332594,0.9721375,7,19,10.526315789473685,2.5519532468211907,0.3684210526315596,0.24243555844799006,400,4705,0.058959899749373434,23.525,4.7163942795317695,38,0.16748140276301804,0.8325185972369817,0.42330175979759394,0.07700637496418777,0.2514619883040921,3.8606001569990496,0.8359400795130808,0.019659896206638806,0.7937499999999975,0.8735632183907996,0.13967723756918557,0.8325185972369817,0.16748140276301804
sbm_8c_50_hard_s1,sbm,400,8,Louvain,{'resolution': 3.0},0.2923136735355284,61,4.055729868838778,0.9818,3,12,6.557377049180328,2.176812153796437,0.24999999999997916,0.331963853453906,400,4705,0.058959899749373434,23.525,4.7163942795317695,38,0.1404888416578108,0.8595111583421889,0.6086982234522588,0.15200052168149022,0.38181818181817484,3.1014193456816406,0.8678967547144557,0.02939992634297168,0.8066666666666639,0.9333333333333177,0.12226105359685865,0.8595111583421889,0.1404888416578108
sbm_8c_50_hard_s1,sbm,400,8,Leiden,{'resolution': 0.5},0.0,1,-1.000088900581841e-12,0.0,400,400,400.0,0.0,0.9999999999999974,0.0,400,4705,0.058959899749373434,23.525,4.7163942795317695,38,0.9999999999999998,0.0,0.058959899749373434,0.0,0.058959899749373434,23.525,0.0,0.0,0.0,0.0,0.0,0.0,0.9999999999999998
sbm_8c_50_hard_s1,sbm,400,8,Leiden,{'resolution': 0.8},0.0214100256416694,3,1.0716576616124727,0.6498375000000001,91,156,133.33333333333334,29.95923155816176,0.5833333333333296,0.22469423668621152,400,4705,0.058959899749373434,23.525,4.7163942795317695,38,0.5158342189160466,0.48416578108395314,0.09145234313016197,0.010620285406226518,0.08384932920536635,11.784385549091432,0.49884612133046735,0.06435411723246412,0.45184785540868616,0.5898400752587015,0.1651021986920103,0.48416578108395314,0.5158342189160466
sbm_8c_50_hard_s1,sbm,400,8,Leiden,{'resolution': 1.0},0.08683310579483597,8,2.020141520580203,0.8614375,26,67,50.0,16.469669092000604,0.38805970149253155,0.3293933818400055,400,4705,0.058959899749373434,23.525,4.7163942795317695,38,0.3173219978746014,0.6826780021253984,0.15549304048655188,0.03443688140872845,0.12003968253968249,7.061179540120454,0.699325623314505,0.04952975727338271,0.6407643312101907,0.7737104825291168,0.17805242574374835,0.6826780021253984,0.3173219978746014
sbm_8c_50_hard_s1,sbm,400,8,Leiden,{'resolution': 1.2},0.1256229282793746,15,2.6431103438106103,0.9246125000000001,13,46,26.666666666666668,9.644802860723603,0.2826086956521678,0.3616801072771216,400,4705,0.058959899749373434,23.525,4.7163942795317695,38,0.24484590860786393,0.7551540913921359,0.23400222360516612,0.05505201932776613,0.14685990338164237,5.4863189342672545,0.7669220296230501,0.03490738802218731,0.7156220767072023,0.8311688311688284,0.16977448415042218,0.7551540913921359,0.24484590860786393
sbm_8c_50_hard_s1,sbm,400,8,Leiden,{'resolution': 1.5},0.16334371588601818,24,3.1220182659045856,0.95335,8,35,16.666666666666668,5.7638721552635275,0.22857142857142204,0.3458323293157909,400,4705,0.058959899749373434,23.525,4.7163942795317695,38,0.20340063761955363,0.7965993623804462,0.31057554877382193,0.06605295756321553,0.18655462184873917,4.537536882559766,0.8071041975250507,0.032756820721666156,0.731559854897218,0.8715596330275189,0.15660317951486252,0.7965993623804462,0.20340063761955363
sbm_8c_50_hard_s1,sbm,400,8,Leiden,{'resolution': 2.0},0.20584984105165374,34,3.4907683060801955,0.9687250000000001,3,17,11.764705882352942,2.961108929094875,0.17647058823528375,0.251694258973043,400,4705,0.058959899749373434,23.525,4.7163942795317695,38,0.1770456960680127,0.8229543039319871,0.4027582423343496,0.12443638076679073,0.26666666666666444,4.029015702674873,0.8284488507791103,0.02397325520832612,0.7910447761194009,0.8909090909090747,0.14568436815696778,0.8229543039319871,0.1770456960680127
sbm_8c_50_hard_s1,sbm,400,8,Leiden,{'resolution': 3.0},0.2660043007998336,57,4.001818418655051,0.98105,3,13,7.017543859649122,1.986721076055027,0.23076923076921302,0.283107753337801,400,4705,0.058959899749373434,23.525,4.7163942795317695,38,0.14325185972369817,0.8567481402763016,0.5725446093866697,0.135292782337721,0.34615384615384176,3.2244478718162934,0.8629367359914136,0.027067861462042795,0.8105263157894708,0.9466666666666541,0.12434231790405441,0.8567481402763016,0.14325185972369817
sbm_8c_50_hard_s1,sbm,400,8,LabelProp,{'seed': 0},0.0,1,-1.000088900581841e-12,0.0,400,400,400.0,0.0,0.9999999999999974,0.0,400,4705,0.058959899749373434,23.525,4.7163942795317695,38,0.9999999999999998,0.0,0.058959899749373434,0.0,0.058959899749373434,23.525,0.0,0.0,0.0,0.0,0.0,0.0,0.9999999999999998
sbm_8c_50_hard_s1,sbm,400,8,LabelProp,{'seed': 1},0.0,1,-1.000088900581841e-12,0.0,400,400,400.0,0.0,0.9999999999999974,0.0,400,4705,0.058959899749373434,23.525,4.7163942795317695,38,0.9999999999999998,0.0,0.058959899749373434,0.0,0.058959899749373434,23.525,0.0,0.0,0.0,0.0,0.0,0.0,0.9999999999999998
sbm_8c_50_hard_s1,sbm,400,8,LabelProp,{'seed': 2},0.0,1,-1.000088900581841e-12,0.0,400,400,400.0,0.0,0.9999999999999974,0.0,400,4705,0.058959899749373434,23.525,4.7163942795317695,38,0.9999999999999998,0.0,0.058959899749373434,0.0,0.058959899749373434,23.525,0.0,0.0,0.0,0.0,0.0,0.0,0.9999999999999998
sbm_8c_50_hard_s1,sbm,400,8,LabelProp,{'seed': 3},0.0,1,-1.000088900581841e-12,0.0,400,400,400.0,0.0,0.9999999999999974,0.0,400,4705,0.058959899749373434,23.525,4.7163942795317695,38,0.9999999999999998,0.0,0.058959899749373434,0.0,0.058959899749373434,23.525,0.0,0.0,0.0,0.0,0.0,0.0,0.9999999999999998
sbm_8c_50_hard_s1,sbm,400,8,LabelProp,{'seed': 4},0.0,1,-1.000088900581841e-12,0.0,400,400,400.0,0.0,0.9999999999999974,0.0,400,4705,0.058959899749373434,23.525,4.7163942795317695,38,0.9999999999999998,0.0,0.058959899749373434,0.0,0.058959899749373434,23.525,0.0,0.0,0.0,0.0,0.0,0.0,0.9999999999999998
sbm_8c_50_hard_s1,sbm,400,8,Spectral,{'k': 2},0.038692332941891276,2,0.6930346763388155,0.49988750000000004,197,203,200.0,3.0,0.9704433497536898,0.014999999999999925,400,4705,0.058959899749373434,23.525,4.7163942795317695,38,0.5687566418703506,0.4312433581296492,0.06716538625716953,0.0018489043344512082,0.06531648192271833,13.371458578180091,0.44583607998242136,0.0,0.44583607998242136,0.44583607998242136,0.06822097820280731,0.4312433581296492,0.5687566418703506
sbm_8c_50_hard_s1,sbm,400,8,Spectral,{'k': 3},0.04650748144760473,3,1.0953066651265861,0.6644874999999999,119,145,133.33333333333334,10.780641085864152,0.8206896551724082,0.08085480814398054,400,4705,0.058959899749373434,23.525,4.7163942795317695,38,0.4129649309245483,0.5870350690754516,0.07301597457824179,0.0005409615475224627,0.07231800766283523,9.656838597507969,0.5891651023299712,0.02225543813568223,0.5610465116279069,0.6154704351059872,0.07609398733569668,0.5870350690754516,0.4129649309245483
sbm_8c_50_hard_s1,sbm,400,8,Spectral,{'k': 5},0.057238994370176974,5,1.6070506467019046,0.79905,72,86,80.0,5.513619500836088,0.8372093023255717,0.06892024376045025,400,4705,0.058959899749373434,23.525,4.7163942795317695,38,0.2741764080765143,0.7258235919234856,0.08196122502904446,0.007513285336635039,0.06839945280437755,6.446719026247791,0.7257311303649243,0.01893472035702474,0.6976284584980234,0.7518610421836225,0.07286286210545456,0.7258235919234856,0.2741764080765143
sbm_8c_50_hard_s1,sbm,400,8,Spectral,{'k': 8},0.08989940296600409,8,2.062707795403739,0.87075,35,69,50.0,9.219544457292887,0.5072463768115869,0.18439088914585405,400,4705,0.058959899749373434,23.525,4.7163942795317695,38,0.20871413390010624,0.7912858660998936,0.09689101183883897,0.00967459713927607,0.07716701902748406,4.74132412591832,0.7983453942308606,0.039240333038604115,0.7163120567375882,0.8586640851887698,0.07845324744404454,0.7912858660998936,0.20871413390010624
sbm_8c_50_hard_s1,sbm,400,8,Spectral,{'k': 10},0.11079526036594751,10,2.2811518615264568,0.8954375,30,58,40.0,8.54400374531753,0.5172413793103359,0.21360009363293292,400,4705,0.058959899749373434,23.525,4.7163942795317695,38,0.1810839532412327,0.8189160467587671,0.1056089833763082,0.020350553818322726,0.08021390374331536,4.098045448614468,0.8256798408789832,0.04364699905657814,0.7557603686635935,0.8903775883069417,0.07596714102278875,0.8189160467587671,0.1810839532412327
sbm_8c_50_hard_s1,sbm,400,8,GreedyMod,{},0.04445295747118474,5,1.4478953997042725,0.7442875,22,123,80.0,42.223216362565275,0.17886178861788474,0.5277902045320594,400,4705,0.058959899749373434,23.525,4.7163942795317695,38,0.42189160467587666,0.5781083953241232,0.12179757454351318,0.034535458476083504,0.09276289484206317,8.2323124957141,0.6491425506571046,0.13265652505222675,0.5158260869565215,0.8306451612903208,0.16450683865605245,0.5781083953241232,0.42189160467587666
sbm_imb_clear_s1,sbm,350,3,Louvain,{'resolution': 0.5},0.5546105906096588,46,2.377097334619359,0.8271836734693878,1,115,7.608695652173913,20.058044315858353,0.008695652173912969,2.636200110083894,350,6792,0.11120753172329104,38.81142857142857,15.153458283810453,72,0.4135747938751472,0.5864252061248527,0.21212587818452694,0.3496946903874283,0.0,2.1913629675041677,0.9284629573614688,0.1540227920362613,0.3466872110939906,0.9999999999999827,0.18231543579642648,0.5864252061248527,0.4135747938751472
sbm_imb_clear_s1,sbm,350,3,Louvain,{'resolution': 0.8},0.9373584684924869,5,1.0834343851205526,0.6027102040816327,2,190,70.0,69.52409654213423,0.010526315789473628,0.9932013791733321,350,6792,0.11120753172329104,38.81142857142857,15.153458283810453,72,0.8819199057714957,0.1180800942285041,0.4419760729382756,0.29125839660137803,0.24747474747474743,17.56178947368421,0.475331369124253,0.39496400546474764,0.09225639125602071,0.9753086419752967,0.3361055747356066,0.1180800942285041,0.8819199057714957
sbm_imb_clear_s1,sbm,350,3,Louvain,{'resolution': 1.0},1.0,3,0.9556998911095343,0.5714285714285714,50,200,116.66666666666667,62.36095644623236,0.24999999999999875,0.5345224838248442,350,6792,0.11120753172329104,38.81142857142857,15.153458283810453,72,0.9481743227326265,0.051825677267373374,0.24824005273395075,0.0017122181838753639,0.24663316582914574,28.62,0.12254148739403885,0.043112007712062986,0.09185743262822368,0.1835106382978721,0.34918903371041393,0.051825677267373374,0.9481743227326265
sbm_imb_clear_s1,sbm,350,3,Louvain,{'resolution': 1.2},0.7130642473057102,6,1.7248436776373386,0.8093551020408163,36,100,58.333333333333336,22.125902367034787,0.35999999999999643,0.3793011834348755,350,6792,0.11120753172329104,38.81142857142857,15.153458283810453,72,0.4858657243816254,0.5141342756183744,0.31888752204154786,0.05848913473532034,0.24747474747474743,17.33262447614364,0.4916241940140229,0.25636323884784623,0.09225639125602071,0.7282850779510018,0.2926920558690956,0.5141342756183744,0.4858657243816254
sbm_imb_clear_s1,sbm,350,3,Louvain,{'resolution': 1.5},0.5855390164838371,13,2.308642413001402,0.8663836734693877,11,100,26.923076923076923,23.11330465491696,0.1099999999999989,0.8584941728968838,350,6792,0.11120753172329104,38.81142857142857,15.153458283810453,72,0.3654299175500588,0.6345700824499411,0.4993199219753477,0.1179038690497079,0.24747474747474743,10.552110009542732,0.714992718138511,0.24832458959998452,0.09225639125602071,0.8754448398576496,0.26921202505962116,0.6345700824499411,0.3654299175500588
sbm_imb_clear_s1,sbm,350,3,Louvain,{'resolution': 2.0},0.5267760596273332,23,2.6727865354824183,0.8812897959183674,3,100,15.217391304347826,20.017289313380484,0.0299999999999997,1.3154218691649169,350,6792,0.11120753172329104,38.81142857142857,15.153458283810453,72,0.3162544169611307,0.6837455830388691,0.6727309681346627,0.1626511711873189,0.24747474747474743,6.927492410970672,0.8199477805145486,0.2123535169698668,0.09225639125602071,0.9583333333333267,0.2454677482932182,0.6837455830388691,0.3162544169611307
sbm_imb_clear_s1,sbm,350,3,Louvain,{'resolution': 3.0},0.47926399398450786,42,3.032498275651325,0.8889959183673469,1,100,8.333333333333334,15.94733395641605,0.009999999999999901,1.9136800747696963,350,6792,0.11120753172329104,38.81142857142857,15.153458283810453,72,0.2857773851590106,0.7142226148409893,0.8844404688280689,0.21054868879374977,0.0,4.392418745275888,0.8893677556533349,0.17018758400044662,0.09225639125602071,0.9999999999999833,0.22796445594900674,0.7142226148409893,0.2857773851590106
sbm_imb_clear_s1,sbm,350,3,Leiden,{'resolution': 0.5},1.0,3,0.9556998911095345,0.5714285714285714,50,200,116.66666666666667,62.36095644623236,0.24999999999999875,0.5345224838248442,350,6792,0.11120753172329104,38.81142857142857,15.153458283810453,72,0.9481743227326265,0.051825677267373374,0.2482400527339507,0.0017122181838753637,0.24663316582914574,28.62,0.12254148739403885,0.04311200771206299,0.09185743262822368,0.1835106382978721,0.349189033710414,0.051825677267373374,0.9481743227326265
sbm_imb_clear_s1,sbm,350,3,Leiden,{'resolution': 0.8},1.0,3,0.9556998911095345,0.5714285714285714,50,200,116.66666666666667,62.36095644623236,0.24999999999999875,0.5345224838248442,350,6792,0.11120753172329104,38.81142857142857,15.153458283810453,72,0.9481743227326265,0.051825677267373374,0.2482400527339507,0.0017122181838753637,0.24663316582914574,28.62,0.12254148739403885,0.04311200771206299,0.09185743262822368,0.1835106382978721,0.349189033710414,0.051825677267373374,0.9481743227326265
sbm_imb_clear_s1,sbm,350,3,Leiden,{'resolution': 1.0},1.0,3,0.9556998911095345,0.5714285714285714,50,200,116.66666666666667,62.36095644623236,0.24999999999999875,0.5345224838248442,350,6792,0.11120753172329104,38.81142857142857,15.153458283810453,72,0.9481743227326265,0.051825677267373374,0.2482400527339507,0.0017122181838753637,0.24663316582914574,28.62,0.12254148739403885,0.04311200771206299,0.09185743262822368,0.1835106382978721,0.349189033710414,0.051825677267373374,0.9481743227326265
sbm_imb_clear_s1,sbm,350,3,Leiden,{'resolution': 1.2},0.7550994193989716,5,1.5756221217459703,0.7861061224489796,50,100,70.0,18.4499322491981,0.499999999999995,0.26357046070282625,350,6792,0.11120753172329104,38.81142857142857,15.153458283810453,72,0.5432862190812721,0.45671378091872783,0.29603849543022936,0.04239436427690175,0.24747474747474743,20.10080531813865,0.40374776332379775,0.22163553333031102,0.09225639125602071,0.6335154826958104,0.31068905894275956,0.45671378091872783,0.5432862190812721
sbm_imb_clear_s1,sbm,350,3,Leiden,{'resolution': 1.5},0.5856608953681042,14,2.307963087470833,0.8638040816326531,4,100,25.0,23.805761607524463,0.039999999999999605,0.9522304643009405,350,6792,0.11120753172329104,38.81142857142857,15.153458283810453,72,0.3705830388692579,0.629416961130742,0.5421440978725828,0.1795638653112043,0.24747474747474743,9.757814670709408,0.7358815845274884,0.2507046201815663,0.09225639125602071,0.9365079365079316,0.26939231493851973,0.629416961130742,0.3705830388692579
sbm_imb_clear_s1,sbm,350,3,Leiden,{'resolution': 2.0},0.5222313920142094,24,2.704363083731627,0.882269387755102,4,100,14.583333333333334,19.703884275836465,0.039999999999999605,1.3511234932001221,350,6792,0.11120753172329104,38.81142857142857,15.153458283810453,72,0.3149293286219081,0.6850706713780917,0.7039593078878511,0.17052806512214566,0.24747474747474743,6.872442464942464,0.8227955013753628,0.20798019581355745,0.09225639125602071,0.9441860465116235,0.24569038472477148,0.6850706713780917,0.3149293286219081
sbm_imb_clear_s1,sbm,350,3,Leiden,{'resolution': 3.0},0.481869213994318,40,3.0109361310599305,0.8887510204081632,1,100,8.75,16.25230752847115,0.009999999999999901,1.8574065746822048,350,6792,0.11120753172329104,38.81142857142857,15.153458283810453,72,0.2875441696113074,0.7124558303886925,0.8750116986187331,0.2138398165727827,0.0,4.638369047619047,0.883282063008562,0.17280764691837558,0.09225639125602071,0.9999999999999841,0.22938988838458885,0.7124558303886925,0.2875441696113074
sbm_imb_clear_s1,sbm,350,3,LabelProp,{'seed': 0},0.7699888529362949,2,0.5982695885832573,0.40816326530612246,100,250,175.0,75.0,0.3999999999999984,0.42857142857142616,350,6792,0.11120753172329104,38.81142857142857,15.153458283810453,72,0.9633392226148408,0.03666077738515901,0.20916709261287572,0.03830765486187171,0.170859437751004,33.522,0.09225639125602071,0.0,0.09225639125602071,0.09225639125602071,0.28176335033872035,0.03666077738515901,0.9633392226148408
sbm_imb_clear_s1,sbm,350,3,LabelProp,{'seed': 1},0.7699888529362949,2,0.5982695885832573,0.40816326530612246,100,250,175.0,75.0,0.3999999999999984,0.42857142857142616,350,6792,0.11120753172329104,38.81142857142857,15.153458283810453,72,0.9633392226148408,0.03666077738515901,0.20916709261287572,0.03830765486187171,0.170859437751004,33.522,0.09225639125602071,0.0,0.09225639125602071,0.09225639125602071,0.28176335033872035,0.03666077738515901,0.9633392226148408
sbm_imb_clear_s1,sbm,350,3,LabelProp,{'seed': 2},0.7699888529362949,2,0.5982695885832573,0.40816326530612246,100,250,175.0,75.0,0.3999999999999984,0.42857142857142616,350,6792,0.11120753172329104,38.81142857142857,15.153458283810453,72,0.9633392226148408,0.03666077738515901,0.20916709261287572,0.03830765486187171,0.170859437751004,33.522,0.09225639125602071,0.0,0.09225639125602071,0.09225639125602071,0.28176335033872035,0.03666077738515901,0.9633392226148408
sbm_imb_clear_s1,sbm,350,3,LabelProp,{'seed': 3},0.7699888529362949,2,0.5982695885832573,0.40816326530612246,100,250,175.0,75.0,0.3999999999999984,0.42857142857142616,350,6792,0.11120753172329104,38.81142857142857,15.153458283810453,72,0.9633392226148408,0.03666077738515901,0.20916709261287572,0.03830765486187171,0.170859437751004,33.522,0.09225639125602071,0.0,0.09225639125602071,0.09225639125602071,0.28176335033872035,0.03666077738515901,0.9633392226148408
sbm_imb_clear_s1,sbm,350,3,LabelProp,{'seed': 4},0.7699888529362949,2,0.5982695885832573,0.40816326530612246,100,250,175.0,75.0,0.3999999999999984,0.42857142857142616,350,6792,0.11120753172329104,38.81142857142857,15.153458283810453,72,0.9633392226148408,0.03666077738515901,0.20916709261287572,0.03830765486187171,0.170859437751004,33.522,0.09225639125602071,0.0,0.09225639125602071,0.09225639125602071,0.28176335033872035,0.03666077738515901,0.9633392226148408
sbm_imb_clear_s1,sbm,350,3,Spectral,{'k': 2},0.7699888529362949,2,0.5982695885832573,0.40816326530612246,100,250,175.0,75.0,0.3999999999999984,0.42857142857142616,350,6792,0.11120753172329104,38.81142857142857,15.153458283810453,72,0.9633392226148408,0.03666077738515901,0.20916709261287572,0.03830765486187171,0.170859437751004,33.522,0.09225639125602071,0.0,0.09225639125602071,0.09225639125602071,0.28176335033872035,0.03666077738515901,0.9633392226148408
sbm_imb_clear_s1,sbm,350,3,Spectral,{'k': 3},1.0,3,0.9556998911095345,0.5714285714285714,50,200,116.66666666666667,62.36095644623236,0.24999999999999875,0.5345224838248442,350,6792,0.11120753172329104,38.81142857142857,15.153458283810453,72,0.9481743227326265,0.051825677267373374,0.24824005273395075,0.0017122181838753639,0.24663316582914574,28.62,0.12254148739403882,0.04311200771206299,0.09185743262822368,0.1835106382978721,0.34918903371041393,0.051825677267373374,0.9481743227326265
sbm_imb_clear_s1,sbm,350,3,Spectral,{'k': 5},0.8919277568949954,5,1.0872167391299155,0.5756244897959184,11,203,70.0,74.14310487159274,0.054187192118226334,1.0591872124513098,350,6792,0.11120753172329104,38.81142857142857,15.153458283810453,72,0.9265312131919905,0.07346878680800942,0.3521414630444089,0.09703515464423476,0.23986733648734332,18.25245857590685,0.39428660655693876,0.2478205235332761,0.09225639125602071,0.6645962732919214,0.3245718348406843,0.07346878680800942,0.9265312131919905
sbm_imb_clear_s1,sbm,350,3,Spectral,{'k': 8},0.8083437793399861,8,1.3643465832155703,0.6235591836734694,6,201,43.75,62.04987912961636,0.02985074626865657,1.4182829515340556,350,6792,0.11120753172329104,38.81142857142857,15.153458283810453,72,0.853798586572438,0.14620141342756182,0.45446863287932227,0.14408384884782827,0.24442786069651742,12.781690107156525,0.5474008094485844,0.2020016026534076,0.09722627737226275,0.72972972972972,0.27320277848879243,0.14620141342756182,0.853798586572438
sbm_imb_clear_s1,sbm,350,3,Spectral,{'k': 10},0.7698856141619499,10,1.4802400729599174,0.6341061224489797,5,201,35.0,57.07188449665912,0.02487562189054714,1.6306252713330711,350,6792,0.11120753172329104,38.81142857142857,15.153458283810453,72,0.8337750294464075,0.16622497055359245,0.4977872977670864,0.16010379745457118,0.24442786069651742,10.76514343816363,0.6133374028894067,0.1975476229531646,0.09722627737226275,0.8082191780821808,0.2579699203559651,0.16622497055359245,0.8337750294464075
sbm_imb_clear_s1,sbm,350,3,GreedyMod,{},0.8335222413724919,2,0.6829081046984717,0.48979591836734704,150,200,175.0,25.0,0.7499999999999962,0.14285714285714204,350,6792,0.11120753172329104,38.81142857142857,15.153458283810453,72,0.9533274440518256,0.046672555948174314,0.19342843973783908,0.053204726091306664,0.1402237136465324,34.986666666666665,0.09185743262822368,0.0,0.09185743262822368,0.09185743262822368,0.33234353821304363,0.046672555948174314,0.9533274440518256
sbm_imb_moderate_s1,sbm,350,3,Louvain,{'resolution': 0.5},0.5076877402528699,19,1.2974522820940815,0.5716734693877551,1,217,18.42105263157895,49.216295749609394,0.004608294930875555,2.671741769264365,350,4961,0.08122799836266885,28.34857142857143,8.761518832080313,56,0.6897802862326142,0.31021971376738555,0.35738540414027975,0.42102913312274065,0.0,2.7583656646180272,0.9065804811152263,0.1652409067299844,0.39900779588943996,0.9999999999999737,0.15302650331931938,0.31021971376738555,0.6897802862326142
sbm_imb_moderate_s1,sbm,350,3,Louvain,{'resolution': 0.8},0.8191703213793939,5,1.3315664675028036,0.6856326530612245,21,159,70.0,52.933921071464184,0.13207547169811237,0.7561988724494776,350,4961,0.08122799836266885,28.34857142857143,8.761518832080313,56,0.614593831888732,0.3854061681112678,0.23244231044278743,0.09501683123914914,0.14767676767676766,12.302346810422282,0.5585974234128128,0.20087392589315914,0.3363188535602328,0.8012232415902129,0.24501128963138846,0.3854061681112678,0.614593831888732
sbm_imb_moderate_s1,sbm,350,3,Louvain,{'resolution': 1.0},0.8403904045211767,4,1.2849877162792218,0.6978448979591836,50,148,87.5,39.96561021678513,0.33783783783783555,0.4567498310489677,350,4961,0.08122799836266885,28.34857142857143,8.761518832080313,56,0.6027010683329973,0.39729893166700253,0.1770689059368304,0.03585873313574658,0.1496598639455782,14.605440251572327,0.45972148281328534,0.1344448675298292,0.32076245132199216,0.6406335335882029,0.25381751091287696,0.39729893166700253,0.6027010683329973
sbm_imb_moderate_s1,sbm,350,3,Louvain,{'resolution': 1.2},0.6076891562959215,9,2.0329159591459307,0.8465632653061224,14,99,38.888888888888886,24.002057524972706,0.14141414141414,0.6171957649278538,350,4961,0.08122799836266885,28.34857142857143,8.761518832080313,56,0.3702882483370288,0.6297117516629711,0.2886636153618198,0.09433582418399981,0.1496598639455782,9.059269307240196,0.6823291720841054,0.14452945815904103,0.3402998636983188,0.8285714285714268,0.2350161942449636,0.6297117516629711,0.3702882483370288
sbm_imb_moderate_s1,sbm,350,3,Louvain,{'resolution': 1.5},0.5124506049006089,16,2.485168282114244,0.8819755102040816,9,95,21.875,20.61818069083691,0.09473684210526216,0.9425454030096442,350,4961,0.08122799836266885,28.34857142857143,8.761518832080313,56,0.304575690385003,0.6954243096149968,0.4049968342609373,0.11082159484914587,0.15453527435610298,6.565643955904253,0.7763642647566225,0.1323274370883273,0.34751773049645374,0.8666666666666634,0.21442244467540225,0.6954243096149968,0.304575690385003
sbm_imb_moderate_s1,sbm,350,3,Louvain,{'resolution': 2.0},0.43076283737016224,27,2.905420768454692,0.9096816326530612,5,82,12.962962962962964,15.54796993175084,0.060975609756096824,1.1994148233064008,350,4961,0.08122799836266885,28.34857142857143,8.761518832080313,56,0.2545857689981858,0.745414231001814,0.5651438140512222,0.15273507362662325,0.1695272508280638,4.9186403765499085,0.8345910547735973,0.10580809339801535,0.39592274678111566,0.9135135135135086,0.1888323765117971,0.745414231001814,0.2545857689981858
sbm_imb_moderate_s1,sbm,350,3,Louvain,{'resolution': 3.0},0.2988032513386476,52,3.8099807921743842,0.9737959183673469,3,20,6.730769230769231,4.053087069493994,0.1499999999999925,0.6021729360390182,350,4961,0.08122799836266885,28.34857142857143,8.761518832080313,56,0.1413021568232211,0.8586978431767787,0.7271462004626811,0.1964394142238309,0.3157894736842089,3.4890368618309795,0.8783916172391935,0.055999673906881785,0.6876876876876856,0.9340659340659239,0.1189380168742923,0.8586978431767787,0.1413021568232211
sbm_imb_moderate_s1,sbm,350,3,Leiden,{'resolution': 0.5},0.7313703003964793,2,0.5982695885832573,0.40816326530612246,100,250,175.0,75.0,0.3999999999999984,0.42857142857142616,350,4961,0.08122799836266885,28.34857142857143,8.761518832080313,56,0.8480145132029832,0.1519854867970167,0.1298476329560667,0.01823317512474138,0.1116144578313253,21.226,0.3396396396396395,0.0,0.3396396396396395,0.3396396396396395,0.19538109814505167,0.1519854867970167,0.8480145132029832
sbm_imb_moderate_s1,sbm,350,3,Leiden,{'resolution': 0.8},1.0,3,0.9556998911095345,0.5714285714285714,50,200,116.66666666666667,62.36095644623236,0.24999999999999875,0.5345224838248442,350,4961,0.08122799836266885,28.34857142857143,8.761518832080313,56,0.7827050997782704,0.21729490022172945,0.15207316041486893,0.005616259427048431,0.14767676767676766,17.34,0.39549570404201645,0.10103081791711975,0.3087467362924281,0.5371900826446274,0.24774565944136487,0.21729490022172945,0.7827050997782704
sbm_imb_moderate_s1,sbm,350,3,Leiden,{'resolution': 1.0},0.8320901427635985,4,1.3414067371110137,0.7287999999999999,50,119,87.5,25.480384612481814,0.42016806722688727,0.2912043955712174,350,4961,0.08122799836266885,28.34857142857143,8.761518832080313,56,0.5583551703285626,0.44164482967143714,0.16963632271375703,0.0198338717690151,0.14767676767676766,14.643893038696959,0.45633999308575,0.08444400299681201,0.340550293188994,0.5371900826446274,0.25463442507271294,0.44164482967143714,0.5583551703285626
sbm_imb_moderate_s1,sbm,350,3,Leiden,{'resolution': 1.2},0.6426985045072442,8,1.977694760544766,0.8436897959183673,27,99,43.75,21.896061289647506,0.27272727272727,0.5004814009062173,350,4961,0.08122799836266885,28.34857142857143,8.761518832080313,56,0.37371497681918964,0.6262850231808103,0.25137907550225064,0.05818202256918017,0.1496598639455782,9.685168702537123,0.6587826878875733,0.13808650331691624,0.3402998636983188,0.7688984881209495,0.2357098937526047,0.6262850231808103,0.37371497681918964
sbm_imb_moderate_s1,sbm,350,3,Leiden,{'resolution': 1.5},0.5542787453059892,15,2.403955949549598,0.8727673469387754,7,99,23.333333333333332,22.24010391662373,0.07070707070707,0.9531473107124049,350,4961,0.08122799836266885,28.34857142857143,8.761518832080313,56,0.32191090505946374,0.678089094940536,0.4168126763894064,0.12175037265126938,0.1496598639455782,6.992420488008722,0.7632887851746274,0.13529321587323737,0.3402998636983188,0.8743961352656963,0.2246011735723282,0.678089094940536,0.32191090505946374
sbm_imb_moderate_s1,sbm,350,3,Leiden,{'resolution': 2.0},0.43234989109535127,23,2.8606306688255017,0.9179428571428572,8,71,15.217391304347826,14.334381052254354,0.11267605633802659,0.9419736120052242,350,4961,0.08122799836266885,28.34857142857143,8.761518832080313,56,0.24853860108849019,0.7514613989115096,0.48799711328700135,0.11687392882883069,0.16932624113475164,5.468205307994041,0.8148951313647809,0.10596918891863019,0.44104803493449757,0.8853046594982047,0.18749446651428006,0.7514613989115096,0.24853860108849019
sbm_imb_moderate_s1,sbm,350,3,Leiden,{'resolution': 3.0},0.3514945221250644,47,3.6535110688557837,0.966334693877551,1,36,7.446808510638298,5.682404760042077,0.027777777777777006,0.7630657820626908,350,4961,0.08122799836266885,28.34857142857143,8.761518832080313,56,0.15823422697036885,0.841765773029631,0.6863536935876637,0.217845439427505,0.0,3.694428857194815,0.872285377402134,0.0679549529572516,0.5834658187599354,0.9999999999999737,0.13196967794066858,0.841765773029631,0.15823422697036885
sbm_imb_moderate_s1,sbm,350,3,LabelProp,{'seed': 0},0.0,1,-1.000088900581841e-12,0.0,350,350,350.0,0.0,0.9999999999999971,0.0,350,4961,0.08122799836266885,28.34857142857143,8.761518832080313,56,0.9999999999999998,0.0,0.08122799836266885,0.0,0.08122799836266885,28.34857142857143,0.0,0.0,0.0,0.0,0.0,0.0,0.9999999999999998
sbm_imb_moderate_s1,sbm,350,3,LabelProp,{'seed': 1},0.0,1,-1.000088900581841e-12,0.0,350,350,350.0,0.0,0.9999999999999971,0.0,350,4961,0.08122799836266885,28.34857142857143,8.761518832080313,56,0.9999999999999998,0.0,0.08122799836266885,0.0,0.08122799836266885,28.34857142857143,0.0,0.0,0.0,0.0,0.0,0.0,0.9999999999999998
sbm_imb_moderate_s1,sbm,350,3,LabelProp,{'seed': 2},0.0,1,-1.000088900581841e-12,0.0,350,350,350.0,0.0,0.9999999999999971,0.0,350,4961,0.08122799836266885,28.34857142857143,8.761518832080313,56,0.9999999999999998,0.0,0.08122799836266885,0.0,0.08122799836266885,28.34857142857143,0.0,0.0,0.0,0.0,0.0,0.0,0.9999999999999998
sbm_imb_moderate_s1,sbm,350,3,LabelProp,{'seed': 3},0.0,1,-1.000088900581841e-12,0.0,350,350,350.0,0.0,0.9999999999999971,0.0,350,4961,0.08122799836266885,28.34857142857143,8.761518832080313,56,0.9999999999999998,0.0,0.08122799836266885,0.0,0.08122799836266885,28.34857142857143,0.0,0.0,0.0,0.0,0.0,0.0,0.9999999999999998
sbm_imb_moderate_s1,sbm,350,3,LabelProp,{'seed': 4},0.0,1,-1.000088900581841e-12,0.0,350,350,350.0,0.0,0.9999999999999971,0.0,350,4961,0.08122799836266885,28.34857142857143,8.761518832080313,56,0.9999999999999998,0.0,0.08122799836266885,0.0,0.08122799836266885,28.34857142857143,0.0,0.0,0.0,0.0,0.0,0.0,0.9999999999999998
sbm_imb_moderate_s1,sbm,350,3,Spectral,{'k': 2},0.6731952293474605,2,0.6224869206550488,0.43102040816326526,110,240,175.0,65.0,0.4583333333333314,0.37142857142856933,350,4961,0.08122799836266885,28.34857142857143,8.761518832080313,56,0.8351138883289658,0.16488611167103404,0.12454151704756286,0.0077353803669492,0.11680613668061367,21.167424242424243,0.3402662229617303,0.0,0.3402662229617303,0.3402662229617303,0.20228485675468819,0.16488611167103404,0.8351138883289658
sbm_imb_moderate_s1,sbm,350,3,Spectral,{'k': 3},0.9414373149254479,3,0.9414466368006957,0.5622367346938776,47,204,116.66666666666667,65.30101241345514,0.23039215686274397,0.5597229635438964,350,4961,0.08122799836266885,28.34857142857143,8.761518832080313,56,0.7867365450514008,0.21326345494859902,0.155098959421722,0.011535230753605595,0.1444991789819376,17.29078014184397,0.3965816946504505,0.09944635176654823,0.3131043681227075,0.5363408521303251,0.24421487400148892,0.21326345494859902,0.7867365450514008
sbm_imb_moderate_s1,sbm,350,3,Spectral,{'k': 5},0.7827263506174661,5,1.225128989542762,0.6081959183673469,23,205,70.0,68.55071115604855,0.11219512195121897,0.9792958736578226,350,4961,0.08122799836266885,28.34857142857143,8.761518832080313,56,0.7250554323725054,0.2749445676274944,0.2019549347165836,0.03402299777020825,0.14356767097082734,11.772804423572186,0.5683767678407892,0.13960311883047402,0.3152064451158106,0.6919540229885042,0.20766660459546568,0.2749445676274944,0.7250554323725054
sbm_imb_moderate_s1,sbm,350,3,Spectral,{'k': 8},0.6873555359030976,8,1.4294748108632183,0.6301714285714286,8,203,43.75,61.2285676788213,0.0394088669950737,1.3995101183730263,350,4961,0.08122799836266885,28.34857142857143,8.761518832080313,56,0.6944164482967142,0.30558355170328555,0.30068057096548356,0.10078074271801868,0.1443203433643857,8.442106046093116,0.6734638354374795,0.14808979456428054,0.3210161662817551,0.8222222222222162,0.19265044610611426,0.30558355170328555,0.6944164482967142
sbm_imb_moderate_s1,sbm,350,3,Spectral,{'k': 10},0.5546304469811737,10,1.9053615887927002,0.7997551020408163,9,116,35.0,35.04283093587046,0.07758620689655106,1.0012237410248417,350,4961,0.08122799836266885,28.34857142857143,8.761518832080313,56,0.44285426325337623,0.5571457367466236,0.28966867456786266,0.08089034330018267,0.16281859070464766,7.4874516441412995,0.6943142959840045,0.1103032027798704,0.443076923076923,0.8289473684210472,0.17867426803894,0.5571457367466236,0.44285426325337623
sbm_imb_moderate_s1,sbm,350,3,GreedyMod,{},0.7608660788500975,2,0.6844854080638823,0.4913632653061224,152,198,175.0,23.0,0.7676767676767638,0.13142857142857067,350,4961,0.08122799836266885,28.34857142857143,8.761518832080313,56,0.7974198750251964,0.20258012497480343,0.12067937658266979,0.02709276103718357,0.09358661554548622,21.621345029239766,0.3187440532825879,0.0,0.3187440532825879,0.3187440532825879,0.23101065147497396,0.20258012497480343,0.7974198750251964
sbm_imb_hard_s1,sbm,350,3,Louvain,{'resolution': 0.5},0.20620471216298622,98,3.329687725261004,0.8554448979591838,1,129,3.5714285714285716,12.9591193956304,0.007751937984496064,3.628553430775496,350,4387,0.07182971756037658,25.068571428571428,5.521478654365354,45,0.22680647367221332,0.7731935263277865,0.3960463136263586,0.45404579551399527,0.0,1.0277520747764046,0.9571397875513875,0.0644757597949555,0.5467455621301773,0.9999999999999729,0.06881050063523049,0.7731935263277865,0.22680647367221332
sbm_imb_hard_s1,sbm,350,3,Louvain,{'resolution': 0.8},0.18064636622190983,28,2.145242577983443,0.7805714285714286,1,124,12.5,28.35048500466967,0.008064516129032194,2.2680388003733922,350,4387,0.07182971756037658,25.068571428571428,5.521478654365354,45,0.3717802598586733,0.6282197401413265,0.45970018899240844,0.35298830843231727,0.0,2.827949390425342,0.8835206238022447,0.12099247887701006,0.5052083333333331,0.99999999999996,0.14033011619333058,0.6282197401413265,0.3717802598586733
sbm_imb_hard_s1,sbm,350,3,Louvain,{'resolution': 1.0},0.09971331296940408,9,2.118416217331763,0.8730448979591837,18,59,38.888888888888886,14.68517350893936,0.30508474576270667,0.3776187473727167,350,4387,0.07182971756037658,25.068571428571428,5.521478654365354,45,0.2933667654433553,0.7066332345566445,0.201853468143422,0.060037803470386925,0.1472868217054262,6.829778043336052,0.7281610270871115,0.057182826744655996,0.636363636363636,0.8226804123711323,0.1656399907948599,0.7066332345566445,0.2933667654433553
sbm_imb_hard_s1,sbm,350,3,Louvain,{'resolution': 1.2},0.10334954231719067,16,2.6961458332490236,0.927330612244898,12,43,21.875,8.823795951856548,0.27906976744185397,0.40337352922770947,350,4387,0.07182971756037658,25.068571428571428,5.521478654365354,45,0.2295418281285616,0.7704581718714382,0.2890341014371114,0.06980985572029567,0.15836101882613493,5.448948260978015,0.7839983163451708,0.03880879049854935,0.7045454545454538,0.8375350140055998,0.15860886099173277,0.7704581718714382,0.2295418281285616
sbm_imb_hard_s1,sbm,350,3,Louvain,{'resolution': 1.5},0.16709054314228716,24,3.123355560097189,0.9539102040816326,6,23,14.583333333333334,4.75146176338281,0.26086956521738,0.32581452091765606,350,4387,0.07182971756037658,25.068571428571428,5.521478654365354,45,0.19717346706177338,0.8028265329382264,0.37249342204374153,0.09109241483087903,0.25691699604742985,4.684894557838426,0.8121559593272586,0.03200311635861478,0.7551020408163249,0.883720930232553,0.15027664002410085,0.8028265329382264,0.19717346706177338
sbm_imb_hard_s1,sbm,350,3,Louvain,{'resolution': 2.0},0.15701059194560005,35,3.5232050561533224,0.9695510204081632,5,18,10.0,2.5634797778466227,0.27777777777776236,0.25634797778463664,350,4387,0.07182971756037658,25.068571428571428,5.521478654365354,45,0.16526099840437652,0.8347390015956233,0.47733617456304994,0.11162228045385018,0.2941176470588216,4.0528801357372775,0.8383536494858745,0.022734377185630903,0.7841726618705017,0.894736842105258,0.1349942940705565,0.8347390015956233,0.16526099840437652
sbm_imb_hard_s1,sbm,350,3,Louvain,{'resolution': 3.0},0.15405301612713448,54,3.9543736706128128,0.9801795918367346,3,11,6.481481481481482,1.718534482684471,0.27272727272724795,0.2651453201855632,350,4387,0.07182971756037658,25.068571428571428,5.521478654365354,45,0.13676772281741506,0.8632322771825848,0.6346681096680578,0.12289038351047456,0.42222222222221284,3.3009726898615783,0.8681465170308911,0.025904505483707947,0.8043478260869522,0.9199999999999908,0.11702761786239872,0.8632322771825848,0.13676772281741506
sbm_imb_hard_s1,sbm,350,3,Leiden,{'resolution': 0.5},0.0,1,-1.000088900581841e-12,0.0,350,350,350.0,0.0,0.9999999999999971,0.0,350,4387,0.07182971756037658,25.068571428571428,5.521478654365354,45,0.9999999999999998,0.0,0.07182971756037658,0.0,0.07182971756037658,25.068571428571428,0.0,0.0,0.0,0.0,0.0,0.0,0.9999999999999998
sbm_imb_hard_s1,sbm,350,3,Leiden,{'resolution': 0.8},0.025155742982525726,3,1.0813446539266085,0.6556897959183674,87,135,116.66666666666667,21.171259344267224,0.6444444444444397,0.18146793723657464,350,4387,0.07182971756037658,25.068571428571428,5.521478654365354,45,0.5096877136995668,0.490312286300433,0.10986430607308319,0.010389121187288797,0.0983021653543307,12.516503033205618,0.5006959009652409,0.054199942074426834,0.44333428489865817,0.5734072022160662,0.16411058970935377,0.490312286300433,0.5096877136995668
sbm_imb_hard_s1,sbm,350,3,Leiden,{'resolution': 1.0},0.13460830840275378,8,1.967842042692224,0.8516571428571429,8,69,43.75,18.90601756055463,0.11594202898550557,0.4321375442412388,350,4387,0.07182971756037658,25.068571428571428,5.521478654365354,45,0.3289263733758832,0.6710736266241165,0.21834048909737924,0.12285396249954307,0.13537810682178736,7.408592550467416,0.7036600911128401,0.07282991811251001,0.6093506493506491,0.8550724637681119,0.17723695530170813,0.6710736266241165,0.3289263733758832
sbm_imb_hard_s1,sbm,350,3,Leiden,{'resolution': 1.2},0.08791990135228893,16,2.7430646643391716,0.9336326530612244,15,34,21.875,5.441449714919729,0.4411764705882223,0.2487519869677477,350,4387,0.07182971756037658,25.068571428571428,5.521478654365354,45,0.22521085023934348,0.7747891497606563,0.27311352555531776,0.0395708260594839,0.19786096256684457,5.50171548472121,0.7809113219897486,0.027179064704013614,0.7231920199501237,0.8201634877384173,0.1592583543946724,0.7747891497606563,0.22521085023934348
sbm_imb_hard_s1,sbm,350,3,Leiden,{'resolution': 1.5},0.06281347602549311,21,3.01609630371518,0.9495836734693878,11,26,16.666666666666668,4.039487630561618,0.4230769230769068,0.24236925783368257,350,4387,0.07182971756037658,25.068571428571428,5.521478654365354,45,0.20082060633690446,0.7991793936630953,0.33003419443268744,0.0614445613001179,0.22769230769230697,4.944982670612923,0.803077685904988,0.021265481787560894,0.7589576547231258,0.833333333333331,0.15072247827561477,0.7991793936630953,0.20082060633690446
sbm_imb_hard_s1,sbm,350,3,Leiden,{'resolution': 2.0},0.12427238261354888,36,3.553820899762994,0.9706285714285714,5,15,9.722222222222221,2.328699101681632,0.3333333333333111,0.23952333617294322,350,4387,0.07182971756037658,25.068571428571428,5.521478654365354,45,0.16229769774333255,0.8377023022566673,0.4732736399402907,0.08944308282370929,0.3428571428571396,3.9466678383345055,0.8421144755697139,0.02214375024390004,0.8019169329073457,0.8939393939393872,0.1327442410848847,0.8377023022566673,0.16229769774333255
sbm_imb_hard_s1,sbm,350,3,Leiden,{'resolution': 3.0},0.11724253610364593,52,3.8993856460276914,0.9787102040816327,3,14,6.730769230769231,2.2024058926492933,0.21428571428569898,0.32721458976498924,350,4387,0.07182971756037658,25.068571428571428,5.521478654365354,45,0.13995896968315474,0.8600410303168451,0.6354213094597129,0.15408037221326412,0.3516483516483478,3.3375346875346876,0.8669143732953384,0.027288219155539313,0.7793103448275834,0.9178082191780697,0.11899799898876477,0.8600410303168451,0.13995896968315474
sbm_imb_hard_s1,sbm,350,3,LabelProp,{'seed': 0},0.0,1,-1.000088900581841e-12,0.0,350,350,350.0,0.0,0.9999999999999971,0.0,350,4387,0.07182971756037658,25.068571428571428,5.521478654365354,45,0.9999999999999998,0.0,0.07182971756037658,0.0,0.07182971756037658,25.068571428571428,0.0,0.0,0.0,0.0,0.0,0.0,0.9999999999999998
sbm_imb_hard_s1,sbm,350,3,LabelProp,{'seed': 1},0.0,1,-1.000088900581841e-12,0.0,350,350,350.0,0.0,0.9999999999999971,0.0,350,4387,0.07182971756037658,25.068571428571428,5.521478654365354,45,0.9999999999999998,0.0,0.07182971756037658,0.0,0.07182971756037658,25.068571428571428,0.0,0.0,0.0,0.0,0.0,0.0,0.9999999999999998
sbm_imb_hard_s1,sbm,350,3,LabelProp,{'seed': 2},0.0,1,-1.000088900581841e-12,0.0,350,350,350.0,0.0,0.9999999999999971,0.0,350,4387,0.07182971756037658,25.068571428571428,5.521478654365354,45,0.9999999999999998,0.0,0.07182971756037658,0.0,0.07182971756037658,25.068571428571428,0.0,0.0,0.0,0.0,0.0,0.0,0.9999999999999998
sbm_imb_hard_s1,sbm,350,3,LabelProp,{'seed': 3},0.0,1,-1.000088900581841e-12,0.0,350,350,350.0,0.0,0.9999999999999971,0.0,350,4387,0.07182971756037658,25.068571428571428,5.521478654365354,45,0.9999999999999998,0.0,0.07182971756037658,0.0,0.07182971756037658,25.068571428571428,0.0,0.0,0.0,0.0,0.0,0.0,0.9999999999999998
sbm_imb_hard_s1,sbm,350,3,LabelProp,{'seed': 4},0.0,1,-1.000088900581841e-12,0.0,350,350,350.0,0.0,0.9999999999999971,0.0,350,4387,0.07182971756037658,25.068571428571428,5.521478654365354,45,0.9999999999999998,0.0,0.07182971756037658,0.0,0.07182971756037658,25.068571428571428,0.0,0.0,0.0,0.0,0.0,0.0,0.9999999999999998
sbm_imb_hard_s1,sbm,350,3,Spectral,{'k': 2},0.23715177059182554,2,0.6793530244424958,0.4862693877551021,146,204,175.0,29.0,0.7156862745098004,0.16571428571428476,350,4387,0.07182971756037658,25.068571428571428,5.521478654365354,45,0.6553453385001138,0.34465466149988594,0.09018139140398719,0.005249884554672138,0.08493150684931505,15.843808756379264,0.45679758308157087,0.0,0.45679758308157087,0.45679758308157087,0.12521068916497965,0.34465466149988594,0.6553453385001138
sbm_imb_hard_s1,sbm,350,3,Spectral,{'k': 3},0.1589953819901646,3,1.0751933481003886,0.6505795918367347,92,152,116.66666666666667,25.629843715654783,0.6052631578947328,0.21968437470561053,350,4387,0.07182971756037658,25.068571428571428,5.521478654365354,45,0.511055390927741,0.48894460907225884,0.10631559585903365,0.0038662073941465613,0.10325897525270128,12.261492019630701,0.5083967606084899,0.06923680846366531,0.41234812794445813,0.5729013254786448,0.15089734787942222,0.48894460907225884,0.511055390927741
sbm_imb_hard_s1,sbm,350,3,Spectral,{'k': 5},0.10279615593008443,5,1.597422050181757,0.7951673469387754,56,87,70.0,10.881176406988354,0.6436781609195329,0.15544537724268856,350,4387,0.07182971756037658,25.068571428571428,5.521478654365354,45,0.35924321860041025,0.6407567813995896,0.12816224712453328,0.005905442965787518,0.11891891891891888,8.812772447763649,0.6470013151055112,0.03291027547720018,0.5839384878257152,0.6768086544962808,0.15042449070234606,0.6407567813995896,0.35924321860041025
sbm_imb_hard_s1,sbm,350,3,Spectral,{'k': 8},0.1476125554090953,8,2.038707730818084,0.8647836734693878,28,66,43.75,12.50749775134899,0.42424242424241787,0.28588566288797035,350,4387,0.07182971756037658,25.068571428571428,5.521478654365354,45,0.29541828128561654,0.7045817187143832,0.16978173711667427,0.024630779704128306,0.14343434343434328,7.0144822695738025,0.7183303797688032,0.04203126099364018,0.6253505328098706,0.7650429799426923,0.15605754698604146,0.7045817187143832,0.29541828128561654
sbm_imb_hard_s1,sbm,350,3,Spectral,{'k': 10},0.1576797110390769,10,2.2675307577406,0.8929795918367347,21,49,35.0,9.273618495495704,0.42857142857141983,0.26496052844272683,350,4387,0.07182971756037658,25.068571428571428,5.521478654365354,45,0.257351265101436,0.7426487348985638,0.18758171034790122,0.02432279913799558,0.1530612244897958,6.180476084857306,0.750454044772132,0.025816075644006547,0.7147856517935253,0.7995991983967919,0.14592189067633515,0.7426487348985638,0.257351265101436
sbm_imb_hard_s1,sbm,350,3,GreedyMod,{},0.032352066626351914,4,1.2931966947795188,0.7127020408163266,29,108,87.5,33.797189232242374,0.26851851851851605,0.38625359122562275,350,4387,0.07182971756037658,25.068571428571428,5.521478654365354,45,0.442215637109642,0.5577843628903577,0.12786616887487,0.03187291976742361,0.10089996538594667,9.99676153986499,0.6011951862622322,0.11137833316081402,0.5245607744711365,0.7932960893854737,0.15418139436257394,0.5577843628903577,0.442215637109642
sbm_imb_extreme_s1,sbm,470,4,Louvain,{'resolution': 0.5},0.5131990819343005,69,2.0958257519925767,0.6544952467179719,1,270,6.811594202898551,32.55331206565661,0.0037037037037036895,4.779103260702078,470,11465,0.10402395318241618,48.787234042553195,20.651347048138796,87,0.6239860444832097,0.3760139555167902,0.2758900481755447,0.4168913534294009,0.0,1.5403483392613828,0.9588888040580664,0.08872622392150434,0.48835745752045306,0.9999999999999863,0.09561760332029309,0.3760139555167902,0.6239860444832097
sbm_imb_extreme_s1,sbm,470,4,Louvain,{'resolution': 0.8},0.894279952414678,7,0.9884095091864675,0.5356813037573562,1,295,67.14285714285714,100.71945275499318,0.0033898305084745645,1.5000769559254084,470,11465,0.10402395318241618,48.787234042553195,20.651347048138796,87,0.864369821194941,0.13563017880505884,0.28041826510786855,0.3199163588016517,0.0,12.928147487362475,0.6977548538188677,0.29945082085468094,0.29698216735253763,0.9999999999998334,0.18547847608404125,0.13563017880505884,0.864369821194941
sbm_imb_extreme_s1,sbm,470,4,Louvain,{'resolution': 1.0},0.6208289541540037,3,1.0733329070282376,0.6505749207786329,110,192,156.66666666666666,34.4222150491349,0.5729166666666637,0.21971626627107244,470,11465,0.10402395318241618,48.787234042553195,20.651347048138796,87,0.5939816833842128,0.40601831661578713,0.18775351965832407,0.0633429088574402,0.10079840319361276,28.22462121212121,0.41304793914417354,0.12065362741336091,0.2739409499358151,0.5681752666474488,0.1952553639330456,0.40601831661578713,0.5939816833842128
sbm_imb_extreme_s1,sbm,470,4,Louvain,{'resolution': 1.2},0.5041605189327171,13,2.3840478055567393,0.8862200090538705,16,115,36.15384615384615,25.0256672971699,0.1391304347826075,0.6921993082195738,470,11465,0.10402395318241618,48.787234042553195,20.651347048138796,87,0.2608809419973833,0.7391190580026166,0.38782447970272194,0.11271440106991754,0.15697940503432492,11.19319957926639,0.7612785972348883,0.16814779411400943,0.2952054794520547,0.8744142455482654,0.17462529258637896,0.7391190580026166,0.2608809419973833
sbm_imb_extreme_s1,sbm,470,4,Louvain,{'resolution': 1.5},0.4414913529969123,24,2.8417166825087494,0.9103214124038026,6,111,19.583333333333332,21.021648893990747,0.05405405405405357,1.0734459009696857,470,11465,0.10402395318241618,48.787234042553195,20.651347048138796,87,0.20976886175316176,0.7902311382468381,0.5359455450817973,0.14575392021367606,0.16560196560196558,7.484764137678958,0.846833051203653,0.14487232753602383,0.2969401947148817,0.9430051813471477,0.15701771579975007,0.7902311382468381,0.20976886175316176
sbm_imb_extreme_s1,sbm,470,4,Louvain,{'resolution': 2.0},0.4357506447242911,36,3.1844126819279737,0.9278134902670891,3,100,13.055555555555555,16.5074805339957,0.0299999999999997,1.2644027643059568,470,11465,0.10402395318241618,48.787234042553195,20.651347048138796,87,0.18630614914958565,0.8136938508504141,0.6641719028973524,0.17575617239044727,0.19454545454545452,5.894838482142404,0.8814724394219977,0.12572252150550325,0.29502196193264996,0.9677419354838658,0.14758015682839118,0.8136938508504141,0.18630614914958565
sbm_imb_extreme_s1,sbm,470,4,Louvain,{'resolution': 3.0},0.4066918667776285,61,3.5620682205781677,0.9342145767315527,1,100,7.704918032786885,13.373995151216288,0.009999999999999901,1.7357738387746546,470,11465,0.10402395318241618,48.787234042553195,20.651347048138796,87,0.16179677278674223,0.8382032272132576,0.839340066340922,0.19702477026784587,0.0,4.052578561479236,0.9199235604796339,0.10381760607893101,0.29502196193264996,0.9999999999999869,0.13302022557133156,0.8382032272132576,0.16179677278674223
sbm_imb_extreme_s1,sbm,470,4,Leiden,{'resolution': 0.5},0.771938223404632,2,0.6506773612064938,0.45813490267089185,167,303,235.0,68.0,0.5511551155115493,0.2893617021276583,470,11465,0.10402395318241618,48.787234042553195,20.651347048138796,87,0.9076319232446575,0.09236807675534234,0.1492732012135696,0.0472603594272627,0.10201284178630689,38.14363352502915,0.2724466169282222,0.0,0.2724466169282222,0.2724466169282222,0.18919246634888126,0.09236807675534234,0.9076319232446575
sbm_imb_extreme_s1,sbm,470,4,Leiden,{'resolution': 0.8},0.7966111817596787,2,0.6543912549246472,0.46174739701222267,170,300,235.0,65.0,0.5666666666666648,0.2765957446808499,470,11465,0.10402395318241618,48.787234042553195,20.651347048138796,87,0.9065852594853901,0.09341474051460967,0.14954125617316644,0.050481040370869215,0.09906021580229724,38.27392156862745,0.27342353842226186,0.0,0.27342353842226186,0.27342353842226186,0.18987190769457235,0.09341474051460967,0.9065852594853901
sbm_imb_extreme_s1,sbm,470,4,Leiden,{'resolution': 1.0},0.6291504678223605,3,1.0916912767013283,0.6621910366681756,131,170,156.66666666666666,18.153665072253467,0.7705882352941131,0.11587445790800013,470,11465,0.10402395318241618,48.787234042553195,20.651347048138796,87,0.5836894897514172,0.41631051024858257,0.18909026910823046,0.064029945748455,0.09906021580229724,28.728351263717915,0.3925549113318976,0.093627373766333,0.27342353842226186,0.5021697203471551,0.20516855086557256,0.41631051024858257,0.5836894897514172
sbm_imb_extreme_s1,sbm,470,4,Leiden,{'resolution': 1.2},0.5001207666829154,13,2.40059597691469,0.8881122679945677,19,115,36.15384615384615,24.37478569166902,0.1652173913043464,0.674196199982316,470,11465,0.10402395318241618,48.787234042553195,20.651347048138796,87,0.2579153946794592,0.7420846053205407,0.37485747432697253,0.09402264142939575,0.15728451563691837,11.172826890671633,0.7609668540498424,0.16770878240900172,0.2950427350427349,0.8627925746569808,0.17411565071572047,0.7420846053205407,0.2579153946794592
sbm_imb_extreme_s1,sbm,470,4,Leiden,{'resolution': 1.5},0.45954074808119294,22,2.813928098817001,0.9164237211407877,4,100,21.363636363636363,19.564683986820032,0.039999999999999605,0.9157937185319588,470,11465,0.10402395318241618,48.787234042553195,20.651347048138796,87,0.21753161796772782,0.782468382032272,0.5080192465176122,0.16279025410488718,0.18722786647314937,8.014755689401133,0.8334046996003913,0.14853911183080493,0.29502196193264996,0.9574468085106348,0.1618953720428259,0.782468382032272,0.21753161796772782
sbm_imb_extreme_s1,sbm,470,4,Leiden,{'resolution': 2.0},0.45673564782471093,35,3.1799476249856102,0.9278315980081485,5,100,13.428571428571429,16.587922825763005,0.0499999999999995,1.2352708487269404,470,11465,0.10402395318241618,48.787234042553195,20.651347048138796,87,0.18778892280854773,0.8122110771914521,0.6615140729337773,0.15962651173583767,0.19454545454545452,6.197097759678035,0.8749076951082161,0.12655652376100496,0.29502196193264996,0.9399999999999968,0.14912832605120455,0.8122110771914521,0.18778892280854773
sbm_imb_extreme_s1,sbm,470,4,Leiden,{'resolution': 3.0},0.41663810834137927,59,3.533583833366302,0.9334449977365323,1,100,7.966101694915254,13.628193734469525,0.009999999999999901,1.7107732560289384,470,11465,0.10402395318241618,48.787234042553195,20.651347048138796,87,0.16319232446576534,0.8368076755342345,0.8348585578594642,0.19968662838695592,0.0,4.171667390989425,0.9172034487839921,0.10586584016581038,0.29502196193264996,0.9999999999999849,0.1339319215899886,0.8368076755342345,0.16319232446576534
sbm_imb_extreme_s1,sbm,470,4,LabelProp,{'seed': 0},0.0,1,-1.000088900581841e-12,0.0,470,470,470.0,0.0,0.9999999999999978,0.0,470,11465,0.10402395318241618,48.787234042553195,20.651347048138796,87,0.9999999999999999,0.0,0.10402395318241618,0.0,0.10402395318241618,48.787234042553195,0.0,0.0,0.0,0.0,0.0,0.0,0.9999999999999999
sbm_imb_extreme_s1,sbm,470,4,LabelProp,{'seed': 1},0.0,1,-1.000088900581841e-12,0.0,470,470,470.0,0.0,0.9999999999999978,0.0,470,11465,0.10402395318241618,48.787234042553195,20.651347048138796,87,0.9999999999999999,0.0,0.10402395318241618,0.0,0.10402395318241618,48.787234042553195,0.0,0.0,0.0,0.0,0.0,0.0,0.9999999999999999
sbm_imb_extreme_s1,sbm,470,4,LabelProp,{'seed': 2},0.0,1,-1.000088900581841e-12,0.0,470,470,470.0,0.0,0.9999999999999978,0.0,470,11465,0.10402395318241618,48.787234042553195,20.651347048138796,87,0.9999999999999999,0.0,0.10402395318241618,0.0,0.10402395318241618,48.787234042553195,0.0,0.0,0.0,0.0,0.0,0.0,0.9999999999999999
sbm_imb_extreme_s1,sbm,470,4,LabelProp,{'seed': 3},0.0,1,-1.000088900581841e-12,0.0,470,470,470.0,0.0,0.9999999999999978,0.0,470,11465,0.10402395318241618,48.787234042553195,20.651347048138796,87,0.9999999999999999,0.0,0.10402395318241618,0.0,0.10402395318241618,48.787234042553195,0.0,0.0,0.0,0.0,0.0,0.0,0.9999999999999999
sbm_imb_extreme_s1,sbm,470,4,LabelProp,{'seed': 4},0.0,1,-1.000088900581841e-12,0.0,470,470,470.0,0.0,0.9999999999999978,0.0,470,11465,0.10402395318241618,48.787234042553195,20.651347048138796,87,0.9999999999999999,0.0,0.10402395318241618,0.0,0.10402395318241618,48.787234042553195,0.0,0.0,0.0,0.0,0.0,0.0,0.9999999999999999
sbm_imb_extreme_s1,sbm,470,4,Spectral,{'k': 2},0.6973003252309483,2,0.6340278556541092,0.44205522861023083,155,315,235.0,80.0,0.4920634920634905,0.34042553191489217,470,11465,0.10402395318241618,48.787234042553195,20.651347048138796,87,0.9093763628434364,0.09062363715656344,0.14742659801217434,0.03665994531003778,0.11076665270213655,37.43061955965182,0.2821069780070594,0.0,0.2821069780070594,0.2821069780070594,0.17901781127605607,0.09062363715656344,0.9093763628434364
sbm_imb_extreme_s1,sbm,470,4,Spectral,{'k': 3},0.8885572722706999,3,0.8429451585102153,0.490076957899502,51,315,156.66666666666666,114.03021042201443,0.16190476190476139,0.7278524069490238,470,11465,0.10402395318241618,48.787234042553195,20.651347048138796,87,0.8999563890100304,0.10004361098996946,0.18867889169412952,0.007453466409381137,0.18315907393577294,28.83200339965046,0.3451277519384048,0.08369650265969392,0.27686947199142314,0.4630021141649044,0.1824524401518568,0.10004361098996946,0.8999563890100304
sbm_imb_extreme_s1,sbm,470,4,Spectral,{'k': 5},0.8935111073003248,5,1.0253610684698264,0.5242915346310547,14,306,94.0,110.36666163294059,0.04575163398692795,1.174113421627015,470,11465,0.10402395318241618,48.787234042553195,20.651347048138796,87,0.888006977758395,0.11199302224160487,0.24411269402732977,0.041222617654324854,0.1933997642772956,19.04444056596998,0.5094159166464248,0.18506878050328754,0.2761506276150627,0.7005988023952054,0.1786689157486266,0.11199302224160487,0.888006977758395
sbm_imb_extreme_s1,sbm,470,4,Spectral,{'k': 8},0.8313732114539866,8,1.2482091589885487,0.5554368492530557,7,303,58.75,93.93581585316646,0.023102310231023025,1.598907503883657,470,11465,0.10402395318241618,48.787234042553195,20.651347048138796,87,0.8531181857828172,0.14688181421718272,0.30801567082834047,0.06501063483964444,0.1967302690533954,13.054389816331256,0.637597573236749,0.16540645187021272,0.2740434332988624,0.8222222222222131,0.1538107199350913,0.14688181421718272,0.8531181857828172
sbm_imb_extreme_s1,sbm,470,4,Spectral,{'k': 10},0.7738110172506115,10,1.32202633398411,0.5555273879583522,5,305,47.0,87.23187490820084,0.016393442622950765,1.8559973384723187,470,11465,0.10402395318241618,48.787234042553195,20.651347048138796,87,0.8466637592673353,0.1533362407326646,0.3565986815856607,0.08663601469450972,0.19462899050905955,10.88985832066505,0.6856350730509175,0.1587338693936734,0.2808811959087332,0.8289962825278779,0.1448447340347735,0.1533362407326646,0.8466637592673353
sbm_imb_extreme_s1,sbm,470,4,GreedyMod,{},0.7966111817596787,2,0.6543912549246472,0.46174739701222267,170,300,235.0,65.0,0.5666666666666648,0.2765957446808499,470,11465,0.10402395318241618,48.787234042553195,20.651347048138796,87,0.9065852594853901,0.09341474051460967,0.14954125617316644,0.050481040370869215,0.09906021580229724,38.27392156862745,0.27342353842226186,0.0,0.27342353842226186,0.27342353842226186,0.18987190769457235,0.09341474051460967,0.9065852594853901
sbm_3c_300_clear_s1,sbm,900,3,Louvain,{'resolution': 0.5},1.0,3,1.0986122886651097,0.6666666666666667,300,300,300.0,0.0,0.9999999999999966,0.0,900,21388,0.052868619453714,47.528888888888886,6.647994592263552,69,0.9369272489246306,0.06307275107536936,0.14893348197696024,0.0013246390801918673,0.14709030100334447,44.53111111111111,0.06308266531505836,0.001397151898002302,0.061949377709411266,0.06505102040816325,0.6035752977510744,0.06307275107536936,0.9369272489246306
sbm_3c_300_clear_s1,sbm,900,3,Louvain,{'resolution': 0.8},1.0,3,1.0986122886651097,0.6666666666666667,300,300,300.0,0.0,0.9999999999999966,0.0,900,21388,0.052868619453714,47.528888888888886,6.647994592263552,69,0.9369272489246306,0.06307275107536936,0.14893348197696024,0.0013246390801918673,0.14709030100334447,44.53111111111111,0.06308266531505836,0.001397151898002302,0.061949377709411266,0.06505102040816325,0.6035752977510744,0.06307275107536936,0.9369272489246306
sbm_3c_300_clear_s1,sbm,900,3,Louvain,{'resolution': 1.0},1.0,3,1.0986122886651097,0.6666666666666667,300,300,300.0,0.0,0.9999999999999966,0.0,900,21388,0.052868619453714,47.528888888888886,6.647994592263552,69,0.9369272489246306,0.06307275107536936,0.14893348197696024,0.0013246390801918673,0.14709030100334447,44.53111111111111,0.06308266531505836,0.001397151898002302,0.061949377709411266,0.06505102040816325,0.6035752977510744,0.06307275107536936,0.9369272489246306
sbm_3c_300_clear_s1,sbm,900,3,Louvain,{'resolution': 1.2},1.0,3,1.0986122886651097,0.6666666666666667,300,300,300.0,0.0,0.9999999999999966,0.0,900,21388,0.052868619453714,47.528888888888886,6.647994592263552,69,0.9369272489246306,0.06307275107536936,0.14893348197696024,0.0013246390801918673,0.14709030100334447,44.53111111111111,0.06308266531505836,0.001397151898002302,0.061949377709411266,0.06505102040816325,0.6035752977510744,0.06307275107536936,0.9369272489246306
sbm_3c_300_clear_s1,sbm,900,3,Louvain,{'resolution': 1.5},1.0,3,1.0986122886651097,0.6666666666666667,300,300,300.0,0.0,0.9999999999999966,0.0,900,21388,0.052868619453714,47.528888888888886,6.647994592263552,69,0.9369272489246306,0.06307275107536936,0.14893348197696024,0.0013246390801918673,0.14709030100334447,44.53111111111111,0.06308266531505836,0.001397151898002302,0.061949377709411266,0.06505102040816325,0.6035752977510744,0.06307275107536936,0.9369272489246306
sbm_3c_300_clear_s1,sbm,900,3,Louvain,{'resolution': 2.0},1.0,3,1.0986122886651097,0.6666666666666667,300,300,300.0,0.0,0.9999999999999966,0.0,900,21388,0.052868619453714,47.528888888888886,6.647994592263552,69,0.9369272489246306,0.06307275107536936,0.14893348197696024,0.0013246390801918673,0.14709030100334447,44.53111111111111,0.06308266531505836,0.001397151898002302,0.061949377709411266,0.06505102040816325,0.6035752977510744,0.06307275107536936,0.9369272489246306
sbm_3c_300_clear_s1,sbm,900,3,Louvain,{'resolution': 3.0},0.48092412065258083,34,3.4701429119202607,0.9674074074074074,9,50,26.470588235294116,8.705087404087495,0.17999999999999639,0.3288588574877374,900,21388,0.052868619453714,47.528888888888886,6.647994592263552,69,0.19534318309332335,0.8046568169066767,0.36399687034115585,0.07373105848717193,0.2628571428571427,8.705563552383303,0.8166598149563141,0.03638482275440276,0.7292980243799914,0.9011235955056159,0.16260030811381537,0.8046568169066767,0.19534318309332335
sbm_3c_300_clear_s1,sbm,900,3,Leiden,{'resolution': 0.5},1.0,3,1.0986122886651097,0.6666666666666667,300,300,300.0,0.0,0.9999999999999966,0.0,900,21388,0.052868619453714,47.528888888888886,6.647994592263552,69,0.9369272489246306,0.06307275107536936,0.14893348197696024,0.0013246390801918673,0.14709030100334447,44.5311111111111,0.06308266531505838,0.001397151898002302,0.061949377709411266,0.06505102040816325,0.6035752977510744,0.06307275107536936,0.9369272489246306
sbm_3c_300_clear_s1,sbm,900,3,Leiden,{'resolution': 0.8},1.0,3,1.0986122886651097,0.6666666666666667,300,300,300.0,0.0,0.9999999999999966,0.0,900,21388,0.052868619453714,47.528888888888886,6.647994592263552,69,0.9369272489246306,0.06307275107536936,0.14893348197696024,0.0013246390801918673,0.14709030100334447,44.5311111111111,0.06308266531505838,0.001397151898002302,0.061949377709411266,0.06505102040816325,0.6035752977510744,0.06307275107536936,0.9369272489246306
sbm_3c_300_clear_s1,sbm,900,3,Leiden,{'resolution': 1.0},1.0,3,1.0986122886651097,0.6666666666666667,300,300,300.0,0.0,0.9999999999999966,0.0,900,21388,0.052868619453714,47.528888888888886,6.647994592263552,69,0.9369272489246306,0.06307275107536936,0.14893348197696024,0.0013246390801918673,0.14709030100334447,44.5311111111111,0.06308266531505838,0.001397151898002302,0.061949377709411266,0.06505102040816325,0.6035752977510744,0.06307275107536936,0.9369272489246306
sbm_3c_300_clear_s1,sbm,900,3,Leiden,{'resolution': 1.2},1.0,3,1.0986122886651097,0.6666666666666667,300,300,300.0,0.0,0.9999999999999966,0.0,900,21388,0.052868619453714,47.528888888888886,6.647994592263552,69,0.9369272489246306,0.06307275107536936,0.14893348197696024,0.0013246390801918673,0.14709030100334447,44.5311111111111,0.06308266531505838,0.001397151898002302,0.061949377709411266,0.06505102040816325,0.6035752977510744,0.06307275107536936,0.9369272489246306
sbm_3c_300_clear_s1,sbm,900,3,Leiden,{'resolution': 1.5},1.0,3,1.0986122886651097,0.6666666666666667,300,300,300.0,0.0,0.9999999999999966,0.0,900,21388,0.052868619453714,47.528888888888886,6.647994592263552,69,0.9369272489246306,0.06307275107536936,0.14893348197696024,0.0013246390801918673,0.14709030100334447,44.5311111111111,0.06308266531505838,0.001397151898002302,0.061949377709411266,0.06505102040816325,0.6035752977510744,0.06307275107536936,0.9369272489246306
sbm_3c_300_clear_s1,sbm,900,3,Leiden,{'resolution': 2.0},1.0,3,1.0986122886651097,0.6666666666666667,300,300,300.0,0.0,0.9999999999999966,0.0,900,21388,0.052868619453714,47.528888888888886,6.647994592263552,69,0.9369272489246306,0.06307275107536936,0.14893348197696024,0.0013246390801918673,0.14709030100334447,44.53111111111111,0.06308266531505836,0.001397151898002302,0.061949377709411266,0.06505102040816325,0.6035752977510744,0.06307275107536936,0.9369272489246306
sbm_3c_300_clear_s1,sbm,900,3,Leiden,{'resolution': 3.0},0.4976138477722131,29,3.3169090782685795,0.9620814814814815,16,52,31.03448275862069,9.796138432093395,0.30769230769230177,0.3156533494785548,900,21388,0.052868619453714,47.528888888888886,6.647994592263552,69,0.2166635496540116,0.7833364503459884,0.337705449621447,0.05094663254608794,0.2682701202590192,9.683230810966323,0.7961517777165201,0.0404677266823072,0.7160784313725488,0.8621586475942772,0.17860992518505067,0.7833364503459884,0.2166635496540116
sbm_3c_300_clear_s1,sbm,900,3,LabelProp,{'seed': 0},1.0,3,1.0986122886651097,0.6666666666666667,300,300,300.0,0.0,0.9999999999999966,0.0,900,21388,0.052868619453714,47.528888888888886,6.647994592263552,69,0.9369272489246306,0.06307275107536936,0.14893348197696024,0.0013246390801918673,0.14709030100334447,44.53111111111111,0.06308266531505836,0.001397151898002302,0.061949377709411266,0.06505102040816325,0.6035752977510744,0.06307275107536936,0.9369272489246306
sbm_3c_300_clear_s1,sbm,900,3,LabelProp,{'seed': 1},1.0,3,1.0986122886651097,0.6666666666666667,300,300,300.0,0.0,0.9999999999999966,0.0,900,21388,0.052868619453714,47.528888888888886,6.647994592263552,69,0.9369272489246306,0.06307275107536936,0.14893348197696024,0.0013246390801918673,0.14709030100334447,44.53111111111111,0.06308266531505836,0.001397151898002302,0.061949377709411266,0.06505102040816325,0.6035752977510744,0.06307275107536936,0.9369272489246306
sbm_3c_300_clear_s1,sbm,900,3,LabelProp,{'seed': 2},1.0,3,1.0986122886651097,0.6666666666666667,300,300,300.0,0.0,0.9999999999999966,0.0,900,21388,0.052868619453714,47.528888888888886,6.647994592263552,69,0.9369272489246306,0.06307275107536936,0.14893348197696024,0.0013246390801918673,0.14709030100334447,44.53111111111111,0.06308266531505836,0.001397151898002302,0.061949377709411266,0.06505102040816325,0.6035752977510744,0.06307275107536936,0.9369272489246306
sbm_3c_300_clear_s1,sbm,900,3,LabelProp,{'seed': 3},1.0,3,1.0986122886651097,0.6666666666666667,300,300,300.0,0.0,0.9999999999999966,0.0,900,21388,0.052868619453714,47.528888888888886,6.647994592263552,69,0.9369272489246306,0.06307275107536936,0.14893348197696024,0.0013246390801918673,0.14709030100334447,44.53111111111111,0.06308266531505836,0.001397151898002302,0.061949377709411266,0.06505102040816325,0.6035752977510744,0.06307275107536936,0.9369272489246306
sbm_3c_300_clear_s1,sbm,900,3,LabelProp,{'seed': 4},1.0,3,1.0986122886651097,0.6666666666666667,300,300,300.0,0.0,0.9999999999999966,0.0,900,21388,0.052868619453714,47.528888888888886,6.647994592263552,69,0.9369272489246306,0.06307275107536936,0.14893348197696024,0.0013246390801918673,0.14709030100334447,44.53111111111111,0.06308266531505836,0.001397151898002302,0.061949377709411266,0.06505102040816325,0.6035752977510744,0.06307275107536936,0.9369272489246306
sbm_3c_300_clear_s1,sbm,900,3,Spectral,{'k': 2},0.733680436651211,2,0.6365141682928128,0.4444444444444444,300,600,450.0,150.0,0.49999999999999917,0.3333333333333326,900,21388,0.052868619453714,47.528888888888886,6.647994592263552,69,0.9585749018141013,0.04142509818589864,0.11316324308630327,0.03640197430500109,0.07676126878130217,45.349999999999994,0.061949377709411266,0.0,0.061949377709411266,0.061949377709411266,0.40369264654451076,0.04142509818589864,0.9585749018141013
sbm_3c_300_clear_s1,sbm,900,3,Spectral,{'k': 3},1.0,3,1.0986122886651097,0.6666666666666667,300,300,300.0,0.0,0.9999999999999966,0.0,900,21388,0.052868619453714,47.528888888888886,6.647994592263552,69,0.9369272489246306,0.06307275107536936,0.14893348197696024,0.0013246390801918673,0.14709030100334447,44.53111111111111,0.06308266531505836,0.001397151898002302,0.061949377709411266,0.06505102040816325,0.6035752977510744,0.06307275107536936,0.9369272489246306
sbm_3c_300_clear_s1,sbm,900,3,Spectral,{'k': 5},0.8278590461343305,5,1.5554924017281262,0.7760469135802469,124,300,180.0,62.292856733336606,0.41333333333333194,0.34607142629631255,900,21388,0.052868619453714,47.528888888888886,6.647994592263552,69,0.6581260519917711,0.3418739480082289,0.1600655697964962,0.015027624675099653,0.1432950191570881,28.290797822496376,0.4048300247741731,0.18140461514264808,0.06224759782760061,0.5553574082330212,0.4331364704768652,0.3418739480082289,0.6581260519917711
sbm_3c_300_clear_s1,sbm,900,3,Spectral,{'k': 8},0.6965039513001017,8,2.056035395999415,0.8688666666666667,82,164,112.5,24.919871588754223,0.49999999999999695,0.22150996967781336,900,21388,0.052868619453714,47.528888888888886,6.647994592263552,69,0.42823078361698147,0.5717692163830185,0.1749974788465493,0.02286756211060544,0.1456043956043956,19.435030488402262,0.5914620541719552,0.09615257302733977,0.41378426851140143,0.7009951400138855,0.2969959939187999,0.5717692163830185,0.42823078361698147
sbm_3c_300_clear_s1,sbm,900,3,Spectral,{'k': 10},0.6506985865208242,10,2.2781040940704824,0.8949876543209877,65,126,90.0,20.149441679609886,0.5158730158730118,0.22388268532899627,900,21388,0.052868619453714,47.528888888888886,6.647994592263552,69,0.3591733682438751,0.640826631756125,0.17882344498363195,0.02894059597676525,0.13749999999999993,16.09731233124444,0.6617060335952056,0.09946174999381184,0.5136575616255828,0.810596026490066,0.25391305612312154,0.640826631756125,0.3591733682438751
sbm_3c_300_clear_s1,sbm,900,3,GreedyMod,{},1.0,3,1.0986122886651097,0.6666666666666667,300,300,300.0,0.0,0.9999999999999966,0.0,900,21388,0.052868619453714,47.528888888888886,6.647994592263552,69,0.9369272489246306,0.06307275107536936,0.14893348197696024,0.0013246390801918673,0.14709030100334447,44.53111111111111,0.06308266531505836,0.001397151898002302,0.061949377709411266,0.06505102040816325,0.6035752977510744,0.06307275107536936,0.9369272489246306
sbm_3c_300_moderate_s1,sbm,900,3,Louvain,{'resolution': 0.5},0.9038295510339743,4,1.3159177306840952,0.7175975308641975,108,301,225.0,81.00308636095293,0.35880398671096225,0.36001371715978925,900,17393,0.042993449511803235,38.65111111111111,5.996707326978039,58,0.6744092450986029,0.3255907549013971,0.1099540093306451,0.012824802033397312,0.09933110367892976,23.643625282411353,0.3874682377683276,0.16643885696466024,0.23128906909951003,0.6273017431868401,0.3898361986260126,0.3255907549013971,0.6744092450986029
sbm_3c_300_moderate_s1,sbm,900,3,Louvain,{'resolution': 0.8},1.0,3,1.0986122886651097,0.6666666666666667,300,300,300.0,0.0,0.9999999999999966,0.0,900,17393,0.042993449511803235,38.65111111111111,5.996707326978039,58,0.7651928936928649,0.23480710630713506,0.09891490152359717,0.002024065590898401,0.09625418060200669,29.575555555555553,0.23486659365416837,0.003999668364774942,0.2312124036261967,0.24043283188176295,0.431780483116804,0.23480710630713506,0.7651928936928649
sbm_3c_300_moderate_s1,sbm,900,3,Louvain,{'resolution': 1.0},1.0,3,1.0986122886651097,0.6666666666666667,300,300,300.0,0.0,0.9999999999999966,0.0,900,17393,0.042993449511803235,38.65111111111111,5.996707326978039,58,0.7651928936928649,0.23480710630713506,0.09891490152359718,0.002024065590898401,0.09625418060200669,29.575555555555557,0.23486659365416837,0.003999668364774942,0.2312124036261967,0.24043283188176295,0.43178048311680395,0.23480710630713506,0.7651928936928649
sbm_3c_300_moderate_s1,sbm,900,3,Louvain,{'resolution': 1.2},1.0,3,1.0986122886651097,0.6666666666666667,300,300,300.0,0.0,0.9999999999999966,0.0,900,17393,0.042993449511803235,38.65111111111111,5.996707326978039,58,0.7651928936928649,0.23480710630713506,0.09891490152359718,0.002024065590898401,0.09625418060200669,29.575555555555557,0.23486659365416837,0.003999668364774942,0.2312124036261967,0.24043283188176295,0.43178048311680395,0.23480710630713506,0.7651928936928649
sbm_3c_300_moderate_s1,sbm,900,3,Louvain,{'resolution': 1.5},1.0,3,1.0986122886651097,0.6666666666666667,300,300,300.0,0.0,0.9999999999999966,0.0,900,17393,0.042993449511803235,38.65111111111111,5.996707326978039,58,0.7651928936928649,0.23480710630713506,0.09891490152359717,0.002024065590898401,0.09625418060200669,29.575555555555553,0.23486659365416837,0.003999668364774942,0.2312124036261967,0.24043283188176295,0.431780483116804,0.23480710630713506,0.7651928936928649
sbm_3c_300_moderate_s1,sbm,900,3,Louvain,{'resolution': 2.0},0.613396124727405,13,2.4834523653997618,0.9114839506172839,16,116,69.23076923076923,26.87622296653206,0.13793103448275743,0.38821210951656865,900,17393,0.042993449511803235,38.65111111111111,5.996707326978039,58,0.3108146955671822,0.6891853044328178,0.18167746740770638,0.06091793876261491,0.13384813384813382,11.045214809411574,0.7144822520614256,0.06638659852203636,0.5979811279350449,0.8608964451313742,0.222414307461344,0.6891853044328178,0.3108146955671822
sbm_3c_300_moderate_s1,sbm,900,3,Louvain,{'resolution': 3.0},0.41403845913118414,54,3.9101093081925904,0.9787061728395061,4,33,16.666666666666668,6.452102729314656,0.12121212121211754,0.3871261637588561,900,17393,0.042993449511803235,38.65111111111111,5.996707326978039,58,0.15230265049157707,0.8476973495084229,0.38765832225430946,0.1195386617275905,0.25641025641025567,5.416822825794772,0.8598204408460964,0.03227532710418515,0.7884169884169878,0.93197278911564,0.13097114266338622,0.8476973495084229,0.15230265049157707
sbm_3c_300_moderate_s1,sbm,900,3,Leiden,{'resolution': 0.5},1.0,3,1.0986122886651097,0.6666666666666667,300,300,300.0,0.0,0.9999999999999966,0.0,900,17393,0.042993449511803235,38.65111111111111,5.996707326978039,58,0.7651928936928649,0.23480710630713506,0.09891490152359718,0.002024065590898401,0.09625418060200669,29.575555555555557,0.23486659365416837,0.003999668364774942,0.2312124036261967,0.24043283188176295,0.43178048311680395,0.23480710630713506,0.7651928936928649
sbm_3c_300_moderate_s1,sbm,900,3,Leiden,{'resolution': 0.8},1.0,3,1.0986122886651097,0.6666666666666667,300,300,300.0,0.0,0.9999999999999966,0.0,900,17393,0.042993449511803235,38.65111111111111,5.996707326978039,58,0.7651928936928649,0.23480710630713506,0.09891490152359718,0.002024065590898401,0.09625418060200669,29.575555555555557,0.23486659365416837,0.003999668364774942,0.2312124036261967,0.24043283188176295,0.43178048311680395,0.23480710630713506,0.7651928936928649
sbm_3c_300_moderate_s1,sbm,900,3,Leiden,{'resolution': 1.0},1.0,3,1.0986122886651097,0.6666666666666667,300,300,300.0,0.0,0.9999999999999966,0.0,900,17393,0.042993449511803235,38.65111111111111,5.996707326978039,58,0.7651928936928649,0.23480710630713506,0.09891490152359718,0.002024065590898401,0.09625418060200669,29.575555555555557,0.23486659365416837,0.003999668364774942,0.2312124036261967,0.24043283188176295,0.43178048311680395,0.23480710630713506,0.7651928936928649
sbm_3c_300_moderate_s1,sbm,900,3,Leiden,{'resolution': 1.2},1.0,3,1.0986122886651097,0.6666666666666667,300,300,300.0,0.0,0.9999999999999966,0.0,900,17393,0.042993449511803235,38.65111111111111,5.996707326978039,58,0.7651928936928649,0.23480710630713506,0.09891490152359718,0.002024065590898401,0.09625418060200669,29.575555555555557,0.23486659365416837,0.003999668364774942,0.2312124036261967,0.24043283188176295,0.43178048311680395,0.23480710630713506,0.7651928936928649
sbm_3c_300_moderate_s1,sbm,900,3,Leiden,{'resolution': 1.5},0.996622266075386,4,1.106059081945271,0.667404938271605,1,300,225.0,129.32710466101065,0.003333333333333322,0.5747871318267115,900,17393,0.042993449511803235,38.65111111111111,5.996707326978039,58,0.7642729833841201,0.23572701661587994,0.07425789170463813,0.042904345654908485,0.0,22.178974358974358,0.42626941111416,0.33126368484129876,0.2312124036261967,0.9999999999999714,0.43151610741008006,0.23572701661587994,0.7642729833841201
sbm_3c_300_moderate_s1,sbm,900,3,Leiden,{'resolution': 2.0},0.5945819902499158,14,2.596798291131581,0.9225925925925926,35,105,64.28571428571429,18.59888080898791,0.33333333333333015,0.289315923695363,900,17393,0.042993449511803235,38.65111111111111,5.996707326978039,58,0.297763468061864,0.7022365319381361,0.18208822945357994,0.02826610315125415,0.13846153846153844,11.023464904193109,0.7150771174882344,0.04595033742663586,0.6217162872154114,0.7989803350327744,0.2206369098957657,0.7022365319381361,0.297763468061864
sbm_3c_300_moderate_s1,sbm,900,3,Leiden,{'resolution': 3.0},0.4331452283021531,51,3.8773248576735417,0.9781950617283951,8,37,17.647058823529413,5.9072024147720565,0.21621621621621037,0.33474147017039757,900,17393,0.042993449511803235,38.65111111111111,5.996707326978039,58,0.15621226930374288,0.8437877306962571,0.3708255415332403,0.0822085862619568,0.21471471471471437,5.745310533418231,0.851850332947205,0.026761601684325242,0.7883049592894147,0.911357340720219,0.1346324956366257,0.8437877306962571,0.15621226930374288
sbm_3c_300_moderate_s1,sbm,900,3,LabelProp,{'seed': 0},0.0,1,-1.000088900581841e-12,0.0,900,900,900.0,0.0,0.9999999999999989,0.0,900,17393,0.042993449511803235,38.65111111111111,5.996707326978039,58,1.0,0.0,0.042993449511803235,0.0,0.042993449511803235,38.65111111111111,0.0,0.0,0.0,0.0,0.0,0.0,1.0
sbm_3c_300_moderate_s1,sbm,900,3,LabelProp,{'seed': 1},0.0,1,-1.000088900581841e-12,0.0,900,900,900.0,0.0,0.9999999999999989,0.0,900,17393,0.042993449511803235,38.65111111111111,5.996707326978039,58,1.0,0.0,0.042993449511803235,0.0,0.042993449511803235,38.65111111111111,0.0,0.0,0.0,0.0,0.0,0.0,1.0
sbm_3c_300_moderate_s1,sbm,900,3,LabelProp,{'seed': 2},0.0,1,-1.000088900581841e-12,0.0,900,900,900.0,0.0,0.9999999999999989,0.0,900,17393,0.042993449511803235,38.65111111111111,5.996707326978039,58,1.0,0.0,0.042993449511803235,0.0,0.042993449511803235,38.65111111111111,0.0,0.0,0.0,0.0,0.0,0.0,1.0
sbm_3c_300_moderate_s1,sbm,900,3,LabelProp,{'seed': 3},0.0,1,-1.000088900581841e-12,0.0,900,900,900.0,0.0,0.9999999999999989,0.0,900,17393,0.042993449511803235,38.65111111111111,5.996707326978039,58,1.0,0.0,0.042993449511803235,0.0,0.042993449511803235,38.65111111111111,0.0,0.0,0.0,0.0,0.0,0.0,1.0
sbm_3c_300_moderate_s1,sbm,900,3,LabelProp,{'seed': 4},0.0,1,-1.000088900581841e-12,0.0,900,900,900.0,0.0,0.9999999999999989,0.0,900,17393,0.042993449511803235,38.65111111111111,5.996707326978039,58,1.0,0.0,0.042993449511803235,0.0,0.042993449511803235,38.65111111111111,0.0,0.0,0.0,0.0,0.0,0.0,1.0
sbm_3c_300_moderate_s1,sbm,900,3,Spectral,{'k': 2},0.733680436651211,2,0.6365141682928128,0.4444444444444444,300,600,450.0,150.0,0.49999999999999917,0.3333333333333326,900,17393,0.042993449511803235,38.65111111111111,5.996707326978039,58,0.8444201690335192,0.15557983096648076,0.0781352235144788,0.02119588016445097,0.05693934335002782,31.903333333333336,0.23295454545454541,0.0,0.23295454545454541,0.23295454545454541,0.28925998004161413,0.15557983096648076,0.8444201690335192
sbm_3c_300_moderate_s1,sbm,900,3,Spectral,{'k': 3},1.0,3,1.0986122886651097,0.6666666666666667,300,300,300.0,0.0,0.9999999999999966,0.0,900,17393,0.042993449511803235,38.65111111111111,5.996707326978039,58,0.7651928936928649,0.23480710630713506,0.09891490152359718,0.002024065590898401,0.09625418060200669,29.575555555555557,0.23486659365416837,0.003999668364774942,0.2312124036261967,0.24043283188176295,0.43178048311680395,0.23480710630713506,0.7651928936928649
sbm_3c_300_moderate_s1,sbm,900,3,Spectral,{'k': 5},0.8191511961727249,5,1.5547480762432866,0.7758148148148148,121,300,180.0,62.5939294181153,0.40333333333333193,0.3477440523228609,900,17393,0.042993449511803235,38.65111111111111,5.996707326978039,58,0.5402173288104409,0.459782671189559,0.10601114935614711,0.010640723340499139,0.09366974833076527,18.816571335548225,0.513295470614209,0.15223300480104124,0.2312124036261967,0.6935031297215626,0.31418853194326635,0.459782671189559,0.5402173288104409
sbm_3c_300_moderate_s1,sbm,900,3,Spectral,{'k': 8},0.6635774968059645,8,2.0535662273345263,0.8684296296296297,77,160,112.5,25.79244075305786,0.481249999999997,0.22926614002717896,900,17393,0.042993449511803235,38.65111111111111,5.996707326978039,58,0.35635025585005464,0.6436497441499454,0.11517639640701144,0.019402676244347345,0.08509911141490087,12.968550415176468,0.6648727983867402,0.09674733019505348,0.5063749409727687,0.8291595197255572,0.22378386108849244,0.6436497441499454,0.35635025585005464
sbm_3c_300_moderate_s1,sbm,900,3,Spectral,{'k': 10},0.6322938651901638,10,2.2845120690341356,0.8963802469135802,65,117,90.0,17.123083834403193,0.5555555555555508,0.19025648704892226,900,17393,0.042993449511803235,38.65111111111111,5.996707326978039,58,0.2981659288219399,0.7018340711780602,0.13060878569939266,0.027568206189072717,0.09227614490772383,11.35602116678904,0.7069936352782108,0.05140325310170427,0.6104614076121623,0.8157625383828042,0.19452045234075852,0.7018340711780602,0.2981659288219399
sbm_3c_300_moderate_s1,sbm,900,3,GreedyMod,{},1.0,3,1.0986122886651097,0.6666666666666667,300,300,300.0,0.0,0.9999999999999966,0.0,900,17393,0.042993449511803235,38.65111111111111,5.996707326978039,58,0.7651928936928649,0.23480710630713506,0.09891490152359718,0.002024065590898401,0.09625418060200669,29.575555555555557,0.23486659365416837,0.003999668364774942,0.2312124036261967,0.24043283188176295,0.43178048311680395,0.23480710630713506,0.7651928936928649
sbm_3c_300_hard_s1,sbm,900,3,Louvain,{'resolution': 0.5},0.1522831822296076,38,1.3854703700400737,0.5630345679012345,1,574,23.68421052631579,93.55918623865797,0.0017421602787456416,3.950276752298725,900,16251,0.04017055988134965,36.11333333333334,5.823366723811922,56,0.5113531474986154,0.48864685250138445,0.14264316430808066,0.2869734751134616,0.0,1.6438983187627183,0.9605255434109288,0.09125706260012185,0.5470924771582272,0.9999999999999858,0.07138135681712497,0.48864685250138445,0.5113531474986154
sbm_3c_300_hard_s1,sbm,900,3,Louvain,{'resolution': 0.8},0.9432276849983634,3,1.0985974737405535,0.6666567901234568,298,302,300.0,1.632993161855452,0.9867549668874138,0.005443310539518155,900,16251,0.04017055988134965,36.11333333333334,5.823366723811922,56,0.5775029228970524,0.4224970771029475,0.06974716870832809,0.0008226372806940888,0.06860646599777034,20.854667417317312,0.42253359289680664,0.0032492903326380718,0.41796059202760366,0.42521070667778077,0.24411887485897543,0.4224970771029475,0.5775029228970524
sbm_3c_300_hard_s1,sbm,900,3,Louvain,{'resolution': 1.0},0.9285291315273306,3,1.0985789547761986,0.6666444444444445,297,303,300.0,2.449489742783178,0.9801980198019768,0.008164965809277232,900,16251,0.04017055988134965,36.11333333333334,5.823366723811922,56,0.576395298750846,0.42360470124915384,0.06962573155323643,0.0011723756362848532,0.06803925425655148,20.816131168672424,0.42362765013842685,0.0027079934085865558,0.4199379222201935,0.42636092468307224,0.24303751209588398,0.42360470124915384,0.576395298750846
sbm_3c_300_hard_s1,sbm,900,3,Louvain,{'resolution': 1.2},0.7610745660498914,5,1.4430343393785032,0.7437086419753087,32,291,180.0,95.49450245956571,0.10996563573883122,0.530525013664251,900,16251,0.04017055988134965,36.11333333333334,5.823366723811922,56,0.480955018152729,0.5190449818472709,0.09965162492766881,0.03811067164886242,0.0697431067859572,14.531062726232514,0.5972224823488037,0.14814815374558296,0.4325370597677272,0.8451845184518445,0.22469463933548672,0.5190449818472709,0.480955018152729
sbm_3c_300_hard_s1,sbm,900,3,Louvain,{'resolution': 1.5},0.2880422857098893,27,3.14807262310601,0.9509407407407408,9,79,33.333333333333336,18.99122604432549,0.11392405063290996,0.5697367813297476,900,16251,0.04017055988134965,36.11333333333334,5.823366723811922,56,0.1858962525383053,0.8141037474616946,0.21681615996052642,0.07918392581342713,0.11629778672032189,5.82857137983133,0.8383195023998719,0.04321274097552391,0.7299371946964408,0.8966565349544046,0.13661025526189344,0.8141037474616946,0.1858962525383053
sbm_3c_300_hard_s1,sbm,900,3,Louvain,{'resolution': 2.0},0.189757417320926,50,3.8458678937065827,0.9772962962962963,5,43,18.0,6.618156843109719,0.11627906976743915,0.36767538017274176,900,16251,0.04017055988134965,36.11333333333334,5.823366723811922,56,0.1346378684388653,0.8653621315611346,0.2994666621541109,0.09455254749291958,0.17386489479512715,4.582623392911396,0.8731169620376964,0.022381052158110235,0.7957059206245929,0.9289340101522796,0.11193929225491095,0.8653621315611346,0.1346378684388653
sbm_3c_300_hard_s1,sbm,900,3,Louvain,{'resolution': 3.0},0.18586235973691392,95,4.499051164138279,0.9882691358024691,4,19,9.473684210526315,3.2047402563707603,0.21052631578946263,0.33827813817243346,900,16251,0.04017055988134965,36.11333333333334,5.823366723811922,56,0.10836256230385821,0.8916374376961417,0.4783329021384873,0.11395798918443835,0.2690058479532148,3.726679154947853,0.8966288655364975,0.017102693778192075,0.8485714285714273,0.9367088607594878,0.09660897178436177,0.8916374376961417,0.10836256230385821
sbm_3c_300_hard_s1,sbm,900,3,Leiden,{'resolution': 0.5},0.0,1,-1.000088900581841e-12,0.0,900,900,900.0,0.0,0.9999999999999989,0.0,900,16251,0.04017055988134965,36.11333333333334,5.823366723811922,56,0.9999999999999999,0.0,0.04017055988134965,0.0,0.04017055988134965,36.11333333333334,0.0,0.0,0.0,0.0,0.0,0.0,0.9999999999999999
sbm_3c_300_hard_s1,sbm,900,3,Leiden,{'resolution': 0.8},0.9432276849983634,3,1.0985974737405535,0.6666567901234568,298,302,300.0,1.632993161855452,0.9867549668874138,0.005443310539518155,900,16251,0.04017055988134965,36.11333333333334,5.823366723811922,56,0.5775029228970524,0.4224970771029475,0.06974716870832809,0.0008226372806940888,0.06860646599777034,20.854667417317312,0.42253359289680664,0.0032492903326380718,0.41796059202760366,0.42521070667778077,0.24411887485897543,0.4224970771029475,0.5775029228970524
sbm_3c_300_hard_s1,sbm,900,3,Leiden,{'resolution': 1.0},0.9432276849983634,3,1.0985974737405535,0.6666567901234568,298,302,300.0,1.632993161855452,0.9867549668874138,0.005443310539518155,900,16251,0.04017055988134965,36.11333333333334,5.823366723811922,56,0.5775029228970524,0.4224970771029475,0.06974716870832809,0.0008226372806940888,0.06860646599777034,20.854667417317312,0.42253359289680664,0.0032492903326380718,0.41796059202760366,0.42521070667778077,0.24411887485897543,0.4224970771029475,0.5775029228970524
sbm_3c_300_hard_s1,sbm,900,3,Leiden,{'resolution': 1.2},0.7428079457841837,6,1.536821680829592,0.7629530864197531,9,279,150.0,97.47478306379212,0.03225806451612891,0.6498318870919432,900,16251,0.04017055988134965,36.11333333333334,5.823366723811922,56,0.4632330318134268,0.5367669681865731,0.11607466231670399,0.06151265815037849,0.07214873262680178,12.51623464884589,0.6525765711071675,0.17780533327641063,0.43944706000200334,0.9393939393939361,0.2250256168233946,0.5367669681865731,0.4632330318134268
sbm_3c_300_hard_s1,sbm,900,3,Leiden,{'resolution': 1.5},0.31408771713902167,24,3.066792602349378,0.9490246913580247,14,77,37.5,17.72474729486056,0.18181818181817946,0.47265992786293565,900,16251,0.04017055988134965,36.11333333333334,5.823366723811922,56,0.1982647221709433,0.8017352778290566,0.19975443662368395,0.05519347308180811,0.13157894736842102,6.400757709600204,0.8221522602249909,0.043211331299570055,0.7249999999999998,0.8788870703764307,0.146947584592864,0.8017352778290566,0.1982647221709433
sbm_3c_300_hard_s1,sbm,900,3,Leiden,{'resolution': 2.0},0.23585313178287917,52,3.878094235019283,0.9779185185185185,6,31,17.307692307692307,6.663732095739368,0.19354838709676797,0.3850156321982524,900,16251,0.04017055988134965,36.11333333333334,5.823366723811922,56,0.1404221278690542,0.8595778721309457,0.3225234844872223,0.08615467041364587,0.19569892473118236,4.748961810751928,0.8684413980375005,0.024523967946139928,0.8271077908217707,0.9225806451612872,0.118345059094852,0.8595778721309457,0.1404221278690542
sbm_3c_300_hard_s1,sbm,900,3,Leiden,{'resolution': 3.0},0.20288033594979493,88,4.424984913855065,0.9873530864197531,5,21,10.227272727272727,3.4368566264938054,0.23809523809522679,0.3360482034793615,900,16251,0.04017055988134965,36.11333333333334,5.823366723811922,56,0.11402375238446863,0.8859762476155313,0.45937019783151817,0.10469725396791922,0.27142857142857013,3.9299574568370303,0.891133453202108,0.017132283791059775,0.8445322793148868,0.9285714285714238,0.10135348226451285,0.8859762476155313,0.11402375238446863
sbm_3c_300_hard_s1,sbm,900,3,LabelProp,{'seed': 0},0.0,1,-1.000088900581841e-12,0.0,900,900,900.0,0.0,0.9999999999999989,0.0,900,16251,0.04017055988134965,36.11333333333334,5.823366723811922,56,0.9999999999999999,0.0,0.04017055988134965,0.0,0.04017055988134965,36.11333333333334,0.0,0.0,0.0,0.0,0.0,0.0,0.9999999999999999
sbm_3c_300_hard_s1,sbm,900,3,LabelProp,{'seed': 1},0.0,1,-1.000088900581841e-12,0.0,900,900,900.0,0.0,0.9999999999999989,0.0,900,16251,0.04017055988134965,36.11333333333334,5.823366723811922,56,0.9999999999999999,0.0,0.04017055988134965,0.0,0.04017055988134965,36.11333333333334,0.0,0.0,0.0,0.0,0.0,0.0,0.9999999999999999
sbm_3c_300_hard_s1,sbm,900,3,LabelProp,{'seed': 2},0.0,1,-1.000088900581841e-12,0.0,900,900,900.0,0.0,0.9999999999999989,0.0,900,16251,0.04017055988134965,36.11333333333334,5.823366723811922,56,0.9999999999999999,0.0,0.04017055988134965,0.0,0.04017055988134965,36.11333333333334,0.0,0.0,0.0,0.0,0.0,0.0,0.9999999999999999
sbm_3c_300_hard_s1,sbm,900,3,LabelProp,{'seed': 3},0.0,1,-1.000088900581841e-12,0.0,900,900,900.0,0.0,0.9999999999999989,0.0,900,16251,0.04017055988134965,36.11333333333334,5.823366723811922,56,0.9999999999999999,0.0,0.04017055988134965,0.0,0.04017055988134965,36.11333333333334,0.0,0.0,0.0,0.0,0.0,0.0,0.9999999999999999
sbm_3c_300_hard_s1,sbm,900,3,LabelProp,{'seed': 4},0.0,1,-1.000088900581841e-12,0.0,900,900,900.0,0.0,0.9999999999999989,0.0,900,16251,0.04017055988134965,36.11333333333334,5.823366723811922,56,0.9999999999999999,0.0,0.04017055988134965,0.0,0.04017055988134965,36.11333333333334,0.0,0.0,0.0,0.0,0.0,0.0,0.9999999999999999
sbm_3c_300_hard_s1,sbm,900,3,Spectral,{'k': 2},0.6198907743898413,2,0.6372815555883489,0.44518271604938275,301,599,450.0,149.0,0.5025041736227036,0.33111111111111036,900,16251,0.04017055988134965,36.11333333333334,5.823366723811922,56,0.7109100978401328,0.2890899021598671,0.057224417129027275,0.009552991508846479,0.04767142562018079,24.27036755611512,0.4379194630872483,0.0,0.4379194630872483,0.4379194630872483,0.15315904446067113,0.2890899021598671,0.7109100978401328
sbm_3c_300_hard_s1,sbm,900,3,Spectral,{'k': 3},0.9109253925177253,3,1.0985343843911444,0.6666148148148148,295,304,300.0,3.7416573867739413,0.970394736842102,0.01247219128924643,900,16251,0.04017055988134965,36.11333333333334,5.823366723811922,56,0.5694418804996615,0.4305581195003384,0.06874569312811196,0.000845320046632418,0.06765824974057419,20.55811091089964,0.4307389410115148,0.007785723076803395,0.4213893143526443,0.44045008105273187,0.2359217223502083,0.4305581195003384,0.5694418804996615
sbm_3c_300_hard_s1,sbm,900,3,Spectral,{'k': 5},0.6856637772012466,5,1.5615667777932578,0.7795827160493827,115,286,180.0,57.511737932356034,0.40209790209790064,0.319509655179754,900,16251,0.04017055988134965,36.11333333333334,5.823366723811922,56,0.39856008860993164,0.6014399113900682,0.0728901468315962,0.004668535834378563,0.06727688787185354,13.069245551669118,0.6381655999519946,0.11206034009002985,0.44230402441350364,0.7824907521578297,0.17651712006468462,0.6014399113900682,0.39856008860993164
sbm_3c_300_hard_s1,sbm,900,3,Spectral,{'k': 8},0.5124555875744544,8,2.061835400682786,0.8707135802469136,82,138,112.5,20.83266665599966,0.5942028985507204,0.18517925916443978,900,16251,0.04017055988134965,36.11333333333334,5.823366723811922,56,0.2623838533013353,0.7376161466986646,0.07966950839804357,0.0124774544025754,0.05931948208370971,9.037170538504277,0.7502959505906092,0.0686319729689772,0.6689147762109134,0.8613164378739877,0.13248719728700964,0.7376161466986646,0.2623838533013353
sbm_3c_300_hard_s1,sbm,900,3,Spectral,{'k': 10},0.41423417129893936,10,2.282208614758132,0.8961283950617284,54,114,90.0,17.708754896942924,0.47368421052631166,0.19676394329936364,900,16251,0.04017055988134965,36.11333333333334,5.823366723811922,56,0.21943265029844314,0.7805673497015567,0.08150026989523074,0.017337074671113097,0.05946791862284818,7.455182006639186,0.794126417340347,0.07156709500998654,0.697326203208556,0.9022633744855962,0.11524100185448038,0.7805673497015567,0.21943265029844314
sbm_3c_300_hard_s1,sbm,900,3,GreedyMod,{},0.8492134622456139,3,1.0970825872316428,0.665637037037037,284,323,300.0,16.673332000533065,0.8792569659442696,0.05557777333511003,900,16251,0.04017055988134965,36.11333333333334,5.823366723811922,56,0.5705495046458678,0.429450495354132,0.06892192522622269,0.002508612510118246,0.06663077130165568,20.57427004430525,0.4303024347816902,0.014451144636084157,0.41001191895113226,0.4425630171252645,0.23603465708917376,0.429450495354132,0.5705495046458678
sbm_5c_200_clear_s1,sbm,1000,5,Louvain,{'resolution': 0.5},1.0,5,1.6094379124291003,0.7999999999999999,200,200,200.0,0.0,0.999999999999995,0.0,1000,11753,0.02352952952952953,23.506,4.731169411466894,40,0.8327235599421423,0.16727644005785755,0.09836180904522611,0.0026494566832934987,0.09477386934673367,19.574,0.16731827294957485,0.0030015090655841244,0.16159735154148558,0.17002382499458518,0.6326014949837225,0.16727644005785755,0.8327235599421423
sbm_5c_200_clear_s1,sbm,1000,5,Louvain,{'resolution': 0.8},1.0,5,1.6094379124291003,0.7999999999999999,200,200,200.0,0.0,0.999999999999995,0.0,1000,11753,0.02352952952952953,23.506,4.731169411466894,40,0.8327235599421423,0.16727644005785755,0.09836180904522611,0.0026494566832934987,0.09477386934673367,19.574,0.16731827294957485,0.0030015090655841244,0.16159735154148558,0.17002382499458518,0.6326014949837225,0.16727644005785755,0.8327235599421423
sbm_5c_200_clear_s1,sbm,1000,5,Louvain,{'resolution': 1.0},1.0,5,1.6094379124291003,0.7999999999999999,200,200,200.0,0.0,0.999999999999995,0.0,1000,11753,0.02352952952952953,23.506,4.731169411466894,40,0.8327235599421423,0.16727644005785755,0.09836180904522611,0.0026494566832934987,0.09477386934673367,19.574,0.16731827294957485,0.0030015090655841244,0.16159735154148558,0.17002382499458518,0.6326014949837225,0.16727644005785755,0.8327235599421423
sbm_5c_200_clear_s1,sbm,1000,5,Louvain,{'resolution': 1.2},1.0,5,1.6094379124291003,0.7999999999999999,200,200,200.0,0.0,0.999999999999995,0.0,1000,11753,0.02352952952952953,23.506,4.731169411466894,40,0.8327235599421423,0.16727644005785755,0.09836180904522611,0.0026494566832934987,0.09477386934673367,19.574,0.16731827294957485,0.0030015090655841244,0.16159735154148558,0.17002382499458518,0.6326014949837225,0.16727644005785755,0.8327235599421423
sbm_5c_200_clear_s1,sbm,1000,5,Louvain,{'resolution': 1.5},1.0,5,1.6094379124291003,0.7999999999999999,200,200,200.0,0.0,0.999999999999995,0.0,1000,11753,0.02352952952952953,23.506,4.731169411466894,40,0.8327235599421423,0.16727644005785755,0.09836180904522611,0.0026494566832934987,0.09477386934673367,19.574,0.16731827294957485,0.0030015090655841244,0.16159735154148558,0.17002382499458518,0.6326014949837225,0.16727644005785755,0.8327235599421423
sbm_5c_200_clear_s1,sbm,1000,5,Louvain,{'resolution': 2.0},1.0,5,1.6094379124291003,0.7999999999999999,200,200,200.0,0.0,0.999999999999995,0.0,1000,11753,0.02352952952952953,23.506,4.731169411466894,40,0.8327235599421423,0.16727644005785755,0.09836180904522611,0.0026494566832934987,0.09477386934673367,19.574,0.16731827294957485,0.0030015090655841244,0.16159735154148558,0.17002382499458518,0.6326014949837225,0.16727644005785755,0.8327235599421423
sbm_5c_200_clear_s1,sbm,1000,5,Louvain,{'resolution': 3.0},0.9526653218208694,7,1.7561450735327984,0.8201099999999999,2,201,142.85714285714286,72.73519205491456,0.009950248756218857,0.5091463443843984,1000,11753,0.02352952952952953,23.506,4.731169411466894,40,0.7704415893814344,0.22955841061856544,0.2366569449399075,0.31210941564155786,0.09477386934673367,14.920306412065939,0.36433083609603323,0.27008259356372305,0.16281945589447647,0.9411764705882075,0.5913174344880882,0.22955841061856544,0.7704415893814344
sbm_5c_200_clear_s1,sbm,1000,5,Leiden,{'resolution': 0.5},1.0,5,1.6094379124291003,0.7999999999999999,200,200,200.0,0.0,0.999999999999995,0.0,1000,11753,0.02352952952952953,23.506,4.731169411466894,40,0.8327235599421423,0.16727644005785755,0.09836180904522614,0.0026494566832934983,0.09477386934673367,19.574,0.16731827294957485,0.0030015090655841244,0.16159735154148558,0.17002382499458518,0.6326014949837225,0.16727644005785755,0.8327235599421423
sbm_5c_200_clear_s1,sbm,1000,5,Leiden,{'resolution': 0.8},1.0,5,1.6094379124291003,0.7999999999999999,200,200,200.0,0.0,0.999999999999995,0.0,1000,11753,0.02352952952952953,23.506,4.731169411466894,40,0.8327235599421423,0.16727644005785755,0.09836180904522614,0.0026494566832934983,0.09477386934673367,19.574,0.16731827294957485,0.0030015090655841244,0.16159735154148558,0.17002382499458518,0.6326014949837224,0.16727644005785755,0.8327235599421423
sbm_5c_200_clear_s1,sbm,1000,5,Leiden,{'resolution': 1.0},1.0,5,1.6094379124291003,0.7999999999999999,200,200,200.0,0.0,0.999999999999995,0.0,1000,11753,0.02352952952952953,23.506,4.731169411466894,40,0.8327235599421423,0.16727644005785755,0.09836180904522614,0.0026494566832934983,0.09477386934673367,19.574,0.16731827294957485,0.0030015090655841244,0.16159735154148558,0.17002382499458518,0.6326014949837225,0.16727644005785755,0.8327235599421423
sbm_5c_200_clear_s1,sbm,1000,5,Leiden,{'resolution': 1.2},1.0,5,1.6094379124291003,0.7999999999999999,200,200,200.0,0.0,0.999999999999995,0.0,1000,11753,0.02352952952952953,23.506,4.731169411466894,40,0.8327235599421423,0.16727644005785755,0.09836180904522612,0.0026494566832934987,0.09477386934673367,19.574,0.16731827294957485,0.0030015090655841244,0.16159735154148558,0.17002382499458518,0.6326014949837224,0.16727644005785755,0.8327235599421423
sbm_5c_200_clear_s1,sbm,1000,5,Leiden,{'resolution': 1.5},1.0,5,1.6094379124291003,0.7999999999999999,200,200,200.0,0.0,0.999999999999995,0.0,1000,11753,0.02352952952952953,23.506,4.731169411466894,40,0.8327235599421423,0.16727644005785755,0.09836180904522611,0.0026494566832934987,0.09477386934673367,19.574,0.16731827294957485,0.0030015090655841244,0.16159735154148558,0.17002382499458518,0.6326014949837225,0.16727644005785755,0.8327235599421423
sbm_5c_200_clear_s1,sbm,1000,5,Leiden,{'resolution': 2.0},1.0,5,1.6094379124291003,0.7999999999999999,200,200,200.0,0.0,0.999999999999995,0.0,1000,11753,0.02352952952952953,23.506,4.731169411466894,40,0.8327235599421423,0.16727644005785755,0.09836180904522614,0.0026494566832934983,0.09477386934673367,19.574,0.16731827294957485,0.0030015090655841244,0.16159735154148558,0.17002382499458518,0.6326014949837224,0.16727644005785755,0.8327235599421423
sbm_5c_200_clear_s1,sbm,1000,5,Leiden,{'resolution': 3.0},0.9436939866794382,10,1.7956178501028426,0.8231679999999999,2,200,100.0,87.65386471799175,0.00999999999999995,0.8765386471799088,1000,11753,0.02352952952952953,23.506,4.731169411466894,40,0.7648260018718623,0.23517399812813747,0.4325003267890823,0.4059188678523024,0.09477386934673367,10.789975752961968,0.5388587668782272,0.34922133170978065,0.16344755970924194,0.9574468085106179,0.588368964727323,0.23517399812813747,0.7648260018718623
sbm_5c_200_clear_s1,sbm,1000,5,LabelProp,{'seed': 0},0.0,1,-1.000088900581841e-12,0.0,1000,1000,1000.0,0.0,0.999999999999999,0.0,1000,11753,0.02352952952952953,23.506,4.731169411466894,40,0.9999999999999999,0.0,0.02352952952952953,0.0,0.02352952952952953,23.506,0.0,0.0,0.0,0.0,0.0,0.0,0.9999999999999999
sbm_5c_200_clear_s1,sbm,1000,5,LabelProp,{'seed': 1},0.0,1,-1.000088900581841e-12,0.0,1000,1000,1000.0,0.0,0.999999999999999,0.0,1000,11753,0.02352952952952953,23.506,4.731169411466894,40,0.9999999999999999,0.0,0.02352952952952953,0.0,0.02352952952952953,23.506,0.0,0.0,0.0,0.0,0.0,0.0,0.9999999999999999
sbm_5c_200_clear_s1,sbm,1000,5,LabelProp,{'seed': 2},0.0,1,-1.000088900581841e-12,0.0,1000,1000,1000.0,0.0,0.999999999999999,0.0,1000,11753,0.02352952952952953,23.506,4.731169411466894,40,0.9999999999999999,0.0,0.02352952952952953,0.0,0.02352952952952953,23.506,0.0,0.0,0.0,0.0,0.0,0.0,0.9999999999999999
sbm_5c_200_clear_s1,sbm,1000,5,LabelProp,{'seed': 3},0.0,1,-1.000088900581841e-12,0.0,1000,1000,1000.0,0.0,0.999999999999999,0.0,1000,11753,0.02352952952952953,23.506,4.731169411466894,40,0.9999999999999999,0.0,0.02352952952952953,0.0,0.02352952952952953,23.506,0.0,0.0,0.0,0.0,0.0,0.0,0.9999999999999999
sbm_5c_200_clear_s1,sbm,1000,5,LabelProp,{'seed': 4},0.0,1,-1.000088900581841e-12,0.0,1000,1000,1000.0,0.0,0.999999999999999,0.0,1000,11753,0.02352952952952953,23.506,4.731169411466894,40,0.9999999999999999,0.0,0.02352952952952953,0.0,0.02352952952952953,23.506,0.0,0.0,0.0,0.0,0.0,0.0,0.9999999999999999
sbm_5c_200_clear_s1,sbm,1000,5,Spectral,{'k': 2},0.589727521756156,2,0.6730116670072565,0.48,400,600,500.0,100.0,0.6666666666666655,0.1999999999999996,1000,11753,0.02352952952952953,23.506,4.731169411466894,40,0.9035990810856801,0.09640091891431973,0.043886301730955105,0.0076926456374659495,0.03619365609348915,21.13,0.12098238120662037,0.0,0.12098238120662037,0.12098238120662037,0.38295758474355696,0.09640091891431973,0.9035990810856801
sbm_5c_200_clear_s1,sbm,1000,5,Spectral,{'k': 3},0.7381042100398579,3,0.9513658218785015,0.560798,200,599,333.3333333333333,187.8551451399603,0.33388981636060044,0.5635654354198792,1000,11753,0.02352952952952953,23.506,4.731169411466894,40,0.8837743554837062,0.11622564451629369,0.0772936706337538,0.029276122440759212,0.03614161841642425,20.219585821587668,0.15271302983101012,0.021159975350519684,0.12352377912543885,0.17301795882610596,0.44359409777282116,0.11622564451629369,0.8837743554837062
sbm_5c_200_clear_s1,sbm,1000,5,Spectral,{'k': 5},1.0,5,1.6094379124291003,0.7999999999999999,200,200,200.0,0.0,0.999999999999995,0.0,1000,11753,0.02352952952952953,23.506,4.731169411466894,40,0.8327235599421423,0.16727644005785755,0.09836180904522614,0.0026494566832934983,0.09477386934673367,19.574,0.16731827294957485,0.0030015090655841244,0.16159735154148558,0.17002382499458518,0.6326014949837224,0.16727644005785755,0.8327235599421423
sbm_5c_200_clear_s1,sbm,1000,5,Spectral,{'k': 8},0.8844980372154723,8,2.009238436104455,0.856926,70,200,125.0,47.53156845718433,0.34999999999999826,0.3802525476574716,1000,11753,0.02352952952952953,23.506,4.731169411466894,40,0.6394962988173232,0.3605037011826767,0.11154558750874612,0.016215095881269997,0.08957708957708956,13.444725745538506,0.4264964489994763,0.17706492496762863,0.16159735154148558,0.704395604395604,0.4949273167574305,0.3605037011826767,0.6394962988173232
sbm_5c_200_clear_s1,sbm,1000,5,Spectral,{'k': 10},0.8387178984181314,10,2.228414875649703,0.883566,58,200,100.0,40.53887023586129,0.28999999999999854,0.40538870235860885,1000,11753,0.02352952952952953,23.506,4.731169411466894,40,0.5557729941291585,0.4442270058708414,0.12201965312511387,0.01893420106842759,0.0894216133942161,11.636538691761428,0.5030730870323572,0.14669187500746741,0.16159735154148558,0.7249853715623168,0.4372040827692387,0.4442270058708414,0.5557729941291585
sbm_5c_200_clear_s1,sbm,1000,5,GreedyMod,{},0.9891242942620584,5,1.609402836401621,0.799986,197,202,200.0,1.6733200530681511,0.9752475247524705,0.008366600265340715,1000,11753,0.02352952952952953,23.506,4.731169411466894,40,0.8302561048243,0.1697438951756998,0.09806289951556821,0.0028124122895599873,0.09472439781291563,19.514590691313998,0.16986157780567118,0.004863868641385604,0.16159735154148558,0.17549742901855575,0.6300991242433588,0.1697438951756998,0.8302561048243
sbm_5c_200_moderate_s1,sbm,1000,5,Louvain,{'resolution': 0.5},0.34436161493182854,53,2.145554507593201,0.764018,1,419,18.867924528301888,64.00384355671181,0.002386634844868729,3.3922037085055465,1000,12850,0.025725725725725727,25.7,5.118398186933096,40,0.40116731517509724,0.5988326848249026,0.41180163834431427,0.3712062718955032,0.0,2.0378405535268196,0.9192077816603358,0.10716968489226066,0.4141207153502235,0.9999999999999807,0.1641850202122667,0.5988326848249026,0.40116731517509724
sbm_5c_200_moderate_s1,sbm,1000,5,Louvain,{'resolution': 0.8},0.9626295763857847,5,1.6094279123874333,0.7999959999999999,199,201,200.0,0.8944271909999159,0.9900497512437761,0.004472135954999557,1000,12850,0.025725725725725727,25.7,5.118398186933096,40,0.5371206225680933,0.46287937743190655,0.06937046304945502,0.0018312358666724038,0.06791044776119402,13.80422275556889,0.46290062295373924,0.012522523839891934,0.4389298177588212,0.4757734967892585,0.3371190994564642,0.46287937743190655,0.5371206225680933
sbm_5c_200_moderate_s1,sbm,1000,5,Louvain,{'resolution': 1.0},0.9607749948973753,5,1.6094279123874333,0.7999959999999999,199,201,200.0,0.8944271909999159,0.9900497512437761,0.004472135954999557,1000,12850,0.025725725725725727,25.7,5.118398186933096,40,0.5372762645914396,0.46272373540856027,0.06939127266060438,0.0017562487118642134,0.06781094527363184,13.808293007325181,0.4627386108222079,0.011954519261865545,0.4394409937888198,0.4734384121424401,0.33727525624914834,0.46272373540856027,0.5372762645914396
sbm_5c_200_moderate_s1,sbm,1000,5,Louvain,{'resolution': 1.2},0.9677278663679464,5,1.6094279123874333,0.7999959999999999,199,201,200.0,0.8944271909999159,0.9900497512437761,0.004472135954999557,1000,12850,0.025725725725725727,25.7,5.118398186933096,40,0.5372762645914396,0.46272373540856027,0.06939127266060438,0.001755684877453384,0.06786069651741293,13.808293007325181,0.46273845868033553,0.011956137927489308,0.4394409937888198,0.4734384121424401,0.33727525624914834,0.46272373540856027,0.5372762645914396
sbm_5c_200_moderate_s1,sbm,1000,5,Louvain,{'resolution': 1.5},0.9230290352504759,5,1.6088906861063241,0.799778,194,213,200.0,6.663332499583072,0.9107981220657234,0.0333166624979152,1000,12850,0.025725725725725727,25.7,5.118398186933096,40,0.5339299610894941,0.46607003891050575,0.06904243314769876,0.00312977788962859,0.063911772521924,13.723431161562445,0.46604943408250366,0.013290137802734376,0.44001563110590064,0.4755089699657326,0.3336882526609033,0.46607003891050575,0.5339299610894941
sbm_5c_200_moderate_s1,sbm,1000,5,Louvain,{'resolution': 2.0},0.4846475516621299,31,3.2087387500239104,0.951962,4,94,32.25806451612903,22.5616971192121,0.04255319148936125,0.6994126106955534,1000,12850,0.025725725725725727,25.7,5.118398186933096,40,0.24256809338521398,0.7574319066147859,0.23650700367652672,0.15531853424344536,0.0942576069549302,5.072612588442653,0.8022837858177583,0.06520402746724255,0.6486238532110089,0.9156626506024041,0.19423565534678797,0.7574319066147859,0.24256809338521398
sbm_5c_200_moderate_s1,sbm,1000,5,Louvain,{'resolution': 3.0},0.3611588771104678,67,4.130985385576682,0.98278,6,30,14.925373134328359,5.85219293719915,0.19999999999999335,0.3920969267923168,1000,12850,0.025725725725725727,25.7,5.118398186933096,40,0.16536964980544744,0.8346303501945525,0.3178219332607208,0.09316785936453346,0.19658119658119602,3.9727335930922316,0.8446498832801209,0.02724781926975269,0.7614906832298127,0.8953488372092971,0.14790860421808052,0.8346303501945525,0.16536964980544744
sbm_5c_200_moderate_s1,sbm,1000,5,Leiden,{'resolution': 0.5},0.0,1,-1.000088900581841e-12,0.0,1000,1000,1000.0,0.0,0.999999999999999,0.0,1000,12850,0.025725725725725727,25.7,5.118398186933096,40,0.9999999999999999,0.0,0.025725725725725727,0.0,0.025725725725725727,25.7,0.0,0.0,0.0,0.0,0.0,0.0,0.9999999999999999
sbm_5c_200_moderate_s1,sbm,1000,5,Leiden,{'resolution': 0.8},0.9607749948973754,5,1.6094279123874333,0.7999959999999999,199,201,200.0,0.8944271909999159,0.9900497512437761,0.004472135954999557,1000,12850,0.025725725725725727,25.7,5.118398186933096,40,0.5372762645914396,0.46272373540856027,0.06939127266060438,0.0017562487118642134,0.06781094527363184,13.808293007325181,0.4627386108222079,0.011954519261865545,0.4394409937888198,0.4734384121424401,0.33727525624914834,0.46272373540856027,0.5372762645914396
sbm_5c_200_moderate_s1,sbm,1000,5,Leiden,{'resolution': 1.0},0.9677278663679464,5,1.6094279123874333,0.7999959999999999,199,201,200.0,0.8944271909999159,0.9900497512437761,0.004472135954999557,1000,12850,0.025725725725725727,25.7,5.118398186933096,40,0.5372762645914396,0.46272373540856027,0.06939127266060438,0.001755684877453384,0.06786069651741293,13.808293007325181,0.46273845868033553,0.011956137927489308,0.4394409937888198,0.4734384121424401,0.33727525624914834,0.46272373540856027,0.5372762645914396
sbm_5c_200_moderate_s1,sbm,1000,5,Leiden,{'resolution': 1.2},0.9595822336579776,5,1.6094279123874333,0.7999959999999999,199,201,200.0,0.8944271909999159,0.9900497512437761,0.004472135954999557,1000,12850,0.025725725725725727,25.7,5.118398186933096,40,0.5372762645914396,0.46272373540856027,0.06940000318189772,0.0019744771744395068,0.06786069651741293,13.809157328933225,0.46271475770933623,0.011943540832856231,0.43942345149980516,0.4733372115571068,0.3372749958364244,0.46272373540856027,0.5372762645914396
sbm_5c_200_moderate_s1,sbm,1000,5,Leiden,{'resolution': 1.5},0.9530531275317902,9,1.649324570554143,0.80277,1,200,111.11111111111111,97.8200666126269,0.004999999999999975,0.8803805995136342,1000,12850,0.025725725725725727,25.7,5.118398186933096,40,0.5336964980544746,0.4663035019455252,0.37214618697754165,0.444469886478287,0.0,8.003082830561679,0.6871969044617745,0.25092515915972663,0.4386032977691561,0.9999999999999584,0.33618778482641676,0.4663035019455252,0.5336964980544746
sbm_5c_200_moderate_s1,sbm,1000,5,Leiden,{'resolution': 2.0},0.5217020000599052,28,3.1010432007100106,0.944662,9,122,35.714285714285715,26.473513910614702,0.07377049180327809,0.7412583894971908,1000,12850,0.025725725725725727,25.7,5.118398186933096,40,0.2704280155642023,0.7295719844357975,0.2022350516825504,0.07257516142464025,0.09456713182495595,5.476130426034542,0.7856256440411453,0.07551879255319857,0.5649735119975069,0.8874458874458836,0.2141078865690623,0.7295719844357975,0.2704280155642023
sbm_5c_200_moderate_s1,sbm,1000,5,Leiden,{'resolution': 3.0},0.37976625619784127,68,4.141288682860354,0.982996,5,29,14.705882352941176,5.813419626249687,0.17241379310344235,0.39531253458495186,1000,12850,0.025725725725725727,25.7,5.118398186933096,40,0.1678599221789883,0.8321400778210115,0.33097507219240413,0.10614321554966957,0.19076923076923016,4.0173011010276225,0.8431011921589078,0.02951948140342573,0.7835218093699502,0.9027777777777716,0.1507026964829142,0.8321400778210115,0.1678599221789883
sbm_5c_200_moderate_s1,sbm,1000,5,LabelProp,{'seed': 0},0.0,1,-1.000088900581841e-12,0.0,1000,1000,1000.0,0.0,0.999999999999999,0.0,1000,12850,0.025725725725725727,25.7,5.118398186933096,40,0.9999999999999999,0.0,0.025725725725725727,0.0,0.025725725725725727,25.7,0.0,0.0,0.0,0.0,0.0,0.0,0.9999999999999999
sbm_5c_200_moderate_s1,sbm,1000,5,LabelProp,{'seed': 1},0.0,1,-1.000088900581841e-12,0.0,1000,1000,1000.0,0.0,0.999999999999999,0.0,1000,12850,0.025725725725725727,25.7,5.118398186933096,40,0.9999999999999999,0.0,0.025725725725725727,0.0,0.025725725725725727,25.7,0.0,0.0,0.0,0.0,0.0,0.0,0.9999999999999999
sbm_5c_200_moderate_s1,sbm,1000,5,LabelProp,{'seed': 2},0.0,1,-1.000088900581841e-12,0.0,1000,1000,1000.0,0.0,0.999999999999999,0.0,1000,12850,0.025725725725725727,25.7,5.118398186933096,40,0.9999999999999999,0.0,0.025725725725725727,0.0,0.025725725725725727,25.7,0.0,0.0,0.0,0.0,0.0,0.0,0.9999999999999999
sbm_5c_200_moderate_s1,sbm,1000,5,LabelProp,{'seed': 3},0.0,1,-1.000088900581841e-12,0.0,1000,1000,1000.0,0.0,0.999999999999999,0.0,1000,12850,0.025725725725725727,25.7,5.118398186933096,40,0.9999999999999999,0.0,0.025725725725725727,0.0,0.025725725725725727,25.7,0.0,0.0,0.0,0.0,0.0,0.0,0.9999999999999999
sbm_5c_200_moderate_s1,sbm,1000,5,LabelProp,{'seed': 4},0.0,1,-1.000088900581841e-12,0.0,1000,1000,1000.0,0.0,0.999999999999999,0.0,1000,12850,0.025725725725725727,25.7,5.118398186933096,40,0.9999999999999999,0.0,0.025725725725725727,0.0,0.025725725725725727,25.7,0.0,0.0,0.0,0.0,0.0,0.0,0.9999999999999999
sbm_5c_200_moderate_s1,sbm,1000,5,Spectral,{'k': 2},0.4336498018554427,2,0.5072562521065695,0.32594999999999996,205,795,500.0,295.0,0.25786163522012545,0.5899999999999987,1000,12850,0.025725725725725727,25.7,5.118398186933096,40,0.8160311284046692,0.1839688715953307,0.04914360910132164,0.020535970047411024,0.02860763905391062,18.464549777573247,0.44789693065555125,0.0,0.44789693065555125,0.44789693065555125,0.14241704189314003,0.1839688715953307,0.8160311284046692
sbm_5c_200_moderate_s1,sbm,1000,5,Spectral,{'k': 3},0.6856367259378477,3,1.055594549401602,0.6403859999999999,201,402,333.3333333333333,93.59605879641633,0.4999999999999987,0.28078817638924813,1000,12850,0.025725725725725727,25.7,5.118398186933096,40,0.6321400778210116,0.3678599221789883,0.05200335688770885,0.014274612213872063,0.041686827706852274,15.946455798254739,0.3796263094308625,0.041996449488349304,0.3490895001937233,0.4390102455055093,0.2726401398961378,0.3678599221789883,0.6321400778210116
sbm_5c_200_moderate_s1,sbm,1000,5,Spectral,{'k': 5},0.9565346351926713,5,1.6094078115465233,0.7999879999999999,197,201,200.0,1.5491933384829668,0.9800995024875573,0.007745966692414796,1000,12850,0.025725725725725727,25.7,5.118398186933096,40,0.5363424124513618,0.46365758754863806,0.06926876105705607,0.0017141620858388419,0.06751243781094528,13.783825895901202,0.46366985166638724,0.01183624098610911,0.4407141470987773,0.4743121031364248,0.33631636512286334,0.46365758754863806,0.5363424124513618
sbm_5c_200_moderate_s1,sbm,1000,5,Spectral,{'k': 8},0.7754919614259718,8,2.010539835319662,0.85823,55,189,125.0,45.78482281280556,0.2910052910052895,0.36627858250244155,1000,12850,0.025725725725725727,25.7,5.118398186933096,40,0.4045136186770427,0.5954863813229571,0.07367987453450867,0.00746904399056358,0.06395520188623637,9.164983085363447,0.6433305564519722,0.13113808813514727,0.48739837398373975,0.8498141263940515,0.2618679132159457,0.5954863813229571,0.4045136186770427
sbm_5c_200_moderate_s1,sbm,1000,5,Spectral,{'k': 10},0.7181868107128858,10,2.2981887894326127,0.89912,88,113,100.0,9.38083151964686,0.7787610619468958,0.09380831519646766,1000,12850,0.025725725725725727,25.7,5.118398186933096,40,0.32031128404669257,0.6796887159533073,0.08213382299816661,0.008354952202995453,0.06524422500440838,8.145182566668911,0.6830680170343999,0.046105403606182656,0.6200345423143349,0.7641882974043112,0.21927349997728957,0.6796887159533073,0.32031128404669257
sbm_5c_200_moderate_s1,sbm,1000,5,GreedyMod,{},0.662287119873831,4,1.346163928260846,0.7301679999999999,176,330,250.0,70.41306696913578,0.5333333333333317,0.281652267876542,1000,12850,0.025725725725725727,25.7,5.118398186933096,40,0.5483268482490271,0.4516731517509727,0.059528144808871246,0.013736776562083344,0.04476374689140646,13.869186695142165,0.46007911792222533,0.033792661324209314,0.4214285714285713,0.5123152709359605,0.27820611061484657,0.4516731517509727,0.5483268482490271
sbm_5c_200_hard_s1,sbm,1000,5,Louvain,{'resolution': 0.5},0.20501626774957926,207,4.170085690044743,0.925274,1,259,4.830917874396135,18.375456499716286,0.003861003861003846,3.803719495440484,1000,13044,0.026114114114114115,26.088,4.789181140863227,41,0.16934989267095982,0.8306501073290401,0.5246451079597194,0.4273015423514958,0.0,1.4504133281911062,0.9438806622874056,0.05223462559475774,0.6345417035072206,0.9999999999999714,0.09368641634790498,0.8306501073290401,0.16934989267095982
sbm_5c_200_hard_s1,sbm,1000,5,Louvain,{'resolution': 0.8},0.08579356185601976,26,1.9111129066032722,0.79524,1,335,38.46153846153846,79.97558799131279,0.0029850746268656626,2.0793652877740785,1000,13044,0.026114114114114115,26.088,4.789181140863227,41,0.3702085249923336,0.6297914750076663,0.498920791159342,0.40390467898156607,0.0,3.147714215312864,0.8793486483254237,0.12761183185762195,0.49751580849141813,0.9999999999999744,0.16349294408066264,0.6297914750076663,0.3702085249923336
sbm_5c_200_hard_s1,sbm,1000,5,Louvain,{'resolution': 1.0},0.06922978140181653,11,2.267943500207398,0.8887499999999999,13,163,90.9090909090909,43.00201801914659,0.07975460122699338,0.4730221982106073,1000,13044,0.026114114114114115,26.088,4.789181140863227,41,0.28227537565164057,0.7177246243483593,0.10191530496947494,0.07647786042409087,0.055441945012497156,6.66028857592465,0.7447998601653772,0.05826469476698518,0.653080568720379,0.842900302114801,0.17142634544030486,0.7177246243483593,0.28227537565164057
sbm_5c_200_hard_s1,sbm,1000,5,Louvain,{'resolution': 1.2},0.07338435890915672,19,2.860778499753535,0.938476,21,103,52.63157894736842,21.633819835267648,0.2038834951456291,0.4110425768700775,1000,13044,0.026114114114114115,26.088,4.789181140863227,41,0.22178779515486044,0.7782122048451394,0.11915477691309484,0.03755707866814445,0.07138777841233579,5.431950210022951,0.7920201714850778,0.034684605117042806,0.7135217723453016,0.8435114503816777,0.16045861065996897,0.7782122048451394,0.22178779515486044
sbm_5c_200_hard_s1,sbm,1000,5,Louvain,{'resolution': 1.5},0.09631708201460334,36,3.535431532439522,0.969448,15,49,27.77777777777778,8.778480984490525,0.30612244897958557,0.3160253154416475,1000,13044,0.026114114114114115,26.088,4.789181140863227,41,0.17663293468261268,0.8233670653173872,0.17749794580959496,0.03863178268795471,0.11733615221987302,4.445373814138322,0.8292376476775655,0.01953779324197539,0.7801526717557247,0.8747099767981418,0.14586616397349622,0.8233670653173872,0.17663293468261268
sbm_5c_200_hard_s1,sbm,1000,5,Louvain,{'resolution': 2.0},0.12542577437473124,55,3.95205327162919,0.979828,7,33,18.181818181818183,6.015407215388011,0.2121212121212057,0.3308473968463224,1000,13044,0.026114114114114115,26.088,4.789181140863227,41,0.1571603802514566,0.8428396197485433,0.2544829416807572,0.07400089973056767,0.14919354838709648,3.9636607410653957,0.8482819154610558,0.019422830288457517,0.7981220657276986,0.893617021276591,0.1371026252428386,0.8428396197485433,0.1571603802514566
sbm_5c_200_hard_s1,sbm,1000,5,Louvain,{'resolution': 3.0},0.14262553207387818,77,4.292217301540113,0.985794,4,20,12.987012987012987,3.9788189414275315,0.19999999999999002,0.3063690584898963,1000,13044,0.026114114114114115,26.088,4.789181140863227,41,0.1445108862312174,0.8554891137687824,0.34096640987396215,0.12900985948622826,0.22631578947368303,3.638221550540114,0.8605438362011723,0.018367358416943595,0.8283582089552223,0.913793103448268,0.13027657622101535,0.8554891137687824,0.1445108862312174
sbm_5c_200_hard_s1,sbm,1000,5,Leiden,{'resolution': 0.5},0.0,1,-1.000088900581841e-12,0.0,1000,1000,1000.0,0.0,0.999999999999999,0.0,1000,13044,0.026114114114114115,26.088,4.789181140863227,41,0.9999999999999999,0.0,0.026114114114114115,0.0,0.026114114114114115,26.088,0.0,0.0,0.0,0.0,0.0,0.0,0.9999999999999999
sbm_5c_200_hard_s1,sbm,1000,5,Leiden,{'resolution': 0.8},0.03667793767108771,3,1.093644428000815,0.6634220000000001,288,365,333.3333333333333,32.8870119584549,0.7890410958904087,0.0986610358753644,1000,13044,0.026114114114114115,26.088,4.789181140863227,41,0.5007666360012265,0.4992333639987733,0.0393662036040946,0.002346410523528156,0.03761854583772392,13.006986827734133,0.501499591654087,0.02378016958774089,0.4750551412666736,0.5327152317880794,0.16435215061498737,0.4992333639987733,0.5007666360012265
sbm_5c_200_hard_s1,sbm,1000,5,Leiden,{'resolution': 1.0},0.05009613344810559,11,2.3561084994725783,0.901452,61,128,90.9090909090909,26.352348680748275,0.4765624999999963,0.2898758354882279,1000,13044,0.026114114114114115,26.088,4.789181140863227,41,0.2739957068383931,0.7260042931616068,0.0803837983526377,0.013233789735288418,0.06323818897637795,6.886050704338374,0.7360551250928457,0.03496257217849002,0.6884848484848483,0.7811131957473416,0.17541278211899225,0.7260042931616068,0.2739957068383931
sbm_5c_200_hard_s1,sbm,1000,5,Leiden,{'resolution': 1.2},0.06782088589293384,19,2.8796586610821273,0.940886,16,93,52.63157894736842,18.471059942560473,0.17204301075268633,0.3509501389086423,1000,13044,0.026114114114114115,26.088,4.789181140863227,41,0.2260809567617295,0.7739190432382703,0.12224946807728755,0.04432787656951255,0.07713884992987376,5.625429232239415,0.7843023765823741,0.029763054319299292,0.7269342159702107,0.8493150684931488,0.16684996225828164,0.7739190432382703,0.2260809567617295
sbm_5c_200_hard_s1,sbm,1000,5,Leiden,{'resolution': 1.5},0.07721969366567402,32,3.4228134442835723,0.96617,16,46,31.25,8.979142498033985,0.3478260869565142,0.28733255993707835,1000,13044,0.026114114114114115,26.088,4.789181140863227,41,0.18728917509966264,0.8127108249003372,0.16868961754010703,0.04221919364150345,0.11884057971014482,4.751868238672772,0.8176866598932202,0.01890940268776289,0.7842323651452277,0.8529411764705861,0.15338445991445837,0.8127108249003372,0.18728917509966264
sbm_5c_200_hard_s1,sbm,1000,5,Leiden,{'resolution': 2.0},0.1150137578743381,49,3.847388300785904,0.977612,9,41,20.408163265306122,6.356479475329344,0.21951219512194586,0.31146749429112264,1000,13044,0.026114114114114115,26.088,4.789181140863227,41,0.1669733210671573,0.8330266789328425,0.2311410383363435,0.04869629708533931,0.13292682926829252,4.216983158794751,0.8383369328311167,0.018229703531543965,0.7839444995044591,0.8760330578512361,0.1445501936643377,0.8330266789328425,0.1669733210671573
sbm_5c_200_hard_s1,sbm,1000,5,Leiden,{'resolution': 3.0},0.1385470190237318,80,4.3493395883686805,0.986668,6,24,12.5,3.22490309931942,0.2499999999999896,0.257992247945533,1000,13044,0.026114114114114115,26.088,4.789181140863227,41,0.14244096902790554,0.8575590309720943,0.33411170706246773,0.07220018669209896,0.20289855072463692,3.634170263968058,0.8606481427548701,0.016007452718752122,0.8244972577696511,0.9043062200956895,0.12911687764320157,0.8575590309720943,0.14244096902790554
sbm_5c_200_hard_s1,sbm,1000,5,LabelProp,{'seed': 0},0.0,1,-1.000088900581841e-12,0.0,1000,1000,1000.0,0.0,0.999999999999999,0.0,1000,13044,0.026114114114114115,26.088,4.789181140863227,41,0.9999999999999999,0.0,0.026114114114114115,0.0,0.026114114114114115,26.088,0.0,0.0,0.0,0.0,0.0,0.0,0.9999999999999999
sbm_5c_200_hard_s1,sbm,1000,5,LabelProp,{'seed': 1},0.0,1,-1.000088900581841e-12,0.0,1000,1000,1000.0,0.0,0.999999999999999,0.0,1000,13044,0.026114114114114115,26.088,4.789181140863227,41,0.9999999999999999,0.0,0.026114114114114115,0.0,0.026114114114114115,26.088,0.0,0.0,0.0,0.0,0.0,0.0,0.9999999999999999
sbm_5c_200_hard_s1,sbm,1000,5,LabelProp,{'seed': 2},0.0,1,-1.000088900581841e-12,0.0,1000,1000,1000.0,0.0,0.999999999999999,0.0,1000,13044,0.026114114114114115,26.088,4.789181140863227,41,0.9999999999999999,0.0,0.026114114114114115,0.0,0.026114114114114115,26.088,0.0,0.0,0.0,0.0,0.0,0.0,0.9999999999999999
sbm_5c_200_hard_s1,sbm,1000,5,LabelProp,{'seed': 3},0.0,1,-1.000088900581841e-12,0.0,1000,1000,1000.0,0.0,0.999999999999999,0.0,1000,13044,0.026114114114114115,26.088,4.789181140863227,41,0.9999999999999999,0.0,0.026114114114114115,0.0,0.026114114114114115,26.088,0.0,0.0,0.0,0.0,0.0,0.0,0.9999999999999999
sbm_5c_200_hard_s1,sbm,1000,5,LabelProp,{'seed': 4},0.0,1,-1.000088900581841e-12,0.0,1000,1000,1000.0,0.0,0.999999999999999,0.0,1000,13044,0.026114114114114115,26.088,4.789181140863227,41,0.9999999999999999,0.0,0.026114114114114115,0.0,0.026114114114114115,26.088,0.0,0.0,0.0,0.0,0.0,0.0,0.9999999999999999
sbm_5c_200_hard_s1,sbm,1000,5,Spectral,{'k': 2},0.12885893682332594,2,0.6786267624537612,0.48555000000000004,415,585,500.0,85.0,0.7094017094017082,0.16999999999999965,1000,13044,0.026114114114114115,26.088,4.789181140863227,41,0.6192885617908616,0.3807114382091383,0.03215693518871687,0.002090198272664887,0.030066736916051984,15.868643805993205,0.45769585253456213,0.0,0.45769585253456213,0.45769585253456213,0.10514295210671379,0.3807114382091383,0.6192885617908616
sbm_5c_200_hard_s1,sbm,1000,5,Spectral,{'k': 3},0.191787873752219,3,1.0930958903462793,0.6630780000000001,285,364,333.3333333333333,34.58644564308715,0.7829670329670307,0.10375933692926115,1000,13044,0.026114114114114115,26.088,4.789181140863227,41,0.4622048451395277,0.5377951548604721,0.03657865595687102,0.003529766018692323,0.03382987382987383,12.036999193139545,0.538786831340516,0.011834839116326476,0.522667508151888,0.5507478632478632,0.12552938966464647,0.5377951548604721,0.4622048451395277
sbm_5c_200_hard_s1,sbm,1000,5,Spectral,{'k': 5},0.18502885126647658,5,1.6089882947018697,0.79982,192,209,200.0,6.0,0.9186602870813353,0.02999999999999985,1000,13044,0.026114114114114115,26.088,4.789181140863227,41,0.3211438209138301,0.6788561790861698,0.04220808738030637,0.004425788450014135,0.038001472211998524,8.384837372754017,0.6786510232338652,0.02819481044973709,0.6371999999999999,0.708680142687277,0.1209379223727095,0.6788561790861698,0.3211438209138301
sbm_5c_200_hard_s1,sbm,1000,5,Spectral,{'k': 8},0.17133692231269623,8,2.0735015963863797,0.873532,105,144,125.0,13.546217184144066,0.7291666666666616,0.10836973747315166,1000,13044,0.026114114114114115,26.088,4.789181140863227,41,0.2423336399877338,0.7576663600122661,0.049979138012603945,0.004758642957916168,0.043956043956043946,6.22299122382876,0.7616853075921215,0.03763589836376651,0.6894080169896468,0.8209623274897424,0.11552893041183185,0.7576663600122661,0.2423336399877338
sbm_5c_200_hard_s1,sbm,1000,5,Spectral,{'k': 10},0.14585942065596708,10,2.2924969741164993,0.898004,80,120,100.0,14.127986409959489,0.6666666666666612,0.14127986409959348,1000,13044,0.026114114114114115,26.088,4.789181140863227,41,0.2038485127261576,0.7961514872738422,0.05307603182227986,0.006748473953127839,0.04239019407558733,5.233259234236015,0.799502455914147,0.032469930861111135,0.7274604267033721,0.8525754884547065,0.1016352926584153,0.7961514872738422,0.2038485127261576
sbm_5c_200_hard_s1,sbm,1000,5,GreedyMod,{},0.021950321726601996,5,1.3010964888558194,0.709494,4,337,200.0,134.54070016169828,0.01186943620178038,0.6727035008084881,1000,13044,0.026114114114114115,26.088,4.789181140863227,41,0.4493253603189205,0.5506746396810793,0.1373577990153974,0.1816145479281478,0.039458810230323584,8.634379878511737,0.6666728534619231,0.17140015476631637,0.49972007613929004,0.9318181818181713,0.15713811407167552,0.5506746396810793,0.4493253603189205
sbm_3c_30_clear_s1,sbm,90,3,Louvain,{'resolution': 0.5},1.0,3,1.0986122886651097,0.6666666666666667,30,30,30.0,0.0,0.9999999999999667,0.0,90,712,0.17777777777777776,15.822222222222223,2.681532637122028,21,0.9199438202247178,0.08005617977528079,0.5019157088122593,0.01596372923831386,0.4873563218390793,14.555555555555555,0.08018423531874787,0.0072266536560633,0.07317073170731692,0.09012875536480668,0.5863882401211968,0.08005617977528079,0.9199438202247178
sbm_3c_30_clear_s1,sbm,90,3,Louvain,{'resolution': 0.8},1.0,3,1.0986122886651097,0.6666666666666667,30,30,30.0,0.0,0.9999999999999667,0.0,90,712,0.17777777777777776,15.822222222222223,2.681532637122028,21,0.9199438202247178,0.08005617977528079,0.5019157088122593,0.01596372923831386,0.4873563218390793,14.555555555555555,0.08018423531874787,0.0072266536560633,0.07317073170731692,0.09012875536480668,0.5863882401211968,0.08005617977528079,0.9199438202247178
sbm_3c_30_clear_s1,sbm,90,3,Louvain,{'resolution': 1.0},1.0,3,1.0986122886651097,0.6666666666666667,30,30,30.0,0.0,0.9999999999999667,0.0,90,712,0.17777777777777776,15.822222222222223,2.681532637122028,21,0.9199438202247178,0.08005617977528079,0.5019157088122593,0.01596372923831386,0.4873563218390793,14.555555555555555,0.08018423531874787,0.0072266536560633,0.07317073170731692,0.09012875536480668,0.5863882401211968,0.08005617977528079,0.9199438202247178
sbm_3c_30_clear_s1,sbm,90,3,Louvain,{'resolution': 1.2},1.0,3,1.0986122886651097,0.6666666666666667,30,30,30.0,0.0,0.9999999999999667,0.0,90,712,0.17777777777777776,15.822222222222223,2.681532637122028,21,0.9199438202247178,0.08005617977528079,0.5019157088122593,0.01596372923831386,0.4873563218390793,14.555555555555557,0.08018423531874787,0.0072266536560633,0.07317073170731692,0.09012875536480668,0.5863882401211968,0.08005617977528079,0.9199438202247178
sbm_3c_30_clear_s1,sbm,90,3,Louvain,{'resolution': 1.5},1.0,3,1.0986122886651097,0.6666666666666667,30,30,30.0,0.0,0.9999999999999667,0.0,90,712,0.17777777777777776,15.822222222222223,2.681532637122028,21,0.9199438202247178,0.08005617977528079,0.5019157088122593,0.01596372923831386,0.4873563218390793,14.555555555555555,0.08018423531874787,0.0072266536560633,0.07317073170731692,0.09012875536480668,0.5863882401211968,0.08005617977528079,0.9199438202247178
sbm_3c_30_clear_s1,sbm,90,3,Louvain,{'resolution': 2.0},1.0,3,1.0986122886651097,0.6666666666666667,30,30,30.0,0.0,0.9999999999999667,0.0,90,712,0.17777777777777776,15.822222222222223,2.681532637122028,21,0.9199438202247178,0.08005617977528079,0.5019157088122593,0.01596372923831386,0.4873563218390793,14.555555555555555,0.08018423531874787,0.0072266536560633,0.07317073170731692,0.09012875536480668,0.5863882401211968,0.08005617977528079,0.9199438202247178
sbm_3c_30_clear_s1,sbm,90,3,Louvain,{'resolution': 3.0},0.6212411882248873,12,2.4382178812809188,0.9083950617283951,4,13,7.5,2.362907813126304,0.307692307692284,0.3150543750834652,90,712,0.17777777777777776,15.822222222222223,2.681532637122028,21,0.3595505617977523,0.6404494382022463,0.8286717911717437,0.07695208346268792,0.6794871794871709,5.249502812002811,0.6684051882523955,0.09819676214862483,0.4536082474226781,0.8275862068965374,0.269193441484661,0.6404494382022463,0.3595505617977523
sbm_3c_30_clear_s1,sbm,90,3,Leiden,{'resolution': 0.5},1.0,3,1.0986122886651097,0.6666666666666667,30,30,30.0,0.0,0.9999999999999667,0.0,90,712,0.17777777777777776,15.822222222222223,2.681532637122028,21,0.9199438202247178,0.08005617977528079,0.5019157088122593,0.01596372923831386,0.4873563218390793,14.555555555555555,0.08018423531874787,0.0072266536560633,0.07317073170731692,0.09012875536480668,0.5863882401211968,0.08005617977528079,0.9199438202247178
sbm_3c_30_clear_s1,sbm,90,3,Leiden,{'resolution': 0.8},1.0,3,1.0986122886651097,0.6666666666666667,30,30,30.0,0.0,0.9999999999999667,0.0,90,712,0.17777777777777776,15.822222222222223,2.681532637122028,21,0.9199438202247178,0.08005617977528079,0.5019157088122593,0.01596372923831386,0.4873563218390793,14.555555555555555,0.08018423531874787,0.0072266536560633,0.07317073170731692,0.09012875536480668,0.5863882401211968,0.08005617977528079,0.9199438202247178
sbm_3c_30_clear_s1,sbm,90,3,Leiden,{'resolution': 1.0},1.0,3,1.0986122886651097,0.6666666666666667,30,30,30.0,0.0,0.9999999999999667,0.0,90,712,0.17777777777777776,15.822222222222223,2.681532637122028,21,0.9199438202247178,0.08005617977528079,0.5019157088122593,0.01596372923831386,0.4873563218390793,14.555555555555555,0.08018423531874787,0.0072266536560633,0.07317073170731692,0.09012875536480668,0.5863882401211968,0.08005617977528079,0.9199438202247178
sbm_3c_30_clear_s1,sbm,90,3,Leiden,{'resolution': 1.2},1.0,3,1.0986122886651097,0.6666666666666667,30,30,30.0,0.0,0.9999999999999667,0.0,90,712,0.17777777777777776,15.822222222222223,2.681532637122028,21,0.9199438202247178,0.08005617977528079,0.5019157088122593,0.01596372923831386,0.4873563218390793,14.555555555555555,0.08018423531874787,0.0072266536560633,0.07317073170731692,0.09012875536480668,0.5863882401211968,0.08005617977528079,0.9199438202247178
sbm_3c_30_clear_s1,sbm,90,3,Leiden,{'resolution': 1.5},1.0,3,1.0986122886651097,0.6666666666666667,30,30,30.0,0.0,0.9999999999999667,0.0,90,712,0.17777777777777776,15.822222222222223,2.681532637122028,21,0.9199438202247178,0.08005617977528079,0.5019157088122593,0.01596372923831386,0.4873563218390793,14.555555555555555,0.08018423531874787,0.0072266536560633,0.07317073170731692,0.09012875536480668,0.5863882401211968,0.08005617977528079,0.9199438202247178
sbm_3c_30_clear_s1,sbm,90,3,Leiden,{'resolution': 2.0},1.0,3,1.0986122886651097,0.6666666666666667,30,30,30.0,0.0,0.9999999999999667,0.0,90,712,0.17777777777777776,15.822222222222223,2.681532637122028,21,0.9199438202247178,0.08005617977528079,0.5019157088122593,0.01596372923831386,0.4873563218390793,14.555555555555555,0.08018423531874787,0.0072266536560633,0.07317073170731692,0.09012875536480668,0.5863882401211968,0.08005617977528079,0.9199438202247178
sbm_3c_30_clear_s1,sbm,90,3,Leiden,{'resolution': 3.0},0.6111715578345848,13,2.496490508839622,0.9125925925925926,3,13,6.923076923076923,2.555884265513254,0.23076923076921302,0.3691832827963055,90,712,0.17777777777777776,15.822222222222223,2.681532637122028,21,0.34269662921348265,0.6573033707865159,0.8510472433548493,0.09126910730325553,0.6794871794871709,4.826608434300741,0.6946620035174138,0.10795926829774531,0.4536082474226781,0.8823529411764532,0.2560775943693978,0.6573033707865159,0.34269662921348265
sbm_3c_30_clear_s1,sbm,90,3,LabelProp,{'seed': 0},0.7336804366512107,2,0.6365141682928128,0.4444444444444444,30,60,45.0,15.0,0.4999999999999917,0.33333333333332593,90,712,0.17777777777777776,15.822222222222223,2.681532637122028,21,0.9494382022471897,0.05056179775280892,0.3773524254821735,0.11690044808104372,0.2604519774011298,14.850000000000001,0.07725321888412,0.0,0.07725321888412,0.07725321888412,0.3897511362201743,0.05056179775280892,0.9494382022471897
sbm_3c_30_clear_s1,sbm,90,3,LabelProp,{'seed': 1},0.7336804366512107,2,0.6365141682928128,0.4444444444444444,30,60,45.0,15.0,0.4999999999999917,0.33333333333332593,90,712,0.17777777777777776,15.822222222222223,2.681532637122028,21,0.9494382022471897,0.05056179775280892,0.3773524254821735,0.11690044808104372,0.2604519774011298,14.850000000000001,0.07725321888412,0.0,0.07725321888412,0.07725321888412,0.3897511362201743,0.05056179775280892,0.9494382022471897
sbm_3c_30_clear_s1,sbm,90,3,LabelProp,{'seed': 2},0.7336804366512107,2,0.6365141682928128,0.4444444444444444,30,60,45.0,15.0,0.4999999999999917,0.33333333333332593,90,712,0.17777777777777776,15.822222222222223,2.681532637122028,21,0.9494382022471897,0.05056179775280892,0.3773524254821735,0.11690044808104372,0.2604519774011298,14.850000000000001,0.07725321888412,0.0,0.07725321888412,0.07725321888412,0.3897511362201743,0.05056179775280892,0.9494382022471897
sbm_3c_30_clear_s1,sbm,90,3,LabelProp,{'seed': 3},0.7336804366512107,2,0.6365141682928128,0.4444444444444444,30,60,45.0,15.0,0.4999999999999917,0.33333333333332593,90,712,0.17777777777777776,15.822222222222223,2.681532637122028,21,0.9494382022471897,0.05056179775280892,0.3773524254821735,0.11690044808104372,0.2604519774011298,14.850000000000001,0.07725321888412,0.0,0.07725321888412,0.07725321888412,0.3897511362201743,0.05056179775280892,0.9494382022471897
sbm_3c_30_clear_s1,sbm,90,3,LabelProp,{'seed': 4},0.7336804366512107,2,0.6365141682928128,0.4444444444444444,30,60,45.0,15.0,0.4999999999999917,0.33333333333332593,90,712,0.17777777777777776,15.822222222222223,2.681532637122028,21,0.9494382022471897,0.05056179775280892,0.3773524254821735,0.11690044808104372,0.2604519774011298,14.850000000000001,0.07725321888412,0.0,0.07725321888412,0.07725321888412,0.3897511362201743,0.05056179775280892,0.9494382022471897
sbm_3c_30_clear_s1,sbm,90,3,Spectral,{'k': 2},0.7336804366512107,2,0.6365141682928128,0.4444444444444444,30,60,45.0,15.0,0.4999999999999917,0.33333333333332593,90,712,0.17777777777777776,15.822222222222223,2.681532637122028,21,0.9494382022471897,0.05056179775280892,0.38862263783362483,0.13551529320085662,0.25310734463276824,15.066666666666666,0.07317073170731692,0.0,0.07317073170731692,0.07317073170731692,0.40170117409418005,0.05056179775280892,0.9494382022471897
sbm_3c_30_clear_s1,sbm,90,3,Spectral,{'k': 3},1.0,3,1.0986122886651097,0.6666666666666667,30,30,30.0,0.0,0.9999999999999667,0.0,90,712,0.17777777777777776,15.822222222222223,2.681532637122028,21,0.9199438202247178,0.08005617977528079,0.5019157088122593,0.01596372923831386,0.4873563218390793,14.555555555555555,0.08018423531874787,0.0072266536560633,0.07317073170731692,0.09012875536480668,0.5863882401211968,0.08005617977528079,0.9199438202247178
sbm_3c_30_clear_s1,sbm,90,3,Spectral,{'k': 5},0.8266955425131179,5,1.559227828205655,0.777283950617284,14,30,18.0,6.06630035524124,0.46666666666665113,0.33701668640227245,90,712,0.17777777777777776,15.822222222222223,2.681532637122028,21,0.6896067415730327,0.31039325842696586,0.6031792345585398,0.04386297722346604,0.5241379310344815,10.018571428571429,0.3651697482311606,0.1487056533674132,0.07317073170731692,0.4774774774774753,0.462193062744603,0.31039325842696586,0.6896067415730327
sbm_3c_30_clear_s1,sbm,90,3,Spectral,{'k': 8},0.6755135067648691,8,2.0507816714185063,0.8671604938271604,8,18,11.25,2.817356917396161,0.4444444444444198,0.2504317259907476,90,712,0.17777777777777776,15.822222222222223,2.681532637122028,21,0.45926966292134763,0.5407303370786509,0.6858039427892226,0.06921781666924386,0.5882352941176432,6.920391414141414,0.5615523321938622,0.08454763630173957,0.3835616438356151,0.6923076923076875,0.3248780930438076,0.5407303370786509,0.45926966292134763
sbm_3c_30_clear_s1,sbm,90,3,Spectral,{'k': 10},0.6532999090373429,10,2.264658617901222,0.8923456790123456,6,14,9.0,2.4899799195977463,0.42857142857139796,0.27666443551083,90,712,0.17777777777777776,15.822222222222223,2.681532637122028,21,0.3876404494382017,0.6123595505617969,0.7297052947052678,0.0698285944899408,0.618181818181807,5.738463203463203,0.6364489215887513,0.09007668640842234,0.4847161572052381,0.7959183673469307,0.278900628077263,0.6123595505617969,0.3876404494382017
sbm_3c_30_clear_s1,sbm,90,3,GreedyMod,{},1.0,3,1.0986122886651097,0.6666666666666667,30,30,30.0,0.0,0.9999999999999667,0.0,90,712,0.17777777777777776,15.822222222222223,2.681532637122028,21,0.9199438202247178,0.08005617977528079,0.5019157088122593,0.01596372923831386,0.4873563218390793,14.555555555555557,0.08018423531874787,0.0072266536560633,0.07317073170731692,0.09012875536480668,0.5863882401211968,0.08005617977528079,0.9199438202247178
sbm_3c_30_hard_s1,sbm,90,3,Louvain,{'resolution': 0.5},0.3668496315208113,9,1.9213208683035932,0.8380246913580247,1,21,10.0,6.765927710061479,0.047619047619045354,0.6765927710060803,90,670,0.16729088639200998,14.88888888888889,3.18134997356798,28,0.3611940298507457,0.6388059701492528,0.3895065718594716,0.2788736693926432,0.0,3.7589061265531853,0.744771534896926,0.15596685703340035,0.5343283582089536,0.9999999999999376,0.19163176654043218,0.6388059701492528,0.3611940298507457
sbm_3c_30_hard_s1,sbm,90,3,Louvain,{'resolution': 0.8},0.6247331813366838,7,1.6395086836178354,0.7733333333333333,2,27,12.857142857142858,9.847821679779479,0.07407407407407134,0.7659416862050109,90,670,0.16729088639200998,14.88888888888889,3.18134997356798,28,0.4716417910447754,0.5283582089552231,0.6052447437538885,0.25469907797817376,0.3405797101449263,4.896523053665911,0.6687639772033699,0.17955306635872698,0.4219114219114209,0.9285714285713955,0.23794052127422588,0.5283582089552231,0.4716417910447754
sbm_3c_30_hard_s1,sbm,90,3,Louvain,{'resolution': 1.0},0.6223874145989238,5,1.550937195668126,0.7785185185185186,9,24,18.0,5.89915248150105,0.3749999999999844,0.3277306934167068,90,670,0.16729088639200998,14.88888888888889,3.18134997356798,28,0.4671641791044769,0.5328358208955216,0.3975210779558557,0.08018184234725707,0.3376623376623362,6.40951825951826,0.5676642367021565,0.09470081185507362,0.45169712793733563,0.6825396825396771,0.2395087992871464,0.5328358208955216,0.4671641791044769
sbm_3c_30_hard_s1,sbm,90,3,Louvain,{'resolution': 1.2},0.5798151533313103,6,1.677037623137195,0.7950617283950617,7,26,15.0,7.187952884282608,0.2692307692307589,0.4791968589521419,90,670,0.16729088639200998,14.88888888888889,3.18134997356798,28,0.43731343283582025,0.5626865671641782,0.47003190709071957,0.12176590493038197,0.2984615384615375,5.7717141246553005,0.6144374664187845,0.11346865996948402,0.4670329670329657,0.7333333333333264,0.23530519046558257,0.5626865671641782,0.43731343283582025
sbm_3c_30_hard_s1,sbm,90,3,Louvain,{'resolution': 1.5},0.4543553823639532,11,2.2965927922257974,0.8893827160493827,3,17,8.181818181818182,3.809513970864902,0.17647058823528375,0.46560726310565337,90,670,0.16729088639200998,14.88888888888889,3.18134997356798,28,0.3194029850746264,0.6805970149253721,0.6377040072226665,0.16179957995794386,0.4696969696969626,4.112630506748154,0.7233209745883508,0.08656158894453961,0.5328467153284652,0.8499999999999787,0.20557919358431723,0.6805970149253721,0.3194029850746264
sbm_3c_30_hard_s1,sbm,90,3,Louvain,{'resolution': 2.0},0.3577075113399197,15,2.6711239975249086,0.9281481481481482,4,10,6.0,1.6733200530681511,0.39999999999996,0.278886675511312,90,670,0.16729088639200998,14.88888888888889,3.18134997356798,28,0.2492537313432832,0.7507462686567152,0.7410052910052237,0.1300043175780859,0.4999999999999822,3.5357142857142856,0.7628400793940985,0.04789385732891642,0.6621621621621577,0.8214285714285567,0.1773368233459568,0.7507462686567152,0.2492537313432832
sbm_3c_30_hard_s1,sbm,90,3,Louvain,{'resolution': 3.0},0.37763988691640066,23,3.1148812721322776,0.9548148148148148,2,5,3.9130434782608696,0.7753284565272611,0.39999999999992,0.19813949444580498,90,670,0.16729088639200998,14.88888888888889,3.18134997356798,28,0.18059701492537286,0.8194029850746256,0.8999999999997896,0.10120052318886805,0.6666666666665555,2.5782608695652174,0.8265857289604391,0.038700851220188494,0.7567567567567466,0.9333333333333023,0.13499108932947207,0.8194029850746256,0.18059701492537286
sbm_3c_30_hard_s1,sbm,90,3,Leiden,{'resolution': 0.5},0.0,1,-1.000088900581841e-12,0.0,90,90,90.0,0.0,0.9999999999999889,0.0,90,670,0.16729088639200998,14.88888888888889,3.18134997356798,28,0.9999999999999984,0.0,0.16729088639200995,0.0,0.16729088639200995,14.88888888888889,0.0,0.0,0.0,0.0,0.0,0.0,0.9999999999999984
sbm_3c_30_hard_s1,sbm,90,3,Leiden,{'resolution': 0.8},0.5677309222482743,3,1.0913630698862637,0.6619753086419753,25,33,30.0,3.559026084010437,0.7575757575757346,0.11863420280034395,90,670,0.16729088639200998,14.88888888888889,3.18134997356798,28,0.5940298507462678,0.4059701492537307,0.3012284131638963,0.009175285238741424,0.28830645161290264,8.725429292929293,0.4130758062171491,0.04569563038414911,0.36452241715399536,0.4742857142857129,0.2525295165961239,0.4059701492537307,0.5940298507462678
sbm_3c_30_hard_s1,sbm,90,3,Leiden,{'resolution': 1.0},0.4666858802834925,3,1.0960535049616285,0.6649382716049383,28,33,30.0,2.160246899469287,0.8484848484848228,0.07200822998230717,90,670,0.16729088639200998,14.88888888888889,3.18134997356798,28,0.5820895522388051,0.4179104477611934,0.30088273263560544,0.028589216138731204,0.26325757575757525,8.673433845847638,0.4184893331186881,0.016742895446015513,0.39866369710467614,0.4396135265700472,0.24764646914680333,0.4179104477611934,0.5820895522388051
sbm_3c_30_hard_s1,sbm,90,3,Leiden,{'resolution': 1.2},0.32743710105237156,7,1.8903278549371865,0.8395061728395061,8,23,12.857142857142858,4.517539514526256,0.34782608695650663,0.35136418446312584,90,670,0.16729088639200998,14.88888888888889,3.18134997356798,28,0.39402985074626806,0.6059701492537304,0.48248301043331177,0.07913153192575051,0.37549407114624356,5.438976482454743,0.6343838271450711,0.07970567900218438,0.4662921348314593,0.7377049180327808,0.2314167966139452,0.6059701492537304,0.39402985074626806
sbm_3c_30_hard_s1,sbm,90,3,Leiden,{'resolution': 1.5},0.33729526484881706,10,2.249419741143324,0.8898765432098765,5,13,9.0,2.8635642126552705,0.38461538461535505,0.3181738014061058,90,670,0.16729088639200998,14.88888888888889,3.18134997356798,28,0.3208955223880592,0.6791044776119393,0.5674214674214421,0.0636810227514251,0.4743589743589683,4.394396714396715,0.7046548463640725,0.07619350739207692,0.6042780748663069,0.8181818181818058,0.20931833370461125,0.6791044776119393,0.3208955223880592
sbm_3c_30_hard_s1,sbm,90,3,Leiden,{'resolution': 2.0},0.3293159106782312,14,2.6095265275613606,0.9244444444444444,4,9,6.428571428571429,1.5452362609131383,0.44444444444439507,0.24037008503089521,90,670,0.16729088639200998,14.88888888888889,3.18134997356798,28,0.25970149253731306,0.7402985074626854,0.7074263038548205,0.10829048895822277,0.5357142857142666,3.7123015873015865,0.7511976534493583,0.04845317736628546,0.653543307086609,0.8333333333333194,0.18430162619737137,0.7402985074626854,0.25970149253731306
sbm_3c_30_hard_s1,sbm,90,3,Leiden,{'resolution': 3.0},0.31194345137083057,25,3.161860211601408,0.9558024691358025,1,6,3.6,1.1661903789690602,0.16666666666663887,0.32394177193576007,90,670,0.16729088639200998,14.88888888888889,3.18134997356798,28,0.17910447761194004,0.8208955223880584,0.8946666666663632,0.20015105406765812,0.0,2.364,0.8402114752657148,0.06399522623826569,0.7272727272727191,0.9999999999999413,0.13480285141456894,0.8208955223880584,0.17910447761194004
sbm_3c_30_hard_s1,sbm,90,3,LabelProp,{'seed': 0},0.0,1,-1.000088900581841e-12,0.0,90,90,90.0,0.0,0.9999999999999889,0.0,90,670,0.16729088639200998,14.88888888888889,3.18134997356798,28,0.9999999999999984,0.0,0.16729088639200995,0.0,0.16729088639200995,14.88888888888889,0.0,0.0,0.0,0.0,0.0,0.0,0.9999999999999984
sbm_3c_30_hard_s1,sbm,90,3,LabelProp,{'seed': 1},0.0,1,-1.000088900581841e-12,0.0,90,90,90.0,0.0,0.9999999999999889,0.0,90,670,0.16729088639200998,14.88888888888889,3.18134997356798,28,0.9999999999999984,0.0,0.16729088639200995,0.0,0.16729088639200995,14.88888888888889,0.0,0.0,0.0,0.0,0.0,0.0,0.9999999999999984
sbm_3c_30_hard_s1,sbm,90,3,LabelProp,{'seed': 2},0.0,1,-1.000088900581841e-12,0.0,90,90,90.0,0.0,0.9999999999999889,0.0,90,670,0.16729088639200998,14.88888888888889,3.18134997356798,28,0.9999999999999984,0.0,0.16729088639200995,0.0,0.16729088639200995,14.88888888888889,0.0,0.0,0.0,0.0,0.0,0.0,0.9999999999999984
sbm_3c_30_hard_s1,sbm,90,3,LabelProp,{'seed': 3},0.0,1,-1.000088900581841e-12,0.0,90,90,90.0,0.0,0.9999999999999889,0.0,90,670,0.16729088639200998,14.88888888888889,3.18134997356798,28,0.9999999999999984,0.0,0.16729088639200995,0.0,0.16729088639200995,14.88888888888889,0.0,0.0,0.0,0.0,0.0,0.0,0.9999999999999984
sbm_3c_30_hard_s1,sbm,90,3,LabelProp,{'seed': 4},0.0,1,-1.000088900581841e-12,0.0,90,90,90.0,0.0,0.9999999999999889,0.0,90,670,0.16729088639200998,14.88888888888889,3.18134997356798,28,0.9999999999999984,0.0,0.16729088639200995,0.0,0.16729088639200995,14.88888888888889,0.0,0.0,0.0,0.0,0.0,0.0,0.9999999999999984
sbm_3c_30_hard_s1,sbm,90,3,Spectral,{'k': 2},0.3514192524443387,2,0.6508180758695588,0.45827160493827157,32,58,45.0,13.0,0.5517241379310249,0.2888888888888825,90,670,0.16729088639200998,14.88888888888889,3.18134997356798,28,0.7208955223880587,0.27910447761193985,0.2561691352965279,0.05834699373572948,0.19782214156079844,10.512931034482758,0.3747494989979952,0.0,0.3747494989979952,0.3747494989979952,0.1883259077745601,0.27910447761193985,0.7208955223880587
sbm_3c_30_hard_s1,sbm,90,3,Spectral,{'k': 3},0.6169219160186393,3,1.0986122886651097,0.6666666666666667,30,30,30.0,0.0,0.9999999999999667,0.0,90,670,0.16729088639200998,14.88888888888889,3.18134997356798,28,0.5746268656716409,0.42537313432835755,0.29501915708812193,0.02067545986702224,0.27816091954022926,8.555555555555555,0.4260251146954353,0.016674785738353116,0.4025423728813551,0.43963553530751603,0.24072956114947652,0.42537313432835755,0.5746268656716409
sbm_3c_30_hard_s1,sbm,90,3,Spectral,{'k': 5},0.44785664593608376,5,1.589568267987993,0.7920987654320988,13,23,18.0,3.5777087639996634,0.5652173913043232,0.19876159799997029,90,670,0.16729088639200998,14.88888888888889,3.18134997356798,28,0.42985074626865605,0.5701492537313424,0.3722526450531537,0.03140125887042705,0.32411067193675763,6.228656445855934,0.5809948912494114,0.05107481544530208,0.5060240963855406,0.6451612903225772,0.22025284027623077,0.5701492537313424,0.42985074626865605
sbm_3c_30_hard_s1,sbm,90,3,Spectral,{'k': 8},0.3542486165911714,8,2.051727895574794,0.8681481481481481,7,15,11.25,2.6339134382131846,0.46666666666663553,0.23412563895226227,90,670,0.16729088639200998,14.88888888888889,3.18134997356798,28,0.3328358208955219,0.6671641791044766,0.48283730158729044,0.10142600445312594,0.3714285714285679,4.781547619047619,0.6775187723575369,0.05179967827941332,0.5708502024291475,0.7727272727272669,0.19797282245488976,0.6671641791044766,0.3328358208955219
sbm_3c_30_hard_s1,sbm,90,3,Spectral,{'k': 10},0.3409880853790466,10,2.2411487592137176,0.8864197530864197,6,17,9.0,3.3166247903554,0.3529411764705675,0.3685138655950035,90,670,0.16729088639200998,14.88888888888889,3.18134997356798,28,0.29999999999999954,0.699999999999999,0.5415779645191182,0.09932173950335745,0.393939393939388,4.081387403446227,0.7241070480450731,0.06374067942956739,0.5683453237410051,0.7936507936507874,0.18249498774782805,0.699999999999999,0.29999999999999954
sbm_3c_30_hard_s1,sbm,90,3,GreedyMod,{},0.6757454783552882,4,1.2675622756031175,0.7034567901234567,6,31,22.5,9.7082439194738,0.19354838709676797,0.43147750753214975,90,670,0.16729088639200998,14.88888888888889,3.18134997356798,28,0.5283582089552231,0.4716417910447754,0.33086113408693324,0.0446544621350224,0.27956989247311764,6.7050363018104955,0.5502913184467381,0.18559820591153628,0.4157303370786507,0.869565217391295,0.23338494096680773,0.4716417910447754,0.5283582089552231
sbm_10c_30_clear_s1,sbm,300,10,Louvain,{'resolution': 0.5},1.0,10,2.3025850929840455,0.8999999999999999,30,30,30.0,0.0,0.9999999999999667,0.0,300,2149,0.047915273132664436,14.326666666666666,3.0681083567711376,23,0.8045602605863189,0.1954397394136807,0.39747126436781516,0.016844473656756162,0.3724137931034474,11.526666666666667,0.19542067592137363,0.009082294347605777,0.18385650224215205,0.21395348837209252,0.7043901943635628,0.1954397394136807,0.8045602605863189
sbm_10c_30_clear_s1,sbm,300,10,Louvain,{'resolution': 0.8},1.0,10,2.3025850929840455,0.8999999999999999,30,30,30.0,0.0,0.9999999999999667,0.0,300,2149,0.047915273132664436,14.326666666666666,3.0681083567711376,23,0.8045602605863189,0.1954397394136807,0.39747126436781516,0.016844473656756162,0.3724137931034474,11.526666666666667,0.19542067592137363,0.009082294347605777,0.18385650224215205,0.21395348837209252,0.7043901943635628,0.1954397394136807,0.8045602605863189
sbm_10c_30_clear_s1,sbm,300,10,Louvain,{'resolution': 1.0},1.0,10,2.3025850929840455,0.8999999999999999,30,30,30.0,0.0,0.9999999999999667,0.0,300,2149,0.047915273132664436,14.326666666666666,3.0681083567711376,23,0.8045602605863189,0.1954397394136807,0.39747126436781516,0.016844473656756162,0.3724137931034474,11.526666666666667,0.19542067592137363,0.009082294347605777,0.18385650224215205,0.21395348837209252,0.7043901943635628,0.1954397394136807,0.8045602605863189
sbm_10c_30_clear_s1,sbm,300,10,Louvain,{'resolution': 1.2},1.0,10,2.3025850929840455,0.8999999999999999,30,30,30.0,0.0,0.9999999999999667,0.0,300,2149,0.047915273132664436,14.326666666666666,3.0681083567711376,23,0.8045602605863189,0.1954397394136807,0.39747126436781516,0.016844473656756162,0.3724137931034474,11.526666666666667,0.19542067592137363,0.009082294347605777,0.18385650224215205,0.21395348837209252,0.7043901943635628,0.1954397394136807,0.8045602605863189
sbm_10c_30_clear_s1,sbm,300,10,Louvain,{'resolution': 1.5},1.0,10,2.3025850929840455,0.8999999999999999,30,30,30.0,0.0,0.9999999999999667,0.0,300,2149,0.047915273132664436,14.326666666666666,3.0681083567711376,23,0.8045602605863189,0.1954397394136807,0.39747126436781516,0.016844473656756162,0.3724137931034474,11.526666666666667,0.19542067592137363,0.009082294347605777,0.18385650224215205,0.21395348837209252,0.7043901943635628,0.1954397394136807,0.8045602605863189
sbm_10c_30_clear_s1,sbm,300,10,Louvain,{'resolution': 2.0},1.0,10,2.3025850929840455,0.8999999999999999,30,30,30.0,0.0,0.9999999999999667,0.0,300,2149,0.047915273132664436,14.326666666666666,3.0681083567711376,23,0.8045602605863189,0.1954397394136807,0.39747126436781516,0.016844473656756162,0.3724137931034474,11.526666666666667,0.19542067592137363,0.009082294347605777,0.18385650224215205,0.21395348837209252,0.7043901943635628,0.1954397394136807,0.8045602605863189
sbm_10c_30_clear_s1,sbm,300,10,Louvain,{'resolution': 3.0},1.0,10,2.3025850929840455,0.8999999999999999,30,30,30.0,0.0,0.9999999999999667,0.0,300,2149,0.047915273132664436,14.326666666666666,3.0681083567711376,23,0.8045602605863189,0.1954397394136807,0.39747126436781516,0.016844473656756162,0.3724137931034474,11.526666666666667,0.19542067592137363,0.009082294347605779,0.18385650224215205,0.21395348837209252,0.7043901943635626,0.1954397394136807,0.8045602605863189
sbm_10c_30_clear_s1,sbm,300,10,Leiden,{'resolution': 0.5},1.0,10,2.3025850929840455,0.8999999999999999,30,30,30.0,0.0,0.9999999999999667,0.0,300,2149,0.047915273132664436,14.326666666666666,3.0681083567711376,23,0.8045602605863189,0.1954397394136807,0.3974712643678152,0.016844473656756162,0.3724137931034474,11.526666666666666,0.19542067592137363,0.009082294347605779,0.18385650224215205,0.21395348837209252,0.7043901943635628,0.1954397394136807,0.8045602605863189
sbm_10c_30_clear_s1,sbm,300,10,Leiden,{'resolution': 0.8},1.0,10,2.3025850929840455,0.8999999999999999,30,30,30.0,0.0,0.9999999999999667,0.0,300,2149,0.047915273132664436,14.326666666666666,3.0681083567711376,23,0.8045602605863189,0.1954397394136807,0.3974712643678152,0.016844473656756162,0.3724137931034474,11.526666666666666,0.19542067592137363,0.009082294347605779,0.18385650224215205,0.21395348837209252,0.7043901943635628,0.1954397394136807,0.8045602605863189
sbm_10c_30_clear_s1,sbm,300,10,Leiden,{'resolution': 1.0},1.0,10,2.3025850929840455,0.8999999999999999,30,30,30.0,0.0,0.9999999999999667,0.0,300,2149,0.047915273132664436,14.326666666666666,3.0681083567711376,23,0.8045602605863189,0.1954397394136807,0.3974712643678152,0.016844473656756162,0.3724137931034474,11.526666666666666,0.19542067592137363,0.009082294347605779,0.18385650224215205,0.21395348837209252,0.7043901943635628,0.1954397394136807,0.8045602605863189
sbm_10c_30_clear_s1,sbm,300,10,Leiden,{'resolution': 1.2},1.0,10,2.3025850929840455,0.8999999999999999,30,30,30.0,0.0,0.9999999999999667,0.0,300,2149,0.047915273132664436,14.326666666666666,3.0681083567711376,23,0.8045602605863189,0.1954397394136807,0.3974712643678152,0.016844473656756162,0.3724137931034474,11.526666666666666,0.19542067592137363,0.009082294347605779,0.18385650224215205,0.21395348837209252,0.7043901943635628,0.1954397394136807,0.8045602605863189
sbm_10c_30_clear_s1,sbm,300,10,Leiden,{'resolution': 1.5},1.0,10,2.3025850929840455,0.8999999999999999,30,30,30.0,0.0,0.9999999999999667,0.0,300,2149,0.047915273132664436,14.326666666666666,3.0681083567711376,23,0.8045602605863189,0.1954397394136807,0.3974712643678152,0.016844473656756162,0.3724137931034474,11.526666666666666,0.19542067592137363,0.009082294347605779,0.18385650224215205,0.21395348837209252,0.7043901943635628,0.1954397394136807,0.8045602605863189
sbm_10c_30_clear_s1,sbm,300,10,Leiden,{'resolution': 2.0},1.0,10,2.3025850929840455,0.8999999999999999,30,30,30.0,0.0,0.9999999999999667,0.0,300,2149,0.047915273132664436,14.326666666666666,3.0681083567711376,23,0.8045602605863189,0.1954397394136807,0.3974712643678152,0.016844473656756162,0.3724137931034474,11.526666666666666,0.19542067592137363,0.009082294347605779,0.18385650224215205,0.21395348837209252,0.7043901943635628,0.1954397394136807,0.8045602605863189
sbm_10c_30_clear_s1,sbm,300,10,Leiden,{'resolution': 3.0},1.0,10,2.3025850929840455,0.8999999999999999,30,30,30.0,0.0,0.9999999999999667,0.0,300,2149,0.047915273132664436,14.326666666666666,3.0681083567711376,23,0.8045602605863189,0.1954397394136807,0.39747126436781516,0.01684447365675616,0.3724137931034474,11.526666666666666,0.19542067592137363,0.009082294347605779,0.18385650224215205,0.21395348837209252,0.7043901943635628,0.1954397394136807,0.8045602605863189
sbm_10c_30_clear_s1,sbm,300,10,LabelProp,{'seed': 0},1.0,10,2.3025850929840455,0.8999999999999999,30,30,30.0,0.0,0.9999999999999667,0.0,300,2149,0.047915273132664436,14.326666666666666,3.0681083567711376,23,0.8045602605863189,0.1954397394136807,0.3974712643678151,0.01684447365675616,0.3724137931034474,11.526666666666667,0.1954206759213736,0.009082294347605777,0.18385650224215205,0.21395348837209252,0.7043901943635629,0.1954397394136807,0.8045602605863189
sbm_10c_30_clear_s1,sbm,300,10,LabelProp,{'seed': 1},1.0,10,2.3025850929840455,0.8999999999999999,30,30,30.0,0.0,0.9999999999999667,0.0,300,2149,0.047915273132664436,14.326666666666666,3.0681083567711376,23,0.8045602605863189,0.1954397394136807,0.3974712643678151,0.01684447365675616,0.3724137931034474,11.526666666666667,0.1954206759213736,0.009082294347605777,0.18385650224215205,0.21395348837209252,0.7043901943635629,0.1954397394136807,0.8045602605863189
sbm_10c_30_clear_s1,sbm,300,10,LabelProp,{'seed': 2},1.0,10,2.3025850929840455,0.8999999999999999,30,30,30.0,0.0,0.9999999999999667,0.0,300,2149,0.047915273132664436,14.326666666666666,3.0681083567711376,23,0.8045602605863189,0.1954397394136807,0.3974712643678151,0.01684447365675616,0.3724137931034474,11.526666666666667,0.1954206759213736,0.009082294347605777,0.18385650224215205,0.21395348837209252,0.7043901943635629,0.1954397394136807,0.8045602605863189
sbm_10c_30_clear_s1,sbm,300,10,LabelProp,{'seed': 3},1.0,10,2.3025850929840455,0.8999999999999999,30,30,30.0,0.0,0.9999999999999667,0.0,300,2149,0.047915273132664436,14.326666666666666,3.0681083567711376,23,0.8045602605863189,0.1954397394136807,0.3974712643678151,0.01684447365675616,0.3724137931034474,11.526666666666667,0.1954206759213736,0.009082294347605777,0.18385650224215205,0.21395348837209252,0.7043901943635629,0.1954397394136807,0.8045602605863189
sbm_10c_30_clear_s1,sbm,300,10,LabelProp,{'seed': 4},1.0,10,2.3025850929840455,0.8999999999999999,30,30,30.0,0.0,0.9999999999999667,0.0,300,2149,0.047915273132664436,14.326666666666666,3.0681083567711376,23,0.8045602605863189,0.1954397394136807,0.3974712643678151,0.01684447365675616,0.3724137931034474,11.526666666666667,0.1954206759213736,0.009082294347605777,0.18385650224215205,0.21395348837209252,0.7043901943635629,0.1954397394136807,0.8045602605863189
sbm_10c_30_clear_s1,sbm,300,10,Spectral,{'k': 2},0.4253411218816331,2,0.6716369468562463,0.47864444444444443,119,181,150.0,31.0,0.657458563535908,0.2066666666666653,300,2149,0.047915273132664436,14.326666666666666,3.0681083567711376,23,0.8985574685900415,0.10144253140995808,0.0897009488940877,0.017263870932147866,0.07243707796193984,12.830261386322483,0.12674418604651155,0.0,0.12674418604651155,0.12674418604651155,0.37863185253305354,0.10144253140995808,0.8985574685900415
sbm_10c_30_clear_s1,sbm,300,10,Spectral,{'k': 3},0.6421375612179435,3,1.0888999753422237,0.66,90,120,100.0,14.142135623730951,0.7499999999999938,0.14142135623730812,300,2149,0.047915273132664436,14.326666666666666,3.0681083567711376,23,0.8687761749650996,0.1312238250348999,0.12728679486775982,0.014181414818213747,0.10770308123249299,12.405555555555557,0.13332692033752722,0.014012582943587636,0.11354466858789619,0.14423076923076913,0.5278991754581492,0.1312238250348999,0.8687761749650996
sbm_10c_30_clear_s1,sbm,300,10,Spectral,{'k': 5},0.7725600140601195,5,1.4730774145582033,0.741311111111111,30,119,60.0,32.5023076103836,0.25210084033613234,0.5417051268397177,300,2149,0.047915273132664436,14.326666666666666,3.0681083567711376,23,0.8464402047463934,0.15355979525360627,0.264087450695371,0.11879071114277993,0.10297678393391253,12.023038986086238,0.16501069424888262,0.022088290315013533,0.12416717141126583,0.1853658536585361,0.5921897942510514,0.15355979525360627,0.8464402047463934
sbm_10c_30_clear_s1,sbm,300,10,Spectral,{'k': 8},0.9359370254787317,8,2.0253262207620675,0.86,30,60,37.5,12.99038105676658,0.4999999999999917,0.3464101615137662,300,2149,0.047915273132664436,14.326666666666666,3.0681083567711376,23,0.817589576547231,0.18241042345276864,0.3481857588155068,0.08440751197701193,0.2039548022598869,11.629166666666666,0.18532252533990345,0.009754422498555992,0.16589861751152055,0.20093457943925186,0.6762599765579713,0.18241042345276864,0.817589576547231
sbm_10c_30_clear_s1,sbm,300,10,Spectral,{'k': 10},1.0,10,2.3025850929840455,0.8999999999999999,30,30,30.0,0.0,0.9999999999999667,0.0,300,2149,0.047915273132664436,14.326666666666666,3.0681083567711376,23,0.8045602605863189,0.1954397394136807,0.39747126436781516,0.016844473656756162,0.3724137931034474,11.526666666666667,0.19542067592137363,0.009082294347605777,0.18385650224215205,0.21395348837209252,0.7043901943635626,0.1954397394136807,0.8045602605863189
sbm_10c_30_clear_s1,sbm,300,10,GreedyMod,{},0.9574760600156232,10,2.301473281092808,0.8997777777777778,28,32,30.0,1.4142135623730951,0.8749999999999726,0.0471404520791016,300,2149,0.047915273132664436,14.326666666666666,3.0681083567711376,23,0.7775709632387153,0.22242903676128423,0.3856345012977373,0.028497069865056426,0.334677419354838,11.148418149796068,0.22257250717939794,0.021082210988833228,0.19047619047619002,0.2611764705882347,0.6774398732320226,0.22242903676128423,0.7775709632387153
sbm_10c_30_moderate_s1,sbm,300,10,Louvain,{'resolution': 0.5},0.7879948289330218,17,2.59848476514124,0.9133333333333333,4,38,17.647058823529413,12.141039670911937,0.10526315789473406,0.6879922480183042,300,2257,0.05032329988851728,15.046666666666667,3.5115745123171678,26,0.4080638015064243,0.5919361984935753,0.44401326124969365,0.22872283082664702,0.1756756756756754,5.066275700560542,0.6608075749481406,0.10735168162945985,0.4980988593155884,0.8309859154929461,0.3198795300162994,0.5919361984935753,0.4080638015064243
sbm_10c_30_moderate_s1,sbm,300,10,Louvain,{'resolution': 0.8},0.8512688156257416,8,2.0156185803390447,0.8572888888888889,26,65,37.5,14.115594213493104,0.39999999999999386,0.3764158456931394,300,2257,0.05032329988851728,15.046666666666667,3.5115745123171678,26,0.49977846699158157,0.5002215330084181,0.22172803312497041,0.05697733541518841,0.1225961538461538,7.351797847849015,0.5123794489212523,0.04618611328134094,0.4454342984409794,0.5800865800865788,0.35761601429432655,0.5002215330084181,0.49977846699158157
sbm_10c_30_moderate_s1,sbm,300,10,Louvain,{'resolution': 1.0},0.9406308552935534,10,2.2993263513496074,0.8993555555555556,25,34,30.0,2.4083189157584592,0.7352941176470371,0.08027729719194597,300,2257,0.05032329988851728,15.046666666666667,3.5115745123171678,26,0.47009304386353545,0.5299069561364641,0.24416547686478268,0.01744354241749313,0.19964349376114046,7.053313790355864,0.5309692495166651,0.03214451891766407,0.4724770642201824,0.589610389610388,0.36929964749063077,0.5299069561364641,0.47009304386353545
sbm_10c_30_moderate_s1,sbm,300,10,Louvain,{'resolution': 1.2},0.9206530726094754,10,2.296511235487047,0.8987777777777778,25,37,30.0,3.3166247903554,0.6756756756756573,0.11055415967850965,300,2257,0.05032329988851728,15.046666666666667,3.5115745123171678,26,0.4647762516614974,0.5352237483385022,0.24179649768804326,0.02181828262144336,0.1846846846846844,6.961179692788147,0.5373761650091566,0.03888429955626837,0.4724770642201824,0.6021798365122599,0.36355637725510687,0.5352237483385022,0.4647762516614974
sbm_10c_30_moderate_s1,sbm,300,10,Louvain,{'resolution': 1.5},0.951382936414761,10,2.301239242834581,0.8997333333333333,27,32,30.0,1.5491933384829668,0.8437499999999736,0.05163977794943051,300,2257,0.05032329988851728,15.046666666666667,3.5115745123171678,26,0.4718653079308815,0.5281346920691181,0.2448417061556655,0.015070338626368267,0.22177419354838665,7.090204967600686,0.528400390208018,0.030211887821073303,0.4724770642201824,0.5813953488372079,0.3714442087227665,0.5281346920691181,0.4718653079308815
sbm_10c_30_moderate_s1,sbm,300,10,Louvain,{'resolution': 2.0},0.9088569829515717,12,2.380773380711625,0.9046666666666666,2,34,25.0,9.486832980505138,0.05882352941176297,0.3794733192201904,300,2257,0.05032329988851728,15.046666666666667,3.5115745123171678,26,0.45724412937527675,0.5427558706247229,0.33592355784761413,0.21488683253868585,0.20855614973261993,6.180796820539345,0.5887181869832633,0.12535630855379512,0.48113207547169695,0.9199999999999633,0.3618441832813151,0.5427558706247229,0.45724412937527675
sbm_10c_30_moderate_s1,sbm,300,10,Louvain,{'resolution': 3.0},0.7443154099236848,25,3.123496748169062,0.9522666666666667,3,28,12.0,5.276362383309167,0.10714285714285332,0.4396968652757273,300,2257,0.05032329988851728,15.046666666666667,3.5115745123171678,26,0.3247673903411607,0.6752326096588389,0.4555539884951396,0.14698000377166637,0.24603174603174535,4.402637806637806,0.7073389134986969,0.08178564668610519,0.5326633165829132,0.8604651162790498,0.2773933858900847,0.6752326096588389,0.3247673903411607
sbm_10c_30_moderate_s1,sbm,300,10,Leiden,{'resolution': 0.5},0.0,1,-1.000088900581841e-12,0.0,300,300,300.0,0.0,0.9999999999999966,0.0,300,2257,0.05032329988851728,15.046666666666667,3.5115745123171678,26,0.9999999999999996,0.0,0.05032329988851728,0.0,0.05032329988851728,15.046666666666667,0.0,0.0,0.0,0.0,0.0,0.0,0.9999999999999996
sbm_10c_30_moderate_s1,sbm,300,10,Leiden,{'resolution': 0.8},0.8553017075105538,7,1.8907215959427615,0.8412,29,60,42.857142857142854,14.317108361562914,0.4833333333333253,0.3340658617697935,300,2257,0.05032329988851728,15.046666666666667,3.5115745123171678,26,0.5228178998670799,0.4771821001329196,0.19996573970962347,0.05043959160001923,0.131638418079096,7.663013452551733,0.48910812937157633,0.04201661614505526,0.43956043956043905,0.5550561797752797,0.3628411308960711,0.4771821001329196,0.5228178998670799
sbm_10c_30_moderate_s1,sbm,300,10,Leiden,{'resolution': 1.0},0.9809343473489801,10,2.3022478642727426,0.8999333333333333,28,31,30.0,0.7745966692414834,0.9032258064515838,0.025819888974715256,300,2257,0.05032329988851728,15.046666666666667,3.5115745123171678,26,0.473194505981391,0.5268054940186085,0.24558204000918069,0.014590158045720728,0.22150537634408554,7.118479262672811,0.5265718735203017,0.027320540671953334,0.4724770642201824,0.5714285714285701,0.37298345579322073,0.5268054940186085,0.473194505981391
sbm_10c_30_moderate_s1,sbm,300,10,Leiden,{'resolution': 1.2},0.9746124969211996,10,2.302362829591259,0.8999555555555555,29,31,30.0,0.6324555320336759,0.9354838709677118,0.021081851067788496,300,2257,0.05032329988851728,15.046666666666667,3.5115745123171678,26,0.473194505981391,0.5268054940186085,0.24556014619418348,0.01446266986574554,0.22150537634408554,7.119021134593995,0.5265095207864644,0.02744434834677307,0.4724770642201824,0.5742793791574267,0.37299847331660924,0.5268054940186085,0.473194505981391
sbm_10c_30_moderate_s1,sbm,300,10,Leiden,{'resolution': 1.5},0.9746124969211996,10,2.302362829591259,0.8999555555555555,29,31,30.0,0.6324555320336759,0.9354838709677118,0.021081851067788496,300,2257,0.05032329988851728,15.046666666666667,3.5115745123171678,26,0.473194505981391,0.5268054940186085,0.24556014619418343,0.014462669865745542,0.22150537634408554,7.119021134593995,0.5265095207864644,0.02744434834677307,0.4724770642201824,0.5742793791574267,0.37299847331660924,0.5268054940186085,0.473194505981391
sbm_10c_30_moderate_s1,sbm,300,10,Leiden,{'resolution': 2.0},0.9602598353756868,12,2.3402818535812853,0.9016222222222222,1,31,25.0,10.622303579418794,0.03225806451612799,0.4248921431767348,300,2257,0.05032329988851728,15.046666666666667,3.5115745123171678,26,0.469649977846699,0.5303500221533006,0.29054354926982806,0.225076419203141,0.0,6.017461376838463,0.6000865361333847,0.16868128693993825,0.4724770642201824,0.9999999999999413,0.3714417548790755,0.5303500221533006,0.469649977846699
sbm_10c_30_moderate_s1,sbm,300,10,Leiden,{'resolution': 3.0},0.7709571692122729,25,3.0895749653813738,0.9497555555555556,3,30,12.0,6.072890580275591,0.09999999999999667,0.5060742150229237,300,2257,0.05032329988851728,15.046666666666667,3.5115745123171678,26,0.3354009747452369,0.6645990252547627,0.47426661219397453,0.18324897087479508,0.26206896551724074,4.350990675990676,0.710735909437425,0.09706291673495238,0.4782608695652163,0.8775510204081454,0.2854778193142626,0.6645990252547627,0.3354009747452369
sbm_10c_30_moderate_s1,sbm,300,10,LabelProp,{'seed': 0},0.0,1,-1.000088900581841e-12,0.0,300,300,300.0,0.0,0.9999999999999966,0.0,300,2257,0.05032329988851728,15.046666666666667,3.5115745123171678,26,0.9999999999999996,0.0,0.05032329988851728,0.0,0.05032329988851728,15.046666666666667,0.0,0.0,0.0,0.0,0.0,0.0,0.9999999999999996
sbm_10c_30_moderate_s1,sbm,300,10,LabelProp,{'seed': 1},0.0,1,-1.000088900581841e-12,0.0,300,300,300.0,0.0,0.9999999999999966,0.0,300,2257,0.05032329988851728,15.046666666666667,3.5115745123171678,26,0.9999999999999996,0.0,0.05032329988851728,0.0,0.05032329988851728,15.046666666666667,0.0,0.0,0.0,0.0,0.0,0.0,0.9999999999999996
sbm_10c_30_moderate_s1,sbm,300,10,LabelProp,{'seed': 2},0.0,1,-1.000088900581841e-12,0.0,300,300,300.0,0.0,0.9999999999999966,0.0,300,2257,0.05032329988851728,15.046666666666667,3.5115745123171678,26,0.9999999999999996,0.0,0.05032329988851728,0.0,0.05032329988851728,15.046666666666667,0.0,0.0,0.0,0.0,0.0,0.0,0.9999999999999996
sbm_10c_30_moderate_s1,sbm,300,10,LabelProp,{'seed': 3},0.0,1,-1.000088900581841e-12,0.0,300,300,300.0,0.0,0.9999999999999966,0.0,300,2257,0.05032329988851728,15.046666666666667,3.5115745123171678,26,0.9999999999999996,0.0,0.05032329988851728,0.0,0.05032329988851728,15.046666666666667,0.0,0.0,0.0,0.0,0.0,0.0,0.9999999999999996
sbm_10c_30_moderate_s1,sbm,300,10,LabelProp,{'seed': 4},0.0,1,-1.000088900581841e-12,0.0,300,300,300.0,0.0,0.9999999999999966,0.0,300,2257,0.05032329988851728,15.046666666666667,3.5115745123171678,26,0.9999999999999996,0.0,0.05032329988851728,0.0,0.05032329988851728,15.046666666666667,0.0,0.0,0.0,0.0,0.0,0.0,0.9999999999999996
sbm_10c_30_moderate_s1,sbm,300,10,Spectral,{'k': 2},0.2803509927902015,2,0.6925915220759793,0.49944444444444436,145,155,150.0,5.0,0.9354838709677359,0.03333333333333311,300,2257,0.05032329988851728,15.046666666666667,3.5115745123171678,26,0.7080194949047405,0.2919805050952591,0.07157128651845002,0.0022792881941936446,0.06929199832425638,10.652725250278088,0.29940935938209895,0.0,0.29940935938209895,0.29940935938209895,0.20771168475214905,0.2919805050952591,0.7080194949047405
sbm_10c_30_moderate_s1,sbm,300,10,Spectral,{'k': 3},0.45837574142891757,3,0.9464440371077492,0.5827777777777777,30,145,100.0,50.16638981097471,0.2068965517241365,0.5016638981097421,300,2257,0.05032329988851728,15.046666666666667,3.5115745123171678,26,0.6756756756756754,0.3243243243243242,0.14020117002430663,0.08786212053985705,0.07404214559386972,9.506911877394636,0.36394054577082335,0.07788586808452069,0.29341864716636185,0.4724770642201824,0.2560909798865303,0.3243243243243242,0.6756756756756754
sbm_10c_30_moderate_s1,sbm,300,10,Spectral,{'k': 5},0.6267071229564081,5,1.5406787526755386,0.7730888888888889,29,94,60.0,22.009089031579656,0.30851063829786907,0.3668181505263215,300,2257,0.05032329988851728,15.046666666666667,3.5115745123171678,26,0.5307930881701372,0.46920691182986246,0.1513711376937921,0.061964249772050846,0.0981468771448181,7.762174613331308,0.4814215366053879,0.04727799208944172,0.39704848910751905,0.5347661188369146,0.30176290019982144,0.46920691182986246,0.5307930881701372
sbm_10c_30_moderate_s1,sbm,300,10,Spectral,{'k': 8},0.8464552901604738,8,2.030942147118315,0.8615777777777778,29,62,37.5,12.288205727444508,0.4677419354838634,0.3276854860651781,300,2257,0.05032329988851728,15.046666666666667,3.5115745123171678,26,0.48382809038546726,0.5161719096145324,0.21153574046975598,0.04626012579047803,0.12374405076679,7.17266280715947,0.5190251422945042,0.031093061489048338,0.4724770642201824,0.580152671755724,0.3427168643254119,0.5161719096145324,0.48382809038546726
sbm_10c_30_moderate_s1,sbm,300,10,Spectral,{'k': 10},0.9554944601295184,10,2.3018069236456404,0.8998444444444444,28,32,30.0,1.1832159566199232,0.8749999999999726,0.03944053188732946,300,2257,0.05032329988851728,15.046666666666667,3.5115745123171678,26,0.4656623836951704,0.5343376163048292,0.2423879707611626,0.02196469062485741,0.21149425287356272,7.011926346734467,0.5335921800344723,0.0336367262446936,0.4724770642201824,0.6025917926565861,0.365372516047647,0.5343376163048292,0.4656623836951704
sbm_10c_30_moderate_s1,sbm,300,10,GreedyMod,{},0.3881861601071949,5,1.4743033943934405,0.7515777777777778,16,93,60.0,29.52287248897031,0.17204301075268633,0.49204787481616363,300,2257,0.05032329988851728,15.046666666666667,3.5115745123171678,26,0.5268054940186085,0.473194505981391,0.14583762728331415,0.05942346765665985,0.09537166900420756,7.01016129032258,0.5318860760216252,0.11866904835143254,0.4061624649859941,0.7292576419213942,0.2756666651616425,0.473194505981391,0.5268054940186085
sbm_3c_100_clear_s2,sbm,300,3,Louvain,{'resolution': 0.5},1.0,3,1.0986122886651097,0.6666666666666667,100,100,100.0,0.0,0.99999999999999,0.0,300,4938,0.11010033444816053,32.92,4.720903868257999,45,0.9404617253948966,0.05953827460510327,0.3127272727272727,0.007939848000655253,0.3044444444444444,30.959999999999997,0.05956678469143386,0.0021160497305309127,0.057668711656441704,0.06251944012441678,0.606935292893114,0.05953827460510327,0.9404617253948966
sbm_3c_100_clear_s2,sbm,300,3,Louvain,{'resolution': 0.8},1.0,3,1.0986122886651097,0.6666666666666667,100,100,100.0,0.0,0.99999999999999,0.0,300,4938,0.11010033444816053,32.92,4.720903868257999,45,0.9404617253948966,0.05953827460510327,0.3127272727272727,0.007939848000655253,0.3044444444444444,30.959999999999997,0.05956678469143386,0.0021160497305309127,0.057668711656441704,0.06251944012441678,0.606935292893114,0.05953827460510327,0.9404617253948966
sbm_3c_100_clear_s2,sbm,300,3,Louvain,{'resolution': 1.0},1.0,3,1.0986122886651097,0.6666666666666667,100,100,100.0,0.0,0.99999999999999,0.0,300,4938,0.11010033444816053,32.92,4.720903868257999,45,0.9404617253948966,0.05953827460510327,0.3127272727272727,0.007939848000655253,0.3044444444444444,30.959999999999997,0.05956678469143386,0.0021160497305309127,0.057668711656441704,0.06251944012441678,0.606935292893114,0.05953827460510327,0.9404617253948966
sbm_3c_100_clear_s2,sbm,300,3,Louvain,{'resolution': 1.2},1.0,3,1.0986122886651097,0.6666666666666667,100,100,100.0,0.0,0.99999999999999,0.0,300,4938,0.11010033444816053,32.92,4.720903868257999,45,0.9404617253948966,0.05953827460510327,0.3127272727272727,0.007939848000655253,0.3044444444444444,30.959999999999997,0.05956678469143386,0.0021160497305309127,0.057668711656441704,0.06251944012441678,0.606935292893114,0.05953827460510327,0.9404617253948966
sbm_3c_100_clear_s2,sbm,300,3,Louvain,{'resolution': 1.5},1.0,3,1.0986122886651097,0.6666666666666667,100,100,100.0,0.0,0.99999999999999,0.0,300,4938,0.11010033444816053,32.92,4.720903868257999,45,0.9404617253948966,0.05953827460510327,0.3127272727272727,0.007939848000655253,0.3044444444444444,30.959999999999997,0.05956678469143386,0.0021160497305309127,0.057668711656441704,0.06251944012441678,0.606935292893114,0.05953827460510327,0.9404617253948966
sbm_3c_100_clear_s2,sbm,300,3,Louvain,{'resolution': 2.0},1.0,3,1.0986122886651097,0.6666666666666667,100,100,100.0,0.0,0.99999999999999,0.0,300,4938,0.11010033444816053,32.92,4.720903868257999,45,0.9404617253948966,0.05953827460510327,0.3127272727272727,0.007939848000655253,0.3044444444444444,30.959999999999997,0.05956678469143386,0.0021160497305309127,0.057668711656441704,0.06251944012441678,0.606935292893114,0.05953827460510327,0.9404617253948966
sbm_3c_100_clear_s2,sbm,300,3,Louvain,{'resolution': 3.0},0.5405640390977259,20,2.9660764778892657,0.9468888888888889,10,24,15.0,3.7416573867739413,0.4166666666666493,0.24944382578491278,300,4938,0.11010033444816053,32.92,4.720903868257999,45,0.25718914540299714,0.7428108545970027,0.5948365807253205,0.07007692597379542,0.4714285714285692,8.136930014430014,0.7531791322341406,0.04410546545099543,0.6544502617801038,0.8176795580110474,0.2042330979479692,0.7428108545970027,0.25718914540299714
sbm_3c_100_clear_s2,sbm,300,3,Leiden,{'resolution': 0.5},1.0,3,1.0986122886651097,0.6666666666666667,100,100,100.0,0.0,0.99999999999999,0.0,300,4938,0.11010033444816053,32.92,4.720903868257999,45,0.9404617253948966,0.05953827460510327,0.3127272727272727,0.007939848000655253,0.3044444444444444,30.959999999999997,0.05956678469143386,0.0021160497305309127,0.057668711656441704,0.06251944012441678,0.606935292893114,0.05953827460510327,0.9404617253948966
sbm_3c_100_clear_s2,sbm,300,3,Leiden,{'resolution': 0.8},1.0,3,1.0986122886651097,0.6666666666666667,100,100,100.0,0.0,0.99999999999999,0.0,300,4938,0.11010033444816053,32.92,4.720903868257999,45,0.9404617253948966,0.05953827460510327,0.3127272727272727,0.007939848000655253,0.3044444444444444,30.959999999999997,0.05956678469143386,0.0021160497305309127,0.057668711656441704,0.06251944012441678,0.606935292893114,0.05953827460510327,0.9404617253948966
sbm_3c_100_clear_s2,sbm,300,3,Leiden,{'resolution': 1.0},1.0,3,1.0986122886651097,0.6666666666666667,100,100,100.0,0.0,0.99999999999999,0.0,300,4938,0.11010033444816053,32.92,4.720903868257999,45,0.9404617253948966,0.05953827460510327,0.3127272727272727,0.007939848000655253,0.3044444444444444,30.959999999999997,0.05956678469143386,0.0021160497305309127,0.057668711656441704,0.06251944012441678,0.606935292893114,0.05953827460510327,0.9404617253948966
sbm_3c_100_clear_s2,sbm,300,3,Leiden,{'resolution': 1.2},1.0,3,1.0986122886651097,0.6666666666666667,100,100,100.0,0.0,0.99999999999999,0.0,300,4938,0.11010033444816053,32.92,4.720903868257999,45,0.9404617253948966,0.05953827460510327,0.3127272727272727,0.007939848000655253,0.3044444444444444,30.959999999999997,0.05956678469143386,0.0021160497305309127,0.057668711656441704,0.06251944012441678,0.606935292893114,0.05953827460510327,0.9404617253948966
sbm_3c_100_clear_s2,sbm,300,3,Leiden,{'resolution': 1.5},1.0,3,1.0986122886651097,0.6666666666666667,100,100,100.0,0.0,0.99999999999999,0.0,300,4938,0.11010033444816053,32.92,4.720903868257999,45,0.9404617253948966,0.05953827460510327,0.3127272727272727,0.007939848000655253,0.3044444444444444,30.959999999999997,0.05956678469143386,0.0021160497305309127,0.057668711656441704,0.06251944012441678,0.606935292893114,0.05953827460510327,0.9404617253948966
sbm_3c_100_clear_s2,sbm,300,3,Leiden,{'resolution': 2.0},1.0,3,1.0986122886651097,0.6666666666666667,100,100,100.0,0.0,0.99999999999999,0.0,300,4938,0.11010033444816053,32.92,4.720903868257999,45,0.9404617253948966,0.05953827460510327,0.3127272727272727,0.007939848000655253,0.3044444444444444,30.959999999999997,0.05956678469143386,0.0021160497305309127,0.057668711656441704,0.06251944012441678,0.606935292893114,0.05953827460510327,0.9404617253948966
sbm_3c_100_clear_s2,sbm,300,3,Leiden,{'resolution': 3.0},0.5222728096800154,23,3.1084314949636607,0.9541333333333333,7,21,13.043478260869565,3.0571123184777296,0.3333333333333175,0.23437861108327465,300,4938,0.11010033444816053,32.92,4.720903868257999,45,0.23329283110571078,0.766707168894289,0.6280791955983671,0.06117029888040222,0.49019607843136936,7.401971437201616,0.7753278864263851,0.039374100461371374,0.6888888888888879,0.8617511520737288,0.18759337125024259,0.766707168894289,0.23329283110571078
sbm_3c_100_clear_s2,sbm,300,3,LabelProp,{'seed': 0},1.0,3,1.0986122886651097,0.6666666666666667,100,100,100.0,0.0,0.99999999999999,0.0,300,4938,0.11010033444816053,32.92,4.720903868257999,45,0.9404617253948966,0.05953827460510327,0.3127272727272727,0.007939848000655253,0.3044444444444444,30.959999999999997,0.05956678469143386,0.0021160497305309127,0.057668711656441704,0.06251944012441678,0.606935292893114,0.05953827460510327,0.9404617253948966
sbm_3c_100_clear_s2,sbm,300,3,LabelProp,{'seed': 1},1.0,3,1.0986122886651097,0.6666666666666667,100,100,100.0,0.0,0.99999999999999,0.0,300,4938,0.11010033444816053,32.92,4.720903868257999,45,0.9404617253948966,0.05953827460510327,0.3127272727272727,0.007939848000655253,0.3044444444444444,30.959999999999997,0.05956678469143386,0.0021160497305309127,0.057668711656441704,0.06251944012441678,0.606935292893114,0.05953827460510327,0.9404617253948966
sbm_3c_100_clear_s2,sbm,300,3,LabelProp,{'seed': 2},1.0,3,1.0986122886651097,0.6666666666666667,100,100,100.0,0.0,0.99999999999999,0.0,300,4938,0.11010033444816053,32.92,4.720903868257999,45,0.9404617253948966,0.05953827460510327,0.3127272727272727,0.007939848000655253,0.3044444444444444,30.959999999999997,0.05956678469143386,0.0021160497305309127,0.057668711656441704,0.06251944012441678,0.606935292893114,0.05953827460510327,0.9404617253948966
sbm_3c_100_clear_s2,sbm,300,3,LabelProp,{'seed': 3},1.0,3,1.0986122886651097,0.6666666666666667,100,100,100.0,0.0,0.99999999999999,0.0,300,4938,0.11010033444816053,32.92,4.720903868257999,45,0.9404617253948966,0.05953827460510327,0.3127272727272727,0.007939848000655253,0.3044444444444444,30.959999999999997,0.05956678469143386,0.0021160497305309127,0.057668711656441704,0.06251944012441678,0.606935292893114,0.05953827460510327,0.9404617253948966
sbm_3c_100_clear_s2,sbm,300,3,LabelProp,{'seed': 4},1.0,3,1.0986122886651097,0.6666666666666667,100,100,100.0,0.0,0.99999999999999,0.0,300,4938,0.11010033444816053,32.92,4.720903868257999,45,0.9404617253948966,0.05953827460510327,0.3127272727272727,0.007939848000655253,0.3044444444444444,30.959999999999997,0.05956678469143386,0.0021160497305309127,0.057668711656441704,0.06251944012441678,0.606935292893114,0.05953827460510327,0.9404617253948966
sbm_3c_100_clear_s2,sbm,300,3,Spectral,{'k': 2},0.7336804366512119,2,0.6365141682928128,0.4444444444444444,100,200,150.0,50.0,0.4999999999999975,0.33333333333333115,300,4938,0.11010033444816053,32.92,4.720903868257999,45,0.9619279060348317,0.03807209396516808,0.23590528399573624,0.07439774630729402,0.1615075376884422,31.43,0.057668711656441704,0.0,0.057668711656441704,0.057668711656441704,0.4041912341630794,0.03807209396516808,0.9619279060348317
sbm_3c_100_clear_s2,sbm,300,3,Spectral,{'k': 3},1.0,3,1.0986122886651097,0.6666666666666667,100,100,100.0,0.0,0.99999999999999,0.0,300,4938,0.11010033444816053,32.92,4.720903868257999,45,0.9404617253948966,0.05953827460510327,0.3127272727272727,0.007939848000655253,0.3044444444444444,30.959999999999997,0.05956678469143386,0.0021160497305309127,0.057668711656441704,0.06251944012441678,0.606935292893114,0.05953827460510327,0.9404617253948966
sbm_3c_100_clear_s2,sbm,300,3,Spectral,{'k': 5},0.8287901320234632,5,1.5525107066885386,0.7750666666666667,39,100,60.0,21.18490028298458,0.3899999999999961,0.3530816713830704,300,4938,0.11010033444816053,32.92,4.720903868257999,45,0.6881328473066017,0.3118671526933981,0.35556965748301345,0.024703491268499807,0.32343434343434335,20.540555807695085,0.37517235729480203,0.16742600645430272,0.05851220229344309,0.5412698412698409,0.4595166783383292,0.3118671526933981,0.6881328473066017
sbm_3c_100_clear_s2,sbm,300,3,Spectral,{'k': 8},0.7057928097001046,8,2.0145174388282436,0.8595333333333333,20,54,37.5,13.19090595827292,0.3703703703703635,0.35175749222060176,300,4938,0.11010033444816053,32.92,4.720903868257999,45,0.48663426488456857,0.5133657351154313,0.4239244210211467,0.061471001546577954,0.3474509803921566,14.716888778458243,0.5528674095845616,0.11082991142005877,0.4108695652173911,0.7177541729893767,0.34563139429533757,0.5133657351154313,0.48663426488456857
sbm_3c_100_clear_s2,sbm,300,3,Spectral,{'k': 10},0.6513294228675962,10,2.2748336208626245,0.8942222222222223,20,45,30.0,7.211102550927978,0.44444444444443454,0.2403700850309246,300,4938,0.11010033444816053,32.92,4.720903868257999,45,0.3940866747671121,0.6059133252328877,0.4407586604497348,0.03945945108355205,0.35858585858585823,12.516733876733877,0.6199047364220813,0.06069924777992432,0.5014044943820222,0.7177541729893767,0.28851205740981606,0.6059133252328877,0.3940866747671121
sbm_3c_100_clear_s2,sbm,300,3,GreedyMod,{},1.0,3,1.0986122886651097,0.6666666666666667,100,100,100.0,0.0,0.99999999999999,0.0,300,4938,0.11010033444816053,32.92,4.720903868257999,45,0.9404617253948966,0.05953827460510327,0.3127272727272727,0.007939848000655253,0.3044444444444444,30.959999999999997,0.05956678469143386,0.0021160497305309127,0.057668711656441704,0.06251944012441678,0.606935292893114,0.05953827460510327,0.9404617253948966
sbm_3c_100_moderate_s2,sbm,300,3,Louvain,{'resolution': 0.5},1.0,3,1.0986122886651097,0.6666666666666667,100,100,100.0,0.0,0.99999999999999,0.0,300,3935,0.08773690078037905,26.233333333333334,4.552532872539808,38,0.7766200762388816,0.22337992376111812,0.20579124579124575,0.005201339129246469,0.19959595959595955,20.373333333333335,0.22348702622236907,0.006197056539665978,0.2156716417910447,0.2308291163876994,0.4431871469188804,0.22337992376111812,0.7766200762388816
sbm_3c_100_moderate_s2,sbm,300,3,Louvain,{'resolution': 0.8},1.0,3,1.0986122886651097,0.6666666666666667,100,100,100.0,0.0,0.99999999999999,0.0,300,3935,0.08773690078037905,26.233333333333334,4.552532872539808,38,0.7766200762388816,0.22337992376111812,0.20579124579124575,0.005201339129246469,0.19959595959595955,20.373333333333335,0.22348702622236907,0.006197056539665978,0.2156716417910447,0.2308291163876994,0.4431871469188804,0.22337992376111812,0.7766200762388816
sbm_3c_100_moderate_s2,sbm,300,3,Louvain,{'resolution': 1.0},1.0,3,1.0986122886651097,0.6666666666666667,100,100,100.0,0.0,0.99999999999999,0.0,300,3935,0.08773690078037905,26.233333333333334,4.552532872539808,38,0.7766200762388816,0.22337992376111812,0.20579124579124575,0.005201339129246469,0.19959595959595955,20.373333333333335,0.22348702622236907,0.006197056539665978,0.2156716417910447,0.2308291163876994,0.4431871469188804,0.22337992376111812,0.7766200762388816
sbm_3c_100_moderate_s2,sbm,300,3,Louvain,{'resolution': 1.2},1.0,3,1.0986122886651097,0.6666666666666667,100,100,100.0,0.0,0.99999999999999,0.0,300,3935,0.08773690078037905,26.233333333333334,4.552532872539808,38,0.7766200762388816,0.22337992376111812,0.20579124579124575,0.005201339129246469,0.19959595959595955,20.373333333333335,0.22348702622236907,0.006197056539665978,0.2156716417910447,0.2308291163876994,0.4431871469188804,0.22337992376111812,0.7766200762388816
sbm_3c_100_moderate_s2,sbm,300,3,Louvain,{'resolution': 1.5},1.0,3,1.0986122886651097,0.6666666666666667,100,100,100.0,0.0,0.99999999999999,0.0,300,3935,0.08773690078037905,26.233333333333334,4.552532872539808,38,0.7766200762388816,0.22337992376111812,0.20579124579124575,0.005201339129246469,0.19959595959595955,20.373333333333335,0.22348702622236907,0.006197056539665979,0.2156716417910447,0.2308291163876994,0.4431871469188804,0.22337992376111812,0.7766200762388816
sbm_3c_100_moderate_s2,sbm,300,3,Louvain,{'resolution': 2.0},0.6420563236702153,11,2.2550342303777127,0.8880888888888889,4,42,27.272727272727273,13.108573940127952,0.09523809523809297,0.4806477111380073,300,3935,0.08773690078037905,26.233333333333334,4.552532872539808,38,0.3730622617534942,0.6269377382465056,0.42145102205548496,0.22319885780106152,0.2578397212543551,8.47103036870422,0.6770677419509694,0.10530009039405736,0.5710144927536227,0.882352941176462,0.2613093971445133,0.6269377382465056,0.3730622617534942
sbm_3c_100_moderate_s2,sbm,300,3,Louvain,{'resolution': 3.0},0.4808654438907912,33,3.4177530234581357,0.9650222222222222,2,18,9.090909090909092,3.5706177749467725,0.11111111111110494,0.39276795524410174,300,3935,0.08773690078037905,26.233333333333334,4.552532872539808,38,0.19974587039390085,0.8002541296060989,0.6468905970242271,0.1451117982856603,0.38562091503267726,4.763286292831747,0.8184103518799971,0.050615695600483526,0.7305936073059344,0.9649122807017374,0.1648665335204055,0.8002541296060989,0.19974587039390085
sbm_3c_100_moderate_s2,sbm,300,3,Leiden,{'resolution': 0.5},1.0,3,1.0986122886651097,0.6666666666666667,100,100,100.0,0.0,0.99999999999999,0.0,300,3935,0.08773690078037905,26.233333333333334,4.552532872539808,38,0.7766200762388816,0.22337992376111812,0.20579124579124575,0.005201339129246469,0.19959595959595955,20.373333333333335,0.22348702622236907,0.006197056539665979,0.2156716417910447,0.2308291163876994,0.4431871469188804,0.22337992376111812,0.7766200762388816
sbm_3c_100_moderate_s2,sbm,300,3,Leiden,{'resolution': 0.8},1.0,3,1.0986122886651097,0.6666666666666667,100,100,100.0,0.0,0.99999999999999,0.0,300,3935,0.08773690078037905,26.233333333333334,4.552532872539808,38,0.7766200762388816,0.22337992376111812,0.20579124579124575,0.005201339129246469,0.19959595959595955,20.373333333333335,0.22348702622236907,0.006197056539665979,0.2156716417910447,0.2308291163876994,0.4431871469188804,0.22337992376111812,0.7766200762388816
sbm_3c_100_moderate_s2,sbm,300,3,Leiden,{'resolution': 1.0},1.0,3,1.0986122886651097,0.6666666666666667,100,100,100.0,0.0,0.99999999999999,0.0,300,3935,0.08773690078037905,26.233333333333334,4.552532872539808,38,0.7766200762388816,0.22337992376111812,0.20579124579124575,0.005201339129246469,0.19959595959595955,20.373333333333335,0.22348702622236907,0.006197056539665979,0.2156716417910447,0.2308291163876994,0.4431871469188804,0.22337992376111812,0.7766200762388816
sbm_3c_100_moderate_s2,sbm,300,3,Leiden,{'resolution': 1.2},1.0,3,1.0986122886651097,0.6666666666666667,100,100,100.0,0.0,0.99999999999999,0.0,300,3935,0.08773690078037905,26.233333333333334,4.552532872539808,38,0.7766200762388816,0.22337992376111812,0.20579124579124575,0.005201339129246469,0.19959595959595955,20.373333333333335,0.22348702622236907,0.006197056539665978,0.2156716417910447,0.2308291163876994,0.4431871469188804,0.22337992376111812,0.7766200762388816
sbm_3c_100_moderate_s2,sbm,300,3,Leiden,{'resolution': 1.5},1.0,3,1.0986122886651097,0.6666666666666667,100,100,100.0,0.0,0.99999999999999,0.0,300,3935,0.08773690078037905,26.233333333333334,4.552532872539808,38,0.7766200762388816,0.22337992376111812,0.20579124579124575,0.005201339129246469,0.19959595959595955,20.373333333333335,0.22348702622236907,0.006197056539665979,0.2156716417910447,0.2308291163876994,0.44318714691888034,0.22337992376111812,0.7766200762388816
sbm_3c_100_moderate_s2,sbm,300,3,Leiden,{'resolution': 2.0},0.6364606413954502,11,2.3536429403618704,0.9010222222222222,13,44,27.272727272727273,8.125055626001574,0.29545454545453875,0.29791870628671346,300,3935,0.08773690078037905,26.233333333333334,4.552532872539808,38,0.3532401524777636,0.6467598475222361,0.3481308041523335,0.047230647898317706,0.26532769556025343,8.792617266616876,0.6651505548729257,0.06414987837682976,0.5509838998211086,0.7939393939393915,0.25466050125208073,0.6467598475222361,0.3532401524777636
sbm_3c_100_moderate_s2,sbm,300,3,Leiden,{'resolution': 3.0},0.46115085418054735,33,3.4265501087860746,0.9656,3,15,9.090909090909092,3.34268660197277,0.19999999999998666,0.3676955262169642,300,3935,0.08773690078037905,26.233333333333334,4.552532872539808,38,0.1936467598475222,0.8063532401524776,0.6210883392701179,0.13832351532334106,0.44761904761904336,4.626919881465336,0.8236489922903343,0.048602605912440394,0.7329974811083104,0.9210526315789354,0.1592783623332779,0.8063532401524776,0.1936467598475222
sbm_3c_100_moderate_s2,sbm,300,3,LabelProp,{'seed': 0},0.0,1,-1.000088900581841e-12,0.0,300,300,300.0,0.0,0.9999999999999966,0.0,300,3935,0.08773690078037905,26.233333333333334,4.552532872539808,38,0.9999999999999998,0.0,0.08773690078037905,0.0,0.08773690078037905,26.233333333333334,0.0,0.0,0.0,0.0,0.0,0.0,0.9999999999999998
sbm_3c_100_moderate_s2,sbm,300,3,LabelProp,{'seed': 1},0.0,1,-1.000088900581841e-12,0.0,300,300,300.0,0.0,0.9999999999999966,0.0,300,3935,0.08773690078037905,26.233333333333334,4.552532872539808,38,0.9999999999999998,0.0,0.08773690078037905,0.0,0.08773690078037905,26.233333333333334,0.0,0.0,0.0,0.0,0.0,0.0,0.9999999999999998
sbm_3c_100_moderate_s2,sbm,300,3,LabelProp,{'seed': 2},0.0,1,-1.000088900581841e-12,0.0,300,300,300.0,0.0,0.9999999999999966,0.0,300,3935,0.08773690078037905,26.233333333333334,4.552532872539808,38,0.9999999999999998,0.0,0.08773690078037905,0.0,0.08773690078037905,26.233333333333334,0.0,0.0,0.0,0.0,0.0,0.0,0.9999999999999998
sbm_3c_100_moderate_s2,sbm,300,3,LabelProp,{'seed': 3},0.0,1,-1.000088900581841e-12,0.0,300,300,300.0,0.0,0.9999999999999966,0.0,300,3935,0.08773690078037905,26.233333333333334,4.552532872539808,38,0.9999999999999998,0.0,0.08773690078037905,0.0,0.08773690078037905,26.233333333333334,0.0,0.0,0.0,0.0,0.0,0.0,0.9999999999999998
sbm_3c_100_moderate_s2,sbm,300,3,LabelProp,{'seed': 4},0.0,1,-1.000088900581841e-12,0.0,300,300,300.0,0.0,0.9999999999999966,0.0,300,3935,0.08773690078037905,26.233333333333334,4.552532872539808,38,0.9999999999999998,0.0,0.08773690078037905,0.0,0.08773690078037905,26.233333333333334,0.0,0.0,0.0,0.0,0.0,0.0,0.9999999999999998
sbm_3c_100_moderate_s2,sbm,300,3,Spectral,{'k': 2},0.7336804366512119,2,0.6365141682928128,0.4444444444444444,100,200,150.0,50.0,0.4999999999999975,0.33333333333333115,300,3935,0.08773690078037905,26.233333333333334,4.552532872539808,38,0.8531130876747139,0.14688691232528586,0.16410131465407846,0.048221917669153826,0.11587939698492462,22.04,0.2156716417910447,0.0,0.2156716417910447,0.2156716417910447,0.30225406825333534,0.14688691232528586,0.8531130876747139
sbm_3c_100_moderate_s2,sbm,300,3,Spectral,{'k': 3},1.0,3,1.0986122886651097,0.6666666666666667,100,100,100.0,0.0,0.99999999999999,0.0,300,3935,0.08773690078037905,26.233333333333334,4.552532872539808,38,0.7766200762388816,0.22337992376111812,0.20579124579124575,0.005201339129246469,0.19959595959595955,20.373333333333335,0.22348702622236907,0.006197056539665978,0.2156716417910447,0.2308291163876994,0.4431871469188804,0.22337992376111812,0.7766200762388816
sbm_3c_100_moderate_s2,sbm,300,3,Spectral,{'k': 5},0.829874522702513,5,1.549046504587451,0.7739333333333334,37,100,60.0,21.66102490649969,0.36999999999999633,0.3610170817749888,300,3935,0.08773690078037905,26.233333333333334,4.552532872539808,38,0.5870393900889452,0.41296060991105454,0.24535634330341405,0.02394424464236386,0.21232323232323227,14.02798194898195,0.4645873268432711,0.13639270991264268,0.2156716417910447,0.6054279749478073,0.358312637539173,0.41296060991105454,0.5870393900889452
sbm_3c_100_moderate_s2,sbm,300,3,Spectral,{'k': 8},0.6701767065279366,8,2.0345968711910287,0.8645777777777778,17,54,37.5,10.828203913853857,0.314814814814809,0.28875210436942844,300,3935,0.08773690078037905,26.233333333333334,4.552532872539808,38,0.411689961880559,0.5883100381194408,0.2844362488951719,0.026997553451426223,0.2536687631027252,10.120514491565455,0.6128636171944346,0.07892217137165716,0.4972299168975066,0.7595907928388727,0.2742734621849011,0.5883100381194408,0.411689961880559
sbm_3c_100_moderate_s2,sbm,300,3,Spectral,{'k': 10},0.5587374953940875,10,2.245582368195416,0.8885555555555555,17,48,30.0,10.14889156509222,0.3541666666666593,0.33829638550306274,300,3935,0.08773690078037905,26.233333333333334,4.552532872539808,38,0.34993646759847513,0.6500635324015246,0.3052125761470383,0.041479581240256226,0.23572938689217734,8.502523192793557,0.6748958056024299,0.07404596516819772,0.5378670788253473,0.787401574803148,0.2369397887204558,0.6500635324015246,0.34993646759847513
sbm_3c_100_moderate_s2,sbm,300,3,GreedyMod,{},1.0,3,1.0986122886651097,0.6666666666666667,100,100,100.0,0.0,0.99999999999999,0.0,300,3935,0.08773690078037905,26.233333333333334,4.552532872539808,38,0.7766200762388816,0.22337992376111812,0.20579124579124575,0.005201339129246469,0.19959595959595955,20.373333333333335,0.22348702622236907,0.006197056539665979,0.2156716417910447,0.2308291163876994,0.44318714691888034,0.22337992376111812,0.7766200762388816
sbm_3c_100_mixed_s2,sbm,300,3,Louvain,{'resolution': 0.5},0.2919442384698821,27,1.7848024556242499,0.6866444444444444,1,151,11.11111111111111,30.34899880383308,0.006622516556291347,2.7314098923447316,300,3744,0.08347826086956522,24.96,4.518672371394058,41,0.455395299145299,0.5446047008547007,0.4876363044303041,0.4220190987905542,0.0,2.1963748213196337,0.910477900991368,0.13781622093890647,0.35642214344150525,0.9999999999999714,0.13434265480038715,0.5446047008547007,0.455395299145299
sbm_3c_100_mixed_s2,sbm,300,3,Louvain,{'resolution': 0.8},0.9065691277094816,3,1.0985789547761988,0.6666444444444444,99,101,100.0,0.816496580927726,0.9801980198019705,0.00816496580927718,300,3744,0.08347826086956522,24.96,4.518672371394058,41,0.6095085470085468,0.3904914529914529,0.15363789440168504,0.003343495917715833,0.14929292929292926,15.21122845617895,0.39062154303316565,0.005745422948176232,0.38252427184466004,0.3952536824877249,0.2760026797862335,0.3904914529914529,0.6095085470085468
sbm_3c_100_mixed_s2,sbm,300,3,Louvain,{'resolution': 1.0},0.9362543175825497,3,1.0985789547761988,0.6666444444444444,99,101,100.0,0.816496580927726,0.9801980198019705,0.00816496580927718,300,3744,0.08347826086956522,24.96,4.518672371394058,41,0.6103098290598289,0.38969017094017083,0.15390121325057673,0.004685935870175503,0.14811881188118808,15.234263426342636,0.3897758176585209,0.0045836730023583894,0.3832943013270881,0.3931034482758619,0.27685982044205204,0.38969017094017083,0.6103098290598289
sbm_3c_100_mixed_s2,sbm,300,3,Louvain,{'resolution': 1.2},0.6864909107569779,5,1.4827497663687854,0.7525555555555555,19,100,60.0,29.223278392404914,0.18999999999999811,0.4870546398734071,300,3744,0.08347826086956522,24.96,4.518672371394058,41,0.50133547008547,0.4986645299145298,0.2025795697232097,0.04631117035138714,0.14868686868686867,10.718870222314816,0.5704102324115459,0.14706317087761855,0.40186915887850455,0.7971014492753606,0.2525205571078968,0.4986645299145298,0.50133547008547
sbm_3c_100_mixed_s2,sbm,300,3,Louvain,{'resolution': 1.5},0.3974312666312515,16,2.642284455309328,0.9208666666666667,6,37,18.75,9.672771061076551,0.16216216216215776,0.5158811232573886,300,3744,0.08347826086956522,24.96,4.518672371394058,41,0.26762820512820507,0.7323717948717947,0.3807572051208379,0.11187068747382391,0.2267267267267264,5.811310102571462,0.7665185063833378,0.06686544145403699,0.6582914572864313,0.8496240601503696,0.18818692529129227,0.7323717948717947,0.26762820512820507
sbm_3c_100_mixed_s2,sbm,300,3,Louvain,{'resolution': 2.0},0.3341145773162351,30,3.278286036807145,0.9581333333333333,3,22,10.0,5.059644256269407,0.13636363636363016,0.5059644256268901,300,3744,0.08347826086956522,24.96,4.518672371394058,41,0.19257478632478628,0.8074252136752135,0.5465001888376128,0.16778025233630559,0.32748538011695716,4.18385929573236,0.8323887283213213,0.05120675607279135,0.7218309859154917,0.915492957746466,0.1506405976057418,0.8074252136752135,0.19257478632478628
sbm_3c_100_mixed_s2,sbm,300,3,Louvain,{'resolution': 3.0},0.2878222536464567,45,3.7553498570605774,0.9753777777777778,4,13,6.666666666666667,2.1908902300206643,0.307692307692284,0.32863353450305033,300,3744,0.08347826086956522,24.96,4.518672371394058,41,0.1490384615384615,0.8509615384615382,0.6624977491643611,0.144394043840312,0.4230769230769177,3.499160099160099,0.8601127984869976,0.031125231367272008,0.7814569536423814,0.911111111111101,0.12460306861348532,0.8509615384615382,0.1490384615384615
sbm_3c_100_mixed_s2,sbm,300,3,Leiden,{'resolution': 0.5},0.0,1,-1.000088900581841e-12,0.0,300,300,300.0,0.0,0.9999999999999966,0.0,300,3744,0.08347826086956522,24.96,4.518672371394058,41,0.9999999999999998,0.0,0.08347826086956522,0.0,0.08347826086956522,24.96,0.0,0.0,0.0,0.0,0.0,0.0,0.9999999999999998
sbm_3c_100_mixed_s2,sbm,300,3,Leiden,{'resolution': 0.8},0.9362543175825497,3,1.0985789547761988,0.6666444444444444,99,101,100.0,0.816496580927726,0.9801980198019705,0.00816496580927718,300,3744,0.08347826086956522,24.96,4.518672371394058,41,0.6103098290598289,0.38969017094017083,0.15390121325057673,0.004685935870175503,0.14811881188118808,15.234263426342636,0.3897758176585209,0.0045836730023583894,0.3832943013270881,0.3931034482758619,0.27685982044205204,0.38969017094017083,0.6103098290598289
sbm_3c_100_mixed_s2,sbm,300,3,Leiden,{'resolution': 1.0},0.9362543175825497,3,1.0985789547761988,0.6666444444444444,99,101,100.0,0.816496580927726,0.9801980198019705,0.00816496580927718,300,3744,0.08347826086956522,24.96,4.518672371394058,41,0.6103098290598289,0.38969017094017083,0.15390121325057673,0.004685935870175503,0.14811881188118808,15.234263426342636,0.3897758176585209,0.0045836730023583894,0.3832943013270881,0.3931034482758619,0.27685982044205204,0.38969017094017083,0.6103098290598289
sbm_3c_100_mixed_s2,sbm,300,3,Leiden,{'resolution': 1.2},0.8046271520127306,5,1.3075391867416988,0.7108444444444444,2,93,60.0,40.0599550673737,0.02150537634408579,0.6676659177895505,300,3744,0.08347826086956522,24.96,4.518672371394058,41,0.5606303418803418,0.439369658119658,0.35191553343005966,0.32712827108072196,0.15262515262515258,10.138036157390996,0.5907329101377563,0.22436963981002322,0.40125260960334014,0.9444444444444181,0.26858468563947335,0.439369658119658,0.5606303418803418
sbm_3c_100_mixed_s2,sbm,300,3,Leiden,{'resolution': 1.5},0.40472919953174463,15,2.6728040076248507,0.9286666666666666,13,29,20.0,5.291502622129181,0.4482758620689501,0.26457513110644587,300,3744,0.08347826086956522,24.96,4.518672371394058,41,0.2542735042735042,0.7457264957264955,0.3364308929650554,0.05703478462424565,0.2684729064039402,6.127536886626761,0.7543573764282917,0.0346005125399205,0.7049180327868841,0.817647058823527,0.1826854947973738,0.7457264957264955,0.2542735042735042
sbm_3c_100_mixed_s2,sbm,300,3,Leiden,{'resolution': 2.0},0.397488662148604,25,3.144328914648585,0.9543777777777778,3,21,12.0,4.498888751680797,0.14285714285713608,0.3749073959733685,300,3744,0.08347826086956522,24.96,4.518672371394058,41,0.20886752136752132,0.7911324786324785,0.46813731882150916,0.10062420189034404,0.3508771929824541,4.746112007016032,0.8094947487399213,0.049447273964634775,0.7163904235727426,0.9365079365079216,0.16288993300962454,0.7911324786324785,0.20886752136752132
sbm_3c_100_mixed_s2,sbm,300,3,Leiden,{'resolution': 3.0},0.32776229388936273,45,3.7462305268540943,0.9751555555555556,2,15,6.666666666666667,2.2900752049756887,0.13333333333332445,0.3435112807463018,300,3744,0.08347826086956522,24.96,4.518672371394058,41,0.15170940170940167,0.848290598290598,0.669629629629532,0.14729282571386182,0.41904761904761506,3.4979717813051145,0.860006840901725,0.03708106021108498,0.7514124293785289,0.962264150943378,0.12700616570558476,0.848290598290598,0.15170940170940167
sbm_3c_100_mixed_s2,sbm,300,3,LabelProp,{'seed': 0},0.0,1,-1.000088900581841e-12,0.0,300,300,300.0,0.0,0.9999999999999966,0.0,300,3744,0.08347826086956522,24.96,4.518672371394058,41,0.9999999999999998,0.0,0.08347826086956522,0.0,0.08347826086956522,24.96,0.0,0.0,0.0,0.0,0.0,0.0,0.9999999999999998
sbm_3c_100_mixed_s2,sbm,300,3,LabelProp,{'seed': 1},0.0,1,-1.000088900581841e-12,0.0,300,300,300.0,0.0,0.9999999999999966,0.0,300,3744,0.08347826086956522,24.96,4.518672371394058,41,0.9999999999999998,0.0,0.08347826086956522,0.0,0.08347826086956522,24.96,0.0,0.0,0.0,0.0,0.0,0.0,0.9999999999999998
sbm_3c_100_mixed_s2,sbm,300,3,LabelProp,{'seed': 2},0.0,1,-1.000088900581841e-12,0.0,300,300,300.0,0.0,0.9999999999999966,0.0,300,3744,0.08347826086956522,24.96,4.518672371394058,41,0.9999999999999998,0.0,0.08347826086956522,0.0,0.08347826086956522,24.96,0.0,0.0,0.0,0.0,0.0,0.0,0.9999999999999998
sbm_3c_100_mixed_s2,sbm,300,3,LabelProp,{'seed': 3},0.0,1,-1.000088900581841e-12,0.0,300,300,300.0,0.0,0.9999999999999966,0.0,300,3744,0.08347826086956522,24.96,4.518672371394058,41,0.9999999999999998,0.0,0.08347826086956522,0.0,0.08347826086956522,24.96,0.0,0.0,0.0,0.0,0.0,0.0,0.9999999999999998
sbm_3c_100_mixed_s2,sbm,300,3,LabelProp,{'seed': 4},0.0,1,-1.000088900581841e-12,0.0,300,300,300.0,0.0,0.9999999999999966,0.0,300,3744,0.08347826086956522,24.96,4.518672371394058,41,0.9999999999999998,0.0,0.08347826086956522,0.0,0.08347826086956522,24.96,0.0,0.0,0.0,0.0,0.0,0.0,0.9999999999999998
sbm_3c_100_mixed_s2,sbm,300,3,Spectral,{'k': 2},0.663874900202792,2,0.6410354778791556,0.4488,102,198,150.0,48.0,0.5151515151515126,0.3199999999999979,300,3744,0.08347826086956522,24.96,4.518672371394058,41,0.7347756410256409,0.2652243589743589,0.12774420171190004,0.027759583960784838,0.09998461775111521,17.701426024955435,0.3826589595375721,0.0,0.3826589595375721,0.3826589595375721,0.1876845902161408,0.2652243589743589,0.7347756410256409
sbm_3c_100_mixed_s2,sbm,300,3,Spectral,{'k': 3},0.9490092621965739,3,1.0985789547761986,0.6666444444444444,99,101,100.0,0.816496580927726,0.9801980198019705,0.00816496580927718,300,3744,0.08347826086956522,24.96,4.518672371394058,41,0.6097756410256409,0.39022435897435886,0.15376790740298515,0.004448366521146801,0.14811881188118808,15.220997433076642,0.39029387508768193,0.003993063899781311,0.3846755277560593,0.393595460072963,0.27633932953694573,0.39022435897435886,0.6097756410256409
sbm_3c_100_mixed_s2,sbm,300,3,Spectral,{'k': 5},0.6687852864343511,5,1.5704979508020043,0.7837333333333334,41,90,60.0,17.11139970896595,0.4555555555555505,0.2851899951494278,300,3744,0.08347826086956522,24.96,4.518672371394058,41,0.45405982905982895,0.5459401709401708,0.18211391510668393,0.017960408272081202,0.16188714153561504,10.608774493016702,0.5749344578513607,0.0957108204081688,0.41926968763748335,0.6841155234657034,0.2351625135829864,0.5459401709401708,0.45405982905982895
sbm_3c_100_mixed_s2,sbm,300,3,Spectral,{'k': 8},0.5485030251152793,8,2.0375439035573653,0.8655111111111111,16,55,37.5,10.331989159885913,0.2909090909090856,0.27551971093028366,300,3744,0.08347826086956522,24.96,4.518672371394058,41,0.33493589743589736,0.6650641025641024,0.2285001150357993,0.05257334457106454,0.19838056680161917,7.924780523508721,0.6825314529664824,0.06321528270683827,0.5688705234159777,0.7894736842105243,0.19931848222112644,0.6650641025641024,0.33493589743589736
sbm_3c_100_mixed_s2,sbm,300,3,Spectral,{'k': 10},0.46538018660824426,10,2.277921243970459,0.895,21,42,30.0,6.708203932499369,0.49999999999998807,0.22360679774997155,300,3744,0.08347826086956522,24.96,4.518672371394058,41,0.28792735042735035,0.7120726495726494,0.24520327286805835,0.03556494269068311,0.20855614973261993,6.953730573773105,0.7212244736556735,0.03985936467611927,0.6285714285714281,0.7719999999999985,0.18154677826402585,0.7120726495726494,0.28792735042735035
sbm_3c_100_mixed_s2,sbm,300,3,GreedyMod,{},0.8639644198672565,3,1.097364167447841,0.6658444444444445,93,104,100.0,4.96655480858378,0.8942307692307607,0.049665548085837306,300,3744,0.08347826086956522,24.96,4.518672371394058,41,0.5966880341880341,0.4033119658119657,0.15073091651272177,0.007031198995190834,0.1432038834951456,14.888549605038799,0.4037807437235221,0.013530701037971382,0.3940333204184423,0.42291491154170163,0.2629359753383191,0.4033119658119657,0.5966880341880341
sbm_3c_100_hard_s2,sbm,300,3,Louvain,{'resolution': 0.5},0.09934459418766206,40,2.999491325558166,0.9052222222222223,1,79,7.5,12.529964086141668,0.012658227848101106,1.6706618781519995,300,3267,0.0728428093645485,21.78,4.198205966044702,35,0.22865013774104676,0.771349862258953,0.4548662311208921,0.36931665118310397,0.0,2.3021910473492753,0.8935155746941412,0.08961387744208218,0.5887743413516606,0.9999999999999756,0.1315935978122583,0.771349862258953,0.22865013774104676
sbm_3c_100_hard_s2,sbm,300,3,Louvain,{'resolution': 0.8},0.06495320391876762,22,2.80903497921684,0.9258444444444445,1,48,13.636363636363637,10.83573823698671,0.0208333333333329,0.7946208040456338,300,3267,0.0728428093645485,21.78,4.198205966044702,35,0.2378328741965105,0.7621671258034892,0.4322449683617441,0.24200397682420602,0.0,3.932988326806624,0.8182971298299914,0.07743851913477734,0.6479262672811055,0.9999999999999546,0.16245863856961054,0.7621671258034892,0.2378328741965105
sbm_3c_100_hard_s2,sbm,300,3,Louvain,{'resolution': 1.0},0.058285420808555866,8,2.0141817034287772,0.8585333333333334,21,60,37.5,13.6106575888162,0.34999999999999415,0.36295086903508894,300,3267,0.0728428093645485,21.78,4.198205966044702,35,0.31925313743495554,0.6807468625650442,0.1938536936946756,0.04267804743294074,0.14067796610169483,6.540939662189663,0.6988631174657869,0.048273487658185205,0.6235827664399088,0.7466666666666649,0.17627153167125897,0.6807468625650442,0.31925313743495554
sbm_3c_100_hard_s2,sbm,300,3,Louvain,{'resolution': 1.2},0.04534257343282066,14,2.60844742001313,0.9241777777777778,14,31,21.428571428571427,5.314592925068078,0.4516129032257919,0.24801433650316546,300,3267,0.0728428093645485,21.78,4.198205966044702,35,0.24854606672788485,0.7514539332721148,0.27136238208599145,0.05122085466109416,0.18924731182795657,5.296149504235849,0.7572919499063875,0.026747704544968016,0.7192982456140338,0.7982195845697305,0.17299016263871428,0.7514539332721148,0.24854606672788485
sbm_3c_100_hard_s2,sbm,300,3,Louvain,{'resolution': 1.5},0.09155958047445237,23,3.0866180312706537,0.9527333333333333,5,18,13.043478260869565,3.850220331013992,0.27777777777776236,0.2951835587110501,300,3267,0.0728428093645485,21.78,4.198205966044702,35,0.20691766146311594,0.7930823385368838,0.3993774554516122,0.13074266997245731,0.2679738562091486,4.3447901629487315,0.8013789995328977,0.03233636411590224,0.7623188405797079,0.8691588785046648,0.16020520947198189,0.7930823385368838,0.20691766146311594
sbm_3c_100_hard_s2,sbm,300,3,Louvain,{'resolution': 2.0},0.09230627437865208,31,3.382752934286044,0.9644666666666667,4,19,9.67741935483871,3.083641508537232,0.21052631578946263,0.3186429558821477,300,3267,0.0728428093645485,21.78,4.198205966044702,35,0.18549127640036725,0.8145087235996324,0.47644217695149227,0.12098910230170762,0.298245614035086,3.8243665125668524,0.8243452806968308,0.03198222165534654,0.7493857493857475,0.8888888888888791,0.14976470701767747,0.8145087235996324,0.18549127640036725
sbm_3c_100_hard_s2,sbm,300,3,Louvain,{'resolution': 3.0},0.13232948297820984,48,3.8239969025189233,0.9771555555555556,3,11,6.25,1.9418633662885072,0.27272727272724795,0.31069813860611145,300,3267,0.0728428093645485,21.78,4.198205966044702,35,0.15029078665442297,0.8497092133455767,0.645845358345289,0.15599612496634557,0.3999999999999911,3.121284271284271,0.8569259880833928,0.028662836661469387,0.7844827586206863,0.9189189189189065,0.1277426761329146,0.8497092133455767,0.15029078665442297
sbm_3c_100_hard_s2,sbm,300,3,Leiden,{'resolution': 0.5},0.0,1,-1.000088900581841e-12,0.0,300,300,300.0,0.0,0.9999999999999966,0.0,300,3267,0.0728428093645485,21.78,4.198205966044702,35,0.9999999999999997,0.0,0.0728428093645485,0.0,0.0728428093645485,21.78,0.0,0.0,0.0,0.0,0.0,0.0,0.9999999999999997
sbm_3c_100_hard_s2,sbm,300,3,Leiden,{'resolution': 0.8},0.027304441890719244,4,1.361641818833537,0.7382,51,90,75.0,16.294170736800325,0.5666666666666604,0.21725560982400144,300,3267,0.0728428093645485,21.78,4.198205966044702,35,0.4462809917355371,0.5537190082644626,0.13227643833954356,0.01877187955299409,0.11760299625468162,9.498536516055697,0.5640032560037618,0.04717326910574816,0.5179119754350049,0.6291038154392187,0.18435465394031775,0.5537190082644626,0.4462809917355371
sbm_3c_100_hard_s2,sbm,300,3,Leiden,{'resolution': 1.0},0.0337857290655809,9,2.175675707188267,0.8840444444444444,25,43,33.333333333333336,6.9602043392737,0.5813953488371958,0.2088061301782047,300,3267,0.0728428093645485,21.78,4.198205966044702,35,0.3036424854606672,0.6963575145393325,0.20447892168369286,0.02111134676366263,0.17497231450719802,6.466393495659312,0.7025359760826355,0.02999153651967379,0.6602150537634401,0.7442748091603039,0.18696162916604245,0.6963575145393325,0.3036424854606672
sbm_3c_100_hard_s2,sbm,300,3,Leiden,{'resolution': 1.2},0.07122173817652952,13,2.5218576773864445,0.9167777777777778,10,33,23.076923076923077,6.603746471179924,0.3030303030302938,0.286162347084451,300,3267,0.0728428093645485,21.78,4.198205966044702,35,0.26232017141108044,0.7376798285889193,0.26645184996599547,0.06121516797091683,0.19318181818181782,5.509655197967555,0.7473981477746606,0.036193416301511974,0.6886395511921449,0.8248847926267243,0.17933661310960475,0.7376798285889193,0.26232017141108044
sbm_3c_100_hard_s2,sbm,300,3,Leiden,{'resolution': 1.5},0.08410136023509439,21,3.0089305717130124,0.9490666666666667,7,23,14.285714285714286,3.768830273792263,0.30434782608694333,0.2638181191654399,300,3267,0.0728428093645485,21.78,4.198205966044702,35,0.21640648913376181,0.783593510866238,0.36400855044009656,0.0820916839558878,0.2526315789473671,4.569510096866692,0.7897523133008859,0.026010871781211514,0.7270955165691994,0.8505747126436733,0.16510252837714784,0.783593510866238,0.21640648913376181
sbm_3c_100_hard_s2,sbm,300,3,Leiden,{'resolution': 2.0},0.10240880656678185,32,3.4316431464602632,0.9665555555555556,5,15,9.375,2.484325864293974,0.3333333333333111,0.2649947588579956,300,3267,0.0728428093645485,21.78,4.198205966044702,35,0.18396082032445663,0.8160391796755431,0.4877953643578473,0.09085913255840668,0.30476190476190185,3.8870152417027417,0.8219698815620492,0.025155378757818023,0.7741935483870942,0.8691588785046648,0.150692115616845,0.8160391796755431,0.18396082032445663
sbm_3c_100_hard_s2,sbm,300,3,Leiden,{'resolution': 3.0},0.14336603960604916,48,3.8122629300845507,0.9767777777777777,2,11,6.25,2.116404183200049,0.18181818181816528,0.3386246693119537,300,3267,0.0728428093645485,21.78,4.198205966044702,35,0.15518824609733697,0.8448117539026627,0.6559433621932637,0.1505798723481191,0.4363636363636284,3.1487854737854732,0.8550844929132824,0.03298171526218012,0.7919999999999968,0.9523809523809297,0.13178238685376176,0.8448117539026627,0.15518824609733697
sbm_3c_100_hard_s2,sbm,300,3,LabelProp,{'seed': 0},0.0,1,-1.000088900581841e-12,0.0,300,300,300.0,0.0,0.9999999999999966,0.0,300,3267,0.0728428093645485,21.78,4.198205966044702,35,0.9999999999999997,0.0,0.0728428093645485,0.0,0.0728428093645485,21.78,0.0,0.0,0.0,0.0,0.0,0.0,0.9999999999999997
sbm_3c_100_hard_s2,sbm,300,3,LabelProp,{'seed': 1},0.0,1,-1.000088900581841e-12,0.0,300,300,300.0,0.0,0.9999999999999966,0.0,300,3267,0.0728428093645485,21.78,4.198205966044702,35,0.9999999999999997,0.0,0.0728428093645485,0.0,0.0728428093645485,21.78,0.0,0.0,0.0,0.0,0.0,0.0,0.9999999999999997
sbm_3c_100_hard_s2,sbm,300,3,LabelProp,{'seed': 2},0.0,1,-1.000088900581841e-12,0.0,300,300,300.0,0.0,0.9999999999999966,0.0,300,3267,0.0728428093645485,21.78,4.198205966044702,35,0.9999999999999997,0.0,0.0728428093645485,0.0,0.0728428093645485,21.78,0.0,0.0,0.0,0.0,0.0,0.0,0.9999999999999997
sbm_3c_100_hard_s2,sbm,300,3,LabelProp,{'seed': 3},0.0,1,-1.000088900581841e-12,0.0,300,300,300.0,0.0,0.9999999999999966,0.0,300,3267,0.0728428093645485,21.78,4.198205966044702,35,0.9999999999999997,0.0,0.0728428093645485,0.0,0.0728428093645485,21.78,0.0,0.0,0.0,0.0,0.0,0.0,0.9999999999999997
sbm_3c_100_hard_s2,sbm,300,3,LabelProp,{'seed': 4},0.0,1,-1.000088900581841e-12,0.0,300,300,300.0,0.0,0.9999999999999966,0.0,300,3267,0.0728428093645485,21.78,4.198205966044702,35,0.9999999999999997,0.0,0.0728428093645485,0.0,0.0728428093645485,21.78,0.0,0.0,0.0,0.0,0.0,0.0,0.9999999999999997
sbm_3c_100_hard_s2,sbm,300,3,Spectral,{'k': 2},0.08406197924271407,2,0.6899437584563995,0.4967999999999999,138,162,150.0,12.0,0.8518518518518466,0.07999999999999947,300,3267,0.0728428093645485,21.78,4.198205966044702,35,0.6320783593510865,0.36792164064891325,0.09206701828091862,0.0016598409172195253,0.09040717736369909,13.698067632850242,0.4041694687289844,0.0,0.4041694687289844,0.4041694687289844,0.12805668430790165,0.36792164064891325,0.6320783593510865
sbm_3c_100_hard_s2,sbm,300,3,Spectral,{'k': 3},0.09227002684154438,3,1.095835133868556,0.6648000000000001,92,110,100.0,7.483314773547883,0.8363636363636288,0.07483314773547808,300,3267,0.0728428093645485,21.78,4.198205966044702,35,0.4912764003673093,0.5087235996326904,0.10814948442780496,0.005796909841988894,0.1037531276063386,10.672832136807292,0.5101030340367455,0.01813978467559531,0.4844591794446745,0.5235350624399614,0.1559811132257358,0.5087235996326904,0.4912764003673093
sbm_3c_100_hard_s2,sbm,300,3,Spectral,{'k': 5},0.10625563504716039,5,1.5958153914826492,0.7949111111111111,42,70,60.0,9.57078889120432,0.5999999999999914,0.159513148186736,300,3267,0.0728428093645485,21.78,4.198205966044702,35,0.37159473523109876,0.6284052647689009,0.13660591034550076,0.011586001193847012,0.12211538461538456,7.962759462759462,0.6342555761071995,0.035077485225727706,0.5928066795118815,0.6988764044943813,0.16580193790311498,0.6284052647689009,0.37159473523109876
sbm_3c_100_hard_s2,sbm,300,3,Spectral,{'k': 8},0.09485488009487619,8,2.0467225241588123,0.8672666666666666,23,49,37.5,9.327379053088816,0.46938775510203123,0.24873010808236176,300,3267,0.0728428093645485,21.78,4.198205966044702,35,0.28956228956228947,0.7104377104377102,0.1743134516729138,0.028580538481493663,0.1400966183574878,6.111921596701922,0.7182820975966119,0.03026012825230067,0.679567956795679,0.7744680851063813,0.1551488486819761,0.7104377104377102,0.28956228956228947
sbm_3c_100_hard_s2,sbm,300,3,Spectral,{'k': 10},0.08257915965133428,10,2.2640693487236123,0.8922666666666667,19,44,30.0,8.342661445845684,0.431818181818172,0.27808871486151354,300,3267,0.0728428093645485,21.78,4.198205966044702,35,0.2571166207529843,0.7428833792470154,0.1984862321800362,0.04142850081276795,0.14512195121951202,5.440673486558739,0.7496922845142855,0.025230755039447477,0.6882591093117402,0.779697624190063,0.1484872657341144,0.7428833792470154,0.2571166207529843
sbm_3c_100_hard_s2,sbm,300,3,GreedyMod,{},0.0738242849581975,5,1.3306778963258517,0.7135777777777779,4,101,60.0,39.441095319476105,0.039603960396039216,0.6573515886579241,300,3267,0.0728428093645485,21.78,4.198205966044702,35,0.4548515457606365,0.5451484542393632,0.24173288531974996,0.2146881561511132,0.11009900990099009,7.468855794817294,0.658892365217079,0.17462188383809749,0.49037580201649844,0.9215686274509715,0.1695532183191142,0.5451484542393632,0.4548515457606365
sbm_2c_200_clear_s2,sbm,400,2,Louvain,{'resolution': 0.5},0.9802016095387855,3,0.721147947734369,0.50495,2,200,133.33333333333334,92.87027990099357,0.00999999999999995,0.6965270992574465,400,8493,0.10642857142857143,42.465,5.780032439355337,55,0.94560226068527,0.054397739314729764,0.46921295963453274,0.37532990134159094,0.20105527638190954,27.235656565656566,0.35842522232342144,0.4359932422147766,0.04670002382654276,0.9749999999999879,0.4502546192001172,0.054397739314729764,0.94560226068527
sbm_2c_200_clear_s2,sbm,400,2,Louvain,{'resolution': 0.8},1.0,2,0.6931471805579453,0.5,200,200,200.0,0.0,0.999999999999995,0.0,400,8493,0.10642857142857143,42.465,5.780032439355337,55,0.953844342399623,0.04615565760037677,0.2035427135678392,0.0024874371859296557,0.20105527638190954,40.504999999999995,0.04670002382654276,0.0,0.04670002382654276,0.04670002382654276,0.4537764035568095,0.04615565760037677,0.953844342399623
sbm_2c_200_clear_s2,sbm,400,2,Louvain,{'resolution': 1.0},1.0,2,0.6931471805579453,0.5,200,200,200.0,0.0,0.999999999999995,0.0,400,8493,0.10642857142857143,42.465,5.780032439355337,55,0.953844342399623,0.04615565760037677,0.2035427135678392,0.0024874371859296557,0.20105527638190954,40.504999999999995,0.04670002382654276,0.0,0.04670002382654276,0.04670002382654276,0.4537764035568095,0.04615565760037677,0.953844342399623
sbm_2c_200_clear_s2,sbm,400,2,Louvain,{'resolution': 1.2},1.0,2,0.6931471805579453,0.5,200,200,200.0,0.0,0.999999999999995,0.0,400,8493,0.10642857142857143,42.465,5.780032439355337,55,0.953844342399623,0.04615565760037677,0.2035427135678392,0.0024874371859296557,0.20105527638190954,40.504999999999995,0.04670002382654276,0.0,0.04670002382654276,0.04670002382654276,0.4537764035568095,0.04615565760037677,0.953844342399623
sbm_2c_200_clear_s2,sbm,400,2,Louvain,{'resolution': 1.5},1.0,2,0.6931471805579453,0.5,200,200,200.0,0.0,0.999999999999995,0.0,400,8493,0.10642857142857143,42.465,5.780032439355337,55,0.953844342399623,0.04615565760037677,0.2035427135678392,0.0024874371859296557,0.20105527638190954,40.504999999999995,0.04670002382654276,0.0,0.04670002382654276,0.04670002382654276,0.4537764035568095,0.04615565760037677,0.953844342399623
sbm_2c_200_clear_s2,sbm,400,2,Louvain,{'resolution': 2.0},0.41184650810696977,15,2.672898989130164,0.9289625,12,36,26.666666666666668,6.828046735503662,0.33333333333332404,0.25605175258137775,400,8493,0.10642857142857143,42.465,5.780032439355337,55,0.2432591545979041,0.7567408454020956,0.40322766517742187,0.06421906615743235,0.33174603174603123,9.940849236602832,0.7661026578813087,0.03881260649914122,0.7052359405300578,0.85658914728682,0.17244144057852256,0.7567408454020956,0.2432591545979041
sbm_2c_200_clear_s2,sbm,400,2,Louvain,{'resolution': 3.0},0.3155052233808012,42,3.7007400148778378,0.974575,4,14,9.523809523809524,2.4807650052630676,0.2857142857142653,0.26048032555259476,400,8493,0.10642857142857143,42.465,5.780032439355337,55,0.13681855645825972,0.8631814435417401,0.6712645819788412,0.10170921475926677,0.5090909090908998,5.515752897895755,0.8700882065227662,0.027051246575857828,0.8266452648475107,0.9282051282051235,0.11126583643612335,0.8631814435417401,0.13681855645825972
sbm_2c_200_clear_s2,sbm,400,2,Leiden,{'resolution': 0.5},1.0,2,0.6931471805579453,0.5,200,200,200.0,0.0,0.999999999999995,0.0,400,8493,0.10642857142857143,42.465,5.780032439355337,55,0.953844342399623,0.04615565760037677,0.2035427135678392,0.0024874371859296557,0.20105527638190954,40.504999999999995,0.04670002382654276,0.0,0.04670002382654276,0.04670002382654276,0.4537764035568095,0.04615565760037677,0.953844342399623
sbm_2c_200_clear_s2,sbm,400,2,Leiden,{'resolution': 0.8},1.0,2,0.6931471805579453,0.5,200,200,200.0,0.0,0.999999999999995,0.0,400,8493,0.10642857142857143,42.465,5.780032439355337,55,0.953844342399623,0.04615565760037677,0.2035427135678392,0.0024874371859296557,0.20105527638190954,40.504999999999995,0.04670002382654276,0.0,0.04670002382654276,0.04670002382654276,0.4537764035568095,0.04615565760037677,0.953844342399623
sbm_2c_200_clear_s2,sbm,400,2,Leiden,{'resolution': 1.0},1.0,2,0.6931471805579453,0.5,200,200,200.0,0.0,0.999999999999995,0.0,400,8493,0.10642857142857143,42.465,5.780032439355337,55,0.953844342399623,0.04615565760037677,0.2035427135678392,0.0024874371859296557,0.20105527638190954,40.504999999999995,0.04670002382654276,0.0,0.04670002382654276,0.04670002382654276,0.4537764035568095,0.04615565760037677,0.953844342399623
sbm_2c_200_clear_s2,sbm,400,2,Leiden,{'resolution': 1.2},1.0,2,0.6931471805579453,0.5,200,200,200.0,0.0,0.999999999999995,0.0,400,8493,0.10642857142857143,42.465,5.780032439355337,55,0.953844342399623,0.04615565760037677,0.2035427135678392,0.0024874371859296557,0.20105527638190954,40.504999999999995,0.04670002382654276,0.0,0.04670002382654276,0.04670002382654276,0.4537764035568095,0.04615565760037677,0.953844342399623
sbm_2c_200_clear_s2,sbm,400,2,Leiden,{'resolution': 1.5},1.0,2,0.6931471805579453,0.5,200,200,200.0,0.0,0.999999999999995,0.0,400,8493,0.10642857142857143,42.465,5.780032439355337,55,0.953844342399623,0.04615565760037677,0.2035427135678392,0.0024874371859296557,0.20105527638190954,40.504999999999995,0.04670002382654276,0.0,0.04670002382654276,0.04670002382654276,0.4537764035568095,0.04615565760037677,0.953844342399623
sbm_2c_200_clear_s2,sbm,400,2,Leiden,{'resolution': 2.0},0.3978121355270354,17,2.7916493786916123,0.936425,12,34,23.529411764705884,6.687280701704617,0.3529411764705778,0.28420942982243413,400,8493,0.10642857142857143,42.465,5.780032439355337,55,0.23348640056517125,0.7665135994348286,0.43705713403017693,0.06421141794368417,0.35650623885917937,9.445351447903287,0.7775552247531303,0.04042430560475676,0.7134909596662026,0.8554216867469862,0.16994051341191505,0.7665135994348286,0.23348640056517125
sbm_2c_200_clear_s2,sbm,400,2,Leiden,{'resolution': 3.0},0.3148328654410615,43,3.7101236125455954,0.9743375,3,17,9.30232558139535,2.9925091262585886,0.17647058823528375,0.32169473107276364,400,8493,0.10642857142857143,42.465,5.780032439355337,55,0.1365830684092782,0.8634169315907216,0.6850124947251854,0.10919363634194593,0.5147058823529375,5.407506355933168,0.8727860543052457,0.0310342261470581,0.8028169014084495,0.9499999999999921,0.11105255103111007,0.8634169315907216,0.1365830684092782
sbm_2c_200_clear_s2,sbm,400,2,LabelProp,{'seed': 0},1.0,2,0.6931471805579453,0.5,200,200,200.0,0.0,0.999999999999995,0.0,400,8493,0.10642857142857143,42.465,5.780032439355337,55,0.953844342399623,0.04615565760037677,0.2035427135678392,0.0024874371859296557,0.20105527638190954,40.504999999999995,0.04670002382654276,0.0,0.04670002382654276,0.04670002382654276,0.4537764035568095,0.04615565760037677,0.953844342399623
sbm_2c_200_clear_s2,sbm,400,2,LabelProp,{'seed': 1},1.0,2,0.6931471805579453,0.5,200,200,200.0,0.0,0.999999999999995,0.0,400,8493,0.10642857142857143,42.465,5.780032439355337,55,0.953844342399623,0.04615565760037677,0.2035427135678392,0.0024874371859296557,0.20105527638190954,40.504999999999995,0.04670002382654276,0.0,0.04670002382654276,0.04670002382654276,0.4537764035568095,0.04615565760037677,0.953844342399623
sbm_2c_200_clear_s2,sbm,400,2,LabelProp,{'seed': 2},1.0,2,0.6931471805579453,0.5,200,200,200.0,0.0,0.999999999999995,0.0,400,8493,0.10642857142857143,42.465,5.780032439355337,55,0.953844342399623,0.04615565760037677,0.2035427135678392,0.0024874371859296557,0.20105527638190954,40.504999999999995,0.04670002382654276,0.0,0.04670002382654276,0.04670002382654276,0.4537764035568095,0.04615565760037677,0.953844342399623
sbm_2c_200_clear_s2,sbm,400,2,LabelProp,{'seed': 3},1.0,2,0.6931471805579453,0.5,200,200,200.0,0.0,0.999999999999995,0.0,400,8493,0.10642857142857143,42.465,5.780032439355337,55,0.953844342399623,0.04615565760037677,0.2035427135678392,0.0024874371859296557,0.20105527638190954,40.504999999999995,0.04670002382654276,0.0,0.04670002382654276,0.04670002382654276,0.4537764035568095,0.04615565760037677,0.953844342399623
sbm_2c_200_clear_s2,sbm,400,2,LabelProp,{'seed': 4},1.0,2,0.6931471805579453,0.5,200,200,200.0,0.0,0.999999999999995,0.0,400,8493,0.10642857142857143,42.465,5.780032439355337,55,0.953844342399623,0.04615565760037677,0.2035427135678392,0.0024874371859296557,0.20105527638190954,40.504999999999995,0.04670002382654276,0.0,0.04670002382654276,0.04670002382654276,0.4537764035568095,0.04615565760037677,0.953844342399623
sbm_2c_200_clear_s2,sbm,400,2,Spectral,{'k': 2},1.0,2,0.6931471805579453,0.5,200,200,200.0,0.0,0.999999999999995,0.0,400,8493,0.10642857142857143,42.465,5.780032439355337,55,0.953844342399623,0.04615565760037677,0.2035427135678392,0.0024874371859296557,0.20105527638190954,40.504999999999995,0.04670002382654276,0.0,0.04670002382654276,0.04670002382654276,0.4537764035568095,0.04615565760037677,0.953844342399623
sbm_2c_200_clear_s2,sbm,400,2,Spectral,{'k': 3},0.8001039031227332,3,1.0394957370747622,0.6248875,97,200,133.33333333333334,47.204048790566915,0.4849999999999976,0.3540303659292492,400,8493,0.10642857142857143,42.465,5.780032439355337,55,0.7512068762510301,0.2487931237489697,0.22728783132460686,0.01904737960909672,0.20105527638190954,29.192737130083742,0.313183415004312,0.18856554498884326,0.04670002382654276,0.45510835913312686,0.379004865158692,0.2487931237489697,0.7512068762510301
sbm_2c_200_clear_s2,sbm,400,2,Spectral,{'k': 5},0.611950340868267,5,1.5722235015609014,0.7842,58,121,80.0,22.485550916088314,0.4793388429752027,0.2810693864511004,400,8493,0.10642857142857143,42.465,5.780032439355337,55,0.4982927116448839,0.5017072883551159,0.25829826203984835,0.01749007325857326,0.22575757575757574,20.016377851320478,0.5282520048601708,0.09172815112953758,0.3671814671814671,0.6189683860232943,0.2813876032774735,0.5017072883551159,0.4982927116448839
sbm_2c_200_clear_s2,sbm,400,2,Spectral,{'k': 8},0.509397430131943,8,2.0282924638386146,0.8607125,32,90,50.0,16.904141504376966,0.35555555555555163,0.33808283008753254,400,8493,0.10642857142857143,42.465,5.780032439355337,55,0.36135641116213346,0.6386435888378663,0.30124342122442466,0.036244949730122815,0.24569288389513103,14.265394154456656,0.663751384936264,0.07240690819080678,0.49304482225656865,0.7305315203955497,0.2210363320794073,0.6386435888378663,0.36135641116213346
sbm_2c_200_clear_s2,sbm,400,2,Spectral,{'k': 10},0.46479860075375723,10,2.289422816137782,0.89735,30,52,40.0,6.511528238439882,0.5769230769230658,0.16278820596099297,400,8493,0.10642857142857143,42.465,5.780032439355337,55,0.2933003650064759,0.706699634993524,0.3171485907120064,0.02557207251811033,0.27828054298642513,12.243163143163144,0.7115821172706875,0.030044593635069075,0.6663652802893306,0.7552498189717591,0.1903178754547158,0.706699634993524,0.2933003650064759
sbm_2c_200_clear_s2,sbm,400,2,GreedyMod,{},1.0,2,0.6931471805579453,0.5,200,200,200.0,0.0,0.999999999999995,0.0,400,8493,0.10642857142857143,42.465,5.780032439355337,55,0.953844342399623,0.04615565760037677,0.2035427135678392,0.0024874371859296557,0.20105527638190954,40.504999999999995,0.04670002382654276,0.0,0.04670002382654276,0.04670002382654276,0.4537764035568095,0.04615565760037677,0.953844342399623
sbm_2c_200_mixed_s2,sbm,400,2,Louvain,{'resolution': 0.5},0.3428939357008943,59,2.4375726981444323,0.7841125,1,152,6.779661016949152,23.227006342055883,0.00657894736842101,3.4259834354527374,400,8100,0.10150375939849623,40.5,5.837379549078507,57,0.3448148148148148,0.6551851851851851,0.4279817751986738,0.4327199785680418,0.0,1.7384682915459007,0.9567951280929189,0.09123261068965233,0.42083941014422294,0.9999999999999815,0.12763062033226644,0.6551851851851851,0.3448148148148148
sbm_2c_200_mixed_s2,sbm,400,2,Louvain,{'resolution': 0.8},1.0,2,0.6931471805579453,0.5,200,200,200.0,0.0,0.999999999999995,0.0,400,8100,0.10150375939849623,40.5,5.837379549078507,57,0.7511111111111111,0.24888888888888885,0.1528643216080402,0.0010552763819095534,0.15180904522613065,30.42,0.25018615040953085,0.0,0.25018615040953085,0.25018615040953085,0.2510976680384087,0.24888888888888885,0.7511111111111111
sbm_2c_200_mixed_s2,sbm,400,2,Louvain,{'resolution': 1.0},1.0,2,0.6931471805579453,0.5,200,200,200.0,0.0,0.999999999999995,0.0,400,8100,0.10150375939849623,40.5,5.837379549078507,57,0.7511111111111111,0.24888888888888885,0.1528643216080402,0.0010552763819095534,0.15180904522613065,30.42,0.25018615040953085,0.0,0.25018615040953085,0.25018615040953085,0.2510976680384087,0.24888888888888885,0.7511111111111111
sbm_2c_200_mixed_s2,sbm,400,2,Louvain,{'resolution': 1.2},0.6862965526640779,4,1.3268168652097785,0.7208749999999999,63,137,100.0,34.132096331752024,0.4598540145985368,0.3413209633175168,400,8100,0.10150375939849623,40.5,5.837379549078507,57,0.49283950617283945,0.5071604938271604,0.19379982556806052,0.022648740995871927,0.169935408103347,18.442742285072722,0.5446708597686962,0.10973141653500686,0.4202586206896551,0.6706827309236946,0.21358827160493826,0.5071604938271604,0.49283950617283945
sbm_2c_200_mixed_s2,sbm,400,2,Louvain,{'resolution': 1.5},0.3680035043581896,17,2.739980287111565,0.9310125,7,40,23.529411764705884,9.78063902073782,0.1749999999999956,0.4156771583813397,400,8100,0.10150375939849623,40.5,5.837379549078507,57,0.2093827160493827,0.7906172839506171,0.3847103456214481,0.10943140221657978,0.26890756302520963,7.680290649683438,0.8102887652699815,0.048485752805455216,0.7248934875228237,0.899613899613896,0.14020804755372657,0.7906172839506171,0.2093827160493827
sbm_2c_200_mixed_s2,sbm,400,2,Louvain,{'resolution': 2.0},0.30213405070996724,34,3.478743821482527,0.9678,5,19,11.764705882352942,3.6223068984330946,0.26315789473682827,0.30789608636678684,400,8100,0.10150375939849623,40.5,5.837379549078507,57,0.14320987654320985,0.8567901234567901,0.537672682140889,0.11023832579626382,0.40833333333332994,5.470684401951475,0.8650286628420311,0.028671448055721534,0.8124999999999988,0.9166666666666624,0.11101201036427373,0.8567901234567901,0.14320987654320985
sbm_2c_200_mixed_s2,sbm,400,2,Louvain,{'resolution': 3.0},0.24187686760133234,58,4.020779217205975,0.9814,3,11,6.896551724137931,1.935954323809407,0.27272727272724795,0.28071337695232335,400,8100,0.10150375939849623,40.5,5.837379549078507,57,0.10518518518518517,0.8948148148148147,0.7138441060854287,0.11205747879614665,0.5272727272727177,4.026276309896999,0.9004952093772861,0.02212213840848147,0.8486238532110072,0.9519999999999924,0.08658822588020118,0.8948148148148147,0.10518518518518517
sbm_2c_200_mixed_s2,sbm,400,2,Leiden,{'resolution': 0.5},1.0,2,0.6931471805579453,0.5,200,200,200.0,0.0,0.999999999999995,0.0,400,8100,0.10150375939849623,40.5,5.837379549078507,57,0.7511111111111111,0.24888888888888885,0.1528643216080402,0.0010552763819095534,0.15180904522613065,30.42,0.25018615040953085,0.0,0.25018615040953085,0.25018615040953085,0.2510976680384087,0.24888888888888885,0.7511111111111111
sbm_2c_200_mixed_s2,sbm,400,2,Leiden,{'resolution': 0.8},1.0,2,0.6931471805579453,0.5,200,200,200.0,0.0,0.999999999999995,0.0,400,8100,0.10150375939849623,40.5,5.837379549078507,57,0.7511111111111111,0.24888888888888885,0.1528643216080402,0.0010552763819095534,0.15180904522613065,30.42,0.25018615040953085,0.0,0.25018615040953085,0.25018615040953085,0.2510976680384087,0.24888888888888885,0.7511111111111111
sbm_2c_200_mixed_s2,sbm,400,2,Leiden,{'resolution': 1.0},1.0,2,0.6931471805579453,0.5,200,200,200.0,0.0,0.999999999999995,0.0,400,8100,0.10150375939849623,40.5,5.837379549078507,57,0.7511111111111111,0.24888888888888885,0.1528643216080402,0.0010552763819095534,0.15180904522613065,30.42,0.25018615040953085,0.0,0.25018615040953085,0.25018615040953085,0.2510976680384087,0.24888888888888885,0.7511111111111111
sbm_2c_200_mixed_s2,sbm,400,2,Leiden,{'resolution': 1.2},0.6691360649017368,4,1.3786203325553306,0.746175,85,115,100.0,12.36931687685298,0.7391304347826023,0.12369316876852858,400,8100,0.10150375939849623,40.5,5.837379549078507,57,0.4653086419753086,0.5346913580246913,0.18926805431428398,0.007943200355960975,0.18025823989126738,18.64509563268098,0.5397412529606512,0.04305956003933202,0.48312190926682425,0.5903752506445143,0.21186249809480262,0.5346913580246913,0.4653086419753086
sbm_2c_200_mixed_s2,sbm,400,2,Leiden,{'resolution': 1.5},0.35501090693455095,15,2.6564600417487414,0.9268125,12,44,26.666666666666668,8.339997335464536,0.2727272727272665,0.3127499000799084,400,8100,0.10150375939849623,40.5,5.837379549078507,57,0.2193827160493827,0.7806172839506172,0.3422268891048767,0.05740222859240499,0.27167019027484113,8.348319146875017,0.7938379546020238,0.042763754651785064,0.7122060470324745,0.8717948717948699,0.14606014327084285,0.7806172839506172,0.2193827160493827
sbm_2c_200_mixed_s2,sbm,400,2,Leiden,{'resolution': 2.0},0.3228223185575621,30,3.346919115582217,0.963275,4,22,13.333333333333334,4.253103442063088,0.18181818181817358,0.31898275815470767,400,8100,0.10150375939849623,40.5,5.837379549078507,57,0.15160493827160493,0.848395061728395,0.5039549872212277,0.10870194011190258,0.3679653679653664,5.786820091673033,0.8571145048673378,0.029041637258943653,0.8052691867124847,0.9418604651162736,0.11490765127267183,0.848395061728395,0.15160493827160493
sbm_2c_200_mixed_s2,sbm,400,2,Leiden,{'resolution': 3.0},0.2305874563722524,56,3.985823479678126,0.9807,4,12,7.142857142857143,2.030381486221699,0.33333333333330556,0.2842534080709981,400,8100,0.10150375939849623,40.5,5.837379549078507,57,0.1065432098765432,0.8934567901234567,0.6904568645639628,0.09862538091479871,0.5151515151515074,4.0756326015254585,0.899352643151925,0.023334428182136675,0.8513800424628432,0.9435028248587518,0.08734432251181226,0.8934567901234567,0.1065432098765432
sbm_2c_200_mixed_s2,sbm,400,2,LabelProp,{'seed': 0},0.0,1,-1.000088900581841e-12,0.0,400,400,400.0,0.0,0.9999999999999974,0.0,400,8100,0.10150375939849623,40.5,5.837379549078507,57,0.9999999999999999,0.0,0.10150375939849623,0.0,0.10150375939849623,40.5,0.0,0.0,0.0,0.0,0.0,0.0,0.9999999999999999
sbm_2c_200_mixed_s2,sbm,400,2,LabelProp,{'seed': 1},0.0,1,-1.000088900581841e-12,0.0,400,400,400.0,0.0,0.9999999999999974,0.0,400,8100,0.10150375939849623,40.5,5.837379549078507,57,0.9999999999999999,0.0,0.10150375939849623,0.0,0.10150375939849623,40.5,0.0,0.0,0.0,0.0,0.0,0.0,0.9999999999999999
sbm_2c_200_mixed_s2,sbm,400,2,LabelProp,{'seed': 2},0.0,1,-1.000088900581841e-12,0.0,400,400,400.0,0.0,0.9999999999999974,0.0,400,8100,0.10150375939849623,40.5,5.837379549078507,57,0.9999999999999999,0.0,0.10150375939849623,0.0,0.10150375939849623,40.5,0.0,0.0,0.0,0.0,0.0,0.0,0.9999999999999999
sbm_2c_200_mixed_s2,sbm,400,2,LabelProp,{'seed': 3},0.0,1,-1.000088900581841e-12,0.0,400,400,400.0,0.0,0.9999999999999974,0.0,400,8100,0.10150375939849623,40.5,5.837379549078507,57,0.9999999999999999,0.0,0.10150375939849623,0.0,0.10150375939849623,40.5,0.0,0.0,0.0,0.0,0.0,0.0,0.9999999999999999
sbm_2c_200_mixed_s2,sbm,400,2,LabelProp,{'seed': 4},0.0,1,-1.000088900581841e-12,0.0,400,400,400.0,0.0,0.9999999999999974,0.0,400,8100,0.10150375939849623,40.5,5.837379549078507,57,0.9999999999999999,0.0,0.10150375939849623,0.0,0.10150375939849623,40.5,0.0,0.0,0.0,0.0,0.0,0.0,0.9999999999999999
sbm_2c_200_mixed_s2,sbm,400,2,Spectral,{'k': 2},1.0,2,0.6931471805579453,0.5,200,200,200.0,0.0,0.999999999999995,0.0,400,8100,0.10150375939849623,40.5,5.837379549078507,57,0.7511111111111111,0.24888888888888885,0.1528643216080402,0.0010552763819095534,0.15180904522613065,30.42,0.25018615040953085,0.0,0.25018615040953085,0.25018615040953085,0.2510976680384087,0.24888888888888885,0.7511111111111111
sbm_2c_200_mixed_s2,sbm,400,2,Spectral,{'k': 3},0.6663221160857359,3,1.0614374471170982,0.6410875,97,184,133.33333333333334,36.9353790047188,0.5271739130434754,0.2770153425353889,400,8100,0.10150375939849623,40.5,5.837379549078507,57,0.5723456790123456,0.42765432098765427,0.16510472258112666,0.008184117064120018,0.15704442860536943,21.69741495881185,0.4641888214052317,0.1291546219568162,0.2957783992542282,0.6096298213823452,0.21181590458771532,0.42765432098765427,0.5723456790123456
sbm_2c_200_mixed_s2,sbm,400,2,Spectral,{'k': 5},0.41077644293537935,5,1.5999379901795745,0.7962375,65,95,80.0,10.972693379476162,0.6842105263157823,0.13715866724345033,400,8100,0.10150375939849623,40.5,5.837379549078507,57,0.37172839506172833,0.6282716049382715,0.186611391771044,0.013672953763652624,0.16314699792960657,14.75626777139629,0.6357106058520393,0.054567554121037025,0.5694444444444443,0.7186719028918241,0.1673351394604481,0.6282716049382715,0.37172839506172833
sbm_2c_200_mixed_s2,sbm,400,2,Spectral,{'k': 8},0.3893703763471816,8,2.06699085462919,0.8718375,41,64,50.0,7.952986860293433,0.64062499999999,0.15905973720586547,400,8100,0.10150375939849623,40.5,5.837379549078507,57,0.28493827160493823,0.7150617283950617,0.23365881125593596,0.014704545766244241,0.21548821548821537,11.346658431630047,0.7198319363140316,0.029886204949323612,0.6655264158114783,0.7558962264150939,0.15664119798811157,0.7150617283950617,0.28493827160493823
sbm_2c_200_mixed_s2,sbm,400,2,Spectral,{'k': 10},0.34378568542782745,10,2.2693506888074064,0.8925375,31,69,40.0,10.927030703718188,0.4492753623188341,0.27317576759294787,400,8100,0.10150375939849623,40.5,5.837379549078507,57,0.24777777777777776,0.7522222222222221,0.2491298248331768,0.027334655643146345,0.21142369991474844,9.537540780881198,0.7644225021412235,0.04766117644655406,0.6481021638879033,0.8425196850393695,0.1401555250723975,0.7522222222222221,0.24777777777777776
sbm_2c_200_mixed_s2,sbm,400,2,GreedyMod,{},0.9595659056988849,2,0.6930971797245786,0.49995,198,202,200.0,2.0,0.9801980198019754,0.00999999999999995,400,8100,0.10150375939849623,40.5,5.837379549078507,57,0.7474074074074073,0.2525925925925926,0.1521473535337472,0.00259807024720958,0.1495492832865376,30.272127212721273,0.2531551596139569,0.0,0.2531551596139569,0.2531551596139569,0.24740493827160498,0.2525925925925926,0.7474074074074073
sbm_5c_80_clear_s2,sbm,400,5,Louvain,{'resolution': 0.5},1.0,5,1.6094379124291003,0.7999999999999999,80,80,80.0,0.0,0.9999999999999876,0.0,400,4700,0.05889724310776942,23.5,4.214261501141095,41,0.8655319148936168,0.13446808510638295,0.2574683544303797,0.005666589692556797,0.2515822784810126,20.339999999999996,0.1345090789315435,0.006783738859205984,0.12167101827676234,0.14179894179894173,0.6654668175645088,0.13446808510638295,0.8655319148936168
sbm_5c_80_clear_s2,sbm,400,5,Louvain,{'resolution': 0.8},1.0,5,1.6094379124291003,0.7999999999999999,80,80,80.0,0.0,0.9999999999999876,0.0,400,4700,0.05889724310776942,23.5,4.214261501141095,41,0.8655319148936168,0.13446808510638295,0.2574683544303797,0.005666589692556797,0.2515822784810126,20.339999999999996,0.1345090789315435,0.006783738859205984,0.12167101827676234,0.14179894179894173,0.6654668175645088,0.13446808510638295,0.8655319148936168
sbm_5c_80_clear_s2,sbm,400,5,Louvain,{'resolution': 1.0},1.0,5,1.6094379124291003,0.7999999999999999,80,80,80.0,0.0,0.9999999999999876,0.0,400,4700,0.05889724310776942,23.5,4.214261501141095,41,0.8655319148936168,0.13446808510638295,0.2574683544303797,0.005666589692556797,0.2515822784810126,20.339999999999996,0.1345090789315435,0.006783738859205984,0.12167101827676234,0.14179894179894173,0.6654668175645088,0.13446808510638295,0.8655319148936168
sbm_5c_80_clear_s2,sbm,400,5,Louvain,{'resolution': 1.2},1.0,5,1.6094379124291003,0.7999999999999999,80,80,80.0,0.0,0.9999999999999876,0.0,400,4700,0.05889724310776942,23.5,4.214261501141095,41,0.8655319148936168,0.13446808510638295,0.2574683544303797,0.005666589692556797,0.2515822784810126,20.339999999999996,0.1345090789315435,0.006783738859205984,0.12167101827676234,0.14179894179894173,0.6654668175645088,0.13446808510638295,0.8655319148936168
sbm_5c_80_clear_s2,sbm,400,5,Louvain,{'resolution': 1.5},1.0,5,1.6094379124291003,0.7999999999999999,80,80,80.0,0.0,0.9999999999999876,0.0,400,4700,0.05889724310776942,23.5,4.214261501141095,41,0.8655319148936168,0.13446808510638295,0.2574683544303797,0.005666589692556797,0.2515822784810126,20.339999999999996,0.1345090789315435,0.006783738859205984,0.12167101827676234,0.14179894179894173,0.6654668175645088,0.13446808510638295,0.8655319148936168
sbm_5c_80_clear_s2,sbm,400,5,Louvain,{'resolution': 2.0},1.0,5,1.6094379124291003,0.7999999999999999,80,80,80.0,0.0,0.9999999999999876,0.0,400,4700,0.05889724310776942,23.5,4.214261501141095,41,0.8655319148936168,0.13446808510638295,0.2574683544303797,0.005666589692556797,0.2515822784810126,20.339999999999996,0.1345090789315435,0.006783738859205984,0.12167101827676234,0.14179894179894173,0.6654668175645088,0.13446808510638295,0.8655319148936168
sbm_5c_80_clear_s2,sbm,400,5,Louvain,{'resolution': 3.0},1.0,5,1.6094379124291003,0.7999999999999999,80,80,80.0,0.0,0.9999999999999876,0.0,400,4700,0.05889724310776942,23.5,4.214261501141095,41,0.8655319148936168,0.13446808510638295,0.2574683544303797,0.005666589692556798,0.2515822784810126,20.339999999999996,0.1345090789315435,0.006783738859205984,0.12167101827676234,0.14179894179894173,0.6654668175645089,0.13446808510638295,0.8655319148936168
sbm_5c_80_clear_s2,sbm,400,5,Leiden,{'resolution': 0.5},1.0,5,1.6094379124291003,0.7999999999999999,80,80,80.0,0.0,0.9999999999999876,0.0,400,4700,0.05889724310776942,23.5,4.214261501141095,41,0.8655319148936168,0.13446808510638295,0.2574683544303797,0.005666589692556797,0.2515822784810126,20.339999999999996,0.1345090789315435,0.006783738859205984,0.12167101827676234,0.14179894179894173,0.6654668175645087,0.13446808510638295,0.8655319148936168
sbm_5c_80_clear_s2,sbm,400,5,Leiden,{'resolution': 0.8},1.0,5,1.6094379124291003,0.7999999999999999,80,80,80.0,0.0,0.9999999999999876,0.0,400,4700,0.05889724310776942,23.5,4.214261501141095,41,0.8655319148936168,0.13446808510638295,0.2574683544303797,0.005666589692556797,0.2515822784810126,20.339999999999996,0.1345090789315435,0.006783738859205984,0.12167101827676234,0.14179894179894173,0.6654668175645087,0.13446808510638295,0.8655319148936168
sbm_5c_80_clear_s2,sbm,400,5,Leiden,{'resolution': 1.0},1.0,5,1.6094379124291003,0.7999999999999999,80,80,80.0,0.0,0.9999999999999876,0.0,400,4700,0.05889724310776942,23.5,4.214261501141095,41,0.8655319148936168,0.13446808510638295,0.2574683544303797,0.005666589692556797,0.2515822784810126,20.339999999999996,0.1345090789315435,0.006783738859205984,0.12167101827676234,0.14179894179894173,0.6654668175645087,0.13446808510638295,0.8655319148936168
sbm_5c_80_clear_s2,sbm,400,5,Leiden,{'resolution': 1.2},1.0,5,1.6094379124291003,0.7999999999999999,80,80,80.0,0.0,0.9999999999999876,0.0,400,4700,0.05889724310776942,23.5,4.214261501141095,41,0.8655319148936168,0.13446808510638295,0.2574683544303797,0.005666589692556797,0.2515822784810126,20.339999999999996,0.1345090789315435,0.006783738859205984,0.12167101827676234,0.14179894179894173,0.6654668175645087,0.13446808510638295,0.8655319148936168
sbm_5c_80_clear_s2,sbm,400,5,Leiden,{'resolution': 1.5},1.0,5,1.6094379124291003,0.7999999999999999,80,80,80.0,0.0,0.9999999999999876,0.0,400,4700,0.05889724310776942,23.5,4.214261501141095,41,0.8655319148936168,0.13446808510638295,0.2574683544303797,0.005666589692556797,0.2515822784810126,20.339999999999996,0.1345090789315435,0.006783738859205984,0.12167101827676234,0.14179894179894173,0.6654668175645089,0.13446808510638295,0.8655319148936168
sbm_5c_80_clear_s2,sbm,400,5,Leiden,{'resolution': 2.0},1.0,5,1.6094379124291003,0.7999999999999999,80,80,80.0,0.0,0.9999999999999876,0.0,400,4700,0.05889724310776942,23.5,4.214261501141095,41,0.8655319148936168,0.13446808510638295,0.2574683544303797,0.005666589692556797,0.2515822784810126,20.339999999999996,0.1345090789315435,0.006783738859205984,0.12167101827676234,0.14179894179894173,0.6654668175645087,0.13446808510638295,0.8655319148936168
sbm_5c_80_clear_s2,sbm,400,5,Leiden,{'resolution': 3.0},1.0,5,1.6094379124291003,0.7999999999999999,80,80,80.0,0.0,0.9999999999999876,0.0,400,4700,0.05889724310776942,23.5,4.214261501141095,41,0.8655319148936168,0.13446808510638295,0.2574683544303797,0.005666589692556798,0.2515822784810126,20.339999999999996,0.13450907893154349,0.006783738859205984,0.12167101827676234,0.14179894179894173,0.6654668175645088,0.13446808510638295,0.8655319148936168
sbm_5c_80_clear_s2,sbm,400,5,LabelProp,{'seed': 0},0.7424834172925042,3,0.9502705392302345,0.5599999999999999,80,240,133.33333333333334,75.42472332656506,0.3333333333333319,0.5656854249492337,400,4700,0.05889724310776942,23.5,4.214261501141095,41,0.9082978723404254,0.09170212765957445,0.20317588522265176,0.07897422344701771,0.09180613668061367,20.947222222222223,0.11943201720963244,0.014041148592984108,0.10122535961640913,0.13539967373572587,0.4677539384336803,0.09170212765957445,0.9082978723404254
sbm_5c_80_clear_s2,sbm,400,5,LabelProp,{'seed': 1},0.7424834172925042,3,0.9502705392302345,0.5599999999999999,80,240,133.33333333333334,75.42472332656506,0.3333333333333319,0.5656854249492337,400,4700,0.05889724310776942,23.5,4.214261501141095,41,0.9082978723404254,0.09170212765957445,0.20317588522265176,0.07897422344701771,0.09180613668061367,20.947222222222223,0.11943201720963244,0.014041148592984108,0.10122535961640913,0.13539967373572587,0.4677539384336803,0.09170212765957445,0.9082978723404254
sbm_5c_80_clear_s2,sbm,400,5,LabelProp,{'seed': 2},0.7424834172925042,3,0.9502705392302345,0.5599999999999999,80,240,133.33333333333334,75.42472332656506,0.3333333333333319,0.5656854249492337,400,4700,0.05889724310776942,23.5,4.214261501141095,41,0.9082978723404254,0.09170212765957445,0.20317588522265176,0.07897422344701771,0.09180613668061367,20.947222222222223,0.11943201720963244,0.014041148592984108,0.10122535961640913,0.13539967373572587,0.4677539384336803,0.09170212765957445,0.9082978723404254
sbm_5c_80_clear_s2,sbm,400,5,LabelProp,{'seed': 3},0.7424834172925042,3,0.9502705392302345,0.5599999999999999,80,240,133.33333333333334,75.42472332656506,0.3333333333333319,0.5656854249492337,400,4700,0.05889724310776942,23.5,4.214261501141095,41,0.9082978723404254,0.09170212765957445,0.20317588522265176,0.07897422344701771,0.09180613668061367,20.947222222222223,0.11943201720963244,0.014041148592984108,0.10122535961640913,0.13539967373572587,0.4677539384336803,0.09170212765957445,0.9082978723404254
sbm_5c_80_clear_s2,sbm,400,5,LabelProp,{'seed': 4},0.7424834172925042,3,0.9502705392302345,0.5599999999999999,80,240,133.33333333333334,75.42472332656506,0.3333333333333319,0.5656854249492337,400,4700,0.05889724310776942,23.5,4.214261501141095,41,0.9082978723404254,0.09170212765957445,0.20317588522265176,0.07897422344701771,0.09180613668061367,20.947222222222223,0.11943201720963244,0.014041148592984108,0.10122535961640913,0.13539967373572587,0.4677539384336803,0.09170212765957445,0.9082978723404254
sbm_5c_80_clear_s2,sbm,400,5,Spectral,{'k': 2},0.4743509876140318,2,0.5004024235361879,0.31999999999999984,80,320,200.0,120.0,0.2499999999999992,0.599999999999997,400,4700,0.05889724310776942,23.5,4.214261501141095,41,0.9504255319148934,0.04957446808510638,0.16859078012777268,0.09754846037855637,0.0710423197492163,21.84375,0.12167101827676234,0.0,0.12167101827676234,0.12167101827676234,0.27486588954277946,0.04957446808510638,0.9504255319148934
sbm_5c_80_clear_s2,sbm,400,5,Spectral,{'k': 3},0.7918756684685213,3,1.0549201679831441,0.6399999999999999,80,160,133.33333333333334,37.71236166328253,0.4999999999999969,0.28284271247461684,400,4700,0.05889724310776942,23.5,4.214261501141095,41,0.8980851063829786,0.10191489361702126,0.17728750364886017,0.06284982840488411,0.13081761006289305,21.091666666666665,0.10511736717321164,0.011745346353738422,0.09565217391304345,0.12167101827676234,0.5394652557718425,0.10191489361702126,0.8980851063829786
sbm_5c_80_clear_s2,sbm,400,5,Spectral,{'k': 5},1.0,5,1.6094379124291003,0.7999999999999999,80,80,80.0,0.0,0.9999999999999876,0.0,400,4700,0.05889724310776942,23.5,4.214261501141095,41,0.8655319148936168,0.13446808510638295,0.2574683544303797,0.005666589692556797,0.2515822784810126,20.339999999999996,0.1345090789315435,0.006783738859205984,0.12167101827676234,0.14179894179894173,0.6654668175645087,0.13446808510638295,0.8655319148936168
sbm_5c_80_clear_s2,sbm,400,5,Spectral,{'k': 8},0.8883816289434848,8,2.013865091579128,0.8577375,28,80,50.0,18.580904176062045,0.34999999999999565,0.37161808352123343,400,4700,0.05889724310776942,23.5,4.214261501141095,41,0.6765957446808509,0.32340425531914885,0.3073052844232482,0.038199147653293644,0.2613924050632911,14.455739330053744,0.3845113428510743,0.15936273377258686,0.12167101827676234,0.5696969696969688,0.5330937075599819,0.32340425531914885,0.6765957446808509
sbm_5c_80_clear_s2,sbm,400,5,Spectral,{'k': 10},0.8387708289721567,10,2.2281726883116053,0.8834,23,80,40.0,16.29723902997069,0.2874999999999964,0.4074309757492571,400,4700,0.05889724310776942,23.5,4.214261501141095,41,0.5895744680851063,0.41042553191489356,0.3331605308670262,0.04408252024788133,0.26613924050632903,12.413685956916169,0.4712603992785661,0.14475744898178736,0.12167101827676234,0.6080586080586069,0.4717593254866455,0.41042553191489356,0.5895744680851063
sbm_5c_80_clear_s2,sbm,400,5,GreedyMod,{},1.0,5,1.6094379124291003,0.7999999999999999,80,80,80.0,0.0,0.9999999999999876,0.0,400,4700,0.05889724310776942,23.5,4.214261501141095,41,0.8655319148936168,0.13446808510638295,0.2574683544303797,0.005666589692556797,0.2515822784810126,20.339999999999996,0.1345090789315435,0.006783738859205984,0.12167101827676234,0.14179894179894173,0.6654668175645088,0.13446808510638295,0.8655319148936168
sbm_5c_80_moderate_s2,sbm,400,5,Louvain,{'resolution': 0.5},0.4750005032284469,38,2.52839099618914,0.8371500000000001,1,116,10.526315789473685,23.97667379822716,0.008620689655172339,2.277784010831364,400,4226,0.05295739348370927,21.13,4.533001213324346,36,0.3783719829626123,0.6216280170373875,0.5179463247065313,0.3457235206557854,0.0,2.6523536197738182,0.8733263416225588,0.1246820629445708,0.4449339207048456,0.9999999999999749,0.21210915391143415,0.6216280170373875,0.3783719829626123
sbm_5c_80_moderate_s2,sbm,400,5,Louvain,{'resolution': 0.8},1.0,5,1.6094379124291003,0.7999999999999999,80,80,80.0,0.0,0.9999999999999876,0.0,400,4226,0.05295739348370927,21.13,4.533001213324346,36,0.5688594415522952,0.4311405584477046,0.15215189873417717,0.0037034781869184283,0.14715189873417717,12.02,0.4312116797067609,0.008087611880105762,0.41939252336448574,0.44246737841043865,0.36883139978798457,0.4311405584477046,0.5688594415522952
sbm_5c_80_moderate_s2,sbm,400,5,Louvain,{'resolution': 1.0},1.0,5,1.6094379124291003,0.7999999999999999,80,80,80.0,0.0,0.9999999999999876,0.0,400,4226,0.05295739348370927,21.13,4.533001213324346,36,0.5688594415522952,0.4311405584477046,0.15215189873417717,0.0037034781869184283,0.14715189873417717,12.02,0.4312116797067609,0.008087611880105762,0.41939252336448574,0.44246737841043865,0.36883139978798457,0.4311405584477046,0.5688594415522952
sbm_5c_80_moderate_s2,sbm,400,5,Louvain,{'resolution': 1.2},0.9603302728446046,5,1.6090952820248385,0.7998625,78,83,80.0,2.0976176963403033,0.939759036144567,0.026220221204253463,400,4226,0.05295739348370927,21.13,4.533001213324346,36,0.5667297681022242,0.4332702318977756,0.1518017776848716,0.006947200997736813,0.14193358801057887,11.97946629179458,0.4332215668840476,0.007921167340104009,0.42155688622754467,0.4441887226697351,0.3666169795122659,0.4332702318977756,0.5667297681022242
sbm_5c_80_moderate_s2,sbm,400,5,Louvain,{'resolution': 1.5},0.9581967670038457,5,1.6091573978203018,0.7998875,78,83,80.0,1.8973665961010275,0.939759036144567,0.02371708245126255,400,4226,0.05295739348370927,21.13,4.533001213324346,36,0.5657832465688594,0.43421675343114047,0.15159000844510398,0.0073576346013964344,0.14075815456949747,11.961862035034725,0.43409342764118036,0.00888273406454252,0.42514970059880214,0.4500574052812856,0.3657310434201635,0.43421675343114047,0.5657832465688594
sbm_5c_80_moderate_s2,sbm,400,5,Louvain,{'resolution': 2.0},0.6542309686081791,14,2.5627972243870802,0.9188000000000001,10,41,28.571428571428573,10.56756686223253,0.24390243902438427,0.3698648401781256,400,4226,0.05295739348370927,21.13,4.533001213324346,36,0.33719829626123987,0.6628017037387599,0.26112207694417705,0.06491748831971207,0.18048780487804855,6.563814214588752,0.6899167227730232,0.07511811544188718,0.5953488372093017,0.8407079646017662,0.2561683202423239,0.6628017037387599,0.33719829626123987
sbm_5c_80_moderate_s2,sbm,400,5,Louvain,{'resolution': 3.0},0.5027097402321059,40,3.5926403714667074,0.97015,3,21,10.0,4.404543109109048,0.14285714285713608,0.4404543109108608,400,4226,0.05295739348370927,21.13,4.533001213324346,36,0.20965451964032178,0.790345480359678,0.5137687319130441,0.17197456249251036,0.2865497076023375,4.007142746314573,0.8100395664943416,0.04930922427689798,0.7097505668934224,0.9142857142857013,0.17969157530882335,0.790345480359678,0.20965451964032178
sbm_5c_80_moderate_s2,sbm,400,5,Leiden,{'resolution': 0.5},0.0,1,-1.000088900581841e-12,0.0,400,400,400.0,0.0,0.9999999999999974,0.0,400,4226,0.05295739348370927,21.13,4.533001213324346,36,0.9999999999999998,0.0,0.05295739348370927,0.0,0.05295739348370927,21.13,0.0,0.0,0.0,0.0,0.0,0.0,0.9999999999999998
sbm_5c_80_moderate_s2,sbm,400,5,Leiden,{'resolution': 0.8},1.0,5,1.6094379124291003,0.7999999999999999,80,80,80.0,0.0,0.9999999999999876,0.0,400,4226,0.05295739348370927,21.13,4.533001213324346,36,0.5688594415522952,0.4311405584477046,0.15215189873417717,0.003703478186918428,0.14715189873417717,12.02,0.4312116797067608,0.008087611880105762,0.41939252336448574,0.44246737841043865,0.3688313997879845,0.4311405584477046,0.5688594415522952
sbm_5c_80_moderate_s2,sbm,400,5,Leiden,{'resolution': 1.0},1.0,5,1.6094379124291003,0.7999999999999999,80,80,80.0,0.0,0.9999999999999876,0.0,400,4226,0.05295739348370927,21.13,4.533001213324346,36,0.5688594415522952,0.4311405584477046,0.15215189873417717,0.003703478186918428,0.14715189873417717,12.02,0.4312116797067608,0.008087611880105762,0.41939252336448574,0.44246737841043865,0.36883139978798457,0.4311405584477046,0.5688594415522952
sbm_5c_80_moderate_s2,sbm,400,5,Leiden,{'resolution': 1.2},1.0,5,1.6094379124291003,0.7999999999999999,80,80,80.0,0.0,0.9999999999999876,0.0,400,4226,0.05295739348370927,21.13,4.533001213324346,36,0.5688594415522952,0.4311405584477046,0.15215189873417717,0.0037034781869184283,0.14715189873417717,12.02,0.4312116797067608,0.008087611880105762,0.41939252336448574,0.44246737841043865,0.3688313997879845,0.4311405584477046,0.5688594415522952
sbm_5c_80_moderate_s2,sbm,400,5,Leiden,{'resolution': 1.5},0.9927885517947933,6,1.6328192822556065,0.8019499999999999,2,80,66.66666666666667,28.92903193832951,0.02499999999999969,0.4339354790749361,400,4226,0.05295739348370927,21.13,4.533001213324346,36,0.5669663984855654,0.4330336015144344,0.29429777325330275,0.3156266040776187,0.14715189873417717,10.196688034188034,0.5146586249247022,0.18635361422893715,0.41939252336448574,0.9310344827585887,0.3682934380255731,0.4330336015144344,0.5669663984855654
sbm_5c_80_moderate_s2,sbm,400,5,Leiden,{'resolution': 2.0},0.752218916519186,14,2.5281003718754493,0.9154249999999999,2,47,28.571428571428573,12.25744255377865,0.04255319148936079,0.42901048938223774,400,4226,0.05295739348370927,21.13,4.533001213324346,36,0.3568386180785612,0.6431613819214386,0.3042867997203227,0.19629172283709104,0.20193236714975826,6.641754590710898,0.6841706420028675,0.09520803623823788,0.5546719681908543,0.9310344827585887,0.2714507178310905,0.6431613819214386,0.3568386180785612
sbm_5c_80_moderate_s2,sbm,400,5,Leiden,{'resolution': 3.0},0.5299707816445487,38,3.5627848880260493,0.969825,4,18,10.526315789473685,4.031042976603496,0.2222222222222099,0.3829490827772957,400,4226,0.05295739348370927,21.13,4.533001213324346,36,0.21769995267392328,0.7823000473260765,0.48216381142075637,0.10832016036487448,0.32026143790849465,4.212357894943035,0.8002396227739338,0.04916263627270708,0.7180851063829767,0.9101123595505516,0.18731794970803634,0.7823000473260765,0.21769995267392328
sbm_5c_80_moderate_s2,sbm,400,5,LabelProp,{'seed': 0},0.0,1,-1.000088900581841e-12,0.0,400,400,400.0,0.0,0.9999999999999974,0.0,400,4226,0.05295739348370927,21.13,4.533001213324346,36,0.9999999999999998,0.0,0.05295739348370927,0.0,0.05295739348370927,21.13,0.0,0.0,0.0,0.0,0.0,0.0,0.9999999999999998
sbm_5c_80_moderate_s2,sbm,400,5,LabelProp,{'seed': 1},0.0,1,-1.000088900581841e-12,0.0,400,400,400.0,0.0,0.9999999999999974,0.0,400,4226,0.05295739348370927,21.13,4.533001213324346,36,0.9999999999999998,0.0,0.05295739348370927,0.0,0.05295739348370927,21.13,0.0,0.0,0.0,0.0,0.0,0.0,0.9999999999999998
sbm_5c_80_moderate_s2,sbm,400,5,LabelProp,{'seed': 2},0.0,1,-1.000088900581841e-12,0.0,400,400,400.0,0.0,0.9999999999999974,0.0,400,4226,0.05295739348370927,21.13,4.533001213324346,36,0.9999999999999998,0.0,0.05295739348370927,0.0,0.05295739348370927,21.13,0.0,0.0,0.0,0.0,0.0,0.0,0.9999999999999998
sbm_5c_80_moderate_s2,sbm,400,5,LabelProp,{'seed': 3},0.0,1,-1.000088900581841e-12,0.0,400,400,400.0,0.0,0.9999999999999974,0.0,400,4226,0.05295739348370927,21.13,4.533001213324346,36,0.9999999999999998,0.0,0.05295739348370927,0.0,0.05295739348370927,21.13,0.0,0.0,0.0,0.0,0.0,0.0,0.9999999999999998
sbm_5c_80_moderate_s2,sbm,400,5,LabelProp,{'seed': 4},0.0,1,-1.000088900581841e-12,0.0,400,400,400.0,0.0,0.9999999999999974,0.0,400,4226,0.05295739348370927,21.13,4.533001213324346,36,0.9999999999999998,0.0,0.05295739348370927,0.0,0.05295739348370927,21.13,0.0,0.0,0.0,0.0,0.0,0.0,0.9999999999999998
sbm_5c_80_moderate_s2,sbm,400,5,Spectral,{'k': 2},0.3254452169219786,2,0.6923469670879616,0.4992,192,208,200.0,8.0,0.9230769230769187,0.0399999999999998,400,4226,0.05295739348370927,21.13,4.533001213324346,36,0.6926171320397537,0.30738286796024605,0.0736255328504361,0.0025088476033160723,0.07111668524712003,14.631410256410255,0.3175262771938401,0.0,0.3175262771938401,0.3175262771938401,0.19210688727681097,0.30738286796024605,0.6926171320397537
sbm_5c_80_moderate_s2,sbm,400,5,Spectral,{'k': 3},0.6291629017240494,3,1.0581667428193753,0.64185,82,162,133.33333333333334,36.38070306571267,0.5061728395061698,0.272855272992843,400,4226,0.05295739348370927,21.13,4.533001213324346,36,0.6426881211547562,0.3573118788452437,0.1078949208692231,0.026992262777313945,0.08756997162794262,13.296524062106718,0.3705073938033492,0.04822535225438449,0.3304016417472881,0.4383323682686738,0.2843262719751011,0.3573118788452437,0.6426881211547562
sbm_5c_80_moderate_s2,sbm,400,5,Spectral,{'k': 5},0.9665785184150657,5,1.6093754108013945,0.7999749999999999,79,81,80.0,0.8944271909999159,0.9753086419752967,0.01118033988749881,400,4226,0.05295739348370927,21.13,4.533001213324346,36,0.5676762896355891,0.4323237103644107,0.15180587110966853,0.002995820359336492,0.14810126582278477,11.993070792311299,0.43244418099398274,0.008868915993587738,0.4197674418604649,0.44451038575667634,0.3676040406569746,0.4323237103644107,0.5676762896355891
sbm_5c_80_moderate_s2,sbm,400,5,Spectral,{'k': 8},0.750968486883049,8,2.0101607443501734,0.858125,28,71,50.0,18.371173070873837,0.39436619718309307,0.3674234614174694,400,4226,0.05295739348370927,21.13,4.533001213324346,36,0.4538570752484618,0.546142924751538,0.17470902446705175,0.020005418553898605,0.1471774193548384,8.492585354606858,0.5979185882633016,0.1318188121007383,0.45241199478487587,0.7794117647058809,0.30901668708952246,0.546142924751538,0.4538570752484618
sbm_5c_80_moderate_s2,sbm,400,5,Spectral,{'k': 10},0.7217773956802869,10,2.234722543356962,0.8856375,23,71,40.0,15.15915564930976,0.32394366197182645,0.3789788912327345,400,4226,0.05295739348370927,21.13,4.533001213324346,36,0.3963558920965451,0.6036441079034547,0.20088788586113293,0.02474731086733388,0.16418511066398384,7.573909924969415,0.6410734787810448,0.09720097558588266,0.4578073089700994,0.789699570815449,0.28067840687838497,0.6036441079034547,0.3963558920965451
sbm_5c_80_moderate_s2,sbm,400,5,GreedyMod,{},0.739916406653684,4,1.3449497887401665,0.7280125,72,149,100.0,29.656365252673833,0.48322147651006386,0.2965636525267354,400,4226,0.05295739348370927,21.13,4.533001213324346,36,0.5915759583530524,0.4084240416469474,0.13119465215598827,0.026416583610547273,0.09341556321422091,12.238959025582783,0.42114469203200705,0.04296585077569392,0.3485135989879822,0.4591113972955567,0.3195791036445559,0.4084240416469474,0.5915759583530524
sbm_5c_80_hard_s2,sbm,400,5,Louvain,{'resolution': 0.5},0.15108139977259127,42,3.071404017135298,0.92055,1,83,9.523809523809524,14.558973824444553,0.012048192771084192,1.5286922515665176,400,4725,0.05921052631578947,23.625,4.562277391829655,41,0.21629629629629626,0.7837037037037036,0.5099273833802471,0.337137542817829,0.0,2.7323679455522845,0.8831538496586423,0.07952928922555547,0.6389597144314122,0.9999999999999787,0.13612120601326955,0.7837037037037036,0.21629629629629626
sbm_5c_80_hard_s2,sbm,400,5,Louvain,{'resolution': 0.8},0.0977522365046691,19,2.3569683102241394,0.8659749999999999,1,104,21.05263157894737,26.180494314440978,0.009615384615384524,1.2435734799358873,400,4725,0.05921052631578947,23.625,4.562277391829655,41,0.3015873015873015,0.6984126984126983,0.4487547388532985,0.30546384813211436,0.0,4.330849898024414,0.8181200027563862,0.10349674429211028,0.5577639751552793,0.999999999999963,0.16886185717085195,0.6984126984126983,0.3015873015873015
sbm_5c_80_hard_s2,sbm,400,5,Louvain,{'resolution': 1.0},0.0803013201202671,10,2.231227114015062,0.8868875,18,60,40.0,14.484474446799926,0.299999999999995,0.36211186116998906,400,4725,0.05921052631578947,23.625,4.562277391829655,41,0.28931216931216924,0.7106878306878306,0.18397684146560905,0.05589659854935049,0.13659147869674176,6.431130185341426,0.7280609807385349,0.048198270114088095,0.6613016095171445,0.7999999999999982,0.17600445676212872,0.7106878306878306,0.28931216931216924
sbm_5c_80_hard_s2,sbm,400,5,Louvain,{'resolution': 1.2},0.11059458287425213,15,2.6920886399311477,0.93115,19,37,26.666666666666668,4.825856285561029,0.5135135135134996,0.1809696107085318,400,4725,0.05921052631578947,23.625,4.562277391829655,41,0.23470899470899467,0.7652910052910051,0.21950436709536034,0.031921078394790636,0.1741741741741739,5.494104523209182,0.7676460361065277,0.017879936935697546,0.730232558139534,0.7995642701525036,0.1660326194675401,0.7652910052910051,0.23470899470899467
sbm_5c_80_hard_s2,sbm,400,5,Louvain,{'resolution': 1.5},0.1265242329122827,25,3.1856359239409406,0.95745,9,24,16.0,4.039801975344831,0.3749999999999844,0.2524876234590362,400,4725,0.05921052631578947,23.625,4.562277391829655,41,0.19767195767195764,0.8023280423280422,0.31872932699880757,0.06707755905799845,0.23188405797101364,4.539054226475279,0.808199275036712,0.028605331395699627,0.7522123893805293,0.8598130841121455,0.15542480893592,0.8023280423280422,0.19767195767195764
sbm_5c_80_hard_s2,sbm,400,5,Louvain,{'resolution': 2.0},0.15664347949091917,34,3.4688842154596555,0.9674125,3,20,11.764705882352942,3.8658293648582958,0.1499999999999925,0.3285954960129272,400,4725,0.05921052631578947,23.625,4.562277391829655,41,0.18010582010582007,0.8198941798941798,0.41365664955855896,0.14092645019701405,0.27368421052631436,4.016499431940609,0.830157757173918,0.033468278881654816,0.7782515991471198,0.9302325581395241,0.14751531032165952,0.8198941798941798,0.18010582010582007
sbm_5c_80_hard_s2,sbm,400,5,Louvain,{'resolution': 3.0},0.1865640569914752,57,3.991881221739414,0.980825,2,11,7.017543859649122,2.1397755913669227,0.18181818181816528,0.30491802176974303,400,4725,0.05921052631578947,23.625,4.562277391829655,41,0.14518518518518517,0.8548148148148147,0.5817574238626085,0.14581393374622778,0.36111111111110106,3.2258866864130025,0.8634152425248046,0.03251361514130182,0.8024691358024658,0.9565217391304139,0.12605974076873547,0.8548148148148147,0.14518518518518517
sbm_5c_80_hard_s2,sbm,400,5,Leiden,{'resolution': 0.5},0.0,1,-1.000088900581841e-12,0.0,400,400,400.0,0.0,0.9999999999999974,0.0,400,4725,0.05921052631578947,23.625,4.562277391829655,41,0.9999999999999998,0.0,0.05921052631578947,0.0,0.05921052631578947,23.625,0.0,0.0,0.0,0.0,0.0,0.0,0.9999999999999998
sbm_5c_80_hard_s2,sbm,400,5,Leiden,{'resolution': 0.8},0.04558777718398721,4,1.373954064279149,0.7438125,82,121,100.0,15.732132722552274,0.6776859504132176,0.15732132722552117,400,4725,0.05921052631578947,23.625,4.562277391829655,41,0.4414814814814814,0.5585185185185184,0.10445131527714713,0.005386230582845549,0.0977961432506887,10.25634051103192,0.565547148714722,0.041592571632313044,0.5105136159944845,0.6117832719621249,0.18432538842697574,0.5585185185185184,0.4414814814814814
sbm_5c_80_hard_s2,sbm,400,5,Leiden,{'resolution': 1.0},0.07805503069413705,9,2.157360990952437,0.8794875,26,75,44.44444444444444,12.928101270841585,0.34666666666666207,0.2908822785939291,400,4725,0.05921052631578947,23.625,4.562277391829655,41,0.3083597883597883,0.6916402116402115,0.16791944181341723,0.026136748398150677,0.12576576576576573,6.994057111491409,0.7033062962286212,0.039809527712708924,0.6083052749719413,0.7578947368421043,0.18712244338064443,0.6916402116402115,0.3083597883597883
sbm_5c_80_hard_s2,sbm,400,5,Leiden,{'resolution': 1.2},0.08264541084002441,16,2.7531452512224206,0.9351875,14,33,25.0,4.808846015417836,0.4242424242424114,0.19235384061670574,400,4725,0.05921052631578947,23.625,4.562277391829655,41,0.237037037037037,0.7629629629629628,0.2351852094196667,0.03346620447048177,0.18939393939393903,5.499698024373108,0.7669817262005458,0.024654278458708448,0.7305194805194793,0.8198198198198173,0.1720533691665967,0.7629629629629628,0.237037037037037
sbm_5c_80_hard_s2,sbm,400,5,Leiden,{'resolution': 1.5},0.12755321229199254,26,3.195383046345815,0.9569875,6,27,15.384615384615385,5.2920617116359585,0.222222222222214,0.34398401125631495,400,4725,0.05921052631578947,23.625,4.562277391829655,41,0.20148148148148146,0.7985185185185184,0.34591045986198865,0.10131927818410819,0.21082621082621023,4.498282870953149,0.8094689069382445,0.03353698365990086,0.7477797513321478,0.8888888888888827,0.15844790459393632,0.7985185185185184,0.20148148148148146
sbm_5c_80_hard_s2,sbm,400,5,Leiden,{'resolution': 2.0},0.16286790278015004,36,3.5387566466743925,0.9697625,5,19,11.11111111111111,3.3063724480814467,0.26315789473682827,0.29757352032730344,400,4725,0.05921052631578947,23.625,4.562277391829655,41,0.17481481481481478,0.825185185185185,0.4222398191954311,0.10144895673996593,0.2631578947368406,3.969916789627832,0.8317979301920938,0.024793382605226826,0.7815533980582505,0.8761061946902577,0.14451564065955602,0.825185185185185,0.17481481481481478
sbm_5c_80_hard_s2,sbm,400,5,Leiden,{'resolution': 3.0},0.21570804532512816,58,4.026392075312479,0.981575,3,13,6.896551724137931,1.8069755181481246,0.23076923076921302,0.2620114501314401,400,4725,0.05921052631578947,23.625,4.562277391829655,41,0.14306878306878304,0.8569312169312168,0.5868770118769662,0.12442271673646184,0.34615384615384176,3.265298685988341,0.8614912571297365,0.022156826306827703,0.8118466898954675,0.9189189189189065,0.1246434086391758,0.8569312169312168,0.14306878306878304
sbm_5c_80_hard_s2,sbm,400,5,LabelProp,{'seed': 0},0.0,1,-1.000088900581841e-12,0.0,400,400,400.0,0.0,0.9999999999999974,0.0,400,4725,0.05921052631578947,23.625,4.562277391829655,41,0.9999999999999998,0.0,0.05921052631578947,0.0,0.05921052631578947,23.625,0.0,0.0,0.0,0.0,0.0,0.0,0.9999999999999998
sbm_5c_80_hard_s2,sbm,400,5,LabelProp,{'seed': 1},0.0,1,-1.000088900581841e-12,0.0,400,400,400.0,0.0,0.9999999999999974,0.0,400,4725,0.05921052631578947,23.625,4.562277391829655,41,0.9999999999999998,0.0,0.05921052631578947,0.0,0.05921052631578947,23.625,0.0,0.0,0.0,0.0,0.0,0.0,0.9999999999999998
sbm_5c_80_hard_s2,sbm,400,5,LabelProp,{'seed': 2},0.0,1,-1.000088900581841e-12,0.0,400,400,400.0,0.0,0.9999999999999974,0.0,400,4725,0.05921052631578947,23.625,4.562277391829655,41,0.9999999999999998,0.0,0.05921052631578947,0.0,0.05921052631578947,23.625,0.0,0.0,0.0,0.0,0.0,0.0,0.9999999999999998
sbm_5c_80_hard_s2,sbm,400,5,LabelProp,{'seed': 3},0.0,1,-1.000088900581841e-12,0.0,400,400,400.0,0.0,0.9999999999999974,0.0,400,4725,0.05921052631578947,23.625,4.562277391829655,41,0.9999999999999998,0.0,0.05921052631578947,0.0,0.05921052631578947,23.625,0.0,0.0,0.0,0.0,0.0,0.0,0.9999999999999998
sbm_5c_80_hard_s2,sbm,400,5,LabelProp,{'seed': 4},0.0,1,-1.000088900581841e-12,0.0,400,400,400.0,0.0,0.9999999999999974,0.0,400,4725,0.05921052631578947,23.625,4.562277391829655,41,0.9999999999999998,0.0,0.05921052631578947,0.0,0.05921052631578947,23.625,0.0,0.0,0.0,0.0,0.0,0.0,0.9999999999999998
sbm_5c_80_hard_s2,sbm,400,5,Spectral,{'k': 2},0.0542785005602167,2,0.6870849202868891,0.4939499999999999,178,222,200.0,22.0,0.8018018018017982,0.10999999999999946,400,4725,0.05921052631578947,23.625,4.562277391829655,41,0.6317460317460316,0.36825396825396817,0.07447051962382376,0.0017054468587509863,0.07276507276507277,14.782113574248406,0.4202898550724637,0.0,0.4202898550724637,0.4202898550724637,0.12408163265306119,0.36825396825396817,0.6317460317460316
sbm_5c_80_hard_s2,sbm,400,5,Spectral,{'k': 3},0.08921931659573673,3,1.095165935806779,0.6644125000000001,118,143,133.33333333333334,10.96458946893235,0.8251748251748194,0.08223442101699201,400,4725,0.05921052631578947,23.625,4.562277391829655,41,0.48973544973544963,0.5102645502645502,0.08713756197510399,0.0021031197444558026,0.08440854919728158,11.510844234414533,0.5127101906911157,0.02790678289743005,0.4925991711071639,0.5521739130434781,0.15382292768959432,0.5102645502645502,0.48973544973544963
sbm_5c_80_hard_s2,sbm,400,5,Spectral,{'k': 5},0.09952739482145767,5,1.593429855274931,0.7936875,62,99,80.0,14.212670403551895,0.62626262626262,0.1776583800443965,400,4725,0.05921052631578947,23.625,4.562277391829655,41,0.3739682539682539,0.6260317460317459,0.11184146010928216,0.010606411638322481,0.10204081632653059,8.68951883075664,0.6319900925050369,0.03312783083545667,0.590062111801242,0.6761517615176148,0.1670976512415666,0.6260317460317459,0.3739682539682539
sbm_5c_80_hard_s2,sbm,400,5,Spectral,{'k': 8},0.10159650842079922,8,2.057188562079566,0.8694375,35,70,50.0,10.547511554864494,0.4999999999999929,0.21095023109728564,400,4725,0.05921052631578947,23.625,4.562277391829655,41,0.292063492063492,0.7079365079365078,0.14294706570925908,0.020185351300211287,0.10351966873706,6.796719702027584,0.7120965198832075,0.020229577424180113,0.6859734822051635,0.7461077844311368,0.16121974188852495,0.7079365079365078,0.292063492063492
sbm_5c_80_hard_s2,sbm,400,5,Spectral,{'k': 10},0.08886133394901219,10,2.281117086392864,0.8956124999999999,30,53,40.0,8.378544026261364,0.5660377358490459,0.20946360065652886,400,4725,0.05921052631578947,23.625,4.562277391829655,41,0.2577777777777777,0.7422222222222221,0.15669201658657667,0.018896860637514466,0.11901306240928874,5.96879763743756,0.7467901521573946,0.025381626631557398,0.7041699449252552,0.7775147928994074,0.15274707874919516,0.7422222222222221,0.2577777777777777
sbm_5c_80_hard_s2,sbm,400,5,GreedyMod,{},0.04967589464846726,4,1.2094832764781247,0.6868375,14,139,100.0,50.264301447448766,0.10071942446043093,0.5026430144744827,400,4725,0.05921052631578947,23.625,4.562277391829655,41,0.49185185185185176,0.508148148148148,0.1275443364790102,0.059608894765460566,0.09123136273589821,9.661584578491052,0.5871336646001876,0.15278005303021594,0.47257383966244715,0.8489208633093493,0.17498372385991437,0.508148148148148,0.49185185185185176
sbm_8c_50_clear_s2,sbm,400,8,Louvain,{'resolution': 0.5},1.0,8,2.079441541671836,0.875,50,50,50.0,0.0,0.99999999999998,0.0,400,3836,0.04807017543859649,19.18,3.5591572036087418,30,0.8094369134515118,0.19056308654848797,0.3168367346938773,0.014667990234726452,0.28653061224489773,15.525,0.19062872620920793,0.009750455922116116,0.17671517671517653,0.20682302771854988,0.6842055832402757,0.19056308654848797,0.8094369134515118
sbm_8c_50_clear_s2,sbm,400,8,Louvain,{'resolution': 0.8},1.0,8,2.079441541671836,0.875,50,50,50.0,0.0,0.99999999999998,0.0,400,3836,0.04807017543859649,19.18,3.5591572036087418,30,0.8094369134515118,0.19056308654848797,0.3168367346938773,0.014667990234726452,0.28653061224489773,15.524999999999999,0.19062872620920793,0.009750455922116116,0.17671517671517653,0.20682302771854988,0.6842055832402758,0.19056308654848797,0.8094369134515118
sbm_8c_50_clear_s2,sbm,400,8,Louvain,{'resolution': 1.0},1.0,8,2.079441541671836,0.875,50,50,50.0,0.0,0.99999999999998,0.0,400,3836,0.04807017543859649,19.18,3.5591572036087418,30,0.8094369134515118,0.19056308654848797,0.3168367346938773,0.014667990234726452,0.28653061224489773,15.525,0.19062872620920793,0.009750455922116116,0.17671517671517653,0.20682302771854988,0.6842055832402757,0.19056308654848797,0.8094369134515118
sbm_8c_50_clear_s2,sbm,400,8,Louvain,{'resolution': 1.2},1.0,8,2.079441541671836,0.875,50,50,50.0,0.0,0.99999999999998,0.0,400,3836,0.04807017543859649,19.18,3.5591572036087418,30,0.8094369134515118,0.19056308654848797,0.3168367346938773,0.014667990234726452,0.28653061224489773,15.524999999999999,0.19062872620920793,0.009750455922116116,0.17671517671517653,0.20682302771854988,0.6842055832402758,0.19056308654848797,0.8094369134515118
sbm_8c_50_clear_s2,sbm,400,8,Louvain,{'resolution': 1.5},1.0,8,2.079441541671836,0.875,50,50,50.0,0.0,0.99999999999998,0.0,400,3836,0.04807017543859649,19.18,3.5591572036087418,30,0.8094369134515118,0.19056308654848797,0.3168367346938773,0.014667990234726452,0.28653061224489773,15.525,0.19062872620920793,0.009750455922116116,0.17671517671517653,0.20682302771854988,0.6842055832402757,0.19056308654848797,0.8094369134515118
sbm_8c_50_clear_s2,sbm,400,8,Louvain,{'resolution': 2.0},1.0,8,2.079441541671836,0.875,50,50,50.0,0.0,0.99999999999998,0.0,400,3836,0.04807017543859649,19.18,3.5591572036087418,30,0.8094369134515118,0.19056308654848797,0.3168367346938773,0.014667990234726452,0.28653061224489773,15.525,0.19062872620920793,0.009750455922116116,0.17671517671517653,0.20682302771854988,0.6842055832402757,0.19056308654848797,0.8094369134515118
sbm_8c_50_clear_s2,sbm,400,8,Louvain,{'resolution': 3.0},1.0,8,2.079441541671836,0.875,50,50,50.0,0.0,0.99999999999998,0.0,400,3836,0.04807017543859649,19.18,3.5591572036087418,30,0.8094369134515118,0.19056308654848797,0.3168367346938773,0.014667990234726452,0.28653061224489773,15.525,0.19062872620920793,0.009750455922116116,0.17671517671517653,0.20682302771854988,0.6842055832402758,0.19056308654848797,0.8094369134515118
sbm_8c_50_clear_s2,sbm,400,8,Leiden,{'resolution': 0.5},1.0,8,2.079441541671836,0.875,50,50,50.0,0.0,0.99999999999998,0.0,400,3836,0.04807017543859649,19.18,3.5591572036087418,30,0.8094369134515118,0.19056308654848797,0.3168367346938773,0.014667990234726452,0.28653061224489773,15.524999999999999,0.19062872620920793,0.009750455922116116,0.17671517671517653,0.20682302771854988,0.6842055832402757,0.19056308654848797,0.8094369134515118
sbm_8c_50_clear_s2,sbm,400,8,Leiden,{'resolution': 0.8},1.0,8,2.079441541671836,0.875,50,50,50.0,0.0,0.99999999999998,0.0,400,3836,0.04807017543859649,19.18,3.5591572036087418,30,0.8094369134515118,0.19056308654848797,0.3168367346938773,0.014667990234726452,0.28653061224489773,15.524999999999999,0.19062872620920793,0.009750455922116116,0.17671517671517653,0.20682302771854988,0.6842055832402757,0.19056308654848797,0.8094369134515118
sbm_8c_50_clear_s2,sbm,400,8,Leiden,{'resolution': 1.0},1.0,8,2.079441541671836,0.875,50,50,50.0,0.0,0.99999999999998,0.0,400,3836,0.04807017543859649,19.18,3.5591572036087418,30,0.8094369134515118,0.19056308654848797,0.3168367346938773,0.014667990234726452,0.28653061224489773,15.524999999999999,0.19062872620920793,0.009750455922116116,0.17671517671517653,0.20682302771854988,0.6842055832402757,0.19056308654848797,0.8094369134515118
sbm_8c_50_clear_s2,sbm,400,8,Leiden,{'resolution': 1.2},1.0,8,2.079441541671836,0.875,50,50,50.0,0.0,0.99999999999998,0.0,400,3836,0.04807017543859649,19.18,3.5591572036087418,30,0.8094369134515118,0.19056308654848797,0.3168367346938773,0.014667990234726452,0.28653061224489773,15.524999999999999,0.19062872620920793,0.009750455922116116,0.17671517671517653,0.20682302771854988,0.6842055832402757,0.19056308654848797,0.8094369134515118
sbm_8c_50_clear_s2,sbm,400,8,Leiden,{'resolution': 1.5},1.0,8,2.079441541671836,0.875,50,50,50.0,0.0,0.99999999999998,0.0,400,3836,0.04807017543859649,19.18,3.5591572036087418,30,0.8094369134515118,0.19056308654848797,0.3168367346938773,0.014667990234726452,0.28653061224489773,15.525,0.19062872620920793,0.009750455922116116,0.17671517671517653,0.20682302771854988,0.6842055832402758,0.19056308654848797,0.8094369134515118
sbm_8c_50_clear_s2,sbm,400,8,Leiden,{'resolution': 2.0},1.0,8,2.079441541671836,0.875,50,50,50.0,0.0,0.99999999999998,0.0,400,3836,0.04807017543859649,19.18,3.5591572036087418,30,0.8094369134515118,0.19056308654848797,0.3168367346938773,0.014667990234726452,0.28653061224489773,15.524999999999999,0.19062872620920793,0.009750455922116116,0.17671517671517653,0.20682302771854988,0.6842055832402757,0.19056308654848797,0.8094369134515118
sbm_8c_50_clear_s2,sbm,400,8,Leiden,{'resolution': 3.0},1.0,8,2.079441541671836,0.875,50,50,50.0,0.0,0.99999999999998,0.0,400,3836,0.04807017543859649,19.18,3.5591572036087418,30,0.8094369134515118,0.19056308654848797,0.3168367346938773,0.014667990234726452,0.28653061224489773,15.525,0.19062872620920793,0.009750455922116116,0.17671517671517653,0.20682302771854988,0.6842055832402758,0.19056308654848797,0.8094369134515118
sbm_8c_50_clear_s2,sbm,400,8,LabelProp,{'seed': 0},1.0,8,2.079441541671836,0.875,50,50,50.0,0.0,0.99999999999998,0.0,400,3836,0.04807017543859649,19.18,3.5591572036087418,30,0.8094369134515118,0.19056308654848797,0.3168367346938773,0.014667990234726452,0.28653061224489773,15.524999999999999,0.19062872620920793,0.009750455922116116,0.17671517671517653,0.20682302771854988,0.6842055832402758,0.19056308654848797,0.8094369134515118
sbm_8c_50_clear_s2,sbm,400,8,LabelProp,{'seed': 1},1.0,8,2.079441541671836,0.875,50,50,50.0,0.0,0.99999999999998,0.0,400,3836,0.04807017543859649,19.18,3.5591572036087418,30,0.8094369134515118,0.19056308654848797,0.3168367346938773,0.014667990234726452,0.28653061224489773,15.524999999999999,0.19062872620920793,0.009750455922116116,0.17671517671517653,0.20682302771854988,0.6842055832402758,0.19056308654848797,0.8094369134515118
sbm_8c_50_clear_s2,sbm,400,8,LabelProp,{'seed': 2},1.0,8,2.079441541671836,0.875,50,50,50.0,0.0,0.99999999999998,0.0,400,3836,0.04807017543859649,19.18,3.5591572036087418,30,0.8094369134515118,0.19056308654848797,0.3168367346938773,0.014667990234726452,0.28653061224489773,15.524999999999999,0.19062872620920793,0.009750455922116116,0.17671517671517653,0.20682302771854988,0.6842055832402758,0.19056308654848797,0.8094369134515118
sbm_8c_50_clear_s2,sbm,400,8,LabelProp,{'seed': 3},1.0,8,2.079441541671836,0.875,50,50,50.0,0.0,0.99999999999998,0.0,400,3836,0.04807017543859649,19.18,3.5591572036087418,30,0.8094369134515118,0.19056308654848797,0.3168367346938773,0.014667990234726452,0.28653061224489773,15.524999999999999,0.19062872620920793,0.009750455922116116,0.17671517671517653,0.20682302771854988,0.6842055832402758,0.19056308654848797,0.8094369134515118
sbm_8c_50_clear_s2,sbm,400,8,LabelProp,{'seed': 4},1.0,8,2.079441541671836,0.875,50,50,50.0,0.0,0.99999999999998,0.0,400,3836,0.04807017543859649,19.18,3.5591572036087418,30,0.8094369134515118,0.19056308654848797,0.3168367346938773,0.014667990234726452,0.28653061224489773,15.524999999999999,0.19062872620920793,0.009750455922116116,0.17671517671517653,0.20682302771854988,0.6842055832402758,0.19056308654848797,0.8094369134515118
sbm_8c_50_clear_s2,sbm,400,8,Spectral,{'k': 2},0.4827158588151938,2,0.6615632381559821,0.46875,150,250,200.0,50.0,0.5999999999999976,0.24999999999999875,400,3836,0.04807017543859649,19.18,3.5591572036087418,30,0.9069343065693428,0.09306569343065692,0.09136282040915339,0.019330691895097153,0.07203212851405623,17.214666666666666,0.1261038502296008,0.0,0.1261038502296008,0.1261038502296008,0.3726144921445589,0.09306569343065692,0.9069343065693428
sbm_8c_50_clear_s2,sbm,400,8,Spectral,{'k': 3},0.6042600117535717,3,0.9002560512655369,0.53125,50,250,133.33333333333334,84.98365855987974,0.1999999999999992,0.6373774391990933,400,3836,0.04807017543859649,19.18,3.5591572036087418,30,0.8925964546402501,0.10740354535974972,0.18514814897603185,0.10415064114107277,0.07177510040160642,16.530666666666665,0.15303004341333,0.01917152788511405,0.12976022566995765,0.17671517671517653,0.4198745271458256,0.10740354535974972,0.8925964546402501
sbm_8c_50_clear_s2,sbm,400,8,Spectral,{'k': 5},0.7999999999999996,5,1.3862943611148906,0.6875,50,200,80.0,60.0,0.24999999999999875,0.7499999999999907,400,3836,0.04807017543859649,19.18,3.5591572036087418,30,0.8553180396246087,0.144681960375391,0.26938570403035567,0.09244162020810845,0.08733668341708543,15.819999999999999,0.1690227456467653,0.029985278246680305,0.11034665255358558,0.19495412844036675,0.5370261196545325,0.144681960375391,0.8553180396246087
sbm_8c_50_clear_s2,sbm,400,8,Spectral,{'k': 8},1.0,8,2.079441541671836,0.875,50,50,50.0,0.0,0.99999999999998,0.0,400,3836,0.04807017543859649,19.18,3.5591572036087418,30,0.8094369134515118,0.19056308654848797,0.3168367346938773,0.014667990234726452,0.28653061224489773,15.525,0.19062872620920793,0.009750455922116116,0.17671517671517653,0.20682302771854988,0.6842055832402758,0.19056308654848797,0.8094369134515118
sbm_8c_50_clear_s2,sbm,400,8,Spectral,{'k': 10},0.9635393905623425,10,2.23681488134281,0.8887125,13,50,40.0,13.438749941865872,0.2599999999999948,0.3359687485466384,400,3836,0.04807017543859649,19.18,3.5591572036087418,30,0.7460896767466109,0.2539103232533889,0.3605622034193451,0.06648749198147358,0.30367346938775486,13.21196236196236,0.3089278015375414,0.15993063808985206,0.17671517671517653,0.6153846153846124,0.6340453918260788,0.2539103232533889,0.7460896767466109
sbm_8c_50_clear_s2,sbm,400,8,GreedyMod,{},0.988188957586441,8,2.0793415350041027,0.8749750000000001,49,51,50.0,0.7071067811865476,0.9607843137254714,0.014142135623730668,400,3836,0.04807017543859649,19.18,3.5591572036087418,30,0.8050052137643376,0.1949947862356621,0.31543792517006775,0.01740220840783083,0.2792156862745096,15.44656462585034,0.19499601182806653,0.009585669631502378,0.17671517671517653,0.20682302771854988,0.6798476863173208,0.1949947862356621,0.8050052137643376
sbm_8c_50_moderate_s2,sbm,400,8,Louvain,{'resolution': 0.5},0.9266651287345302,7,1.9093694451498204,0.844925,48,98,57.142857142857146,16.711232932445437,0.489795918367342,0.29244657631779003,400,4149,0.05199248120300752,20.745,4.53210491935039,37,0.509761388286334,0.49023861171366584,0.19473502665253098,0.03106904324638479,0.12034504523458865,10.424179100211514,0.49949995430494515,0.037194841837788775,0.4154317833418496,0.5325164938737036,0.35677705866220566,0.49023861171366584,0.509761388286334
sbm_8c_50_moderate_s2,sbm,400,8,Louvain,{'resolution': 0.8},0.9266651287345302,7,1.9093694451498204,0.844925,48,98,57.142857142857146,16.711232932445437,0.489795918367342,0.29244657631779003,400,4149,0.05199248120300752,20.745,4.53210491935039,37,0.509761388286334,0.49023861171366584,0.19473502665253098,0.03106904324638479,0.12034504523458865,10.424179100211514,0.49949995430494515,0.037194841837788775,0.4154317833418496,0.5325164938737036,0.35677705866220566,0.49023861171366584,0.509761388286334
sbm_8c_50_moderate_s2,sbm,400,8,Louvain,{'resolution': 1.0},0.9764016344204656,8,2.0792405077198737,0.87495,48,51,50.0,1.0,0.9411764705882169,0.019999999999999598,400,4149,0.05199248120300752,20.745,4.53210491935039,37,0.49313087490961666,0.5068691250903831,0.20877013571385988,0.006815191760571257,0.2008163265306121,10.227715336134455,0.5066537532742348,0.018298885817698934,0.48406374501991983,0.5336492890995256,0.3679556779893531,0.5068691250903831,0.49313087490961666
sbm_8c_50_moderate_s2,sbm,400,8,Louvain,{'resolution': 1.2},0.9764016344204656,8,2.0792405077198737,0.87495,48,51,50.0,1.0,0.9411764705882169,0.019999999999999598,400,4149,0.05199248120300752,20.745,4.53210491935039,37,0.49313087490961666,0.5068691250903831,0.20877013571385988,0.006815191760571257,0.2008163265306121,10.227715336134455,0.5066537532742348,0.018298885817698934,0.48406374501991983,0.5336492890995256,0.3679556779893531,0.5068691250903831,0.49313087490961666
sbm_8c_50_moderate_s2,sbm,400,8,Louvain,{'resolution': 1.5},0.9764019622717303,8,2.0793415350041027,0.8749750000000001,49,51,50.0,0.7071067811865476,0.9607843137254714,0.014142135623730668,400,4149,0.05199248120300752,20.745,4.53210491935039,37,0.49264883104362484,0.5073511689563749,0.20858543417366932,0.007556529678128608,0.2008163265306121,10.219271708683474,0.5070779394617138,0.018622564807694298,0.48406374501991983,0.5336492890995256,0.36749704502695185,0.5073511689563749,0.49264883104362484
sbm_8c_50_moderate_s2,sbm,400,8,Louvain,{'resolution': 2.0},0.9704599113776383,8,2.0791454062845975,0.874925,49,53,50.0,1.224744871391589,0.9245283018867749,0.02449489742783129,400,4149,0.05199248120300752,20.745,4.53210491935039,37,0.492407809110629,0.5075921908893708,0.20870542810738213,0.010244340577522265,0.19375907111756155,10.2176992683866,0.5071947226956799,0.01960012173485151,0.48406374501991983,0.5349282296650713,0.3672433881770057,0.5075921908893708,0.492407809110629
sbm_8c_50_moderate_s2,sbm,400,8,Louvain,{'resolution': 3.0},0.6886494678634663,26,3.119515244913014,0.9504875,4,35,15.384615384615385,8.246570023941064,0.11428571428571102,0.5360270515561343,400,4149,0.05199248120300752,20.745,4.53210491935039,37,0.2930826705230175,0.7069173294769823,0.4187568493955546,0.12996209097189698,0.2528735632183902,5.147254040124059,0.7524064080931795,0.08863978814630735,0.570487483530961,0.8863636363636264,0.24395105529440486,0.7069173294769823,0.2930826705230175
sbm_8c_50_moderate_s2,sbm,400,8,Leiden,{'resolution': 0.5},0.0,1,-1.000088900581841e-12,0.0,400,400,400.0,0.0,0.9999999999999974,0.0,400,4149,0.05199248120300752,20.745,4.53210491935039,37,0.9999999999999998,0.0,0.05199248120300752,0.0,0.05199248120300752,20.745,0.0,0.0,0.0,0.0,0.0,0.0,0.9999999999999998
sbm_8c_50_moderate_s2,sbm,400,8,Leiden,{'resolution': 0.8},0.9764016344204656,8,2.0792405077198737,0.87495,48,51,50.0,1.0,0.9411764705882169,0.019999999999999598,400,4149,0.05199248120300752,20.745,4.53210491935039,37,0.49313087490961666,0.5068691250903831,0.20877013571385988,0.006815191760571256,0.2008163265306121,10.227715336134453,0.5066537532742348,0.018298885817698934,0.48406374501991983,0.5336492890995256,0.3679556779893531,0.5068691250903831,0.49313087490961666
sbm_8c_50_moderate_s2,sbm,400,8,Leiden,{'resolution': 1.0},0.9822832233611218,8,2.0792915316702354,0.8749625,49,51,50.0,0.8660254037844386,0.9607843137254714,0.017320508075688426,400,4149,0.05199248120300752,20.745,4.53210491935039,37,0.49313087490961666,0.5068691250903831,0.20873874549819915,0.0063028561285851,0.2008163265306121,10.22750700280112,0.5066346939924966,0.018336130957927528,0.48406374501991983,0.5336492890995256,0.36795512611941733,0.5068691250903831,0.49313087490961666
sbm_8c_50_moderate_s2,sbm,400,8,Leiden,{'resolution': 1.2},0.9763652804629419,8,2.079192505586968,0.8749375,49,52,50.0,1.118033988749895,0.9423076923076742,0.02236067977499745,400,4149,0.05199248120300752,20.745,4.53210491935039,37,0.49313087490961666,0.5068691250903831,0.20872672145781374,0.005583222116631378,0.2008163265306121,10.226179240927141,0.506708215190824,0.017983555855721825,0.48406374501991983,0.5326923076923072,0.3679459766967982,0.5068691250903831,0.49313087490961666
sbm_8c_50_moderate_s2,sbm,400,8,Leiden,{'resolution': 1.5},0.9822832233611218,8,2.0792915316702354,0.8749625,49,51,50.0,0.8660254037844386,0.9607843137254714,0.017320508075688426,400,4149,0.05199248120300752,20.745,4.53210491935039,37,0.49313087490961666,0.5068691250903831,0.20873874549819915,0.0063028561285851,0.2008163265306121,10.22750700280112,0.5066346939924966,0.018336130957927528,0.48406374501991983,0.5336492890995256,0.3679551261194173,0.5068691250903831,0.49313087490961666
sbm_8c_50_moderate_s2,sbm,400,8,Leiden,{'resolution': 2.0},0.9502805610433976,11,2.206363448666763,0.88515,1,51,36.36363636363637,18.660959379374837,0.019607843137254517,0.5131763829327939,400,4149,0.05199248120300752,20.745,4.53210491935039,37,0.47312605447095674,0.526873945529043,0.24999122278490124,0.15128877853673298,0.0,7.9727007904611105,0.6159942253894996,0.17695242671934353,0.4838095238095234,0.9999999999999333,0.3582182234307593,0.526873945529043,0.47312605447095674
sbm_8c_50_moderate_s2,sbm,400,8,Leiden,{'resolution': 3.0},0.7232750775231263,27,3.1373042637090234,0.9506375,1,44,14.814814814814815,8.546331407174778,0.02272727272727221,0.5768773699842585,400,4149,0.05199248120300752,20.745,4.53210491935039,37,0.29693902145095197,0.7030609785490478,0.4037583613851001,0.13850990749839134,0.0,5.068749896665274,0.7558123250322336,0.09718537206797803,0.5086906141367318,0.99999999999996,0.2481434369216439,0.7030609785490478,0.29693902145095197
sbm_8c_50_moderate_s2,sbm,400,8,LabelProp,{'seed': 0},0.0,1,-1.000088900581841e-12,0.0,400,400,400.0,0.0,0.9999999999999974,0.0,400,4149,0.05199248120300752,20.745,4.53210491935039,37,0.9999999999999998,0.0,0.05199248120300752,0.0,0.05199248120300752,20.745,0.0,0.0,0.0,0.0,0.0,0.0,0.9999999999999998
sbm_8c_50_moderate_s2,sbm,400,8,LabelProp,{'seed': 1},0.0,1,-1.000088900581841e-12,0.0,400,400,400.0,0.0,0.9999999999999974,0.0,400,4149,0.05199248120300752,20.745,4.53210491935039,37,0.9999999999999998,0.0,0.05199248120300752,0.0,0.05199248120300752,20.745,0.0,0.0,0.0,0.0,0.0,0.0,0.9999999999999998
sbm_8c_50_moderate_s2,sbm,400,8,LabelProp,{'seed': 2},0.0,1,-1.000088900581841e-12,0.0,400,400,400.0,0.0,0.9999999999999974,0.0,400,4149,0.05199248120300752,20.745,4.53210491935039,37,0.9999999999999998,0.0,0.05199248120300752,0.0,0.05199248120300752,20.745,0.0,0.0,0.0,0.0,0.0,0.0,0.9999999999999998
sbm_8c_50_moderate_s2,sbm,400,8,LabelProp,{'seed': 3},0.0,1,-1.000088900581841e-12,0.0,400,400,400.0,0.0,0.9999999999999974,0.0,400,4149,0.05199248120300752,20.745,4.53210491935039,37,0.9999999999999998,0.0,0.05199248120300752,0.0,0.05199248120300752,20.745,0.0,0.0,0.0,0.0,0.0,0.0,0.9999999999999998
sbm_8c_50_moderate_s2,sbm,400,8,LabelProp,{'seed': 4},0.0,1,-1.000088900581841e-12,0.0,400,400,400.0,0.0,0.9999999999999974,0.0,400,4149,0.05199248120300752,20.745,4.53210491935039,37,0.9999999999999998,0.0,0.05199248120300752,0.0,0.05199248120300752,20.745,0.0,0.0,0.0,0.0,0.0,0.0,0.9999999999999998
sbm_8c_50_moderate_s2,sbm,400,8,Spectral,{'k': 2},0.3068703872521598,2,0.5976138445773562,0.4075500000000001,114,286,200.0,86.0,0.39860139860139715,0.4299999999999979,400,4149,0.05199248120300752,20.745,4.53210491935039,37,0.7339117859725234,0.26608821402747646,0.07467751934449651,0.013973311271867388,0.06070420807262913,13.659121580174212,0.49154051647373087,0.0,0.49154051647373087,0.49154051647373087,0.12872511480492188,0.26608821402747646,0.7339117859725234
sbm_8c_50_moderate_s2,sbm,400,8,Spectral,{'k': 3},0.49454783661873175,3,1.0408474361673246,0.6303375,76,183,133.33333333333334,44.01767321832852,0.4153005464480852,0.3301325491374614,400,4149,0.05199248120300752,20.745,4.53210491935039,37,0.5967703060978548,0.403229693902145,0.09436762691879903,0.01880306629673985,0.07800396324986489,11.688318575767404,0.4326936478204108,0.08472559922069949,0.3257202180119387,0.5329260013577729,0.22138079484490747,0.403229693902145,0.5967703060978548
sbm_8c_50_moderate_s2,sbm,400,8,Spectral,{'k': 5},0.7323935871325494,5,1.5119024958423526,0.7596375,50,132,80.0,35.93883693165375,0.37878787878787595,0.44923546164566636,400,4149,0.05199248120300752,20.745,4.53210491935039,37,0.5413352615087972,0.4586647384912026,0.15982564975383876,0.050758756597571654,0.09241267638214201,10.809208839833943,0.47369418550554004,0.03314699160706789,0.4239365537130496,0.5108695652173909,0.29659735586914543,0.4586647384912026,0.5413352615087972
sbm_8c_50_moderate_s2,sbm,400,8,Spectral,{'k': 8},0.9469056606924254,8,2.078741214580922,0.874825,47,53,50.0,1.8708286933869707,0.8867924528301719,0.03741657386773866,400,4149,0.05199248120300752,20.745,4.53210491935039,37,0.48083875632682566,0.5191612436731742,0.2035503844311911,0.007604613234167426,0.1937254901960783,9.967380011796894,0.5190231156166546,0.02213573024727128,0.48698167791706803,0.5611222444889774,0.35548051286260685,0.5191612436731742,0.48083875632682566
sbm_8c_50_moderate_s2,sbm,400,8,Spectral,{'k': 10},0.8976460034758038,10,2.2468606040118124,0.889825,20,53,40.0,12.759310326189265,0.3773584905660306,0.31898275815472366,400,4149,0.05199248120300752,20.745,4.53210491935039,37,0.428054953000723,0.5719450469992768,0.2065152911831778,0.027411973353054554,0.15263157894736762,8.051928456248016,0.61143566564402,0.1312265810211421,0.49623250807319647,0.8635294117647038,0.31804400912943903,0.5719450469992768,0.428054953000723
sbm_8c_50_moderate_s2,sbm,400,8,GreedyMod,{},0.5285428142167237,4,1.360891506020618,0.73775,68,126,100.0,22.135943621178654,0.5396825396825354,0.22135943621178433,400,4149,0.05199248120300752,20.745,4.53210491935039,37,0.5382019763798505,0.4617980236201493,0.11364446066971182,0.015117004103706075,0.09409523809523808,10.921552602734458,0.47434003361236116,0.0603427491836028,0.41607565011820313,0.5725406935598014,0.27711838034190495,0.4617980236201493,0.5382019763798505
sbm_8c_50_hard_s2,sbm,400,8,Louvain,{'resolution': 0.5},0.17407771603872574,37,1.0648771262867627,0.3182499999999999,1,330,10.81081081081081,53.20934577422433,0.0030303030303030208,4.921864484115296,400,4677,0.05860902255639098,23.385,4.765162641505534,39,0.7130639298695743,0.28693607013042544,0.39443477741322186,0.43800489711083795,0.0,1.178951678951679,0.9650893944534297,0.04656638244597194,0.7828054298642529,0.9999999999999838,0.015474371808159316,0.28693607013042544,0.7130639298695743
sbm_8c_50_hard_s2,sbm,400,8,Louvain,{'resolution': 0.8},0.171404262473091,36,2.6825345483534777,0.8412624999999999,1,148,11.11111111111111,24.12557170051195,0.006756756756756711,2.17130145304588,400,4677,0.05860902255639098,23.385,4.765162641505534,39,0.2999786187727175,0.7000213812272823,0.6117762966500527,0.31848879322020973,0.0,2.945739908485007,0.8713671201783536,0.08558688138644513,0.4751613808588267,0.9999999999999584,0.13342585274272872,0.7000213812272823,0.2999786187727175
sbm_8c_50_hard_s2,sbm,400,8,Louvain,{'resolution': 1.0},0.0806471830109925,10,2.2723556377734178,0.8935125,27,64,40.0,10.188228501560022,0.42187499999999345,0.25470571253899416,400,4677,0.05860902255639098,23.385,4.765162641505534,39,0.2788112037630959,0.7211887962369039,0.16789828714289085,0.02468242745324532,0.1309523809523809,6.33040418538521,0.7288902207293225,0.03004760814493479,0.6537704918032783,0.758241758241757,0.17160242949623736,0.7211887962369039,0.2788112037630959
sbm_8c_50_hard_s2,sbm,400,8,Louvain,{'resolution': 1.2},0.13544041758532846,16,2.7427467138995265,0.93385,15,37,25.0,6.041522986797286,0.40540540540539444,0.24166091947188179,400,4677,0.05860902255639098,23.385,4.765162641505534,39,0.23091725465041688,0.7690827453495829,0.22891283637775395,0.045999239230774855,0.16477272727272696,5.264419419824451,0.774824854272123,0.02629831843334834,0.719646799116997,0.8337950138504131,0.16435791013292336,0.7690827453495829,0.23091725465041688
sbm_8c_50_hard_s2,sbm,400,8,Louvain,{'resolution': 1.5},0.14814032289447152,26,3.188439450343276,0.956175,6,29,15.384615384615385,5.745077646103951,0.2068965517241308,0.37343004699673255,400,4677,0.05860902255639098,23.385,4.765162641505534,39,0.19456916827025866,0.8054308317297412,0.3408761304236476,0.11320381221807387,0.19211822660098474,4.3348764985898445,0.8154798660232774,0.03073536947632186,0.7651006711409383,0.8773006134969271,0.15103089562198685,0.8054308317297412,0.19456916827025866
sbm_8c_50_hard_s2,sbm,400,8,Louvain,{'resolution': 2.0},0.2109107158703163,39,3.631733812562131,0.9727875,6,15,10.256410256410257,2.539108956549155,0.3999999999999733,0.24756312326351845,400,4677,0.05860902255639098,23.385,4.765162641505534,39,0.1633525764378875,0.8366474235621123,0.429101952178862,0.10165102049878519,0.2967032967032935,3.735123708200632,0.8402682452725688,0.018709296171014217,0.7861271676300555,0.8823529411764659,0.13614621047347325,0.8366474235621123,0.1633525764378875
sbm_8c_50_hard_s2,sbm,400,8,Louvain,{'resolution': 3.0},0.2847334659965323,59,4.023912830196687,0.981225,3,14,6.779661016949152,2.2251855501391606,0.21428571428569898,0.3282148686454778,400,4677,0.05860902255639098,23.385,4.765162641505534,39,0.14389565961086165,0.8561043403891382,0.6019470172011956,0.1541005945885322,0.3626373626373587,3.1778205786680362,0.863800667337289,0.0279138774969685,0.7931034482758595,0.9259259259259146,0.12512424952555118,0.8561043403891382,0.14389565961086165
sbm_8c_50_hard_s2,sbm,400,8,Leiden,{'resolution': 0.5},0.0,1,-1.000088900581841e-12,0.0,400,400,400.0,0.0,0.9999999999999974,0.0,400,4677,0.05860902255639098,23.385,4.765162641505534,39,0.9999999999999998,0.0,0.05860902255639098,0.0,0.05860902255639098,23.385,0.0,0.0,0.0,0.0,0.0,0.0,0.9999999999999998
sbm_8c_50_hard_s2,sbm,400,8,Leiden,{'resolution': 0.8},0.02677941331986359,2,0.691633917081676,0.4984875,189,211,200.0,11.0,0.8957345971563939,0.05499999999999973,400,4677,0.05860902255639098,23.385,4.765162641505534,39,0.6324567030147529,0.3675432969852469,0.07407740862918841,0.00017219642610385305,0.07390521220308455,14.743298477895635,0.395627157652474,0.0,0.395627157652474,0.395627157652474,0.129937220017126,0.3675432969852469,0.6324567030147529
sbm_8c_50_hard_s2,sbm,400,8,Leiden,{'resolution': 1.0},0.10857888743906273,9,2.1648923238751183,0.881775,28,60,44.44444444444444,11.245849714559995,0.46666666666665885,0.2530316185775942,400,4677,0.05860902255639098,23.385,4.765162641505534,39,0.30062005559119087,0.6993799444088089,0.1625114657738728,0.02367790457462568,0.13611615245009068,6.806715011173885,0.7083859887466839,0.034117387794610425,0.6548797736916545,0.7569230769230757,0.18160653065060878,0.6993799444088089,0.30062005559119087
sbm_8c_50_hard_s2,sbm,400,8,Leiden,{'resolution': 1.2},0.11695132234266181,15,2.645559849237879,0.9256,9,40,26.666666666666668,9.082339395160746,0.22499999999999437,0.3405877273185152,400,4677,0.05860902255639098,23.385,4.765162641505534,39,0.24609792602095357,0.7539020739790463,0.2347485724496124,0.06802527739632494,0.1705128205128203,5.456390314381752,0.7664455441130064,0.03738974924024394,0.7127429805615543,0.8404255319148892,0.1715136039144332,0.7539020739790463,0.24609792602095357
sbm_8c_50_hard_s2,sbm,400,8,Leiden,{'resolution': 1.5},0.18591571210895583,24,3.1428723319801963,0.9554125,8,29,16.666666666666668,4.412734098291242,0.27586206896550775,0.26476404589745867,400,4677,0.05860902255639098,23.385,4.765162641505534,39,0.20162497327346585,0.7983750267265339,0.30872522084522647,0.06414138355195866,0.2068965517241374,4.582678105503917,0.803778126133125,0.023106424059107164,0.7533039647577081,0.8531468531468501,0.15698513540689638,0.7983750267265339,0.20162497327346585
sbm_8c_50_hard_s2,sbm,400,8,Leiden,{'resolution': 2.0},0.20119396550169694,36,3.546140879284667,0.969975,6,22,11.11111111111111,3.160325034072865,0.27272727272726033,0.2844292530665322,400,4677,0.05860902255639098,23.385,4.765162641505534,39,0.1729741287149882,0.8270258712850116,0.41010235297514974,0.08518454104845859,0.25108225108225,3.9217523663795597,0.832001315480325,0.02249515300326946,0.7732426303854857,0.8741258741258681,0.1429255727112818,0.8270258712850116,0.1729741287149882
sbm_8c_50_hard_s2,sbm,400,8,Leiden,{'resolution': 3.0},0.27901584558284553,61,4.08069345240873,0.9826625,3,10,6.557377049180328,1.5735997175103553,0.29999999999997,0.23997395692029258,400,4677,0.05860902255639098,23.385,4.765162641505534,39,0.1376951036989523,0.8623048963010476,0.5997788186312264,0.13546172218652397,0.38888888888887807,3.1354410616705697,0.8660813284205312,0.021400309431041334,0.821052631578943,0.916666666666654,0.12049562754587806,0.8623048963010476,0.1376951036989523
sbm_8c_50_hard_s2,sbm,400,8,LabelProp,{'seed': 0},0.0,1,-1.000088900581841e-12,0.0,400,400,400.0,0.0,0.9999999999999974,0.0,400,4677,0.05860902255639098,23.385,4.765162641505534,39,0.9999999999999998,0.0,0.05860902255639098,0.0,0.05860902255639098,23.385,0.0,0.0,0.0,0.0,0.0,0.0,0.9999999999999998
sbm_8c_50_hard_s2,sbm,400,8,LabelProp,{'seed': 1},0.0,1,-1.000088900581841e-12,0.0,400,400,400.0,0.0,0.9999999999999974,0.0,400,4677,0.05860902255639098,23.385,4.765162641505534,39,0.9999999999999998,0.0,0.05860902255639098,0.0,0.05860902255639098,23.385,0.0,0.0,0.0,0.0,0.0,0.0,0.9999999999999998
sbm_8c_50_hard_s2,sbm,400,8,LabelProp,{'seed': 2},0.0,1,-1.000088900581841e-12,0.0,400,400,400.0,0.0,0.9999999999999974,0.0,400,4677,0.05860902255639098,23.385,4.765162641505534,39,0.9999999999999998,0.0,0.05860902255639098,0.0,0.05860902255639098,23.385,0.0,0.0,0.0,0.0,0.0,0.0,0.9999999999999998
sbm_8c_50_hard_s2,sbm,400,8,LabelProp,{'seed': 3},0.0,1,-1.000088900581841e-12,0.0,400,400,400.0,0.0,0.9999999999999974,0.0,400,4677,0.05860902255639098,23.385,4.765162641505534,39,0.9999999999999998,0.0,0.05860902255639098,0.0,0.05860902255639098,23.385,0.0,0.0,0.0,0.0,0.0,0.0,0.9999999999999998
sbm_8c_50_hard_s2,sbm,400,8,LabelProp,{'seed': 4},0.0,1,-1.000088900581841e-12,0.0,400,400,400.0,0.0,0.9999999999999974,0.0,400,4677,0.05860902255639098,23.385,4.765162641505534,39,0.9999999999999998,0.0,0.05860902255639098,0.0,0.05860902255639098,23.385,0.0,0.0,0.0,0.0,0.0,0.0,0.9999999999999998
sbm_8c_50_hard_s2,sbm,400,8,Spectral,{'k': 2},0.04415287850991049,2,0.6926971130336337,0.49955000000000005,194,206,200.0,6.0,0.9417475728155295,0.02999999999999985,400,4677,0.05860902255639098,23.385,4.765162641505534,39,0.5606157793457344,0.43938422065426547,0.06578287702708502,0.0006154180238266485,0.06516745900325838,13.09448503653288,0.4571746384872079,0.0,0.4571746384872079,0.4571746384872079,0.05985863612090683,0.43938422065426547,0.5606157793457344
sbm_8c_50_hard_s2,sbm,400,8,Spectral,{'k': 3},0.028804222780869502,3,1.0975475608041927,0.66595,128,142,133.33333333333334,6.182412330330469,0.901408450704219,0.04636809247747817,400,4677,0.05860902255639098,23.385,4.765162641505534,39,0.4203549283728885,0.5796450716271113,0.07421681980425722,0.0030913726901903122,0.07096004770423374,9.814999774286745,0.5804029142378214,0.016539255616558845,0.5607420706163972,0.6012064343163537,0.08615034545745387,0.5796450716271113,0.4203549283728885
sbm_8c_50_hard_s2,sbm,400,8,Spectral,{'k': 5},0.061500400256000634,5,1.6035915829743796,0.7975625,73,97,80.0,8.831760866327848,0.7525773195876212,0.11039701082909673,400,4677,0.05860902255639098,23.385,4.765162641505534,39,0.26598246739362835,0.7340175326063715,0.07790817727867609,0.007003092297296828,0.06925418569254184,6.150095252195536,0.7371827993606039,0.030809909750631727,0.6911062906724509,0.7833333333333329,0.06298709779851991,0.7340175326063715,0.26598246739362835
sbm_8c_50_hard_s2,sbm,400,8,Spectral,{'k': 8},0.0925372258164063,8,2.073272522384296,0.8734999999999999,40,56,50.0,5.477225575051661,0.7142857142857015,0.10954451150103103,400,4677,0.05860902255639098,23.385,4.765162641505534,39,0.19542441736155652,0.8045755826384433,0.09039614459998949,0.009862799769990232,0.07822410147991535,4.473805662936098,0.8087109137251198,0.035849063868362153,0.754050073637702,0.8618113912231552,0.06809973462500266,0.8045755826384433,0.19542441736155652
sbm_8c_50_hard_s2,sbm,400,8,Spectral,{'k': 10},0.0906004557399407,10,2.2905082925474214,0.8976,31,50,40.0,6.196773353931867,0.6199999999999876,0.1549193338482928,400,4677,0.05860902255639098,23.385,4.765162641505534,39,0.16677357280307886,0.833226427196921,0.09943759359536478,0.022100454542129805,0.07526881720430091,3.838762721630149,0.8361289401155725,0.031878236514876375,0.7953020134228181,0.8942598187311165,0.06398934568461506,0.833226427196921,0.16677357280307886
sbm_8c_50_hard_s2,sbm,400,8,GreedyMod,{},0.05402367940959966,5,1.2865934878686738,0.7039,3,127,80.0,55.45448584199478,0.023622047244094304,0.6931810730249262,400,4677,0.05860902255639098,23.385,4.765162641505534,39,0.4579858883899935,0.5420141116100063,0.2963818828566794,0.35498143107414026,0.08786401699787526,7.979696953401889,0.6610553091822685,0.17368421018300198,0.5171703296703295,0.9285714285714176,0.1626952305599865,0.5420141116100063,0.4579858883899935
sbm_imb_clear_s2,sbm,350,3,Louvain,{'resolution': 0.5},1.0,3,0.9556998911095345,0.5714285714285714,50,200,116.66666666666667,62.36095644623236,0.24999999999999875,0.5345224838248442,350,7096,0.11618501841997544,40.54857142857143,15.511716703899694,79,0.94771702367531,0.05228297632468996,0.2594219603480192,0.0019321659308415041,0.25743718592964826,29.896666666666665,0.13105366283890343,0.0615281723644274,0.08525852585258524,0.2180267965895247,0.3517898340395973,0.05228297632468996,0.94771702367531
sbm_imb_clear_s2,sbm,350,3,Louvain,{'resolution': 0.8},1.0,3,0.9556998911095345,0.5714285714285714,50,200,116.66666666666667,62.36095644623236,0.24999999999999875,0.5345224838248442,350,7096,0.11618501841997544,40.54857142857143,15.511716703899694,79,0.94771702367531,0.05228297632468996,0.2594219603480192,0.0019321659308415041,0.25743718592964826,29.896666666666665,0.13105366283890343,0.0615281723644274,0.08525852585258524,0.2180267965895247,0.35178983403959735,0.05228297632468996,0.94771702367531
sbm_imb_clear_s2,sbm,350,3,Louvain,{'resolution': 1.0},1.0,3,0.9556998911095345,0.5714285714285714,50,200,116.66666666666667,62.36095644623236,0.24999999999999875,0.5345224838248442,350,7096,0.11618501841997544,40.54857142857143,15.511716703899694,79,0.94771702367531,0.05228297632468996,0.2594219603480192,0.0019321659308415041,0.25743718592964826,29.896666666666665,0.13105366283890343,0.0615281723644274,0.08525852585258524,0.2180267965895247,0.35178983403959735,0.05228297632468996,0.94771702367531
sbm_imb_clear_s2,sbm,350,3,Louvain,{'resolution': 1.2},0.7546979383484504,5,1.57696872383575,0.7865632653061225,50,100,70.0,18.143869488066763,0.499999999999995,0.2591981355438072,350,7096,0.11618501841997544,40.54857142857143,15.511716703899694,79,0.5387542277339346,0.46124577226606533,0.3067191083453148,0.04200145789476677,0.25878787878787873,20.853920314888093,0.4123635950055255,0.21685343821466846,0.08987566607460033,0.6223456386801697,0.3078374775505899,0.46124577226606533,0.5387542277339346
sbm_imb_clear_s2,sbm,350,3,Louvain,{'resolution': 1.5},0.5802897720851381,14,2.3381713335150636,0.8671020408163266,10,100,25.0,23.19174730064863,0.099999999999999,0.9276698920259081,350,7096,0.11618501841997544,40.54857142857143,15.511716703899694,79,0.35696166854565947,0.6430383314543404,0.52836325099856,0.1332430090268881,0.25878787878787873,10.051201991015656,0.7408171892702035,0.24393572605085664,0.08987566607460033,0.8971428571428554,0.262138559332536,0.6430383314543404,0.35696166854565947
sbm_imb_clear_s2,sbm,350,3,Louvain,{'resolution': 2.0},0.5306490770985441,22,2.6463035132172137,0.8805224489795919,4,100,15.909090909090908,20.302057869068552,0.039999999999999605,1.276129351769943,350,7096,0.11618501841997544,40.54857142857143,15.511716703899694,79,0.31947576099210817,0.6805242390078917,0.6802727359220628,0.15692082044820974,0.25878787878787873,7.478122079940262,0.8145116417736618,0.21119280199843793,0.08987566607460033,0.9494949494949447,0.24719738854415968,0.6805242390078917,0.31947576099210817
sbm_imb_clear_s2,sbm,350,3,Louvain,{'resolution': 3.0},0.4771583374761063,42,3.0500978327944503,0.8894204081632653,2,100,8.333333333333334,15.908468344858504,0.019999999999999803,1.9090162013827912,350,7096,0.11618501841997544,40.54857142857143,15.511716703899694,79,0.2815670800450958,0.7184329199549041,0.9257793680241426,0.16069855967255067,0.25878787878787873,4.521383219954648,0.8912161274074151,0.16628493498090602,0.08987566607460033,0.9843749999999923,0.22448279172476282,0.7184329199549041,0.2815670800450958
sbm_imb_clear_s2,sbm,350,3,Leiden,{'resolution': 0.5},1.0,3,0.9556998911095345,0.5714285714285714,50,200,116.66666666666667,62.36095644623236,0.24999999999999875,0.5345224838248442,350,7096,0.11618501841997544,40.54857142857143,15.511716703899694,79,0.94771702367531,0.05228297632468996,0.2594219603480192,0.0019321659308415041,0.25743718592964826,29.896666666666665,0.13105366283890343,0.0615281723644274,0.08525852585258524,0.2180267965895247,0.35178983403959735,0.05228297632468996,0.94771702367531
sbm_imb_clear_s2,sbm,350,3,Leiden,{'resolution': 0.8},1.0,3,0.9556998911095345,0.5714285714285714,50,200,116.66666666666667,62.36095644623236,0.24999999999999875,0.5345224838248442,350,7096,0.11618501841997544,40.54857142857143,15.511716703899694,79,0.94771702367531,0.05228297632468996,0.2594219603480192,0.0019321659308415041,0.25743718592964826,29.896666666666665,0.13105366283890343,0.0615281723644274,0.08525852585258524,0.2180267965895247,0.35178983403959735,0.05228297632468996,0.94771702367531
sbm_imb_clear_s2,sbm,350,3,Leiden,{'resolution': 1.0},1.0,3,0.9556998911095345,0.5714285714285714,50,200,116.66666666666667,62.36095644623236,0.24999999999999875,0.5345224838248442,350,7096,0.11618501841997544,40.54857142857143,15.511716703899694,79,0.94771702367531,0.05228297632468996,0.2594219603480192,0.0019321659308415041,0.25743718592964826,29.896666666666665,0.13105366283890343,0.0615281723644274,0.08525852585258524,0.2180267965895247,0.35178983403959735,0.05228297632468996,0.94771702367531
sbm_imb_clear_s2,sbm,350,3,Leiden,{'resolution': 1.2},0.7150532243294849,6,1.7173875339712754,0.8078204081632653,30,100,58.333333333333336,22.82299035816492,0.299999999999997,0.39125126328282045,350,7096,0.11618501841997544,40.54857142857143,15.511716703899694,79,0.49718151071025923,0.5028184892897406,0.3395920516669229,0.0661175867665376,0.25878787878787873,18.35169619087652,0.4916483602127831,0.24973788162089794,0.08987566607460033,0.759541984732824,0.30118584679874266,0.5028184892897406,0.49718151071025923
sbm_imb_clear_s2,sbm,350,3,Leiden,{'resolution': 1.5},0.607602485670604,11,2.1901064992428214,0.8592,11,100,31.818181818181817,23.5712389531209,0.1099999999999989,0.7408103670980623,350,7096,0.11618501841997544,40.54857142857143,15.511716703899694,79,0.3812006764374295,0.6187993235625704,0.46620121382438173,0.1141776826588257,0.25878787878787873,12.0997273677211,0.6832530032490992,0.25351154271271814,0.08987566607460033,0.8849840255591039,0.27289195391213944,0.6187993235625704,0.3812006764374295
sbm_imb_clear_s2,sbm,350,3,Leiden,{'resolution': 2.0},0.5283032495251527,23,2.6622975070312656,0.8806530612244898,5,100,15.217391304347826,20.101820211199847,0.0499999999999995,1.3209767567359032,350,7096,0.11618501841997544,40.54857142857143,15.511716703899694,79,0.31947576099210817,0.6805242390078917,0.6960090427170896,0.15393887121727556,0.25878787878787873,7.207922464009419,0.8214984057991868,0.2094453499557233,0.08987566607460033,0.9393939393939358,0.24751164851118937,0.6805242390078917,0.31947576099210817
sbm_imb_clear_s2,sbm,350,3,Leiden,{'resolution': 3.0},0.4791144712958038,42,3.0337429179001223,0.8889632653061225,2,100,8.333333333333334,15.950319696253692,0.019999999999999803,1.9140383635502132,350,7096,0.11618501841997544,40.54857142857143,15.511716703899694,79,0.28424464487034945,0.7157553551296504,0.9207907058925838,0.15888553128484262,0.25878787878787873,4.474897959183673,0.8921870200324553,0.16751368896495955,0.08987566607460033,0.9814814814814724,0.22636229431701047,0.7157553551296504,0.28424464487034945
sbm_imb_clear_s2,sbm,350,3,LabelProp,{'seed': 0},1.0,3,0.9556998911095343,0.5714285714285714,50,200,116.66666666666667,62.36095644623236,0.24999999999999875,0.5345224838248442,350,7096,0.11618501841997544,40.54857142857143,15.511716703899694,79,0.94771702367531,0.05228297632468996,0.2594219603480192,0.0019321659308415041,0.25743718592964826,29.896666666666665,0.13105366283890343,0.0615281723644274,0.08525852585258524,0.2180267965895247,0.3517898340395973,0.05228297632468996,0.94771702367531
sbm_imb_clear_s2,sbm,350,3,LabelProp,{'seed': 1},1.0,3,0.9556998911095343,0.5714285714285714,50,200,116.66666666666667,62.36095644623236,0.24999999999999875,0.5345224838248442,350,7096,0.11618501841997544,40.54857142857143,15.511716703899694,79,0.94771702367531,0.05228297632468996,0.2594219603480192,0.0019321659308415041,0.25743718592964826,29.896666666666665,0.13105366283890343,0.0615281723644274,0.08525852585258524,0.2180267965895247,0.3517898340395973,0.05228297632468996,0.94771702367531
sbm_imb_clear_s2,sbm,350,3,LabelProp,{'seed': 2},1.0,3,0.9556998911095343,0.5714285714285714,50,200,116.66666666666667,62.36095644623236,0.24999999999999875,0.5345224838248442,350,7096,0.11618501841997544,40.54857142857143,15.511716703899694,79,0.94771702367531,0.05228297632468996,0.2594219603480192,0.0019321659308415041,0.25743718592964826,29.896666666666665,0.13105366283890343,0.0615281723644274,0.08525852585258524,0.2180267965895247,0.3517898340395973,0.05228297632468996,0.94771702367531
sbm_imb_clear_s2,sbm,350,3,LabelProp,{'seed': 3},1.0,3,0.9556998911095343,0.5714285714285714,50,200,116.66666666666667,62.36095644623236,0.24999999999999875,0.5345224838248442,350,7096,0.11618501841997544,40.54857142857143,15.511716703899694,79,0.94771702367531,0.05228297632468996,0.2594219603480192,0.0019321659308415041,0.25743718592964826,29.896666666666665,0.13105366283890343,0.0615281723644274,0.08525852585258524,0.2180267965895247,0.3517898340395973,0.05228297632468996,0.94771702367531
sbm_imb_clear_s2,sbm,350,3,LabelProp,{'seed': 4},1.0,3,0.9556998911095343,0.5714285714285714,50,200,116.66666666666667,62.36095644623236,0.24999999999999875,0.5345224838248442,350,7096,0.11618501841997544,40.54857142857143,15.511716703899694,79,0.94771702367531,0.05228297632468996,0.2594219603480192,0.0019321659308415041,0.25743718592964826,29.896666666666665,0.13105366283890343,0.0615281723644274,0.08525852585258524,0.2180267965895247,0.3517898340395973,0.05228297632468996,0.94771702367531
sbm_imb_clear_s2,sbm,350,3,Spectral,{'k': 2},0.7540463447858611,2,0.6008676018509468,0.4105959183673469,101,249,175.0,74.0,0.40562248995983774,0.42285714285714043,350,7096,0.11618501841997544,40.54857142857143,15.511716703899694,79,0.9629368658399097,0.03706313416009019,0.21690533452878902,0.037154071411804976,0.17975126311698406,34.99212692353573,0.09296571226581828,0.0,0.09296571226581828,0.09296571226581828,0.28214117445844966,0.03706313416009019,0.9629368658399097
sbm_imb_clear_s2,sbm,350,3,Spectral,{'k': 3},1.0,3,0.9556998911095345,0.5714285714285714,50,200,116.66666666666667,62.36095644623236,0.24999999999999875,0.5345224838248442,350,7096,0.11618501841997544,40.54857142857143,15.511716703899694,79,0.94771702367531,0.05228297632468996,0.2594219603480192,0.0019321659308415041,0.25743718592964826,29.896666666666665,0.13105366283890343,0.0615281723644274,0.08525852585258524,0.2180267965895247,0.3517898340395973,0.05228297632468996,0.94771702367531
sbm_imb_clear_s2,sbm,350,3,Spectral,{'k': 5},0.9108030446449729,5,1.1033568350710319,0.5818285714285715,13,201,70.0,73.1108747041095,0.06467661691542256,1.0444410672015496,350,7096,0.11618501841997544,40.54857142857143,15.511716703899694,79,0.9251691093573843,0.07483089064261556,0.34818730967905925,0.07629913797550782,0.2551243781094527,19.059359739762726,0.4070995378994938,0.2635940748782878,0.0890979524073049,0.6972477064220152,0.32919804963400945,0.07483089064261556,0.9251691093573843
sbm_imb_clear_s2,sbm,350,3,Spectral,{'k': 8},0.8244930944379575,8,1.3625727482980363,0.6269551020408164,3,200,43.75,61.62943695994634,0.014999999999999925,1.408672844798741,350,7096,0.11618501841997544,40.54857142857143,15.511716703899694,79,0.851324689966178,0.14867531003382184,0.48898872493737566,0.22206535420412712,0.25743718592964826,13.13652417027417,0.5704599627885791,0.22904990227679686,0.08525852585258524,0.8499999999999787,0.27725428699529336,0.14867531003382184,0.851324689966178
sbm_imb_clear_s2,sbm,350,3,Spectral,{'k': 10},0.797529736223059,10,1.4184559050418484,0.6294204081632654,2,200,35.0,57.572562909775,0.00999999999999995,1.6449303688506673,350,7096,0.11618501841997544,40.54857142857143,15.511716703899694,79,0.8462514092446448,0.1537485907553551,0.56195851358122,0.22292328464813208,0.25743718592964826,10.801636548636548,0.6391889062140809,0.23203645186778582,0.08525852585258524,0.9047619047618618,0.27285304875064975,0.1537485907553551,0.8462514092446448
sbm_imb_clear_s2,sbm,350,3,GreedyMod,{},1.0,3,0.9556998911095345,0.5714285714285714,50,200,116.66666666666667,62.36095644623236,0.24999999999999875,0.5345224838248442,350,7096,0.11618501841997544,40.54857142857143,15.511716703899694,79,0.94771702367531,0.05228297632468996,0.2594219603480192,0.0019321659308415041,0.25743718592964826,29.896666666666665,0.13105366283890343,0.0615281723644274,0.08525852585258524,0.2180267965895247,0.35178983403959735,0.05228297632468996,0.94771702367531
sbm_imb_moderate_s2,sbm,350,3,Louvain,{'resolution': 0.5},0.5810451666650811,20,1.3931116668483396,0.5964897959183675,1,210,17.5,46.53224688320993,0.004761904761904739,2.658985536183273,350,5114,0.08373311502251331,29.222857142857144,8.588799540740279,53,0.7105983574501368,0.28940164254986306,0.3972199027566017,0.41421208614743754,0.0,3.1749706959706963,0.8830933988881835,0.17785097831837626,0.3056379821958456,0.999999999999963,0.18954828349302702,0.28940164254986306,0.7105983574501368
sbm_imb_moderate_s2,sbm,350,3,Louvain,{'resolution': 0.8},0.6165089378201112,13,1.7961827048063166,0.7643428571428571,1,145,26.923076923076923,38.67509940012394,0.006896551724137884,1.4365036920045502,350,5114,0.08373311502251331,29.222857142857144,8.588799540740279,53,0.4953070003910832,0.5046929996089166,0.3931578290389234,0.32685105578919527,0.0,5.73193348061749,0.7847165505716418,0.19034101180827326,0.33058500196309376,0.9999999999999475,0.2001172829300322,0.5046929996089166,0.4953070003910832
sbm_imb_moderate_s2,sbm,350,3,Louvain,{'resolution': 1.0},0.8158216951792009,2,0.682069479893609,0.48896326530612244,149,201,175.0,26.0,0.7412935323383048,0.14857142857142772,350,5114,0.08373311502251331,29.222857142857144,8.588799540740279,53,0.8242080563159951,0.17579194368400466,0.12818852860673957,0.024796546020126115,0.10339198258661345,22.949514174095963,0.28279333123623773,0.0,0.28279333123623773,0.28279333123623773,0.25262495738537943,0.17579194368400466,0.8242080563159951
sbm_imb_moderate_s2,sbm,350,3,Louvain,{'resolution': 1.2},0.6108169364946583,9,2.0373436899434574,0.8463020408163265,13,101,38.888888888888886,24.076011318066254,0.12871287128712744,0.6190974338931163,350,5114,0.08373311502251331,29.222857142857144,8.588799540740279,53,0.36937817755181845,0.6306218224481813,0.2945761035434198,0.09185773672545063,0.15465346534653462,9.335748571781254,0.6856463017958064,0.14506990766061476,0.32817204301075253,0.8458333333333315,0.23733148966948187,0.6306218224481813,0.36937817755181845
sbm_imb_moderate_s2,sbm,350,3,Louvain,{'resolution': 1.5},0.5598507989465336,14,2.3344628698960914,0.8679020408163265,4,100,25.0,23.04033729911832,0.039999999999999605,0.921613491964696,350,5114,0.08373311502251331,29.222857142857144,8.588799540740279,53,0.32753226437231125,0.6724677356276886,0.41998184592754073,0.19170613789490482,0.15676767676767675,7.179378005991087,0.7629853343934948,0.14347925749100923,0.328138528138528,0.9111111111111044,0.223955851941399,0.6724677356276886,0.32753226437231125
sbm_imb_moderate_s2,sbm,350,3,Louvain,{'resolution': 2.0},0.38957243090874616,27,2.9098597437850002,0.9065632653061224,5,90,12.962962962962964,15.99648452463154,0.05555555555555494,1.2340145204714807,350,5114,0.08373311502251331,29.222857142857144,8.588799540740279,53,0.24872897927258503,0.7512710207274148,0.5723360800405789,0.1694776199522144,0.1580524344569288,4.9711539972977885,0.8385262780071495,0.09823903867454371,0.3836416747809151,0.9096045197740061,0.18093569470969986,0.7512710207274148,0.24872897927258503
sbm_imb_moderate_s2,sbm,350,3,Louvain,{'resolution': 3.0},0.3241116360309608,51,3.818174567821758,0.9751183673469388,2,20,6.862745098039215,3.5591341084162114,0.09999999999999501,0.5186166843691439,350,5114,0.08373311502251331,29.222857142857144,8.588799540740279,53,0.1390301134141572,0.8609698865858426,0.7141468684629318,0.18801017423785868,0.3238095238095207,3.623423308717426,0.8761392648083743,0.05163326187340681,0.7201646090534964,0.9743589743589619,0.11656226690051118,0.8609698865858426,0.1390301134141572
sbm_imb_moderate_s2,sbm,350,3,Leiden,{'resolution': 0.5},0.7956411395550929,2,0.6811974647896526,0.4880979591836734,148,202,175.0,27.0,0.7326732673267291,0.15428571428571342,350,5114,0.08373311502251331,29.222857142857144,8.588799540740279,53,0.8247946812671098,0.17520531873289008,0.12808040153983702,0.0238332972927328,0.10424710424710423,22.92948889483543,0.28318584070796454,0.0,0.28318584070796454,0.28318584070796454,0.25209746523878185,0.17520531873289008,0.8247946812671098
sbm_imb_moderate_s2,sbm,350,3,Leiden,{'resolution': 0.8},0.8335222413724919,2,0.6829081046984717,0.48979591836734704,150,200,175.0,25.0,0.7499999999999962,0.14285714285714204,350,5114,0.08373311502251331,29.222857142857144,8.588799540740279,53,0.823425889714509,0.17657411028549078,0.12826560093532538,0.02580475082346858,0.10246085011185681,22.963333333333335,0.28280613842781077,0.0,0.28280613842781077,0.28280613842781077,0.25287487139140774,0.17657411028549078,0.823425889714509
sbm_imb_moderate_s2,sbm,350,3,Leiden,{'resolution': 1.0},0.6582363829454748,3,1.0800700353256212,0.6538285714285714,99,149,116.66666666666667,22.89589968143253,0.6644295302013379,0.19625056869799146,350,5114,0.08373311502251331,29.222857142857144,8.588799540740279,53,0.5924912006257331,0.40750879937426665,0.1605282212665042,0.04056608661159796,0.10339198258661345,17.639589738681725,0.4034295389235188,0.08530505414374596,0.28279333123623773,0.4645270270270269,0.25838269160443417,0.40750879937426665,0.5924912006257331
sbm_imb_moderate_s2,sbm,350,3,Leiden,{'resolution': 1.2},0.6257308441883254,8,1.9682988489403606,0.8409469387755102,26,101,43.75,22.835006021457495,0.2574257425742549,0.5219429947761594,350,5114,0.08373311502251331,29.222857142857144,8.588799540740279,53,0.37935080172076646,0.6206491982792334,0.2603487950832739,0.061633221359703366,0.15465346534653462,9.97359603332323,0.6595818016878889,0.13938404331700296,0.32817204301075253,0.767932489451476,0.23799280969568457,0.6206491982792334,0.37935080172076646
sbm_imb_moderate_s2,sbm,350,3,Leiden,{'resolution': 1.5},0.5634413885367962,13,2.304948873537402,0.8664326530612245,10,100,26.923076923076923,23.103318238068475,0.099999999999999,0.8581232488425116,350,5114,0.08373311502251331,29.222857142857144,8.588799540740279,53,0.3306609307782557,0.6693390692217441,0.3724996653898796,0.10777461527211213,0.15676767676767675,7.564478425044035,0.7499467944475776,0.14181953142249348,0.328138528138528,0.8618784530386716,0.22530894739554888,0.6693390692217441,0.3306609307782557
sbm_imb_moderate_s2,sbm,350,3,Leiden,{'resolution': 2.0},0.47856076694024674,22,2.688176131771378,0.8881142857142857,5,97,15.909090909090908,19.232805995129286,0.05154639175257679,1.2089192339794792,350,5114,0.08373311502251331,29.222857142857144,8.588799540740279,53,0.28588189284317556,0.7141181071568242,0.5265114843333332,0.1643169374081209,0.15979381443298965,5.626078807686118,0.8179835073965568,0.12135281765255791,0.3377837116154872,0.9150943396226372,0.20476805028379924,0.7141181071568242,0.28588189284317556
sbm_imb_moderate_s2,sbm,350,3,Leiden,{'resolution': 3.0},0.3120014673995045,48,3.767179509568136,0.9741551020408163,3,18,7.291666666666667,3.5763012394869027,0.16666666666665741,0.49046416998670794,350,5114,0.08373311502251331,29.222857142857144,8.588799540740279,53,0.14626515447790378,0.8537348455220961,0.7130379560525982,0.18775223013207912,0.33333333333333015,3.890209385521885,0.8675094416387413,0.05336257390097406,0.7318007662835221,0.9399999999999906,0.12316585067347545,0.8537348455220961,0.14626515447790378
sbm_imb_moderate_s2,sbm,350,3,LabelProp,{'seed': 0},0.0,1,-1.000088900581841e-12,0.0,350,350,350.0,0.0,0.9999999999999971,0.0,350,5114,0.08373311502251331,29.222857142857144,8.588799540740279,53,0.9999999999999998,0.0,0.08373311502251331,0.0,0.08373311502251331,29.222857142857144,0.0,0.0,0.0,0.0,0.0,0.0,0.9999999999999998
sbm_imb_moderate_s2,sbm,350,3,LabelProp,{'seed': 1},0.0,1,-1.000088900581841e-12,0.0,350,350,350.0,0.0,0.9999999999999971,0.0,350,5114,0.08373311502251331,29.222857142857144,8.588799540740279,53,0.9999999999999998,0.0,0.08373311502251331,0.0,0.08373311502251331,29.222857142857144,0.0,0.0,0.0,0.0,0.0,0.0,0.9999999999999998
sbm_imb_moderate_s2,sbm,350,3,LabelProp,{'seed': 2},0.0,1,-1.000088900581841e-12,0.0,350,350,350.0,0.0,0.9999999999999971,0.0,350,5114,0.08373311502251331,29.222857142857144,8.588799540740279,53,0.9999999999999998,0.0,0.08373311502251331,0.0,0.08373311502251331,29.222857142857144,0.0,0.0,0.0,0.0,0.0,0.0,0.9999999999999998
sbm_imb_moderate_s2,sbm,350,3,LabelProp,{'seed': 3},0.0,1,-1.000088900581841e-12,0.0,350,350,350.0,0.0,0.9999999999999971,0.0,350,5114,0.08373311502251331,29.222857142857144,8.588799540740279,53,0.9999999999999998,0.0,0.08373311502251331,0.0,0.08373311502251331,29.222857142857144,0.0,0.0,0.0,0.0,0.0,0.0,0.9999999999999998
sbm_imb_moderate_s2,sbm,350,3,LabelProp,{'seed': 4},0.0,1,-1.000088900581841e-12,0.0,350,350,350.0,0.0,0.9999999999999971,0.0,350,5114,0.08373311502251331,29.222857142857144,8.588799540740279,53,0.9999999999999998,0.0,0.08373311502251331,0.0,0.08373311502251331,29.222857142857144,0.0,0.0,0.0,0.0,0.0,0.0,0.9999999999999998
sbm_imb_moderate_s2,sbm,350,3,Spectral,{'k': 2},0.7072337570308244,2,0.6693828169541433,0.47642448979591845,137,213,175.0,38.0,0.6431924882629078,0.21714285714285592,350,5114,0.08373311502251331,29.222857142857144,8.588799540740279,53,0.8265545561204535,0.1734454438795463,0.12658465490046222,0.014304706424721585,0.11227994847574065,22.569308796819847,0.29775092312856655,0.0,0.29775092312856655,0.29775092312856655,0.23940918661861915,0.1734454438795463,0.8265545561204535
sbm_imb_moderate_s2,sbm,350,3,Spectral,{'k': 3},0.9368313365824055,3,0.9434909555528459,0.5639346938775511,47,203,116.66666666666667,64.76796190161375,0.23152709359605797,0.5551539591566845,350,5114,0.08373311502251331,29.222857142857144,8.588799540740279,53,0.792334767305436,0.2076652326945639,0.1580941525172569,0.006401104025442486,0.15100229234746135,17.894012507424097,0.39332612185890325,0.12430491892018583,0.2845321451304901,0.5673076923076916,0.2547317332209282,0.2076652326945639,0.792334767305436
sbm_imb_moderate_s2,sbm,350,3,Spectral,{'k': 5},0.807206693469026,5,1.2282462341035023,0.6148408163265306,20,201,70.0,67.35280246582171,0.09950248756218856,0.9621828923688679,350,5114,0.08373311502251331,29.222857142857144,8.588799540740279,53,0.728783730934689,0.2712162690653109,0.20232474138994125,0.031785685334535685,0.15298507462686567,12.056709382381024,0.5701087954413147,0.16566008866184012,0.28279333123623773,0.7177177177177155,0.22137333711212281,0.2712162690653109,0.728783730934689
sbm_imb_moderate_s2,sbm,350,3,Spectral,{'k': 8},0.7212418393248006,8,1.425063361440372,0.6317387755102041,10,201,43.75,61.032266056570435,0.04975124378109428,1.3950232241501495,350,5114,0.08373311502251331,29.222857142857144,8.588799540740279,53,0.705123191239734,0.2948768087602659,0.29166614687136727,0.08400672386023342,0.15298507462686567,8.57530535385013,0.6785389413058731,0.17034099640734773,0.28279333123623773,0.821052631578943,0.2071473952735663,0.2948768087602659,0.705123191239734
sbm_imb_moderate_s2,sbm,350,3,Spectral,{'k': 10},0.5971147819154721,10,1.922236545805094,0.8049795918367346,7,114,35.0,34.11744421846396,0.06140350877192929,0.9747841205275137,350,5114,0.08373311502251331,29.222857142857144,8.588799540740279,53,0.4462260461478294,0.5537739538521704,0.2961374387859578,0.10328874822519037,0.17854370439372766,7.759073035252709,0.6956536213991154,0.11571536565598453,0.42998760842627004,0.8305084745762676,0.18695714632465055,0.5537739538521704,0.4462260461478294
sbm_imb_moderate_s2,sbm,350,3,GreedyMod,{},0.7318021847421331,3,0.7085328053042871,0.4899755102040816,2,205,116.66666666666667,84.94050205225354,0.009756097560975563,0.728061446162167,350,5114,0.08373311502251331,29.222857142857144,8.588799540740279,53,0.812671098944075,0.18732890105592487,0.4175908755451565,0.4121922974285463,0.10509209100758395,15.349968730456533,0.5209257865158577,0.3073299744538601,0.30306988896146303,0.9555555555555343,0.23829608278913827,0.18732890105592487,0.812671098944075
sbm_imb_hard_s2,sbm,350,3,Louvain,{'resolution': 0.5},0.14075055792543972,39,2.9796591595443855,0.9065632653061224,1,87,8.974358974358974,14.59273999242507,0.011494252873563086,1.6260481705843266,350,4422,0.07240278346295538,25.268571428571427,5.346495323564583,42,0.2150610583446404,0.7849389416553594,0.5511659381278772,0.3467880396661714,0.0,2.7797922407799143,0.8880426415126135,0.07853746111284177,0.6394927536231881,0.9999999999999729,0.11895916474532892,0.7849389416553594,0.2150610583446404
sbm_imb_hard_s2,sbm,350,3,Louvain,{'resolution': 0.8},0.07665312311632058,11,2.214499375720834,0.8740081632653061,6,70,31.818181818181817,19.765986311743543,0.0857142857142845,0.6212167126547776,350,4422,0.07240278346295538,25.268571428571427,5.346495323564583,42,0.2917232021709633,0.7082767978290365,0.27538375678863,0.14148627629345434,0.13333333333333328,6.357315919374742,0.7478366225398632,0.0657025185220275,0.6312916919345054,0.8412698412698346,0.16724874455893715,0.7082767978290365,0.2917232021709633
sbm_imb_hard_s2,sbm,350,3,Louvain,{'resolution': 1.0},0.11735678843986407,7,1.892339377346033,0.8416816326530612,28,78,50.0,16.449055552566797,0.3589743589743544,0.3289811110513294,350,4422,0.07240278346295538,25.268571428571427,5.346495323564583,42,0.3265490728177295,0.6734509271822703,0.1719517185682597,0.037790702573162305,0.12387612387612384,7.872867483393799,0.6897198829513271,0.054331621150610056,0.5898566703417858,0.753721244925574,0.17006953636897543,0.6734509271822703,0.3265490728177295
sbm_imb_hard_s2,sbm,350,3,Louvain,{'resolution': 1.2},0.09832077105881878,16,2.734098477298697,0.9328816326530612,11,32,21.875,5.946374946133148,0.34374999999998923,0.27183428325178866,350,4422,0.07240278346295538,25.268571428571427,5.346495323564583,42,0.2245590230664857,0.7754409769335141,0.27724084524019754,0.05625472638025694,0.21164021164021107,5.490179612054612,0.7833500446996673,0.035263481521450646,0.7099863201094382,0.8571428571428538,0.15817736591496692,0.7754409769335141,0.2245590230664857
sbm_imb_hard_s2,sbm,350,3,Louvain,{'resolution': 1.5},0.11613145393168647,24,3.1149999244539344,0.9528326530612244,6,29,14.583333333333334,5.29871577732651,0.2068965517241308,0.3633405104452215,350,4422,0.07240278346295538,25.268571428571427,5.346495323564583,42,0.19289914066033464,0.8071008593396651,0.37383732492750926,0.09983072982422626,0.2290640394088664,4.6289999797383485,0.8179752627974777,0.035151781382662,0.726470588235293,0.883720930232553,0.1465782288753592,0.8071008593396651,0.19289914066033464
sbm_imb_hard_s2,sbm,350,3,Louvain,{'resolution': 2.0},0.13144342500663597,37,3.5535712250703964,0.969861224489796,5,16,9.45945945945946,3.209736830119681,0.3124999999999805,0.3393150363269018,350,4422,0.07240278346295538,25.268571428571427,5.346495323564583,42,0.16191768430574396,0.8380823156942558,0.49984092484090276,0.12113889200624359,0.3083333333333308,3.8744259494259508,0.8466415728217443,0.02938673019712924,0.7839506172839481,0.8947368421052565,0.13189311245671237,0.8380823156942558,0.16191768430574396
sbm_imb_hard_s2,sbm,350,3,Louvain,{'resolution': 3.0},0.1567920832893385,52,3.9009866722294184,0.9789224489795918,3,10,6.730769230769231,2.085807209685577,0.29999999999997,0.3098913568675254,350,4422,0.07240278346295538,25.268571428571427,5.346495323564583,42,0.13862505653550428,0.8613749434644955,0.6333028083027439,0.16305137281776919,0.3999999999999911,3.3219627594627594,0.8688195354048525,0.02983298698993208,0.8008658008657974,0.9268292682926716,0.11784888517406387,0.8613749434644955,0.13862505653550428
sbm_imb_hard_s2,sbm,350,3,Leiden,{'resolution': 0.5},0.0,1,-1.000088900581841e-12,0.0,350,350,350.0,0.0,0.9999999999999971,0.0,350,4422,0.07240278346295538,25.268571428571427,5.346495323564583,42,0.9999999999999998,0.0,0.07240278346295538,0.0,0.07240278346295538,25.268571428571427,0.0,0.0,0.0,0.0,0.0,0.0,0.9999999999999998
sbm_imb_hard_s2,sbm,350,3,Leiden,{'resolution': 0.8},0.5106223644995059,2,0.6878480176290958,0.4947102040816327,157,193,175.0,18.0,0.8134715025906694,0.10285714285714227,350,4422,0.07240278346295538,25.268571428571427,5.346495323564583,42,0.6752600633197646,0.3247399366802351,0.09547632239436965,0.00761089694932638,0.08786542544504326,16.749876241708193,0.4002229654403566,0.0,0.4002229654403566,0.4002229654403566,0.15747462269263035,0.3247399366802351,0.6752600633197646
sbm_imb_hard_s2,sbm,350,3,Leiden,{'resolution': 1.0},0.17155413366551103,8,2.060820587401176,0.8706775510204081,27,54,43.75,8.13557004763649,0.49999999999999073,0.1859558868031155,350,4422,0.07240278346295538,25.268571428571427,5.346495323564583,42,0.30348258706467657,0.6965174129353232,0.1813554902530366,0.02938551276494835,0.14710884353741485,7.551949897732572,0.7017669085244178,0.02949443201644733,0.6796536796536792,0.7632311977715867,0.17386723407754617,0.6965174129353232,0.30348258706467657
sbm_imb_hard_s2,sbm,350,3,Leiden,{'resolution': 1.2},0.10704863726099144,14,2.5989045615409263,0.9228081632653061,15,39,25.0,7.101307726649468,0.38461538461537476,0.2840523090659674,350,4422,0.07240278346295538,25.268571428571427,5.346495323564583,42,0.23993668023518766,0.7600633197648121,0.2560877058534929,0.045843010818064696,0.1889338731443992,5.845171375188782,0.7689649037561507,0.034534913903718,0.697624190064794,0.8251928020565531,0.16317138660138722,0.7600633197648121,0.23993668023518766
sbm_imb_hard_s2,sbm,350,3,Leiden,{'resolution': 1.5},0.14666334307829276,24,3.1282554566697547,0.9541877551020408,7,26,14.583333333333334,4.599969806664194,0.2692307692307589,0.3154265010283802,350,4422,0.07240278346295538,25.268571428571427,5.346495323564583,42,0.19176843057440068,0.8082315694255992,0.37095805574713614,0.09542666462473262,0.23384615384615312,4.65395614304283,0.815803600493477,0.02856609764243375,0.7560192616372379,0.8659217877094924,0.14609970991226176,0.8082315694255992,0.19176843057440068
sbm_imb_hard_s2,sbm,350,3,Leiden,{'resolution': 2.0},0.1610210770094587,34,3.480313641091145,0.9677061224489796,6,19,10.294117647058824,3.222434335247609,0.3157894736841939,0.3130364782811659,350,4422,0.07240278346295538,25.268571428571427,5.346495323564583,42,0.16824966078697418,0.8317503392130257,0.4668132490751182,0.09135273827846775,0.274853801169589,4.076996209440209,0.8387001226149536,0.02788965071192131,0.7729729729729709,0.8799999999999941,0.1362055875386441,0.8317503392130257,0.16824966078697418
sbm_imb_hard_s2,sbm,350,3,Leiden,{'resolution': 3.0},0.16085408508729576,56,3.9865636989756403,0.9807020408163265,3,11,6.25,1.775326931662367,0.27272727272724795,0.28405230906593326,350,4422,0.07240278346295538,25.268571428571427,5.346495323564583,42,0.13251922207146086,0.867480777928539,0.6548623995051981,0.13533630966287521,0.38181818181817484,3.226061636775922,0.8720913431393742,0.024166695223740358,0.8021978021977978,0.9199999999999878,0.11332072624828655,0.867480777928539,0.13251922207146086
sbm_imb_hard_s2,sbm,350,3,LabelProp,{'seed': 0},0.0,1,-1.000088900581841e-12,0.0,350,350,350.0,0.0,0.9999999999999971,0.0,350,4422,0.07240278346295538,25.268571428571427,5.346495323564583,42,0.9999999999999998,0.0,0.07240278346295538,0.0,0.07240278346295538,25.268571428571427,0.0,0.0,0.0,0.0,0.0,0.0,0.9999999999999998
sbm_imb_hard_s2,sbm,350,3,LabelProp,{'seed': 1},0.0,1,-1.000088900581841e-12,0.0,350,350,350.0,0.0,0.9999999999999971,0.0,350,4422,0.07240278346295538,25.268571428571427,5.346495323564583,42,0.9999999999999998,0.0,0.07240278346295538,0.0,0.07240278346295538,25.268571428571427,0.0,0.0,0.0,0.0,0.0,0.0,0.9999999999999998
sbm_imb_hard_s2,sbm,350,3,LabelProp,{'seed': 2},0.0,1,-1.000088900581841e-12,0.0,350,350,350.0,0.0,0.9999999999999971,0.0,350,4422,0.07240278346295538,25.268571428571427,5.346495323564583,42,0.9999999999999998,0.0,0.07240278346295538,0.0,0.07240278346295538,25.268571428571427,0.0,0.0,0.0,0.0,0.0,0.0,0.9999999999999998
sbm_imb_hard_s2,sbm,350,3,LabelProp,{'seed': 3},0.0,1,-1.000088900581841e-12,0.0,350,350,350.0,0.0,0.9999999999999971,0.0,350,4422,0.07240278346295538,25.268571428571427,5.346495323564583,42,0.9999999999999998,0.0,0.07240278346295538,0.0,0.07240278346295538,25.268571428571427,0.0,0.0,0.0,0.0,0.0,0.0,0.9999999999999998
sbm_imb_hard_s2,sbm,350,3,LabelProp,{'seed': 4},0.0,1,-1.000088900581841e-12,0.0,350,350,350.0,0.0,0.9999999999999971,0.0,350,4422,0.07240278346295538,25.268571428571427,5.346495323564583,42,0.9999999999999998,0.0,0.07240278346295538,0.0,0.07240278346295538,25.268571428571427,0.0,0.0,0.0,0.0,0.0,0.0,0.9999999999999998
sbm_imb_hard_s2,sbm,350,3,Spectral,{'k': 2},0.4346239845125952,2,0.6517565611706533,0.4591836734693877,125,225,175.0,50.0,0.5555555555555531,0.2857142857142841,350,4422,0.07240278346295538,25.268571428571427,5.346495323564583,42,0.692446856625961,0.30755314337403883,0.09506426011264721,0.004032514080901169,0.09103174603174603,16.339555555555556,0.46961325966850814,0.0,0.46961325966850814,0.46961325966850814,0.1329023645392951,0.30755314337403883,0.692446856625961
sbm_imb_hard_s2,sbm,350,3,Spectral,{'k': 3},0.2863954552813022,3,1.0696844171174436,0.6477714285714286,82,150,116.66666666666667,27.776888874666213,0.5466666666666631,0.23808761892570834,350,4422,0.07240278346295538,25.268571428571427,5.346495323564583,42,0.5167345092718226,0.4832654907281772,0.10962799334164602,0.009182355871714691,0.10068086339272779,12.489588902668688,0.5024545697999462,0.06741743724441433,0.410211706102117,0.5694591728525978,0.15442566882703376,0.4832654907281772,0.5167345092718226
sbm_imb_hard_s2,sbm,350,3,Spectral,{'k': 5},0.2207309777039712,5,1.5697360628991652,0.7826938775510204,53,109,70.0,20.591260281974,0.48623853211008733,0.294160861171053,350,4422,0.07240278346295538,25.268571428571427,5.346495323564583,42,0.38127544097693344,0.6187245590230663,0.1319185372391305,0.008705947281276825,0.11875637104994902,8.994996113055802,0.6417965592512854,0.0635950516029206,0.5256192738378009,0.6964426877470351,0.15482279814283298,0.6187245590230663,0.38127544097693344
sbm_imb_hard_s2,sbm,350,3,Spectral,{'k': 8},0.13617455282898056,8,2.033191362195847,0.8637877551020408,23,61,43.75,13.102957681378658,0.37704918032786267,0.2994961755743625,350,4422,0.07240278346295538,25.268571428571427,5.346495323564583,42,0.2894617819990954,0.7105382180009044,0.17313363223812228,0.0336021088874866,0.1306010928961748,6.994826915753733,0.7212490985283594,0.03370200730663973,0.6670902160101648,0.7699443413729113,0.15063341755103435,0.7105382180009044,0.2894617819990954
sbm_imb_hard_s2,sbm,350,3,Spectral,{'k': 10},0.13511091415558726,10,2.270588229688389,0.8934367346938775,24,51,35.0,8.966604708583958,0.4705882352941084,0.2561887059595343,350,4422,0.07240278346295538,25.268571428571427,5.346495323564583,42,0.2528267752148349,0.7471732247851649,0.18604797915175672,0.024274629830886678,0.15646258503401347,6.1458630685881825,0.7540865854100021,0.025812298464765984,0.7049180327868848,0.8078902229845611,0.14230308614814174,0.7471732247851649,0.2528267752148349
sbm_imb_hard_s2,sbm,350,3,GreedyMod,{},0.2685223546941667,4,1.189225436120649,0.6713469387755102,14,136,87.5,49.07901792008475,0.10294117647058748,0.5609030619438193,350,4422,0.07240278346295538,25.268571428571427,5.346495323564583,42,0.49298959746720933,0.5070104025327905,0.14616836842009182,0.05656514639608182,0.096078431372549,10.030531483426705,0.6040468467995996,0.17735142656815345,0.44247787610619455,0.8749999999999974,0.16760240469458965,0.5070104025327905,0.49298959746720933
sbm_imb_extreme_s2,sbm,470,4,Louvain,{'resolution': 0.5},0.4209318960766673,91,2.962731027579777,0.8224173834314169,1,188,5.164835164835165,20.10973398125906,0.005319148936170185,3.8935867921153613,470,11570,0.10497663657396906,49.234042553191486,21.07667134884267,86,0.357562662057044,0.6424373379429558,0.3305922564660794,0.4142621025726351,0.0,1.5441298941835326,0.9568298532059425,0.08530781471722015,0.4376629213483145,0.9999999999999875,0.08003855753076414,0.6424373379429558,0.357562662057044
sbm_imb_extreme_s2,sbm,470,4,Louvain,{'resolution': 0.8},0.7330266567800817,10,1.651471928321738,0.7129923042100499,4,223,47.0,64.27285585688566,0.017937219730941624,1.36750757142307,470,11570,0.10497663657396906,49.234042553191486,21.07667134884267,86,0.5859118409680206,0.4140881590319792,0.3366949103275881,0.10246443591828945,0.1981981981981979,11.504482832045863,0.7181482786311579,0.22197673594229295,0.24982001439884802,0.9831223628691942,0.1733111592359161,0.4140881590319792,0.5859118409680206
sbm_imb_extreme_s2,sbm,470,4,Louvain,{'resolution': 1.0},0.6278749056425134,3,1.0959173932198611,0.6648800362154821,142,170,156.66666666666666,11.469767022723502,0.835294117647054,0.07321127886844743,470,11570,0.10497663657396906,49.234042553191486,21.07667134884267,86,0.5763180639585133,0.4236819360414865,0.18908663180593313,0.06166817036555489,0.10205360250609118,28.828475244617366,0.389099313339021,0.10226633595001196,0.24627249357326472,0.4802099278373058,0.20117821774042333,0.4236819360414865,0.5763180639585133
sbm_imb_extreme_s2,sbm,470,4,Louvain,{'resolution': 1.2},0.5331540997489874,12,2.3275218369860924,0.8861837935717519,17,102,39.166666666666664,23.688370329950708,0.16666666666666505,0.6048094552327686,470,11570,0.10497663657396906,49.234042553191486,21.07667134884267,86,0.27528089887640445,0.7247191011235954,0.3733352301190329,0.11122856759414343,0.12510974539069353,11.92396313975385,0.7464300226008408,0.18018470058183536,0.24982001439884802,0.8730450781968714,0.18092083137551365,0.7247191011235954,0.27528089887640445
sbm_imb_extreme_s2,sbm,470,4,Louvain,{'resolution': 1.5},0.4789143966792538,20,2.7209277393429696,0.9080126754187415,9,100,23.5,21.534855467358028,0.08999999999999911,0.916376828398175,470,11570,0.10497663657396906,49.234042553191486,21.07667134884267,86,0.22342264477095936,0.7765773552290405,0.49605834654021697,0.12896855337292495,0.12032193158953718,8.707786485322849,0.8246151231031142,0.156129119288521,0.24872727272727266,0.9201451905626117,0.16612279992738943,0.7765773552290405,0.22342264477095936
sbm_imb_extreme_s2,sbm,470,4,Louvain,{'resolution': 2.0},0.4612448546039798,40,3.2607910553572603,0.9294703485740154,3,100,11.75,15.85678088389948,0.0299999999999997,1.3495132667147345,470,11570,0.10497663657396906,49.234042553191486,21.07667134884267,86,0.18435609334485736,0.8156439066551425,0.7167993197278448,0.17540153330739475,0.17959183673469375,5.61866810966811,0.8866348259089861,0.12865623245188645,0.24872727272727266,0.9719626168224254,0.1484019410614731,0.8156439066551425,0.18435609334485736
sbm_imb_extreme_s2,sbm,470,4,Louvain,{'resolution': 3.0},0.4277193616964307,60,3.545256832129242,0.9336803983703033,3,100,7.833333333333333,13.520560474904718,0.0299999999999997,1.7260289967961266,470,11570,0.10497663657396906,49.234042553191486,21.07667134884267,86,0.16482281763180637,0.8351771823681935,0.8886516555677051,0.16969427049794833,0.17959183673469375,4.215515182884748,0.9179147457762388,0.10838762741021704,0.24872727272727266,0.9692307692307642,0.1364677372485244,0.8351771823681935,0.16482281763180637
sbm_imb_extreme_s2,sbm,470,4,Leiden,{'resolution': 0.5},0.7854271816254157,2,0.6531729659544214,0.46056133997283843,169,301,235.0,66.0,0.5614617940199317,0.28085106382978603,470,11570,0.10497663657396906,49.234042553191486,21.07667134884267,86,0.9177182368193603,0.08228176318063957,0.15284043326977137,0.04999456119313007,0.1028458720766413,39.06430242387309,0.24586776859504125,0.0,0.24586776859504125,0.24586776859504125,0.19637864742736896,0.08228176318063957,0.9177182368193603
sbm_imb_extreme_s2,sbm,470,4,Leiden,{'resolution': 0.8},0.7966111817596787,2,0.6543912549246472,0.46174739701222267,170,300,235.0,65.0,0.5666666666666648,0.2765957446808499,470,11570,0.10497663657396906,49.234042553191486,21.07667134884267,86,0.9171996542783059,0.08280034572169402,0.15298889712818495,0.050935294622093764,0.10205360250609118,39.11019607843137,0.24627249357326472,0.0,0.24627249357326472,0.24627249357326472,0.19689395801289222,0.08280034572169402,0.9171996542783059
sbm_imb_extreme_s2,sbm,470,4,Leiden,{'resolution': 1.0},0.5603112556489498,4,1.3472669439989757,0.7299320959710276,78,170,117.5,33.29038900343461,0.458823529411762,0.28332245960369645,470,11570,0.10497663657396906,49.234042553191486,21.07667134884267,86,0.47095937770095064,0.5290406222990491,0.22358697059445512,0.070667983051355,0.10205360250609118,23.820431185007994,0.5074158542203058,0.15655347654951862,0.24627249357326472,0.6627097830536225,0.2053397231088956,0.5290406222990491,0.47095937770095064
sbm_imb_extreme_s2,sbm,470,4,Leiden,{'resolution': 1.2},0.5491229452905263,11,2.287377249406796,0.8852512449071979,23,100,42.72727272727273,21.88021484476084,0.2299999999999977,0.5120901346646034,470,11570,0.10497663657396906,49.234042553191486,21.07667134884267,86,0.2796888504753673,0.7203111495246326,0.3494939955727243,0.09515206986545832,0.12173913043478256,12.765038955922051,0.7270171767106647,0.1788125614475323,0.24872727272727266,0.8464619492656871,0.18273237047202065,0.7203111495246326,0.2796888504753673
sbm_imb_extreme_s2,sbm,470,4,Leiden,{'resolution': 1.5},0.47831807414741706,22,2.772308437815137,0.9097781801720235,5,100,21.363636363636363,21.201512498673416,0.0499999999999995,0.9924112233421135,470,11570,0.10497663657396906,49.234042553191486,21.07667134884267,86,0.2210890233362143,0.7789109766637855,0.538686288975165,0.1518917427790622,0.12173913043478256,8.223900689393018,0.834858483157489,0.154800044311811,0.24872727272727266,0.9530791788856277,0.1659159234422167,0.7789109766637855,0.2210890233362143
sbm_imb_extreme_s2,sbm,470,4,Leiden,{'resolution': 2.0},0.43664421937573084,35,3.11195467826524,0.919818922589407,5,100,13.428571428571429,18.04800853958403,0.0499999999999995,1.34400063592637,470,11570,0.10497663657396906,49.234042553191486,21.07667134884267,86,0.19144338807260153,0.8085566119273984,0.685738688786526,0.155325236674536,0.12404092071611249,6.133908144305659,0.8810309462203112,0.13074293243429852,0.24872727272727266,0.9456193353474291,0.15243276616947382,0.8085566119273984,0.19144338807260153
sbm_imb_extreme_s2,sbm,470,4,Leiden,{'resolution': 3.0},0.4293785454031362,60,3.5518551928774595,0.9340606609325487,3,100,7.833333333333333,13.468687967116754,0.0299999999999997,1.7194069745253235,470,11570,0.10497663657396906,49.234042553191486,21.07667134884267,86,0.16516853932584266,0.8348314606741571,0.8878810861930166,0.17325203914399873,0.17959183673469375,4.239134920634921,0.9166116943958483,0.10966541278928003,0.24872727272727266,0.9714285714285669,0.13678150134949485,0.8348314606741571,0.16516853932584266
sbm_imb_extreme_s2,sbm,470,4,LabelProp,{'seed': 0},0.0,1,-1.000088900581841e-12,0.0,470,470,470.0,0.0,0.9999999999999978,0.0,470,11570,0.10497663657396906,49.234042553191486,21.07667134884267,86,0.9999999999999999,0.0,0.10497663657396906,0.0,0.10497663657396906,49.234042553191486,0.0,0.0,0.0,0.0,0.0,0.0,0.9999999999999999
sbm_imb_extreme_s2,sbm,470,4,LabelProp,{'seed': 1},0.0,1,-1.000088900581841e-12,0.0,470,470,470.0,0.0,0.9999999999999978,0.0,470,11570,0.10497663657396906,49.234042553191486,21.07667134884267,86,0.9999999999999999,0.0,0.10497663657396906,0.0,0.10497663657396906,49.234042553191486,0.0,0.0,0.0,0.0,0.0,0.0,0.9999999999999999
sbm_imb_extreme_s2,sbm,470,4,LabelProp,{'seed': 2},0.0,1,-1.000088900581841e-12,0.0,470,470,470.0,0.0,0.9999999999999978,0.0,470,11570,0.10497663657396906,49.234042553191486,21.07667134884267,86,0.9999999999999999,0.0,0.10497663657396906,0.0,0.10497663657396906,49.234042553191486,0.0,0.0,0.0,0.0,0.0,0.0,0.9999999999999999
sbm_imb_extreme_s2,sbm,470,4,LabelProp,{'seed': 3},0.0,1,-1.000088900581841e-12,0.0,470,470,470.0,0.0,0.9999999999999978,0.0,470,11570,0.10497663657396906,49.234042553191486,21.07667134884267,86,0.9999999999999999,0.0,0.10497663657396906,0.0,0.10497663657396906,49.234042553191486,0.0,0.0,0.0,0.0,0.0,0.0,0.9999999999999999
sbm_imb_extreme_s2,sbm,470,4,LabelProp,{'seed': 4},0.0,1,-1.000088900581841e-12,0.0,470,470,470.0,0.0,0.9999999999999978,0.0,470,11570,0.10497663657396906,49.234042553191486,21.07667134884267,86,0.9999999999999999,0.0,0.10497663657396906,0.0,0.10497663657396906,49.234042553191486,0.0,0.0,0.0,0.0,0.0,0.0,0.9999999999999999
sbm_imb_extreme_s2,sbm,470,4,Spectral,{'k': 2},0.6382579832245626,2,0.5390191261694557,0.3539701222272522,108,362,235.0,127.0,0.29834254143646327,0.5404255319148913,470,11570,0.10497663657396906,49.234042553191486,21.07667134884267,86,0.9364736387208296,0.06352636127917026,0.16676378610052375,0.017209907218963927,0.14955387888155983,36.83706773071414,0.25690318070604673,0.0,0.25690318070604673,0.25690318070604673,0.15317801380346893,0.06352636127917026,0.9364736387208296
sbm_imb_extreme_s2,sbm,470,4,Spectral,{'k': 3},0.8774717739840836,3,0.8434408157379258,0.4890629244001812,53,316,156.66666666666666,114.35714037853323,0.16772151898734122,0.7299391939055266,470,11570,0.10497663657396906,49.234042553191486,21.07667134884267,86,0.9124459809853067,0.08755401901469316,0.18583417784182996,0.016296231975079928,0.16545718432510875,29.316184544176892,0.3281135445291464,0.1128032167996359,0.2478772938920843,0.4876404494382017,0.18739344294135357,0.08755401901469316,0.9124459809853067
sbm_imb_extreme_s2,sbm,470,4,Spectral,{'k': 5},0.9283148056622816,5,1.0454223899443131,0.5322317790855591,19,303,94.0,108.76580344942982,0.0627062706270625,1.157083015419454,470,11570,0.10497663657396906,49.234042553191486,21.07667134884267,86,0.897925669835782,0.10207433016421778,0.23782715160043927,0.02873272850839337,0.20038030293095535,19.553115309911558,0.49458749798027524,0.20032343664311336,0.24872727272727266,0.6815642458100539,0.1872487709623658,0.10207433016421778,0.897925669835782
sbm_imb_extreme_s2,sbm,470,4,Spectral,{'k': 8},0.8226587199695905,8,1.2460964235339984,0.5539067451335445,7,304,58.75,94.16043489704155,0.023026315789473607,1.6027308067581267,470,11570,0.10497663657396906,49.234042553191486,21.07667134884267,86,0.8629213483146067,0.13707865168539324,0.3460762522429848,0.10411039282576633,0.1994094146256731,13.56511786716895,0.6105617656368707,0.15664328197157476,0.25216478614536864,0.7619047619047529,0.15750487991997897,0.13707865168539324,0.8629213483146067
sbm_imb_extreme_s2,sbm,470,4,Spectral,{'k': 10},0.8043514997583769,10,1.2837262279283053,0.5506382978723403,5,306,47.0,87.84873362775356,0.016339869281045697,1.8691219920798232,470,11570,0.10497663657396906,49.234042553191486,21.07667134884267,86,0.8614520311149523,0.1385479688850475,0.42203062276795195,0.14944718400520235,0.19721418622093645,11.178246965452848,0.6675139667207812,0.16802669938829687,0.2573705179282868,0.8499999999999894,0.15307973934914976,0.1385479688850475,0.8614520311149523
sbm_imb_extreme_s2,sbm,470,4,GreedyMod,{},0.7966111817596787,2,0.6543912549246472,0.46174739701222267,170,300,235.0,65.0,0.5666666666666648,0.2765957446808499,470,11570,0.10497663657396906,49.234042553191486,21.07667134884267,86,0.9171996542783059,0.08280034572169402,0.15298889712818495,0.050935294622093764,0.10205360250609118,39.11019607843137,0.24627249357326472,0.0,0.24627249357326472,0.24627249357326472,0.19689395801289222,0.08280034572169402,0.9171996542783059
sbm_3c_300_clear_s2,sbm,900,3,Louvain,{'resolution': 0.5},1.0,3,1.0986122886651097,0.6666666666666667,300,300,300.0,0.0,0.9999999999999966,0.0,900,21752,0.053768384624891856,48.33777777777778,6.274225543669873,72,0.9352703199705774,0.06472968002942259,0.15120029728725382,0.0012655239401068719,0.15012263099219622,45.208888888888886,0.06472957813240611,0.001168445071341895,0.06356050069541029,0.06632547202434469,0.6019141076812795,0.06472968002942259,0.9352703199705774
sbm_3c_300_clear_s2,sbm,900,3,Louvain,{'resolution': 0.8},1.0,3,1.0986122886651097,0.6666666666666667,300,300,300.0,0.0,0.9999999999999966,0.0,900,21752,0.053768384624891856,48.33777777777778,6.274225543669873,72,0.9352703199705774,0.06472968002942259,0.15120029728725382,0.0012655239401068719,0.15012263099219622,45.208888888888886,0.06472957813240611,0.001168445071341895,0.06356050069541029,0.06632547202434469,0.6019141076812795,0.06472968002942259,0.9352703199705774
sbm_3c_300_clear_s2,sbm,900,3,Louvain,{'resolution': 1.0},1.0,3,1.0986122886651097,0.6666666666666667,300,300,300.0,0.0,0.9999999999999966,0.0,900,21752,0.053768384624891856,48.33777777777778,6.274225543669873,72,0.9352703199705774,0.06472968002942259,0.15120029728725382,0.0012655239401068719,0.15012263099219622,45.208888888888886,0.06472957813240611,0.001168445071341895,0.06356050069541029,0.06632547202434469,0.6019141076812795,0.06472968002942259,0.9352703199705774
sbm_3c_300_clear_s2,sbm,900,3,Louvain,{'resolution': 1.2},1.0,3,1.0986122886651097,0.6666666666666667,300,300,300.0,0.0,0.9999999999999966,0.0,900,21752,0.053768384624891856,48.33777777777778,6.274225543669873,72,0.9352703199705774,0.06472968002942259,0.15120029728725382,0.0012655239401068719,0.15012263099219622,45.208888888888886,0.06472957813240611,0.001168445071341895,0.06356050069541029,0.06632547202434469,0.6019141076812795,0.06472968002942259,0.9352703199705774
sbm_3c_300_clear_s2,sbm,900,3,Louvain,{'resolution': 1.5},1.0,3,1.0986122886651097,0.6666666666666667,300,300,300.0,0.0,0.9999999999999966,0.0,900,21752,0.053768384624891856,48.33777777777778,6.274225543669873,72,0.9352703199705774,0.06472968002942259,0.15120029728725382,0.0012655239401068719,0.15012263099219622,45.208888888888886,0.06472957813240611,0.001168445071341895,0.06356050069541029,0.06632547202434469,0.6019141076812795,0.06472968002942259,0.9352703199705774
sbm_3c_300_clear_s2,sbm,900,3,Louvain,{'resolution': 2.0},1.0,3,1.0986122886651097,0.6666666666666667,300,300,300.0,0.0,0.9999999999999966,0.0,900,21752,0.053768384624891856,48.33777777777778,6.274225543669873,72,0.9352703199705774,0.06472968002942259,0.15120029728725382,0.0012655239401068719,0.15012263099219622,45.208888888888886,0.06472957813240611,0.001168445071341895,0.06356050069541029,0.06632547202434469,0.6019141076812795,0.06472968002942259,0.9352703199705774
sbm_3c_300_clear_s2,sbm,900,3,Louvain,{'resolution': 3.0},0.48497850690137057,33,3.431948439391251,0.9660345679012345,7,49,27.272727272727273,9.481314086370503,0.14285714285713993,0.3476481831669057,900,21752,0.053768384624891856,48.33777777777778,6.274225543669873,72,0.19915410077234277,0.8008458992276573,0.36832666566606465,0.09039273348487488,0.2712585034013603,8.954387190443214,0.8145596350309542,0.03965580931633626,0.7375565610859726,0.9044776119402957,0.1650393392359976,0.8008458992276573,0.19915410077234277
sbm_3c_300_clear_s2,sbm,900,3,Leiden,{'resolution': 0.5},1.0,3,1.0986122886651097,0.6666666666666667,300,300,300.0,0.0,0.9999999999999966,0.0,900,21752,0.053768384624891856,48.33777777777778,6.274225543669873,72,0.9352703199705774,0.06472968002942259,0.15120029728725382,0.0012655239401068719,0.15012263099219622,45.208888888888886,0.06472957813240611,0.001168445071341895,0.06356050069541029,0.06632547202434469,0.6019141076812795,0.06472968002942259,0.9352703199705774
sbm_3c_300_clear_s2,sbm,900,3,Leiden,{'resolution': 0.8},1.0,3,1.0986122886651097,0.6666666666666667,300,300,300.0,0.0,0.9999999999999966,0.0,900,21752,0.053768384624891856,48.33777777777778,6.274225543669873,72,0.9352703199705774,0.06472968002942259,0.15120029728725382,0.0012655239401068719,0.15012263099219622,45.208888888888886,0.06472957813240611,0.001168445071341895,0.06356050069541029,0.06632547202434469,0.6019141076812795,0.06472968002942259,0.9352703199705774
sbm_3c_300_clear_s2,sbm,900,3,Leiden,{'resolution': 1.0},1.0,3,1.0986122886651097,0.6666666666666667,300,300,300.0,0.0,0.9999999999999966,0.0,900,21752,0.053768384624891856,48.33777777777778,6.274225543669873,72,0.9352703199705774,0.06472968002942259,0.15120029728725382,0.0012655239401068719,0.15012263099219622,45.208888888888886,0.06472957813240611,0.001168445071341895,0.06356050069541029,0.06632547202434469,0.6019141076812795,0.06472968002942259,0.9352703199705774
sbm_3c_300_clear_s2,sbm,900,3,Leiden,{'resolution': 1.2},1.0,3,1.0986122886651097,0.6666666666666667,300,300,300.0,0.0,0.9999999999999966,0.0,900,21752,0.053768384624891856,48.33777777777778,6.274225543669873,72,0.9352703199705774,0.06472968002942259,0.15120029728725382,0.0012655239401068719,0.15012263099219622,45.208888888888886,0.06472957813240611,0.001168445071341895,0.06356050069541029,0.06632547202434469,0.6019141076812795,0.06472968002942259,0.9352703199705774
sbm_3c_300_clear_s2,sbm,900,3,Leiden,{'resolution': 1.5},1.0,3,1.0986122886651097,0.6666666666666667,300,300,300.0,0.0,0.9999999999999966,0.0,900,21752,0.053768384624891856,48.33777777777778,6.274225543669873,72,0.9352703199705774,0.06472968002942259,0.15120029728725382,0.0012655239401068719,0.15012263099219622,45.208888888888886,0.06472957813240611,0.001168445071341895,0.06356050069541029,0.06632547202434469,0.6019141076812795,0.06472968002942259,0.9352703199705774
sbm_3c_300_clear_s2,sbm,900,3,Leiden,{'resolution': 2.0},1.0,3,1.0986122886651097,0.6666666666666667,300,300,300.0,0.0,0.9999999999999966,0.0,900,21752,0.053768384624891856,48.33777777777778,6.274225543669873,72,0.9352703199705774,0.06472968002942259,0.15120029728725382,0.0012655239401068719,0.15012263099219622,45.208888888888886,0.06472957813240611,0.001168445071341895,0.06356050069541029,0.06632547202434469,0.6019141076812795,0.06472968002942259,0.9352703199705774
sbm_3c_300_clear_s2,sbm,900,3,Leiden,{'resolution': 3.0},0.4889243612035378,32,3.3953846394290683,0.9647407407407408,8,42,28.125,10.073945354229394,0.19047619047618594,0.3581847237059213,900,21752,0.053768384624891856,48.33777777777778,6.274225543669873,72,0.20319970577418167,0.7968002942258183,0.3630484446513337,0.08246352455725124,0.2729384436701507,9.079119129585514,0.8120069221604594,0.04234827622970203,0.7544378698224848,0.9052631578947344,0.16781228835442252,0.7968002942258183,0.20319970577418167
sbm_3c_300_clear_s2,sbm,900,3,LabelProp,{'seed': 0},1.0,3,1.0986122886651097,0.6666666666666667,300,300,300.0,0.0,0.9999999999999966,0.0,900,21752,0.053768384624891856,48.33777777777778,6.274225543669873,72,0.9352703199705774,0.06472968002942259,0.15120029728725382,0.0012655239401068719,0.15012263099219622,45.208888888888886,0.06472957813240611,0.001168445071341895,0.06356050069541029,0.06632547202434469,0.6019141076812795,0.06472968002942259,0.9352703199705774
sbm_3c_300_clear_s2,sbm,900,3,LabelProp,{'seed': 1},1.0,3,1.0986122886651097,0.6666666666666667,300,300,300.0,0.0,0.9999999999999966,0.0,900,21752,0.053768384624891856,48.33777777777778,6.274225543669873,72,0.9352703199705774,0.06472968002942259,0.15120029728725382,0.0012655239401068719,0.15012263099219622,45.208888888888886,0.06472957813240611,0.001168445071341895,0.06356050069541029,0.06632547202434469,0.6019141076812795,0.06472968002942259,0.9352703199705774
sbm_3c_300_clear_s2,sbm,900,3,LabelProp,{'seed': 2},1.0,3,1.0986122886651097,0.6666666666666667,300,300,300.0,0.0,0.9999999999999966,0.0,900,21752,0.053768384624891856,48.33777777777778,6.274225543669873,72,0.9352703199705774,0.06472968002942259,0.15120029728725382,0.0012655239401068719,0.15012263099219622,45.208888888888886,0.06472957813240611,0.001168445071341895,0.06356050069541029,0.06632547202434469,0.6019141076812795,0.06472968002942259,0.9352703199705774
sbm_3c_300_clear_s2,sbm,900,3,LabelProp,{'seed': 3},1.0,3,1.0986122886651097,0.6666666666666667,300,300,300.0,0.0,0.9999999999999966,0.0,900,21752,0.053768384624891856,48.33777777777778,6.274225543669873,72,0.9352703199705774,0.06472968002942259,0.15120029728725382,0.0012655239401068719,0.15012263099219622,45.208888888888886,0.06472957813240611,0.001168445071341895,0.06356050069541029,0.06632547202434469,0.6019141076812795,0.06472968002942259,0.9352703199705774
sbm_3c_300_clear_s2,sbm,900,3,LabelProp,{'seed': 4},1.0,3,1.0986122886651097,0.6666666666666667,300,300,300.0,0.0,0.9999999999999966,0.0,900,21752,0.053768384624891856,48.33777777777778,6.274225543669873,72,0.9352703199705774,0.06472968002942259,0.15120029728725382,0.0012655239401068719,0.15012263099219622,45.208888888888886,0.06472957813240611,0.001168445071341895,0.06356050069541029,0.06632547202434469,0.6019141076812795,0.06472968002942259,0.9352703199705774
sbm_3c_300_clear_s2,sbm,900,3,Spectral,{'k': 2},0.733680436651211,2,0.6365141682928128,0.4444444444444444,300,600,450.0,150.0,0.49999999999999917,0.3333333333333326,900,21752,0.053768384624891856,48.33777777777778,6.274225543669873,72,0.9579808753218095,0.04201912467819051,0.11430728099415041,0.0358153499980458,0.07849193099610462,45.95166666666667,0.06356050069541029,0.0,0.06356050069541029,0.06356050069541029,0.40055041883759435,0.04201912467819051,0.9579808753218095
sbm_3c_300_clear_s2,sbm,900,3,Spectral,{'k': 3},1.0,3,1.0986122886651097,0.6666666666666667,300,300,300.0,0.0,0.9999999999999966,0.0,900,21752,0.053768384624891856,48.33777777777778,6.274225543669873,72,0.9352703199705774,0.06472968002942259,0.15120029728725382,0.0012655239401068719,0.15012263099219622,45.208888888888886,0.06472957813240611,0.001168445071341895,0.06356050069541029,0.06632547202434469,0.6019141076812795,0.06472968002942259,0.9352703199705774
sbm_3c_300_clear_s2,sbm,900,3,Spectral,{'k': 5},0.8274019398998953,5,1.55695868763141,0.7765308641975308,129,300,180.0,61.66036003787198,0.42999999999999855,0.34255755576595354,900,21752,0.053768384624891856,48.33777777777778,6.274225543669873,72,0.6523538065465244,0.3476461934534755,0.16229034677096904,0.015482850854173986,0.1484004127966976,28.670400451160447,0.4072577837745248,0.18163173086944456,0.06356050069541029,0.6016663996154461,0.4298421445666357,0.3476461934534755,0.6523538065465244
sbm_3c_300_clear_s2,sbm,900,3,Spectral,{'k': 8},0.697412539157735,8,2.0144761570971603,0.8588765432098765,57,179,112.5,40.40420770167385,0.31843575418994235,0.35914851290376437,900,21752,0.053768384624891856,48.33777777777778,6.274225543669873,72,0.45067120264803234,0.5493287973519676,0.18997467429315326,0.029462461843124076,0.14961968680089482,20.11074055328055,0.58437014148118,0.1050853342047534,0.3799512138459751,0.748330404217926,0.3101991764953853,0.5493287973519676,0.45067120264803234
sbm_3c_300_clear_s2,sbm,900,3,Spectral,{'k': 10},0.6447685538798911,10,2.2893751345823157,0.8973308641975308,71,115,90.0,14.703741020570241,0.6173913043478207,0.16337490022855644,900,21752,0.053768384624891856,48.33777777777778,6.274225543669873,72,0.3502206693637367,0.6497793306362634,0.19163102829496909,0.029310737322764922,0.14983637213651235,16.757591358088025,0.6534934396311712,0.04494204682424754,0.5651092556404334,0.712427097353073,0.24759436078791705,0.6497793306362634,0.3502206693637367
sbm_3c_300_clear_s2,sbm,900,3,GreedyMod,{},0.9932199395829051,3,1.0986085849545473,0.6666641975308643,299,301,300.0,0.816496580927726,0.9933554817275714,0.0027216552697590774,900,21752,0.053768384624891856,48.33777777777778,6.274225543669873,72,0.9338911364472232,0.06610886355277676,0.150979931428354,0.0015676018160588774,0.14914728682170542,45.14244328640689,0.06611858453575366,0.0017888794721544075,0.06430276167746334,0.068552020517086,0.6005365135075784,0.06610886355277676,0.9338911364472232
sbm_3c_300_moderate_s2,sbm,900,3,Louvain,{'resolution': 0.5},0.671386800792017,10,0.8664192509714864,0.49659753086419756,1,567,90.0,180.76393445596386,0.0017636684303350939,2.0084881606217984,900,17775,0.0439377085650723,39.5,6.025777958073132,59,0.780028129395218,0.219971870604782,0.25511602647073917,0.3133806026070851,0.0,7.24454352465294,0.826707585138221,0.2856947159359337,0.2467711382813845,0.9999999999999744,0.27490519602548674,0.219971870604782,0.780028129395218
sbm_3c_300_moderate_s2,sbm,900,3,Louvain,{'resolution': 0.8},1.0,3,1.0986122886651097,0.6666666666666667,300,300,300.0,0.0,0.9999999999999966,0.0,900,17775,0.0439377085650723,39.5,6.025777958073132,59,0.7645569620253164,0.23544303797468355,0.10100334448160535,0.0010759478347454547,0.09948717948717949,30.2,0.23546014651949196,0.003989807490546477,0.23048421052631576,0.24025200068108288,0.43120963758182146,0.23544303797468355,0.7645569620253164
sbm_3c_300_moderate_s2,sbm,900,3,Louvain,{'resolution': 1.0},1.0,3,1.0986122886651097,0.6666666666666667,300,300,300.0,0.0,0.9999999999999966,0.0,900,17775,0.0439377085650723,39.5,6.025777958073132,59,0.7645569620253164,0.23544303797468355,0.10100334448160535,0.0010759478347454547,0.09948717948717949,30.2,0.23546014651949196,0.003989807490546477,0.23048421052631576,0.24025200068108288,0.43120963758182146,0.23544303797468355,0.7645569620253164
sbm_3c_300_moderate_s2,sbm,900,3,Louvain,{'resolution': 1.2},1.0,3,1.0986122886651097,0.6666666666666667,300,300,300.0,0.0,0.9999999999999966,0.0,900,17775,0.0439377085650723,39.5,6.025777958073132,59,0.7645569620253164,0.23544303797468355,0.10100334448160535,0.0010759478347454547,0.09948717948717949,30.2,0.23546014651949196,0.003989807490546477,0.23048421052631576,0.24025200068108288,0.43120963758182146,0.23544303797468355,0.7645569620253164
sbm_3c_300_moderate_s2,sbm,900,3,Louvain,{'resolution': 1.5},1.0,3,1.0986122886651097,0.6666666666666667,300,300,300.0,0.0,0.9999999999999966,0.0,900,17775,0.0439377085650723,39.5,6.025777958073132,59,0.7645569620253164,0.23544303797468355,0.10100334448160535,0.0010759478347454547,0.09948717948717949,30.2,0.23546014651949196,0.003989807490546477,0.23048421052631576,0.24025200068108288,0.43120963758182146,0.23544303797468355,0.7645569620253164
sbm_3c_300_moderate_s2,sbm,900,3,Louvain,{'resolution': 2.0},0.625151475269266,12,2.41609520903447,0.906083950617284,30,113,75.0,26.727015047201462,0.26548672566371445,0.3563602006293481,900,17775,0.0439377085650723,39.5,6.025777958073132,59,0.3221378340365682,0.6778621659634317,0.1727787446333401,0.03755108621300076,0.1357458912768647,11.835330963607168,0.700551539967341,0.06482289881544955,0.6202475685234304,0.8198498748957458,0.22838793403241409,0.6778621659634317,0.3221378340365682
sbm_3c_300_moderate_s2,sbm,900,3,Louvain,{'resolution': 3.0},0.4232425087826736,58,3.984527545385618,0.9801901234567901,4,30,15.517241379310345,5.989189627154236,0.1333333333333289,0.3859699981943592,900,17775,0.0439377085650723,39.5,6.025777958073132,59,0.14447257383966244,0.8555274261603375,0.407334138136878,0.11375913269341285,0.24216524216524146,5.310689488585004,0.8655331244705412,0.02811724274927705,0.8104347826086951,0.9408284023668584,0.1246745199507043,0.8555274261603375,0.14447257383966244
sbm_3c_300_moderate_s2,sbm,900,3,Leiden,{'resolution': 0.5},1.0,3,1.0986122886651097,0.6666666666666667,300,300,300.0,0.0,0.9999999999999966,0.0,900,17775,0.0439377085650723,39.5,6.025777958073132,59,0.7645569620253164,0.23544303797468355,0.10100334448160535,0.0010759478347454547,0.09948717948717949,30.2,0.23546014651949196,0.003989807490546477,0.23048421052631576,0.24025200068108288,0.43120963758182146,0.23544303797468355,0.7645569620253164
sbm_3c_300_moderate_s2,sbm,900,3,Leiden,{'resolution': 0.8},1.0,3,1.0986122886651097,0.6666666666666667,300,300,300.0,0.0,0.9999999999999966,0.0,900,17775,0.0439377085650723,39.5,6.025777958073132,59,0.7645569620253164,0.23544303797468355,0.10100334448160535,0.0010759478347454547,0.09948717948717949,30.200000000000003,0.23546014651949196,0.003989807490546478,0.23048421052631576,0.24025200068108288,0.43120963758182146,0.23544303797468355,0.7645569620253164
sbm_3c_300_moderate_s2,sbm,900,3,Leiden,{'resolution': 1.0},1.0,3,1.0986122886651097,0.6666666666666667,300,300,300.0,0.0,0.9999999999999966,0.0,900,17775,0.0439377085650723,39.5,6.025777958073132,59,0.7645569620253164,0.23544303797468355,0.10100334448160535,0.0010759478347454547,0.09948717948717949,30.200000000000003,0.23546014651949196,0.003989807490546478,0.23048421052631576,0.24025200068108288,0.43120963758182146,0.23544303797468355,0.7645569620253164
sbm_3c_300_moderate_s2,sbm,900,3,Leiden,{'resolution': 1.2},1.0,3,1.0986122886651097,0.6666666666666667,300,300,300.0,0.0,0.9999999999999966,0.0,900,17775,0.0439377085650723,39.5,6.025777958073132,59,0.7645569620253164,0.23544303797468355,0.10100334448160535,0.0010759478347454547,0.09948717948717949,30.200000000000003,0.23546014651949196,0.003989807490546478,0.23048421052631576,0.24025200068108288,0.43120963758182146,0.23544303797468355,0.7645569620253164
sbm_3c_300_moderate_s2,sbm,900,3,Leiden,{'resolution': 1.5},1.0,3,1.0986122886651097,0.6666666666666667,300,300,300.0,0.0,0.9999999999999966,0.0,900,17775,0.0439377085650723,39.5,6.025777958073132,59,0.7645569620253164,0.23544303797468355,0.10100334448160535,0.0010759478347454547,0.09948717948717949,30.2,0.23546014651949196,0.003989807490546477,0.23048421052631576,0.24025200068108288,0.43120963758182146,0.23544303797468355,0.7645569620253164
sbm_3c_300_moderate_s2,sbm,900,3,Leiden,{'resolution': 2.0},0.5933017832279518,14,2.5686709023938343,0.9192913580246913,23,97,64.28571428571429,23.17149903107131,0.23711340206185325,0.3604455404833259,900,17775,0.0439377085650723,39.5,6.025777958073132,59,0.30059071729957804,0.6994092827004219,0.18819718144067868,0.040534851396142386,0.1465667915106117,11.019712535051484,0.7211404648328983,0.06075644424166664,0.641830065359477,0.8413407821229041,0.2199474189994085,0.6994092827004219,0.30059071729957804
sbm_3c_300_moderate_s2,sbm,900,3,Leiden,{'resolution': 3.0},0.4294170537625426,54,3.9362352430935026,0.9795037037037037,7,30,16.666666666666668,5.446711546122731,0.23333333333332557,0.32680269276734425,900,17775,0.0439377085650723,39.5,6.025777958073132,59,0.1509985935302391,0.8490014064697609,0.38180476826899185,0.07295200169639722,0.2689655172413787,5.631227743693489,0.8574395433548859,0.026510090355460775,0.7970765262252788,0.9087452471482854,0.13048132441580076,0.8490014064697609,0.1509985935302391
sbm_3c_300_moderate_s2,sbm,900,3,LabelProp,{'seed': 0},0.733680436651211,2,0.6365141682928128,0.4444444444444444,300,600,450.0,150.0,0.49999999999999917,0.3333333333333326,900,17775,0.0439377085650723,39.5,6.025777958073132,59,0.8460196905766526,0.1539803094233474,0.08006555891182443,0.021807350787172226,0.0582582081246522,32.678333333333335,0.23048421052631576,0.0,0.23048421052631576,0.23048421052631576,0.2909319691961363,0.1539803094233474,0.8460196905766526
sbm_3c_300_moderate_s2,sbm,900,3,LabelProp,{'seed': 1},0.733680436651211,2,0.6365141682928128,0.4444444444444444,300,600,450.0,150.0,0.49999999999999917,0.3333333333333326,900,17775,0.0439377085650723,39.5,6.025777958073132,59,0.8460196905766526,0.1539803094233474,0.08006555891182443,0.021807350787172226,0.0582582081246522,32.678333333333335,0.23048421052631576,0.0,0.23048421052631576,0.23048421052631576,0.2909319691961363,0.1539803094233474,0.8460196905766526
sbm_3c_300_moderate_s2,sbm,900,3,LabelProp,{'seed': 2},0.733680436651211,2,0.6365141682928128,0.4444444444444444,300,600,450.0,150.0,0.49999999999999917,0.3333333333333326,900,17775,0.0439377085650723,39.5,6.025777958073132,59,0.8460196905766526,0.1539803094233474,0.08006555891182443,0.021807350787172226,0.0582582081246522,32.678333333333335,0.23048421052631576,0.0,0.23048421052631576,0.23048421052631576,0.2909319691961363,0.1539803094233474,0.8460196905766526
sbm_3c_300_moderate_s2,sbm,900,3,LabelProp,{'seed': 3},0.733680436651211,2,0.6365141682928128,0.4444444444444444,300,600,450.0,150.0,0.49999999999999917,0.3333333333333326,900,17775,0.0439377085650723,39.5,6.025777958073132,59,0.8460196905766526,0.1539803094233474,0.08006555891182443,0.021807350787172226,0.0582582081246522,32.678333333333335,0.23048421052631576,0.0,0.23048421052631576,0.23048421052631576,0.2909319691961363,0.1539803094233474,0.8460196905766526
sbm_3c_300_moderate_s2,sbm,900,3,LabelProp,{'seed': 4},0.733680436651211,2,0.6365141682928128,0.4444444444444444,300,600,450.0,150.0,0.49999999999999917,0.3333333333333326,900,17775,0.0439377085650723,39.5,6.025777958073132,59,0.8460196905766526,0.1539803094233474,0.08006555891182443,0.021807350787172226,0.0582582081246522,32.678333333333335,0.23048421052631576,0.0,0.23048421052631576,0.23048421052631576,0.2909319691961363,0.1539803094233474,0.8460196905766526
sbm_3c_300_moderate_s2,sbm,900,3,Spectral,{'k': 2},0.733680436651211,2,0.6365141682928128,0.4444444444444444,300,600,450.0,150.0,0.49999999999999917,0.3333333333333326,900,17775,0.0439377085650723,39.5,6.025777958073132,59,0.8460196905766526,0.1539803094233474,0.08006555891182443,0.021807350787172226,0.0582582081246522,32.678333333333335,0.23048421052631576,0.0,0.23048421052631576,0.23048421052631576,0.2909319691961363,0.1539803094233474,0.8460196905766526
sbm_3c_300_moderate_s2,sbm,900,3,Spectral,{'k': 3},1.0,3,1.0986122886651097,0.6666666666666667,300,300,300.0,0.0,0.9999999999999966,0.0,900,17775,0.0439377085650723,39.5,6.025777958073132,59,0.7645569620253164,0.23544303797468355,0.10100334448160535,0.0010759478347454547,0.09948717948717949,30.200000000000003,0.23546014651949196,0.003989807490546478,0.23048421052631576,0.24025200068108288,0.43120963758182146,0.23544303797468355,0.7645569620253164
sbm_3c_300_moderate_s2,sbm,900,3,Spectral,{'k': 5},0.8094962780747361,5,1.5546781266360408,0.7758691358024692,124,299,180.0,62.52359554600167,0.4147157190635437,0.34735330858889624,900,17775,0.0439377085650723,39.5,6.025777958073132,59,0.5379465541490858,0.4620534458509142,0.10896201190148576,0.011903542887448755,0.09864748819235722,19.22324722144129,0.513667310642459,0.15123277197416227,0.23199188366587753,0.6547708489857249,0.3136981957228286,0.4620534458509142,0.5379465541490858
sbm_3c_300_moderate_s2,sbm,900,3,Spectral,{'k': 8},0.6513104477920345,8,2.050343371035972,0.8677580246913581,73,154,112.5,27.07858932810201,0.47402597402597096,0.24069857180534907,900,17775,0.0439377085650723,39.5,6.025777958073132,59,0.35864978902953587,0.6413502109704642,0.12791089684154616,0.01855179352535019,0.09634156692980221,13.807705389723294,0.6505339988339425,0.04480984925011864,0.5656092285508291,0.7145877378435516,0.22628976758631192,0.6413502109704642,0.35864978902953587
sbm_3c_300_moderate_s2,sbm,900,3,Spectral,{'k': 10},0.6297106314380166,10,2.2823552397452014,0.8961111111111111,57,118,90.0,17.74823934929885,0.48305084745762306,0.1972026594366517,900,17775,0.0439377085650723,39.5,6.025777958073132,59,0.29850914205344586,0.7014908579465542,0.13341453651018045,0.025090505388165735,0.09639498432601878,11.580538070774189,0.7071293509023489,0.04947091113517929,0.6438696841581695,0.7823650840460039,0.19466108035076682,0.7014908579465542,0.29850914205344586
sbm_3c_300_moderate_s2,sbm,900,3,GreedyMod,{},0.9932199395829051,3,1.0986085849545473,0.6666641975308643,299,301,300.0,0.816496580927726,0.9933554817275714,0.0027216552697590774,900,17775,0.0439377085650723,39.5,6.025777958073132,59,0.7630379746835443,0.2369620253164557,0.10079776675619538,0.000972633656652115,0.09943660074970259,30.139155644939265,0.23699799487228798,0.004241051649949458,0.23261471353074403,0.2427350427350427,0.42967791090775653,0.2369620253164557,0.7630379746835443
sbm_3c_300_hard_s2,sbm,900,3,Louvain,{'resolution': 0.5},0.2415339048150072,55,1.888497389008599,0.6749185185185185,1,484,16.363636363636363,67.22942095037197,0.0020661157024793346,4.1084646136335925,900,16129,0.039868990236064765,35.84222222222222,5.80340853441182,58,0.4229648459296918,0.577035154070308,0.3973931734466128,0.4213962720088774,0.0,1.7349362413825224,0.9520674763809103,0.08959309786966618,0.4531197187859122,0.9999999999999856,0.09365398574556834,0.577035154070308,0.4229648459296918
sbm_3c_300_hard_s2,sbm,900,3,Louvain,{'resolution': 0.8},0.9689032965803263,3,1.0985642134371905,0.6666345679012347,297,304,300.0,2.943920288775949,0.976973684210523,0.009813067629253129,900,16129,0.039868990236064765,35.84222222222222,5.80340853441182,58,0.5831111662223324,0.4168888337776675,0.06989075810917468,0.0010522963669147964,0.06875056875056874,20.897666572628435,0.4169806267971527,0.006398247719727444,0.4099356025758969,0.4254206673638178,0.24969912603350536,0.4168888337776675,0.5831111662223324
sbm_3c_300_hard_s2,sbm,900,3,Louvain,{'resolution': 1.0},0.9640624286221832,3,1.0985343843911444,0.6666148148148148,295,304,300.0,3.7416573867739413,0.970394736842102,0.01247219128924643,900,16129,0.039868990236064765,35.84222222222222,5.80340853441182,58,0.5830491660983321,0.41695083390166776,0.06986817813222461,0.0005520871209548816,0.06908797417271993,20.892561493406358,0.41707864206529105,0.006765620921135542,0.41152454300825825,0.42660287081339704,0.24955278052412389,0.41695083390166776,0.5830491660983321
sbm_3c_300_hard_s2,sbm,900,3,Louvain,{'resolution': 1.2},0.7241021088135979,5,1.3847373212008163,0.7252740740740741,31,291,180.0,110.02545160098185,0.10652920962199275,0.6112525088943402,900,16129,0.039868990236064765,35.84222222222222,5.80340853441182,58,0.49817099634199263,0.5018290036580073,0.10649115518267713,0.0457818244118788,0.0672828534186515,14.23744166348853,0.6038431923982269,0.1695879987268885,0.44943275477552597,0.8451845184518445,0.2254250223051875,0.5018290036580073,0.49817099634199263
sbm_3c_300_hard_s2,sbm,900,3,Louvain,{'resolution': 1.5},0.258619332638816,26,3.1552379307403347,0.953404938271605,15,66,34.61538461538461,15.918245272151662,0.22727272727272385,0.45986041897325697,900,16129,0.039868990236064765,35.84222222222222,5.80340853441182,58,0.1856283712567425,0.8143716287432574,0.20847739616928035,0.06539102372938976,0.1221445221445221,6.096255980533195,0.8299099966198119,0.035612305600135716,0.7543267201350778,0.8756218905472626,0.13909210030584487,0.8143716287432574,0.1856283712567425
sbm_3c_300_hard_s2,sbm,900,3,Louvain,{'resolution': 2.0},0.22543388013890647,51,3.856507135755979,0.977441975308642,7,32,17.647058823529413,6.845131458402703,0.21874999999999314,0.38789078264279786,900,16129,0.039868990236064765,35.84222222222222,5.80340853441182,58,0.13968627937255873,0.8603137206274412,0.31580508343957275,0.08777894092423208,0.18850574712643633,4.704719843465778,0.868558029846368,0.022394191878615195,0.8233670653173866,0.9063829787234005,0.11709367290022323,0.8603137206274412,0.13968627937255873
sbm_3c_300_hard_s2,sbm,900,3,Louvain,{'resolution': 3.0},0.20761629403565618,87,4.42230365460885,0.9875135802469136,3,20,10.344827586206897,3.039311727163106,0.1499999999999925,0.2938001336257385,900,16129,0.039868990236064765,35.84222222222222,5.80340853441182,58,0.11085622171244341,0.8891437782875565,0.4394901387001136,0.11240142715731974,0.26842105263157756,3.8183482920805445,0.8933659081430881,0.01650842533592293,0.8536585365853646,0.9459459459459375,0.09835265451422462,0.8891437782875565,0.11085622171244341
sbm_3c_300_hard_s2,sbm,900,3,Leiden,{'resolution': 0.5},0.0,1,-1.000088900581841e-12,0.0,900,900,900.0,0.0,0.9999999999999989,0.0,900,16129,0.039868990236064765,35.84222222222222,5.80340853441182,58,0.9999999999999999,0.0,0.039868990236064765,0.0,0.039868990236064765,35.84222222222222,0.0,0.0,0.0,0.0,0.0,0.0,0.9999999999999999
sbm_3c_300_hard_s2,sbm,900,3,Leiden,{'resolution': 0.8},0.9675116253416778,3,1.0985863994415723,0.6666493827160493,298,303,300.0,2.160246899469287,0.9834983498349802,0.007200822998230932,900,16129,0.039868990236064765,35.84222222222222,5.80340853441182,58,0.5830491660983321,0.41695083390166776,0.06989269938259218,0.0012864424358902033,0.06834863414962628,20.89730040544626,0.41700986811877305,0.005688366656749748,0.4104622197619706,0.4243312222327251,0.24967235631042656,0.41695083390166776,0.5830491660983321
sbm_3c_300_hard_s2,sbm,900,3,Leiden,{'resolution': 1.0},0.9626746189760242,3,1.0985863253646175,0.6666493827160493,297,302,300.0,2.160246899469287,0.9834437086092682,0.007200822998230932,900,16129,0.039868990236064765,35.84222222222222,5.80340853441182,58,0.5829251658503316,0.4170748341496682,0.06988810040763427,0.0014282770457783448,0.06806201550387597,20.89438284828192,0.41710340469983365,0.004826906201942706,0.4109158186864014,0.4226939695660341,0.2495754006326042,0.4170748341496682,0.5829251658503316
sbm_3c_300_hard_s2,sbm,900,3,Leiden,{'resolution': 1.2},0.9061808541089327,6,1.2124774108116614,0.6861925925925925,1,296,150.0,140.93970341958294,0.003378378378378367,0.9395980227972134,900,16129,0.039868990236064765,35.84222222222222,5.80340853441182,58,0.5614111228222456,0.4385888771777543,0.05824028453569701,0.04700548915212236,0.0,10.897142306037571,0.6958039624443019,0.2735944250743166,0.4155733836715431,0.9999999999999714,0.2468607531300251,0.4385888771777543,0.5614111228222456
sbm_3c_300_hard_s2,sbm,900,3,Leiden,{'resolution': 1.5},0.3415132677220751,26,3.1418689368454515,0.9521382716049382,11,71,34.61538461538461,17.112921171030887,0.15492957746478656,0.49437327827421135,900,16129,0.039868990236064765,35.84222222222222,5.80340853441182,58,0.19350238700477398,0.8064976129952259,0.21148311047542678,0.06479246226174641,0.13002070393374737,6.175049976045537,0.82767507206924,0.04301327533458713,0.7361272797826928,0.9012345679012322,0.14552240958905627,0.8064976129952259,0.19350238700477398
sbm_3c_300_hard_s2,sbm,900,3,Leiden,{'resolution': 2.0},0.24456185879089454,47,3.7912164581595373,0.9763382716049382,6,33,19.148936170212767,6.41135536307811,0.1818181818181763,0.3348152245162838,900,16129,0.039868990236064765,35.84222222222222,5.80340853441182,58,0.14526629053258105,0.8547337094674189,0.3004008564594586,0.09009535403049655,0.18560606060606025,4.950210575102749,0.8616371097663739,0.021262439845729904,0.822079314040728,0.9082568807339408,0.12145080859074853,0.8547337094674189,0.14526629053258105
sbm_3c_300_hard_s2,sbm,900,3,Leiden,{'resolution': 3.0},0.2328642331332836,88,4.435263534987055,0.9876493827160494,4,21,10.227272727272727,3.014085390927346,0.19047619047618142,0.29471057155731173,900,16129,0.039868990236064765,35.84222222222222,5.80340853441182,58,0.11370822741645482,0.8862917725835451,0.4492957261840798,0.09692522986156879,0.2666666666666654,3.903947120541372,0.8909953468436381,0.017834584360599114,0.8516949152542355,0.9342105263157834,0.10132349987559419,0.8862917725835451,0.11370822741645482
sbm_3c_300_hard_s2,sbm,900,3,LabelProp,{'seed': 0},0.0,1,-1.000088900581841e-12,0.0,900,900,900.0,0.0,0.9999999999999989,0.0,900,16129,0.039868990236064765,35.84222222222222,5.80340853441182,58,0.9999999999999999,0.0,0.039868990236064765,0.0,0.039868990236064765,35.84222222222222,0.0,0.0,0.0,0.0,0.0,0.0,0.9999999999999999
sbm_3c_300_hard_s2,sbm,900,3,LabelProp,{'seed': 1},0.0,1,-1.000088900581841e-12,0.0,900,900,900.0,0.0,0.9999999999999989,0.0,900,16129,0.039868990236064765,35.84222222222222,5.80340853441182,58,0.9999999999999999,0.0,0.039868990236064765,0.0,0.039868990236064765,35.84222222222222,0.0,0.0,0.0,0.0,0.0,0.0,0.9999999999999999
sbm_3c_300_hard_s2,sbm,900,3,LabelProp,{'seed': 2},0.0,1,-1.000088900581841e-12,0.0,900,900,900.0,0.0,0.9999999999999989,0.0,900,16129,0.039868990236064765,35.84222222222222,5.80340853441182,58,0.9999999999999999,0.0,0.039868990236064765,0.0,0.039868990236064765,35.84222222222222,0.0,0.0,0.0,0.0,0.0,0.0,0.9999999999999999
sbm_3c_300_hard_s2,sbm,900,3,LabelProp,{'seed': 3},0.0,1,-1.000088900581841e-12,0.0,900,900,900.0,0.0,0.9999999999999989,0.0,900,16129,0.039868990236064765,35.84222222222222,5.80340853441182,58,0.9999999999999999,0.0,0.039868990236064765,0.0,0.039868990236064765,35.84222222222222,0.0,0.0,0.0,0.0,0.0,0.0,0.9999999999999999
sbm_3c_300_hard_s2,sbm,900,3,LabelProp,{'seed': 4},0.0,1,-1.000088900581841e-12,0.0,900,900,900.0,0.0,0.9999999999999989,0.0,900,16129,0.039868990236064765,35.84222222222222,5.80340853441182,58,0.9999999999999999,0.0,0.039868990236064765,0.0,0.039868990236064765,35.84222222222222,0.0,0.0,0.0,0.0,0.0,0.0,0.9999999999999999
sbm_3c_300_hard_s2,sbm,900,3,Spectral,{'k': 2},0.5474657576640399,2,0.6697317421864469,0.4767679012345679,353,547,450.0,97.0,0.6453382084095052,0.21555555555555506,900,16129,0.039868990236064765,35.84222222222222,5.80340853441182,58,0.6635873271746543,0.3364126728253456,0.05281627691187821,0.005337856490130549,0.04747842042174766,23.196736253890652,0.42886500158077767,0.0,0.42886500158077767,0.42886500158077767,0.14035115949207655,0.3364126728253456,0.6635873271746543
sbm_3c_300_hard_s2,sbm,900,3,Spectral,{'k': 3},0.9581567208975251,3,1.0985343843911441,0.6666148148148148,295,304,300.0,3.7416573867739413,0.970394736842102,0.01247219128924643,900,16129,0.039868990236064765,35.84222222222222,5.80340853441182,58,0.5785851571703142,0.4214148428296856,0.06933140773990766,0.0006895183583736975,0.06837311195664707,20.732330431913443,0.4215545065118555,0.00838725825285309,0.4135338345864661,0.43313258770672014,0.24509892364071417,0.4214148428296856,0.5785851571703142
sbm_3c_300_hard_s2,sbm,900,3,Spectral,{'k': 5},0.6388989018167077,5,1.5604291006263589,0.7809604938271605,116,241,180.0,55.53737480291988,0.48132780082987353,0.308540971127331,900,16129,0.039868990236064765,35.84222222222222,5.80340853441182,58,0.39239878479756957,0.6076012152024304,0.06835544079276724,0.007611714022694935,0.05422929560860595,12.568491271269046,0.6498263903557087,0.13232693181217872,0.5025125628140702,0.8162755866200697,0.17190053128943755,0.6076012152024304,0.39239878479756957
sbm_3c_300_hard_s2,sbm,900,3,Spectral,{'k': 8},0.4718746977592911,8,2.0551467737111864,0.869,74,149,112.5,24.647515087732476,0.4966442953020101,0.2190890230020645,900,16129,0.039868990236064765,35.84222222222222,5.80340853441182,58,0.26306652613305226,0.7369334738669476,0.07922551874422976,0.01231341849734307,0.057227014517147054,8.925181674802808,0.7512496281079208,0.07220817303334387,0.6558071047303514,0.8600605143721631,0.13182716879414788,0.7369334738669476,0.26306652613305226
sbm_3c_300_hard_s2,sbm,900,3,Spectral,{'k': 10},0.43999815860172153,10,2.2875096193046853,0.8968345679012346,71,128,90.0,16.012495120998476,0.5546874999999957,0.17791661245553667,900,16129,0.039868990236064765,35.84222222222222,5.80340853441182,58,0.21693843387686773,0.7830615661231322,0.08152000091107389,0.018186913464296788,0.05854430379746834,7.3932788653043815,0.7939789077649214,0.06715776188579953,0.6748207507380851,0.8772277227722769,0.1130966599461874,0.7830615661231322,0.21693843387686773
sbm_3c_300_hard_s2,sbm,900,3,GreedyMod,{},0.8729273793668495,3,1.0979153802839456,0.6662,288,315,300.0,11.224972160321824,0.9142857142857114,0.037416573867739285,900,16129,0.039868990236064765,35.84222222222222,5.80340853441182,58,0.5762911525823051,0.42370884741769477,0.0691661330053956,0.0024749373117673975,0.0656758669497523,20.65381593714927,0.42387358638718303,0.005387514880466009,0.416823772331448,0.4299011052937754,0.24262682966434812,0.42370884741769477,0.5762911525823051
sbm_5c_200_clear_s2,sbm,1000,5,Louvain,{'resolution': 0.5},1.0,5,1.6094379124291003,0.7999999999999999,200,200,200.0,0.0,0.999999999999995,0.0,1000,12024,0.02407207207207207,24.048,4.6279256692388655,39,0.830921490352628,0.1690785096473719,0.10041206030150755,0.0014755055877482392,0.09849246231155778,19.982,0.16908939778238288,0.003582011233692619,0.16463670726585466,0.17414796342477137,0.6308874129098202,0.1690785096473719,0.830921490352628
sbm_5c_200_clear_s2,sbm,1000,5,Louvain,{'resolution': 0.8},1.0,5,1.6094379124291003,0.7999999999999999,200,200,200.0,0.0,0.999999999999995,0.0,1000,12024,0.02407207207207207,24.048,4.6279256692388655,39,0.830921490352628,0.1690785096473719,0.10041206030150755,0.0014755055877482392,0.09849246231155778,19.982,0.16908939778238288,0.003582011233692619,0.16463670726585466,0.17414796342477137,0.6308874129098202,0.1690785096473719,0.830921490352628
sbm_5c_200_clear_s2,sbm,1000,5,Louvain,{'resolution': 1.0},1.0,5,1.6094379124291003,0.7999999999999999,200,200,200.0,0.0,0.999999999999995,0.0,1000,12024,0.02407207207207207,24.048,4.6279256692388655,39,0.830921490352628,0.1690785096473719,0.10041206030150755,0.0014755055877482392,0.09849246231155778,19.982,0.16908939778238288,0.003582011233692619,0.16463670726585466,0.17414796342477137,0.6308874129098202,0.1690785096473719,0.830921490352628
sbm_5c_200_clear_s2,sbm,1000,5,Louvain,{'resolution': 1.2},1.0,5,1.6094379124291003,0.7999999999999999,200,200,200.0,0.0,0.999999999999995,0.0,1000,12024,0.02407207207207207,24.048,4.6279256692388655,39,0.830921490352628,0.1690785096473719,0.10041206030150754,0.0014755055877482392,0.09849246231155778,19.982000000000003,0.16908939778238288,0.0035820112336926186,0.16463670726585466,0.17414796342477137,0.6308874129098202,0.1690785096473719,0.830921490352628
sbm_5c_200_clear_s2,sbm,1000,5,Louvain,{'resolution': 1.5},1.0,5,1.6094379124291003,0.7999999999999999,200,200,200.0,0.0,0.999999999999995,0.0,1000,12024,0.02407207207207207,24.048,4.6279256692388655,39,0.830921490352628,0.1690785096473719,0.10041206030150755,0.0014755055877482392,0.09849246231155778,19.982,0.16908939778238288,0.003582011233692619,0.16463670726585466,0.17414796342477137,0.6308874129098202,0.1690785096473719,0.830921490352628
sbm_5c_200_clear_s2,sbm,1000,5,Louvain,{'resolution': 2.0},1.0,5,1.6094379124291003,0.7999999999999999,200,200,200.0,0.0,0.999999999999995,0.0,1000,12024,0.02407207207207207,24.048,4.6279256692388655,39,0.830921490352628,0.1690785096473719,0.10041206030150754,0.0014755055877482392,0.09849246231155778,19.982,0.16908939778238288,0.003582011233692619,0.16463670726585466,0.17414796342477137,0.6308874129098201,0.1690785096473719,0.830921490352628
sbm_5c_200_clear_s2,sbm,1000,5,Louvain,{'resolution': 3.0},0.9287253566834517,7,1.8463989007139183,0.832486,40,200,142.85714285714286,59.349879218624416,0.199999999999999,0.415449154530368,1000,12024,0.02407207207207207,24.048,4.6279256692388655,39,0.7324517631403857,0.26754823685961404,0.12248704114608475,0.02863218819922184,0.09849246231155778,15.740276296871189,0.3449526616179748,0.18712401753685926,0.16463670726585466,0.6840934371523908,0.5651188336345716,0.26754823685961404,0.7324517631403857
sbm_5c_200_clear_s2,sbm,1000,5,Leiden,{'resolution': 0.5},1.0,5,1.6094379124291003,0.7999999999999999,200,200,200.0,0.0,0.999999999999995,0.0,1000,12024,0.02407207207207207,24.048,4.6279256692388655,39,0.830921490352628,0.1690785096473719,0.10041206030150754,0.0014755055877482392,0.09849246231155778,19.982,0.16908939778238288,0.003582011233692619,0.16463670726585466,0.17414796342477137,0.6308874129098202,0.1690785096473719,0.830921490352628
sbm_5c_200_clear_s2,sbm,1000,5,Leiden,{'resolution': 0.8},1.0,5,1.6094379124291003,0.7999999999999999,200,200,200.0,0.0,0.999999999999995,0.0,1000,12024,0.02407207207207207,24.048,4.6279256692388655,39,0.830921490352628,0.1690785096473719,0.10041206030150754,0.0014755055877482392,0.09849246231155778,19.982,0.16908939778238288,0.003582011233692619,0.16463670726585466,0.17414796342477137,0.6308874129098202,0.1690785096473719,0.830921490352628
sbm_5c_200_clear_s2,sbm,1000,5,Leiden,{'resolution': 1.0},1.0,5,1.6094379124291003,0.7999999999999999,200,200,200.0,0.0,0.999999999999995,0.0,1000,12024,0.02407207207207207,24.048,4.6279256692388655,39,0.830921490352628,0.1690785096473719,0.10041206030150754,0.0014755055877482392,0.09849246231155778,19.982,0.16908939778238288,0.003582011233692619,0.16463670726585466,0.17414796342477137,0.6308874129098202,0.1690785096473719,0.830921490352628
sbm_5c_200_clear_s2,sbm,1000,5,Leiden,{'resolution': 1.2},1.0,5,1.6094379124291003,0.7999999999999999,200,200,200.0,0.0,0.999999999999995,0.0,1000,12024,0.02407207207207207,24.048,4.6279256692388655,39,0.830921490352628,0.1690785096473719,0.10041206030150751,0.0014755055877482392,0.09849246231155778,19.982,0.16908939778238288,0.0035820112336926186,0.16463670726585466,0.17414796342477137,0.6308874129098202,0.1690785096473719,0.830921490352628
sbm_5c_200_clear_s2,sbm,1000,5,Leiden,{'resolution': 1.5},1.0,5,1.6094379124291003,0.7999999999999999,200,200,200.0,0.0,0.999999999999995,0.0,1000,12024,0.02407207207207207,24.048,4.6279256692388655,39,0.830921490352628,0.1690785096473719,0.10041206030150754,0.0014755055877482394,0.09849246231155778,19.982,0.16908939778238288,0.0035820112336926186,0.16463670726585466,0.17414796342477137,0.6308874129098202,0.1690785096473719,0.830921490352628
sbm_5c_200_clear_s2,sbm,1000,5,Leiden,{'resolution': 2.0},1.0,5,1.6094379124291003,0.7999999999999999,200,200,200.0,0.0,0.999999999999995,0.0,1000,12024,0.02407207207207207,24.048,4.6279256692388655,39,0.830921490352628,0.1690785096473719,0.10041206030150754,0.0014755055877482392,0.09849246231155778,19.982000000000003,0.16908939778238288,0.0035820112336926186,0.16463670726585466,0.17414796342477137,0.6308874129098202,0.1690785096473719,0.830921490352628
sbm_5c_200_clear_s2,sbm,1000,5,Leiden,{'resolution': 3.0},0.894980778444042,9,1.987148631531997,0.852136,1,200,111.11111111111111,63.903476595469,0.004999999999999975,0.5751312893592159,1000,12024,0.02407207207207207,24.048,4.6279256692388655,39,0.6779773785761809,0.322022621423819,0.11638863863159783,0.05155082234268971,0.0,13.005803253614268,0.45965105737379136,0.2474941108605878,0.16543730242360377,0.9999999999999413,0.5307717067528284,0.322022621423819,0.6779773785761809
sbm_5c_200_clear_s2,sbm,1000,5,LabelProp,{'seed': 0},0.0,1,-1.000088900581841e-12,0.0,1000,1000,1000.0,0.0,0.999999999999999,0.0,1000,12024,0.02407207207207207,24.048,4.6279256692388655,39,0.9999999999999999,0.0,0.02407207207207207,0.0,0.02407207207207207,24.048,0.0,0.0,0.0,0.0,0.0,0.0,0.9999999999999999
sbm_5c_200_clear_s2,sbm,1000,5,LabelProp,{'seed': 1},0.0,1,-1.000088900581841e-12,0.0,1000,1000,1000.0,0.0,0.999999999999999,0.0,1000,12024,0.02407207207207207,24.048,4.6279256692388655,39,0.9999999999999999,0.0,0.02407207207207207,0.0,0.02407207207207207,24.048,0.0,0.0,0.0,0.0,0.0,0.0,0.9999999999999999
sbm_5c_200_clear_s2,sbm,1000,5,LabelProp,{'seed': 2},0.0,1,-1.000088900581841e-12,0.0,1000,1000,1000.0,0.0,0.999999999999999,0.0,1000,12024,0.02407207207207207,24.048,4.6279256692388655,39,0.9999999999999999,0.0,0.02407207207207207,0.0,0.02407207207207207,24.048,0.0,0.0,0.0,0.0,0.0,0.0,0.9999999999999999
sbm_5c_200_clear_s2,sbm,1000,5,LabelProp,{'seed': 3},0.0,1,-1.000088900581841e-12,0.0,1000,1000,1000.0,0.0,0.999999999999999,0.0,1000,12024,0.02407207207207207,24.048,4.6279256692388655,39,0.9999999999999999,0.0,0.02407207207207207,0.0,0.02407207207207207,24.048,0.0,0.0,0.0,0.0,0.0,0.0,0.9999999999999999
sbm_5c_200_clear_s2,sbm,1000,5,LabelProp,{'seed': 4},0.0,1,-1.000088900581841e-12,0.0,1000,1000,1000.0,0.0,0.999999999999999,0.0,1000,12024,0.02407207207207207,24.048,4.6279256692388655,39,0.9999999999999999,0.0,0.02407207207207207,0.0,0.02407207207207207,24.048,0.0,0.0,0.0,0.0,0.0,0.0,0.9999999999999999
sbm_5c_200_clear_s2,sbm,1000,5,Spectral,{'k': 2},0.4625955024033562,2,0.5045332862388529,0.3235819999999999,203,797,500.0,297.0,0.25470514429109126,0.5939999999999988,1000,12024,0.02407207207207207,24.048,4.6279256692388655,39,0.9299733865602128,0.07002661343978708,0.06310973228335022,0.03414432809805738,0.028965404185292837,21.350890964268714,0.17432712215320909,0.0,0.17432712215320909,0.17432712215320909,0.25098991139477533,0.07002661343978708,0.9299733865602128
sbm_5c_200_clear_s2,sbm,1000,5,Spectral,{'k': 3},0.7424834172925041,3,0.9502705392302345,0.5599999999999999,200,600,333.3333333333333,188.56180831641268,0.33333333333333276,0.5656854249492363,1000,12024,0.02407207207207207,24.048,4.6279256692388655,39,0.8837325349301396,0.11626746506986026,0.07985855823357187,0.030570005444025643,0.03666110183639399,20.78,0.1513609894171454,0.01930037714790474,0.12406947890818856,0.16537678207739304,0.4454628528483065,0.11626746506986026,0.8837325349301396
sbm_5c_200_clear_s2,sbm,1000,5,Spectral,{'k': 5},1.0,5,1.6094379124291003,0.7999999999999999,200,200,200.0,0.0,0.999999999999995,0.0,1000,12024,0.02407207207207207,24.048,4.6279256692388655,39,0.830921490352628,0.1690785096473719,0.10041206030150755,0.0014755055877482392,0.09849246231155778,19.982000000000003,0.16908939778238288,0.0035820112336926186,0.16463670726585466,0.17414796342477137,0.6308874129098202,0.1690785096473719,0.830921490352628
sbm_5c_200_clear_s2,sbm,1000,5,Spectral,{'k': 8},0.8858072239584837,8,2.024395429403692,0.859814,92,200,125.0,43.568910934288915,0.4599999999999977,0.3485512874743085,1000,12024,0.02407207207207207,24.048,4.6279256692388655,39,0.62250499001996,0.3774950099800399,0.1132327178592908,0.013636724805864406,0.0977847005884389,13.706410558756938,0.43018358453029604,0.15856058776206297,0.16463670726585466,0.6170403587443943,0.48251434589238024,0.3774950099800399,0.62250499001996
sbm_5c_200_clear_s2,sbm,1000,5,Spectral,{'k': 10},0.8237091557572207,10,2.298344103052797,0.899154,85,115,100.0,9.197825830053535,0.7391304347826023,0.09197825830053444,1000,12024,0.02407207207207207,24.048,4.6279256692388655,39,0.5010811709913505,0.4989188290086493,0.12104630832162719,0.012709520225963136,0.09627329192546581,11.9650563308947,0.5024447354532714,0.058992069306767696,0.4226086956521738,0.6339691189827427,0.40002096190187825,0.4989188290086493,0.5010811709913505
sbm_5c_200_clear_s2,sbm,1000,5,GreedyMod,{},0.9930346013311965,5,1.6094179120957537,0.799992,198,202,200.0,1.2649110640673518,0.9801980198019754,0.0063245553203367276,1000,12024,0.02407207207207207,24.048,4.6279256692388655,39,0.8292581503659346,0.1707418496340652,0.10021160810134659,0.0015199085444805678,0.09849246231155778,19.941654565456542,0.17075806545477867,0.005409954189988476,0.16463670726585466,0.17920771326765875,0.6292148563540473,0.1707418496340652,0.8292581503659346
sbm_5c_200_moderate_s2,sbm,1000,5,Louvain,{'resolution': 0.5},0.32717779177941814,126,2.9088415977230277,0.825122,1,324,7.936507936507937,36.39962193065171,0.00308641975308641,4.586352363261538,1000,12904,0.025833833833833832,25.808,4.851302505513338,42,0.31757594544327333,0.6824240545567265,0.3967152604168825,0.41592925869221636,0.0,1.4248868220236355,0.9438317940025029,0.07410830390627302,0.5124614289105149,0.9999999999999756,0.13860947229558046,0.6824240545567265,0.31757594544327333
sbm_5c_200_moderate_s2,sbm,1000,5,Louvain,{'resolution': 0.8},0.7452332932776319,4,1.3753350862941045,0.744388,209,309,250.0,37.456641600656084,0.6763754045307421,0.14982656640262373,1000,12904,0.025833833833833832,25.808,4.851302505513338,42,0.550681959082455,0.4493180409175449,0.05789474897799183,0.006997646546269417,0.048165426806203504,14.159729549238412,0.4510247590812352,0.014551371338989379,0.4266416510318949,0.46493108728943333,0.294777571889549,0.4493180409175449,0.550681959082455
sbm_5c_200_moderate_s2,sbm,1000,5,Louvain,{'resolution': 1.0},0.9734910795530276,5,1.6094179120957537,0.799992,198,202,200.0,1.2649110640673518,0.9801980198019754,0.0063245553203367276,1000,12904,0.025833833833833832,25.808,4.851302505513338,42,0.5382052076875387,0.4617947923124612,0.06979953879871394,0.0009425265267435596,0.06869346733668341,13.889774577457747,0.4618025976284651,0.0069349662523756584,0.4512099921935987,0.46891996891996884,0.3381948463478119,0.4617947923124612,0.5382052076875387
sbm_5c_200_moderate_s2,sbm,1000,5,Louvain,{'resolution': 1.2},0.9665221801228565,5,1.609368058911311,0.799972,197,204,200.0,2.3664319132398464,0.9656862745097992,0.011832159566199173,1000,12904,0.025833833833833832,25.808,4.851302505513338,42,0.5378177309361437,0.4621822690638561,0.06974133645800773,0.0004906150108711388,0.06893051114156641,13.878282476619992,0.46222000986663625,0.006992659616955454,0.4520172346259302,0.4695312499999999,0.337770405563484,0.4621822690638561,0.5378177309361437
sbm_5c_200_moderate_s2,sbm,1000,5,Louvain,{'resolution': 1.5},0.8993412591885573,7,1.6963232150165546,0.8093,3,204,142.85714285714286,82.6722074070302,0.014705882352941105,0.5787054518492074,1000,12904,0.025833833833833832,25.808,4.851302505513338,42,0.518133911965282,0.48186608803471787,0.22025873153436892,0.3209923661182359,0.06428088476770018,10.61024677204619,0.5880597886898661,0.18415490641495752,0.4538598928358801,0.9178082191780697,0.32730326642661206,0.48186608803471787,0.518133911965282
sbm_5c_200_moderate_s2,sbm,1000,5,Louvain,{'resolution': 2.0},0.5011664123071649,32,3.295599508748242,0.957458,9,68,31.25,18.7849673941692,0.13235294117646865,0.6011189566133952,1000,12904,0.025833833833833832,25.808,4.851302505513338,42,0.23729076255424672,0.7627092374457531,0.21663689867131983,0.08597975600773952,0.11150131694468828,5.234211344819881,0.7967027600927399,0.056654029995679825,0.6691891891891889,0.8728813559321997,0.19437031352514383,0.7627092374457531,0.23729076255424672
sbm_5c_200_moderate_s2,sbm,1000,5,Louvain,{'resolution': 3.0},0.3506636670030455,62,4.075032525722454,0.982164,6,32,16.129032258064516,5.247069446191175,0.18749999999999414,0.32531830566383274,1000,12904,0.025833833833833832,25.808,4.851302505513338,42,0.16731246125232482,0.832687538747675,0.29440539432120233,0.07860351833868578,0.18145161290322542,4.115562993863444,0.8405091388248501,0.025824905530131854,0.7665847665847656,0.9030303030302976,0.14941907674163238,0.832687538747675,0.16731246125232482
sbm_5c_200_moderate_s2,sbm,1000,5,Leiden,{'resolution': 0.5},0.0,1,-1.000088900581841e-12,0.0,1000,1000,1000.0,0.0,0.999999999999999,0.0,1000,12904,0.025833833833833832,25.808,4.851302505513338,42,0.9999999999999999,0.0,0.025833833833833832,0.0,0.025833833833833832,25.808,0.0,0.0,0.0,0.0,0.0,0.0,0.9999999999999999
sbm_5c_200_moderate_s2,sbm,1000,5,Leiden,{'resolution': 0.8},0.9804408662355455,5,1.6094179120957537,0.799992,198,202,200.0,1.2649110640673518,0.9801980198019754,0.0063245553203367276,1000,12904,0.025833833833833832,25.808,4.851302505513338,42,0.5382052076875387,0.4617947923124612,0.06979953879871394,0.0009425265267435596,0.06869346733668341,13.889774577457747,0.4618025976284651,0.006934966252375659,0.4512099921935987,0.46891996891996884,0.3381948463478118,0.4617947923124612,0.5382052076875387
sbm_5c_200_moderate_s2,sbm,1000,5,Leiden,{'resolution': 1.0},0.9804408662355455,5,1.6094179120957537,0.799992,198,202,200.0,1.2649110640673518,0.9801980198019754,0.0063245553203367276,1000,12904,0.025833833833833832,25.808,4.851302505513338,42,0.5382052076875387,0.4617947923124612,0.06979974338004752,0.000957921413414983,0.06864321608040201,13.889794779477947,0.46180258441435873,0.006941549593688023,0.4512099921935987,0.46920536234699817,0.3381948583588704,0.4617947923124612,0.5382052076875387
sbm_5c_200_moderate_s2,sbm,1000,5,Leiden,{'resolution': 1.2},0.9734910795530277,5,1.6094179120957537,0.799992,198,202,200.0,1.2649110640673518,0.9801980198019754,0.0063245553203367276,1000,12904,0.025833833833833832,25.808,4.851302505513338,42,0.5382052076875387,0.4617947923124612,0.06979953879871394,0.0009425265267435596,0.06869346733668341,13.889774577457747,0.4618025976284651,0.006934966252375659,0.4512099921935987,0.46891996891996884,0.33819484634781183,0.4617947923124612,0.5382052076875387
sbm_5c_200_moderate_s2,sbm,1000,5,Leiden,{'resolution': 1.5},0.9632052764128817,9,1.6843521889408508,0.806568,1,200,111.11111111111111,95.63872349680732,0.004999999999999975,0.8607485114712581,1000,12904,0.025833833833833832,25.808,4.851302505513338,42,0.5286732796032237,0.47132672039677614,0.1312180863048634,0.15887377882194736,0.0,8.216706197331348,0.6807084879837041,0.24469073790735693,0.4522919535707259,0.9999999999999584,0.33482661220116006,0.47132672039677614,0.5286732796032237
sbm_5c_200_moderate_s2,sbm,1000,5,Leiden,{'resolution': 2.0},0.5570375503011028,26,3.0886266338889117,0.948786,4,91,38.46153846153846,22.14676703134858,0.043956043956043474,0.5758159428150481,1000,12904,0.025833833833833832,25.808,4.851302505513338,42,0.2599969001859888,0.740003099814011,0.21804361476857,0.16891829854684254,0.10683229813664592,5.724967950448008,0.7781954712593291,0.06710231793935485,0.6227045075125206,0.907407407407399,0.2085165119866521,0.740003099814011,0.2599969001859888
sbm_5c_200_moderate_s2,sbm,1000,5,Leiden,{'resolution': 3.0},0.39141686269100506,67,4.144774314737489,0.983166,8,28,14.925373134328359,5.337318441347945,0.28571428571427554,0.3576003355702883,1000,12904,0.025833833833833832,25.808,4.851302505513338,42,0.16847489150650957,0.8315251084934903,0.31772553636042955,0.06510398717434097,0.1931216931216926,4.110144743224765,0.8404794486727685,0.026354418651544753,0.7811217510259907,0.8841698841698806,0.15154427742239993,0.8315251084934903,0.16847489150650957
sbm_5c_200_moderate_s2,sbm,1000,5,LabelProp,{'seed': 0},0.0,1,-1.000088900581841e-12,0.0,1000,1000,1000.0,0.0,0.999999999999999,0.0,1000,12904,0.025833833833833832,25.808,4.851302505513338,42,0.9999999999999999,0.0,0.025833833833833832,0.0,0.025833833833833832,25.808,0.0,0.0,0.0,0.0,0.0,0.0,0.9999999999999999
sbm_5c_200_moderate_s2,sbm,1000,5,LabelProp,{'seed': 1},0.0,1,-1.000088900581841e-12,0.0,1000,1000,1000.0,0.0,0.999999999999999,0.0,1000,12904,0.025833833833833832,25.808,4.851302505513338,42,0.9999999999999999,0.0,0.025833833833833832,0.0,0.025833833833833832,25.808,0.0,0.0,0.0,0.0,0.0,0.0,0.9999999999999999
sbm_5c_200_moderate_s2,sbm,1000,5,LabelProp,{'seed': 2},0.0,1,-1.000088900581841e-12,0.0,1000,1000,1000.0,0.0,0.999999999999999,0.0,1000,12904,0.025833833833833832,25.808,4.851302505513338,42,0.9999999999999999,0.0,0.025833833833833832,0.0,0.025833833833833832,25.808,0.0,0.0,0.0,0.0,0.0,0.0,0.9999999999999999
sbm_5c_200_moderate_s2,sbm,1000,5,LabelProp,{'seed': 3},0.0,1,-1.000088900581841e-12,0.0,1000,1000,1000.0,0.0,0.999999999999999,0.0,1000,12904,0.025833833833833832,25.808,4.851302505513338,42,0.9999999999999999,0.0,0.025833833833833832,0.0,0.025833833833833832,25.808,0.0,0.0,0.0,0.0,0.0,0.0,0.9999999999999999
sbm_5c_200_moderate_s2,sbm,1000,5,LabelProp,{'seed': 4},0.0,1,-1.000088900581841e-12,0.0,1000,1000,1000.0,0.0,0.999999999999999,0.0,1000,12904,0.025833833833833832,25.808,4.851302505513338,42,0.9999999999999999,0.0,0.025833833833833832,0.0,0.025833833833833832,25.808,0.0,0.0,0.0,0.0,0.0,0.0,0.9999999999999999
sbm_5c_200_moderate_s2,sbm,1000,5,Spectral,{'k': 2},0.43728102269517255,2,0.505897848303788,0.32476799999999995,204,796,500.0,296.0,0.25628140703517555,0.5919999999999987,1000,12904,0.025833833833833832,25.808,4.851302505513338,42,0.8186608803471791,0.18133911965282082,0.04842324135690966,0.019479781921367165,0.028943459435542492,18.39718198837324,0.45419254658385083,0.0,0.45419254658385083,0.45419254658385083,0.13821423039478137,0.18133911965282082,0.8186608803471791
sbm_5c_200_moderate_s2,sbm,1000,5,Spectral,{'k': 3},0.6517934295569725,3,0.9962876821052395,0.594062,203,552,333.3333333333333,155.56849152561566,0.3677536231884051,0.4667054745768456,1000,12904,0.025833833833833832,25.808,4.851302505513338,42,0.63414445133292,0.3658555486670799,0.05232295205170099,0.014281737044627221,0.03384491964544044,15.269526291276131,0.4294472140671275,0.06131694328521873,0.34530003468609083,0.4896616541353383,0.22717745118801852,0.3658555486670799,0.63414445133292
sbm_5c_200_moderate_s2,sbm,1000,5,Spectral,{'k': 5},0.9520521021551739,5,1.609263268748372,0.79993,196,206,200.0,3.7416573867739413,0.951456310679607,0.018708286933869615,1000,12904,0.025833833833833832,25.808,4.851302505513338,42,0.536655300681959,0.46334469931804084,0.06963454402761134,0.0019379988518338637,0.06592469808193227,13.85123224771723,0.46334095782936957,0.0072165344940970915,0.45258620689655166,0.47102413072392163,0.33659963362908085,0.46334469931804084,0.536655300681959
sbm_5c_200_moderate_s2,sbm,1000,5,Spectral,{'k': 8},0.8173222300814593,8,2.0294945270516522,0.861526,84,196,125.0,41.0396150079408,0.4285714285714264,0.3283169200635238,1000,12904,0.025833833833833832,25.808,4.851302505513338,42,0.4001859888406695,0.5998140111593303,0.0776064686669449,0.010068159942191388,0.061325881074367324,9.467575041681823,0.6328239145785493,0.10345478979551972,0.4600657513053567,0.7609594706368897,0.2605714431700124,0.5998140111593303,0.4001859888406695
sbm_5c_200_moderate_s2,sbm,1000,5,Spectral,{'k': 10},0.7122734662107766,10,2.2803695006302958,0.895136,72,159,100.0,22.054478003344354,0.45283018867924246,0.22054478003344136,1000,12904,0.025833833833833832,25.808,4.851302505513338,42,0.32927774333539983,0.6707222566646001,0.08168173211789201,0.013397354253300766,0.05946791862284818,8.103381230786002,0.6863346916546103,0.0793945828022737,0.5230105465004793,0.8294051627384956,0.22383178882329677,0.6707222566646001,0.32927774333539983
sbm_5c_200_moderate_s2,sbm,1000,5,GreedyMod,{},0.6896970951360688,4,1.323419348054791,0.716296,160,402,250.0,91.79324593890337,0.3980099502487552,0.367172983755612,1000,12904,0.025833833833833832,25.808,4.851302505513338,42,0.5650960942343458,0.434903905765654,0.060407357811179146,0.012346093486437107,0.04182330244041637,13.939026000848251,0.46014351856077185,0.07034096311835751,0.350669363382452,0.5357741086384301,0.28163456106691254,0.434903905765654,0.5650960942343458
sbm_5c_200_hard_s2,sbm,1000,5,Louvain,{'resolution': 0.5},0.1479970453658977,111,2.3388384544589367,0.6851700000000003,1,546,9.00900900900901,52.48946620972538,0.001831501831501828,5.82633074927887,1000,12700,0.025425425425425426,25.4,4.949747468305833,46,0.4016535433070866,0.5983464566929133,0.4081928500921871,0.4346754913457084,0.0,1.122943566364619,0.9555831921260668,0.06718045142206491,0.4695919262834576,0.9999999999999851,0.08071792733585462,0.5983464566929133,0.4016535433070866
sbm_5c_200_hard_s2,sbm,1000,5,Louvain,{'resolution': 0.8},0.06434607917595822,8,1.820231895307864,0.8267800000000001,8,238,125.0,77.63697572677596,0.03361344537815112,0.6210958058142028,1000,12700,0.025425425425425426,25.4,4.949747468305833,46,0.3561417322834645,0.6438582677165353,0.17145850074214405,0.2003075963527593,0.04602347268021133,7.501401962357232,0.7053669127109029,0.09920433502224242,0.5750532001964314,0.8613861386138572,0.1826661169322339,0.6438582677165353,0.3561417322834645
sbm_5c_200_hard_s2,sbm,1000,5,Louvain,{'resolution': 1.0},0.055082378260839886,11,2.3121074230127094,0.8934580000000001,46,143,90.9090909090909,37.69845558798143,0.32167832167831945,0.4146830114677912,1000,12700,0.025425425425425426,25.4,4.949747468305833,46,0.2823622047244094,0.7176377952755905,0.08199096935808003,0.02079600280579165,0.057852077001013164,6.64135015048923,0.7380381797061374,0.048509537048998845,0.6647803826461869,0.7891036906854124,0.17517733275466552,0.7176377952755905,0.2823622047244094
sbm_5c_200_hard_s2,sbm,1000,5,Louvain,{'resolution': 1.2},0.07772706915396886,22,3.002318764141526,0.946666,7,86,45.45454545454545,18.925036982616135,0.08139534883720836,0.4163508136175458,1000,12700,0.025425425425425426,25.4,4.949747468305833,46,0.2191338582677165,0.7808661417322833,0.1425146789546816,0.0880678353817184,0.08180574555403555,5.206048979786345,0.7942947744004711,0.03190426673570596,0.7273141814865478,0.8633540372670754,0.16536321222642442,0.7808661417322833,0.2191338582677165
sbm_5c_200_hard_s2,sbm,1000,5,Louvain,{'resolution': 1.5},0.09661574289698441,32,3.382988647661652,0.963456,13,67,31.25,12.86225096940656,0.19402985074626578,0.4115920310209968,1000,12700,0.025425425425425426,25.4,4.949747468305833,46,0.19094488188976375,0.8090551181102361,0.17256967203199464,0.058199826631648,0.09905020352781543,4.575432854796224,0.8198370144130517,0.02699729795153524,0.748131109833237,0.868544600938965,0.15425061380122762,0.8090551181102361,0.19094488188976375
sbm_5c_200_hard_s2,sbm,1000,5,Louvain,{'resolution': 2.0},0.11481827398732031,50,3.85010161408167,0.977612,8,35,20.0,6.910861017268398,0.22857142857142204,0.34554305086340265,1000,12700,0.025425425425425426,25.4,4.949747468305833,46,0.1648031496062992,0.8351968503937006,0.23886658739497604,0.07931452072550506,0.14621848739495774,4.037258419043953,0.8413092072381377,0.02037902372204678,0.801007556675062,0.8779069767441834,0.1425308884617769,0.8351968503937006,0.1648031496062992
sbm_5c_200_hard_s2,sbm,1000,5,Louvain,{'resolution': 3.0},0.14019099625597845,81,4.3379962245571155,0.986316,4,21,12.345679012345679,4.064785520672117,0.19047619047618142,0.3292476271744148,1000,12700,0.025425425425425426,25.4,4.949747468305833,46,0.14346456692913384,0.856535433070866,0.34234043485848364,0.1149007851409927,0.21052631578947245,3.488446431173756,0.8625451422914967,0.02044528118777877,0.8217391304347808,0.8994413407821179,0.12977588815177632,0.856535433070866,0.14346456692913384
sbm_5c_200_hard_s2,sbm,1000,5,Leiden,{'resolution': 0.5},0.0,1,-1.000088900581841e-12,0.0,1000,1000,1000.0,0.0,0.999999999999999,0.0,1000,12700,0.025425425425425426,25.4,4.949747468305833,46,0.9999999999999999,0.0,0.025425425425425426,0.0,0.025425425425425426,25.4,0.0,0.0,0.0,0.0,0.0,0.0,0.9999999999999999
sbm_5c_200_hard_s2,sbm,1000,5,Leiden,{'resolution': 0.8},0.03402439370192892,3,1.0962257074731927,0.665096,302,356,333.3333333333333,22.88133640230735,0.8483146067415706,0.06864400920692185,1000,12700,0.025425425425425426,25.4,4.949747468305833,46,0.5048818897637795,0.4951181102362204,0.038596407661831866,0.00155058609199979,0.03654059186580155,12.794762544843808,0.4963705122735717,0.019174720470930245,0.48269295395989686,0.5234873129472999,0.17011299832599663,0.4951181102362204,0.5048818897637795
sbm_5c_200_hard_s2,sbm,1000,5,Leiden,{'resolution': 1.0},0.05095994599896367,10,2.200805038689311,0.881256,39,164,100.0,43.2943414316467,0.23780487804877903,0.4329434143164627,1000,12700,0.025425425425425426,25.4,4.949747468305833,46,0.30102362204724403,0.6989763779527558,0.08172617605382695,0.026350537443350752,0.0569355080053868,7.0045679529059,0.7233275075881115,0.0550066922588564,0.6406987724268176,0.8027282266526748,0.18123473866947734,0.6989763779527558,0.30102362204724403
sbm_5c_200_hard_s2,sbm,1000,5,Leiden,{'resolution': 1.2},0.08063914924372763,18,2.790572590499514,0.932924,21,107,55.55555555555556,25.298709282452034,0.19626168224298882,0.4553767670841284,1000,12700,0.025425425425425426,25.4,4.949747468305833,46,0.23889763779527556,0.7611023622047243,0.11739513047726066,0.035750744671589334,0.0714159760183389,5.6022190228485655,0.7790238372177025,0.03909501618703656,0.7055616139585603,0.8323809523809508,0.17140679211358423,0.7611023622047243,0.23889763779527556
sbm_5c_200_hard_s2,sbm,1000,5,Leiden,{'resolution': 1.5},0.08815362315093506,32,3.4011988079503777,0.9647,13,57,31.25,11.25,0.22807017543859248,0.3599999999999885,1000,12700,0.025425425425425426,25.4,4.949747468305833,46,0.19141732283464563,0.8085826771653543,0.16908300573108911,0.04850053782750386,0.10708898944193054,4.632068020415161,0.8170718768872371,0.02408517231625073,0.7605536332179926,0.8677685950413199,0.1558476470952942,0.8085826771653543,0.19141732283464563
sbm_5c_200_hard_s2,sbm,1000,5,Leiden,{'resolution': 2.0},0.12346663878568731,50,3.8722096020020653,0.978384,9,34,20.0,5.685068161420758,0.26470588235293335,0.2842534080710237,1000,12700,0.025425425425425426,25.4,4.949747468305833,46,0.16661417322834643,0.8333858267716534,0.22861332131993264,0.047051466236376654,0.14814814814814775,4.100207597495289,0.8380971634188525,0.01750551793906317,0.7872832369942188,0.8844444444444405,0.1447574586149172,0.8333858267716534,0.16661417322834643
sbm_5c_200_hard_s2,sbm,1000,5,Leiden,{'resolution': 3.0},0.138813935596991,84,4.3841100275582185,0.986978,4,22,11.904761904761905,3.646978683066193,0.18181818181817358,0.3063462093775345,1000,12700,0.025425425425425426,25.4,4.949747468305833,46,0.14283464566929133,0.8571653543307085,0.3504218448103802,0.09630692531557539,0.2034632034632026,3.5127368530121736,0.8616891853303829,0.018377050476115882,0.8253275109170287,0.9181286549707549,0.12983594767189535,0.8571653543307085,0.14283464566929133
sbm_5c_200_hard_s2,sbm,1000,5,LabelProp,{'seed': 0},0.0,1,-1.000088900581841e-12,0.0,1000,1000,1000.0,0.0,0.999999999999999,0.0,1000,12700,0.025425425425425426,25.4,4.949747468305833,46,0.9999999999999999,0.0,0.025425425425425426,0.0,0.025425425425425426,25.4,0.0,0.0,0.0,0.0,0.0,0.0,0.9999999999999999
sbm_5c_200_hard_s2,sbm,1000,5,LabelProp,{'seed': 1},0.0,1,-1.000088900581841e-12,0.0,1000,1000,1000.0,0.0,0.999999999999999,0.0,1000,12700,0.025425425425425426,25.4,4.949747468305833,46,0.9999999999999999,0.0,0.025425425425425426,0.0,0.025425425425425426,25.4,0.0,0.0,0.0,0.0,0.0,0.0,0.9999999999999999
sbm_5c_200_hard_s2,sbm,1000,5,LabelProp,{'seed': 2},0.0,1,-1.000088900581841e-12,0.0,1000,1000,1000.0,0.0,0.999999999999999,0.0,1000,12700,0.025425425425425426,25.4,4.949747468305833,46,0.9999999999999999,0.0,0.025425425425425426,0.0,0.025425425425425426,25.4,0.0,0.0,0.0,0.0,0.0,0.0,0.9999999999999999
sbm_5c_200_hard_s2,sbm,1000,5,LabelProp,{'seed': 3},0.0,1,-1.000088900581841e-12,0.0,1000,1000,1000.0,0.0,0.999999999999999,0.0,1000,12700,0.025425425425425426,25.4,4.949747468305833,46,0.9999999999999999,0.0,0.025425425425425426,0.0,0.025425425425425426,25.4,0.0,0.0,0.0,0.0,0.0,0.0,0.9999999999999999
sbm_5c_200_hard_s2,sbm,1000,5,LabelProp,{'seed': 4},0.0,1,-1.000088900581841e-12,0.0,1000,1000,1000.0,0.0,0.999999999999999,0.0,1000,12700,0.025425425425425426,25.4,4.949747468305833,46,0.9999999999999999,0.0,0.025425425425425426,0.0,0.025425425425425426,25.4,0.0,0.0,0.0,0.0,0.0,0.0,0.9999999999999999
sbm_5c_200_hard_s2,sbm,1000,5,Spectral,{'k': 2},0.10976139759811342,2,0.692635093140801,0.49948800000000004,484,516,500.0,16.0,0.9379844961240291,0.03199999999999993,1000,12700,0.025425425425425426,25.4,4.949747468305833,46,0.600787401574803,0.3992125984251968,0.030568421378452643,0.00029070631861972084,0.03027771505983292,15.248990966749952,0.4127320091175512,0.0,0.4127320091175512,0.4127320091175512,0.10025092690185383,0.3992125984251968,0.600787401574803
sbm_5c_200_hard_s2,sbm,1000,5,Spectral,{'k': 3},0.16872064693832656,3,1.0954632007474656,0.664602,297,358,333.3333333333333,26.23398982660133,0.8296089385474836,0.07870196947980375,1000,12700,0.025425425425425426,25.4,4.949747468305833,46,0.46015748031496057,0.5398425196850393,0.034998085276451284,0.0003505544341573504,0.03452107099823169,11.623276077101679,0.5423923522640149,0.03231227107138981,0.5142039198414445,0.5876343372694706,0.12474447578895158,0.5398425196850393,0.46015748031496057
sbm_5c_200_hard_s2,sbm,1000,5,Spectral,{'k': 5},0.22398067648791264,5,1.6077412322347997,0.799318,184,219,200.0,11.679041056525147,0.8401826484018227,0.05839520528262544,1000,12700,0.025425425425425426,25.4,4.949747468305833,46,0.3348818897637795,0.6651181102362204,0.04275324902841101,0.0027403965820568315,0.03798994974874372,8.492076800769096,0.6657649701787799,0.020619705356470425,0.6389996375498368,0.7004754358161647,0.13430984871969745,0.6651181102362204,0.3348818897637795
sbm_5c_200_hard_s2,sbm,1000,5,Spectral,{'k': 8},0.2225833773071936,8,2.0753031931750003,0.873958,106,147,125.0,11.412712210513327,0.7210884353741448,0.09130169768410588,1000,12700,0.025425425425425426,25.4,4.949747468305833,46,0.24787401574803147,0.7521259842519684,0.05046446810465477,0.007742637010760767,0.035087719298245605,6.250690067527827,0.7543092500202595,0.04060593646161047,0.7061159650516281,0.8119658119658117,0.12175605121210242,0.7521259842519684,0.24787401574803147
sbm_5c_200_hard_s2,sbm,1000,5,Spectral,{'k': 10},0.20404985229925574,10,2.293095447049684,0.898136,75,119,100.0,13.65283853270081,0.6302521008403309,0.13652838532700676,1000,12700,0.025425425425425426,25.4,4.949747468305833,46,0.22078740157480312,0.7792125984251967,0.05727506394359559,0.011758842951728467,0.0366919044845661,5.581835069978036,0.7803526435829757,0.03581893454267868,0.7266284171447854,0.8511811023622045,0.11852540455080908,0.7792125984251967,0.22078740157480312
sbm_5c_200_hard_s2,sbm,1000,5,GreedyMod,{},0.014265292931635275,5,1.3056395771214342,0.710294,5,335,200.0,133.94476473531915,0.014925373134328313,0.6697238236765924,1000,12700,0.025425425425425426,25.4,4.949747468305833,46,0.45259842519685034,0.5474015748031495,0.11641096320658839,0.14210168916768848,0.037947984627759404,8.493217258146311,0.6640443102205887,0.17296724267720426,0.5039140086458698,0.9327731092436897,0.1608721340442681,0.5474015748031495,0.45259842519685034
sbm_3c_30_clear_s2,sbm,90,3,Louvain,{'resolution': 0.5},1.0,3,1.0986122886651097,0.6666666666666667,30,30,30.0,0.0,0.9999999999999667,0.0,90,682,0.17028714107365792,15.155555555555555,2.772528373208634,22,0.9354838709677405,0.06451612903225797,0.48888888888888776,0.023318197784985298,0.4712643678160908,14.177777777777777,0.06466095441250706,0.003412906669551395,0.0600414078674947,0.06818181818181802,0.6015030400495351,0.06451612903225797,0.9354838709677405
sbm_3c_30_clear_s2,sbm,90,3,Louvain,{'resolution': 0.8},1.0,3,1.0986122886651097,0.6666666666666667,30,30,30.0,0.0,0.9999999999999667,0.0,90,682,0.17028714107365792,15.155555555555555,2.772528373208634,22,0.9354838709677405,0.06451612903225797,0.48888888888888776,0.023318197784985298,0.4712643678160908,14.177777777777777,0.06466095441250706,0.003412906669551395,0.0600414078674947,0.06818181818181802,0.6015030400495351,0.06451612903225797,0.9354838709677405
sbm_3c_30_clear_s2,sbm,90,3,Louvain,{'resolution': 1.0},1.0,3,1.0986122886651097,0.6666666666666667,30,30,30.0,0.0,0.9999999999999667,0.0,90,682,0.17028714107365792,15.155555555555555,2.772528373208634,22,0.9354838709677405,0.06451612903225797,0.48888888888888776,0.023318197784985298,0.4712643678160908,14.177777777777777,0.06466095441250706,0.003412906669551395,0.0600414078674947,0.06818181818181802,0.6015030400495351,0.06451612903225797,0.9354838709677405
sbm_3c_30_clear_s2,sbm,90,3,Louvain,{'resolution': 1.2},1.0,3,1.0986122886651097,0.6666666666666667,30,30,30.0,0.0,0.9999999999999667,0.0,90,682,0.17028714107365792,15.155555555555555,2.772528373208634,22,0.9354838709677405,0.06451612903225797,0.48888888888888776,0.023318197784985298,0.4712643678160908,14.177777777777777,0.06466095441250706,0.003412906669551395,0.0600414078674947,0.06818181818181802,0.6015030400495351,0.06451612903225797,0.9354838709677405
sbm_3c_30_clear_s2,sbm,90,3,Louvain,{'resolution': 1.5},1.0,3,1.0986122886651097,0.6666666666666667,30,30,30.0,0.0,0.9999999999999667,0.0,90,682,0.17028714107365792,15.155555555555555,2.772528373208634,22,0.9354838709677405,0.06451612903225797,0.48888888888888776,0.023318197784985298,0.4712643678160908,14.177777777777777,0.06466095441250706,0.0034129066695513946,0.0600414078674947,0.06818181818181802,0.6015030400495351,0.06451612903225797,0.9354838709677405
sbm_3c_30_clear_s2,sbm,90,3,Louvain,{'resolution': 2.0},1.0,3,1.0986122886651097,0.6666666666666667,30,30,30.0,0.0,0.9999999999999667,0.0,90,682,0.17028714107365792,15.155555555555555,2.772528373208634,22,0.9354838709677405,0.06451612903225797,0.48888888888888776,0.023318197784985298,0.4712643678160908,14.177777777777777,0.06466095441250706,0.003412906669551395,0.0600414078674947,0.06818181818181802,0.6015030400495351,0.06451612903225797,0.9354838709677405
sbm_3c_30_clear_s2,sbm,90,3,Louvain,{'resolution': 3.0},0.5954046269324943,14,2.591692552676364,0.9219753086419753,3,10,6.428571428571429,1.953542047311049,0.29999999999997,0.30388431847056036,90,682,0.17028714107365792,15.155555555555555,2.772528373208634,22,0.32697947214076195,0.6730205278592365,0.8723356009069484,0.08847838944551145,0.7222222222222021,4.577324263038549,0.6976129549876008,0.08882062065396525,0.5448275862068929,0.8723404255318963,0.24946250892235194,0.6730205278592365,0.32697947214076195
sbm_3c_30_clear_s2,sbm,90,3,Leiden,{'resolution': 0.5},1.0,3,1.0986122886651097,0.6666666666666667,30,30,30.0,0.0,0.9999999999999667,0.0,90,682,0.17028714107365792,15.155555555555555,2.772528373208634,22,0.9354838709677405,0.06451612903225797,0.48888888888888776,0.023318197784985298,0.4712643678160908,14.177777777777777,0.06466095441250706,0.0034129066695513946,0.0600414078674947,0.06818181818181802,0.6015030400495351,0.06451612903225797,0.9354838709677405
sbm_3c_30_clear_s2,sbm,90,3,Leiden,{'resolution': 0.8},1.0,3,1.0986122886651097,0.6666666666666667,30,30,30.0,0.0,0.9999999999999667,0.0,90,682,0.17028714107365792,15.155555555555555,2.772528373208634,22,0.9354838709677405,0.06451612903225797,0.48888888888888776,0.023318197784985298,0.4712643678160908,14.177777777777777,0.06466095441250706,0.0034129066695513946,0.0600414078674947,0.06818181818181802,0.6015030400495351,0.06451612903225797,0.9354838709677405
sbm_3c_30_clear_s2,sbm,90,3,Leiden,{'resolution': 1.0},1.0,3,1.0986122886651097,0.6666666666666667,30,30,30.0,0.0,0.9999999999999667,0.0,90,682,0.17028714107365792,15.155555555555555,2.772528373208634,22,0.9354838709677405,0.06451612903225797,0.48888888888888776,0.023318197784985298,0.4712643678160908,14.177777777777777,0.06466095441250706,0.0034129066695513946,0.0600414078674947,0.06818181818181802,0.6015030400495351,0.06451612903225797,0.9354838709677405
sbm_3c_30_clear_s2,sbm,90,3,Leiden,{'resolution': 1.2},1.0,3,1.0986122886651097,0.6666666666666667,30,30,30.0,0.0,0.9999999999999667,0.0,90,682,0.17028714107365792,15.155555555555555,2.772528373208634,22,0.9354838709677405,0.06451612903225797,0.48888888888888776,0.023318197784985298,0.4712643678160908,14.177777777777777,0.06466095441250706,0.0034129066695513946,0.0600414078674947,0.06818181818181802,0.6015030400495351,0.06451612903225797,0.9354838709677405
sbm_3c_30_clear_s2,sbm,90,3,Leiden,{'resolution': 1.5},1.0,3,1.0986122886651097,0.6666666666666667,30,30,30.0,0.0,0.9999999999999667,0.0,90,682,0.17028714107365792,15.155555555555555,2.772528373208634,22,0.9354838709677405,0.06451612903225797,0.48888888888888776,0.023318197784985298,0.4712643678160908,14.177777777777777,0.06466095441250706,0.0034129066695513946,0.0600414078674947,0.06818181818181802,0.6015030400495351,0.06451612903225797,0.9354838709677405
sbm_3c_30_clear_s2,sbm,90,3,Leiden,{'resolution': 2.0},1.0,3,1.0986122886651097,0.6666666666666667,30,30,30.0,0.0,0.9999999999999667,0.0,90,682,0.17028714107365792,15.155555555555555,2.772528373208634,22,0.9354838709677405,0.06451612903225797,0.48888888888888776,0.023318197784985298,0.4712643678160908,14.177777777777777,0.06466095441250706,0.003412906669551395,0.0600414078674947,0.06818181818181802,0.6015030400495351,0.06451612903225797,0.9354838709677405
sbm_3c_30_clear_s2,sbm,90,3,Leiden,{'resolution': 3.0},0.6258194706833649,12,2.4123436343386415,0.9054320987654321,3,12,7.5,2.753785273643051,0.24999999999997916,0.3671713698190245,90,682,0.17028714107365792,15.155555555555555,2.772528373208634,22,0.3797653958944276,0.620234604105571,0.829990379990302,0.12804323488395614,0.6428571428571199,5.105555555555555,0.6631107278717372,0.1218682316331668,0.4787234042553166,0.8775510204081454,0.28560125901910033,0.620234604105571,0.3797653958944276
sbm_3c_30_clear_s2,sbm,90,3,LabelProp,{'seed': 0},1.0,3,1.0986122886651097,0.6666666666666667,30,30,30.0,0.0,0.9999999999999667,0.0,90,682,0.17028714107365792,15.155555555555555,2.772528373208634,22,0.9354838709677405,0.06451612903225797,0.48888888888888776,0.023318197784985298,0.4712643678160908,14.177777777777777,0.06466095441250706,0.003412906669551395,0.0600414078674947,0.06818181818181802,0.6015030400495351,0.06451612903225797,0.9354838709677405
sbm_3c_30_clear_s2,sbm,90,3,LabelProp,{'seed': 1},1.0,3,1.0986122886651097,0.6666666666666667,30,30,30.0,0.0,0.9999999999999667,0.0,90,682,0.17028714107365792,15.155555555555555,2.772528373208634,22,0.9354838709677405,0.06451612903225797,0.48888888888888776,0.023318197784985298,0.4712643678160908,14.177777777777777,0.06466095441250706,0.003412906669551395,0.0600414078674947,0.06818181818181802,0.6015030400495351,0.06451612903225797,0.9354838709677405
sbm_3c_30_clear_s2,sbm,90,3,LabelProp,{'seed': 2},1.0,3,1.0986122886651097,0.6666666666666667,30,30,30.0,0.0,0.9999999999999667,0.0,90,682,0.17028714107365792,15.155555555555555,2.772528373208634,22,0.9354838709677405,0.06451612903225797,0.48888888888888776,0.023318197784985298,0.4712643678160908,14.177777777777777,0.06466095441250706,0.003412906669551395,0.0600414078674947,0.06818181818181802,0.6015030400495351,0.06451612903225797,0.9354838709677405
sbm_3c_30_clear_s2,sbm,90,3,LabelProp,{'seed': 3},1.0,3,1.0986122886651097,0.6666666666666667,30,30,30.0,0.0,0.9999999999999667,0.0,90,682,0.17028714107365792,15.155555555555555,2.772528373208634,22,0.9354838709677405,0.06451612903225797,0.48888888888888776,0.023318197784985298,0.4712643678160908,14.177777777777777,0.06466095441250706,0.003412906669551395,0.0600414078674947,0.06818181818181802,0.6015030400495351,0.06451612903225797,0.9354838709677405
sbm_3c_30_clear_s2,sbm,90,3,LabelProp,{'seed': 4},1.0,3,1.0986122886651097,0.6666666666666667,30,30,30.0,0.0,0.9999999999999667,0.0,90,682,0.17028714107365792,15.155555555555555,2.772528373208634,22,0.9354838709677405,0.06451612903225797,0.48888888888888776,0.023318197784985298,0.4712643678160908,14.177777777777777,0.06466095441250706,0.003412906669551395,0.0600414078674947,0.06818181818181802,0.6015030400495351,0.06451612903225797,0.9354838709677405
sbm_3c_30_clear_s2,sbm,90,3,Spectral,{'k': 2},0.7336804366512107,2,0.6365141682928128,0.4444444444444444,30,60,45.0,15.0,0.4999999999999917,0.33333333333332593,90,682,0.17028714107365792,15.155555555555555,2.772528373208634,22,0.9574780058651012,0.042521994134897295,0.38125852328073184,0.14058055717903706,0.24067796610169478,14.666666666666666,0.0600414078674947,0.0,0.0600414078674947,0.0600414078674947,0.41490763753321697,0.042521994134897295,0.9574780058651012
sbm_3c_30_clear_s2,sbm,90,3,Spectral,{'k': 3},1.0,3,1.0986122886651097,0.6666666666666667,30,30,30.0,0.0,0.9999999999999667,0.0,90,682,0.17028714107365792,15.155555555555555,2.772528373208634,22,0.9354838709677405,0.06451612903225797,0.48888888888888776,0.023318197784985298,0.4712643678160908,14.177777777777777,0.06466095441250706,0.0034129066695513946,0.0600414078674947,0.06818181818181802,0.6015030400495351,0.06451612903225797,0.9354838709677405
sbm_3c_30_clear_s2,sbm,90,3,Spectral,{'k': 5},0.7399902156674517,5,1.5835370642151145,0.7893827160493827,14,24,18.0,4.147288270665544,0.5833333333333091,0.23040490392585078,90,682,0.17028714107365792,15.155555555555555,2.772528373208634,22,0.6598240469208201,0.34017595307917836,0.5518469935861199,0.07532441395720552,0.417582417582413,9.436017316017317,0.3784133626202508,0.14985068633620185,0.19999999999999943,0.6122448979591806,0.4448437405939062,0.34017595307917836,0.6598240469208201
sbm_3c_30_clear_s2,sbm,90,3,Spectral,{'k': 8},0.6755449507189776,8,2.0436774634754307,0.865679012345679,7,18,11.25,3.072051431861127,0.3888888888888673,0.2730712383876315,90,682,0.17028714107365792,15.155555555555555,2.772528373208634,22,0.4809384164222867,0.5190615835777118,0.6719696969696817,0.07762290753180424,0.5606060606060521,6.786796536796537,0.5518089459965871,0.10520757560385259,0.324503311258277,0.6814159292035338,0.3428333089670712,0.5190615835777118,0.4809384164222867
sbm_3c_30_clear_s2,sbm,90,3,Spectral,{'k': 10},0.6181487719871268,10,2.2193083408377285,0.8844444444444445,3,16,9.0,3.5496478698597698,0.18749999999998831,0.3944053188732639,90,682,0.17028714107365792,15.155555555555555,2.772528373208634,22,0.4325513196480932,0.5674486803519053,0.7565007215006581,0.14468879641524737,0.5277777777777631,5.691111111111111,0.6227668965266261,0.12374277813476225,0.36531365313652997,0.8378378378378152,0.31147070458630394,0.5674486803519053,0.4325513196480932
sbm_3c_30_clear_s2,sbm,90,3,GreedyMod,{},1.0,3,1.0986122886651097,0.6666666666666667,30,30,30.0,0.0,0.9999999999999667,0.0,90,682,0.17028714107365792,15.155555555555555,2.772528373208634,22,0.9354838709677405,0.06451612903225797,0.48888888888888776,0.023318197784985298,0.4712643678160908,14.177777777777777,0.06466095441250706,0.003412906669551395,0.0600414078674947,0.06818181818181802,0.6015030400495351,0.06451612903225797,0.9354838709677405
sbm_3c_30_hard_s2,sbm,90,3,Louvain,{'resolution': 0.5},0.43914630030323626,12,2.0801792683801597,0.8237037037037036,1,32,7.5,7.92148975887743,0.03124999999999902,1.0561986345168497,90,696,0.1737827715355805,15.466666666666667,3.5188381921057728,24,0.37931034482758563,0.6206896551724129,0.5263062169311525,0.29801915850165867,0.0,3.3298445767195766,0.7821971175225624,0.1580982487533263,0.4106463878326988,0.9999999999999231,0.18790151440084554,0.6206896551724129,0.37931034482758563
sbm_3c_30_hard_s2,sbm,90,3,Louvain,{'resolution': 0.8},0.549723458879666,7,1.790682493481448,0.8061728395061729,5,30,12.857142857142858,7.6798171746946355,0.16666666666666113,0.597319113587314,90,696,0.1737827715355805,15.466666666666667,3.5188381921057728,24,0.4396551724137925,0.5603448275862061,0.5387996787011357,0.14239619793523736,0.3609195402298842,5.5086786229643385,0.6394157290468414,0.11798243031883292,0.3794466403162048,0.76470588235293,0.23196901010701543,0.5603448275862061,0.4396551724137925
sbm_3c_30_hard_s2,sbm,90,3,Louvain,{'resolution': 1.0},0.47316075067532676,5,1.4767556850405315,0.7567901234567902,4,26,18.0,8.366600265340756,0.15384615384614794,0.46481112585223844,90,696,0.1737827715355805,15.466666666666667,3.5188381921057728,24,0.48706896551724066,0.5129310344827579,0.5024741924741571,0.25528142774199825,0.2833333333333324,6.586573426573426,0.5738208905013968,0.13214825745725173,0.4074074074074064,0.7894736842105124,0.24321863852556486,0.5129310344827579,0.48706896551724066
sbm_3c_30_hard_s2,sbm,90,3,Louvain,{'resolution': 1.2},0.5852190887252,6,1.6989123695202375,0.8009876543209877,8,27,15.0,6.60807586719967,0.29629629629628534,0.4405383911466153,90,696,0.1737827715355805,15.466666666666667,3.5188381921057728,24,0.45833333333333265,0.5416666666666659,0.4886253285376001,0.10366260884385557,0.3618233618233608,6.277807312895032,0.5943556071073584,0.11587547905361723,0.3952380952380943,0.7258064516128974,0.2567349137931035,0.5416666666666659,0.45833333333333265
sbm_3c_30_hard_s2,sbm,90,3,Louvain,{'resolution': 1.5},0.5237511218052125,8,1.9843580722647811,0.8503703703703704,5,20,11.25,4.993746088859544,0.2499999999999875,0.44388854123192006,90,696,0.1737827715355805,15.466666666666667,3.5188381921057728,24,0.39655172413793044,0.6034482758620681,0.5838617802046357,0.1732023907468506,0.43589743589743035,5.3757707570207565,0.6507523630438179,0.10330132754390459,0.4687499999999985,0.7802197802197717,0.24172611969877134,0.6034482758620681,0.39655172413793044
sbm_3c_30_hard_s2,sbm,90,3,Louvain,{'resolution': 2.0},0.4268438808686615,16,2.7103208376359342,0.9298765432098766,3,10,5.625,1.964529205687714,0.29999999999997,0.3492496365666426,90,696,0.1737827715355805,15.466666666666667,3.5188381921057728,24,0.24137931034482724,0.7586206896551713,0.7881448412697208,0.15158612480574185,0.488888888888878,3.3986607142857146,0.7800813105449468,0.06625145566323386,0.6451612903225755,0.8823529411764532,0.17102139483419213,0.7586206896551713,0.24137931034482724
sbm_3c_30_hard_s2,sbm,90,3,Louvain,{'resolution': 3.0},0.42215209336526144,23,3.113041883189605,0.9545679012345679,3,5,3.9130434782608696,0.8295123490582136,0.59999999999988,0.21198648920371152,90,696,0.1737827715355805,15.466666666666667,3.5188381921057728,24,0.1781609195402296,0.821839080459769,0.9202898550722624,0.08149516475068973,0.79999999999992,2.630434782608696,0.8289916017197371,0.04421499536864603,0.7599999999999899,0.8928571428571269,0.13290952404544856,0.821839080459769,0.1781609195402296
sbm_3c_30_hard_s2,sbm,90,3,Leiden,{'resolution': 0.5},0.0,1,-1.000088900581841e-12,0.0,90,90,90.0,0.0,0.9999999999999889,0.0,90,696,0.1737827715355805,15.466666666666667,3.5188381921057728,24,0.9999999999999986,0.0,0.17378277153558047,0.0,0.17378277153558047,15.466666666666667,0.0,0.0,0.0,0.0,0.0,0.0,0.9999999999999986
sbm_3c_30_hard_s2,sbm,90,3,Leiden,{'resolution': 0.8},0.825683048597137,3,1.0960535049616285,0.6649382716049383,28,33,30.0,2.160246899469287,0.8484848484848228,0.07200822998230717,90,696,0.1737827715355805,15.466666666666667,3.5188381921057728,24,0.6005747126436772,0.39942528735632127,0.3183262565446466,0.035024081627014425,0.27093596059113234,9.234363337811613,0.4040101675422767,0.049008176908162594,0.3555555555555549,0.471153846153845,0.26266679878451576,0.39942528735632127,0.6005747126436772
sbm_3c_30_hard_s2,sbm,90,3,Leiden,{'resolution': 1.0},0.6958681714703796,4,1.3281349934252564,0.722716049382716,12,30,22.5,7.433034373659253,0.3999999999999867,0.3303570832737299,90,696,0.1737827715355805,15.466666666666667,3.5188381921057728,24,0.5531609195402291,0.44683908045976944,0.3762073024777173,0.04734312442293105,0.33333333333333254,7.822746521476104,0.49179708767891034,0.1189644181395563,0.37634408602150454,0.6610169491525386,0.2666024656493593,0.44683908045976944,0.5531609195402291
sbm_3c_30_hard_s2,sbm,90,3,Leiden,{'resolution': 1.2},0.6270733444008867,5,1.5341020386700213,0.7713580246913581,8,28,18.0,6.81175454637056,0.28571428571427554,0.3784308081316768,90,696,0.1737827715355805,15.466666666666667,3.5188381921057728,24,0.4942528735632177,0.5057471264367809,0.42937498231615273,0.07833858104347988,0.35449735449735353,6.868975468975469,0.5542467108092459,0.12115998536494214,0.38532110091743027,0.7264957264957204,0.26024635850178357,0.5057471264367809,0.4942528735632177
sbm_3c_30_hard_s2,sbm,90,3,Leiden,{'resolution': 1.5},0.4650551631853368,11,2.309285556737586,0.8930864197530864,4,14,8.181818181818182,3.432946834272583,0.2857142857142653,0.4195823908554866,90,696,0.1737827715355805,15.466666666666667,3.5188381921057728,24,0.32183908045976967,0.6781609195402288,0.6827687464050562,0.17579679317220087,0.4615384615384557,4.411170647534283,0.7143830786607178,0.08525951077277547,0.5772357723577213,0.8285714285714167,0.2124176327784384,0.6781609195402288,0.32183908045976967
sbm_3c_30_hard_s2,sbm,90,3,Leiden,{'resolution': 2.0},0.4134195810725889,15,2.624892609585934,0.9232098765432099,1,11,6.0,2.3380903889000244,0.09090909090908264,0.38968173148327245,90,696,0.1737827715355805,15.466666666666667,3.5188381921057728,24,0.25287356321839044,0.7471264367816081,0.6920971620971024,0.22986770804658813,0.0,3.4950456950456954,0.7743406134611541,0.08004692004219073,0.6438356164383517,0.9999999999999475,0.17746833300303871,0.7471264367816081,0.25287356321839044
sbm_3c_30_hard_s2,sbm,90,3,Leiden,{'resolution': 3.0},0.34780996041876516,23,3.068671460094948,0.9511111111111111,1,8,3.9130434782608696,1.3803919883815257,0.12499999999998437,0.3527668414751886,90,696,0.1737827715355805,15.466666666666667,3.5188381921057728,24,0.1810344827586204,0.8189655172413781,0.8174948240164055,0.28237490234701235,0.0,2.506521739130435,0.8367364052584856,0.07019388234271973,0.6739130434782535,0.9999999999999475,0.13414090368608797,0.8189655172413781,0.1810344827586204
sbm_3c_30_hard_s2,sbm,90,3,LabelProp,{'seed': 0},0.0,1,-1.000088900581841e-12,0.0,90,90,90.0,0.0,0.9999999999999889,0.0,90,696,0.1737827715355805,15.466666666666667,3.5188381921057728,24,0.9999999999999986,0.0,0.17378277153558047,0.0,0.17378277153558047,15.466666666666667,0.0,0.0,0.0,0.0,0.0,0.0,0.9999999999999986
sbm_3c_30_hard_s2,sbm,90,3,LabelProp,{'seed': 1},0.0,1,-1.000088900581841e-12,0.0,90,90,90.0,0.0,0.9999999999999889,0.0,90,696,0.1737827715355805,15.466666666666667,3.5188381921057728,24,0.9999999999999986,0.0,0.17378277153558047,0.0,0.17378277153558047,15.466666666666667,0.0,0.0,0.0,0.0,0.0,0.0,0.9999999999999986
sbm_3c_30_hard_s2,sbm,90,3,LabelProp,{'seed': 2},0.0,1,-1.000088900581841e-12,0.0,90,90,90.0,0.0,0.9999999999999889,0.0,90,696,0.1737827715355805,15.466666666666667,3.5188381921057728,24,0.9999999999999986,0.0,0.17378277153558047,0.0,0.17378277153558047,15.466666666666667,0.0,0.0,0.0,0.0,0.0,0.0,0.9999999999999986
sbm_3c_30_hard_s2,sbm,90,3,LabelProp,{'seed': 3},0.0,1,-1.000088900581841e-12,0.0,90,90,90.0,0.0,0.9999999999999889,0.0,90,696,0.1737827715355805,15.466666666666667,3.5188381921057728,24,0.9999999999999986,0.0,0.17378277153558047,0.0,0.17378277153558047,15.466666666666667,0.0,0.0,0.0,0.0,0.0,0.0,0.9999999999999986
sbm_3c_30_hard_s2,sbm,90,3,LabelProp,{'seed': 4},0.0,1,-1.000088900581841e-12,0.0,90,90,90.0,0.0,0.9999999999999889,0.0,90,696,0.1737827715355805,15.466666666666667,3.5188381921057728,24,0.9999999999999986,0.0,0.17378277153558047,0.0,0.17378277153558047,15.466666666666667,0.0,0.0,0.0,0.0,0.0,0.0,0.9999999999999986
sbm_3c_30_hard_s2,sbm,90,3,Spectral,{'k': 2},0.518303924880126,2,0.692159200826088,0.4990123456790123,43,47,45.0,2.0,0.914893617021257,0.044444444444443454,90,696,0.1737827715355805,15.466666666666667,3.5188381921057728,24,0.6997126436781599,0.3002873563218386,0.2452217554190316,0.002696838475510277,0.24252491694352132,10.795150915388422,0.3230293663060273,0.0,0.3230293663060273,0.3230293663060273,0.197234401836438,0.3002873563218386,0.6997126436781599
sbm_3c_30_hard_s2,sbm,90,3,Spectral,{'k': 3},0.6969161369842294,3,1.0851886129646506,0.6577777777777778,24,36,30.0,4.898979485566356,0.6666666666666481,0.16329931618553975,90,696,0.1737827715355805,15.466666666666667,3.5188381921057728,24,0.6077586206896542,0.39224137931034425,0.3129328193046326,0.015362078727988475,0.29347826086956413,9.116666666666667,0.40810694305704415,0.06862415086529272,0.3432835820895517,0.5030674846625751,0.2546251568899458,0.39224137931034425,0.6077586206896542
sbm_3c_30_hard_s2,sbm,90,3,Spectral,{'k': 5},0.6544528913941239,5,1.5648905576815646,0.7802469135802469,13,29,18.0,5.656854249492381,0.4482758620689501,0.31426968052733706,90,696,0.1737827715355805,15.466666666666667,3.5188381921057728,24,0.4612068965517235,0.538793103448275,0.3864983393888028,0.05468475234337244,0.3428571428571396,6.53421594632548,0.5763043308813606,0.10101634932860047,0.4024896265560157,0.6939890710382476,0.23050126337693222,0.538793103448275,0.4612068965517235
sbm_3c_30_hard_s2,sbm,90,3,Spectral,{'k': 8},0.3912146734171605,8,2.0162690608759233,0.8575308641975309,7,21,11.25,4.205650960315181,0.3333333333333175,0.3738356409168717,90,696,0.1737827715355805,15.466666666666667,3.5188381921057728,24,0.35201149425287304,0.6479885057471255,0.4925803363303233,0.08620484735449697,0.4090909090909029,4.8564726939726945,0.6828592294855782,0.08715328709662176,0.49589041095890274,0.784172661870498,0.2010596264367816,0.6479885057471255,0.35201149425287304
sbm_3c_30_hard_s2,sbm,90,3,Spectral,{'k': 10},0.3886248911859394,10,2.226000317067773,0.8849382716049383,5,14,9.0,3.492849839314596,0.3571428571428316,0.38809442659046756,90,696,0.1737827715355805,15.466666666666667,3.5188381921057728,24,0.31896551724137884,0.6810344827586197,0.582443112443082,0.1034908791773242,0.4393939393939328,4.390995670995671,0.7110580293572198,0.06836500786531075,0.60816326530612,0.8181818181818058,0.19625796835777515,0.6810344827586197,0.31896551724137884
sbm_3c_30_hard_s2,sbm,90,3,GreedyMod,{},0.6060910954599394,3,1.0959791413189577,0.6649382716049382,27,32,30.0,2.160246899469287,0.8437499999999736,0.07200822998230717,90,696,0.1737827715355805,15.466666666666667,3.5188381921057728,24,0.5948275862068957,0.40517241379310287,0.3186724565756816,0.04103196005014159,0.2623655913978489,9.193100358422939,0.40761623410432896,0.030809705103324682,0.36882129277566467,0.4441913439635525,0.2584813466111771,0.40517241379310287,0.5948275862068957
sbm_10c_30_clear_s2,sbm,300,10,Louvain,{'resolution': 0.5},1.0,10,2.3025850929840455,0.8999999999999999,30,30,30.0,0.0,0.9999999999999667,0.0,300,2160,0.048160535117056855,14.4,3.0474032661705057,25,0.8143518518518515,0.18564814814814806,0.4043678160919531,0.01715534087982123,0.3839080459770106,11.726666666666667,0.18564584280504912,0.013195837011804046,0.16915422885572096,0.21478060046189326,0.7141998885459534,0.18564814814814806,0.8143518518518515
sbm_10c_30_clear_s2,sbm,300,10,Louvain,{'resolution': 0.8},1.0,10,2.3025850929840455,0.8999999999999999,30,30,30.0,0.0,0.9999999999999667,0.0,300,2160,0.048160535117056855,14.4,3.0474032661705057,25,0.8143518518518515,0.18564814814814806,0.4043678160919531,0.01715534087982123,0.3839080459770106,11.726666666666667,0.18564584280504912,0.013195837011804046,0.16915422885572096,0.21478060046189326,0.7141998885459534,0.18564814814814806,0.8143518518518515
sbm_10c_30_clear_s2,sbm,300,10,Louvain,{'resolution': 1.0},1.0,10,2.3025850929840455,0.8999999999999999,30,30,30.0,0.0,0.9999999999999667,0.0,300,2160,0.048160535117056855,14.4,3.0474032661705057,25,0.8143518518518515,0.18564814814814806,0.4043678160919531,0.01715534087982123,0.3839080459770106,11.726666666666667,0.18564584280504912,0.013195837011804046,0.16915422885572096,0.21478060046189326,0.7141998885459534,0.18564814814814806,0.8143518518518515
sbm_10c_30_clear_s2,sbm,300,10,Louvain,{'resolution': 1.2},1.0,10,2.3025850929840455,0.8999999999999999,30,30,30.0,0.0,0.9999999999999667,0.0,300,2160,0.048160535117056855,14.4,3.0474032661705057,25,0.8143518518518515,0.18564814814814806,0.4043678160919531,0.01715534087982123,0.3839080459770106,11.726666666666667,0.18564584280504912,0.013195837011804046,0.16915422885572096,0.21478060046189326,0.7141998885459534,0.18564814814814806,0.8143518518518515
sbm_10c_30_clear_s2,sbm,300,10,Louvain,{'resolution': 1.5},1.0,10,2.3025850929840455,0.8999999999999999,30,30,30.0,0.0,0.9999999999999667,0.0,300,2160,0.048160535117056855,14.4,3.0474032661705057,25,0.8143518518518515,0.18564814814814806,0.4043678160919531,0.01715534087982123,0.3839080459770106,11.726666666666667,0.18564584280504912,0.013195837011804046,0.16915422885572096,0.21478060046189326,0.7141998885459534,0.18564814814814806,0.8143518518518515
sbm_10c_30_clear_s2,sbm,300,10,Louvain,{'resolution': 2.0},1.0,10,2.3025850929840455,0.8999999999999999,30,30,30.0,0.0,0.9999999999999667,0.0,300,2160,0.048160535117056855,14.4,3.0474032661705057,25,0.8143518518518515,0.18564814814814806,0.4043678160919531,0.01715534087982123,0.3839080459770106,11.726666666666667,0.18564584280504912,0.013195837011804046,0.16915422885572096,0.21478060046189326,0.7141998885459534,0.18564814814814806,0.8143518518518515
sbm_10c_30_clear_s2,sbm,300,10,Louvain,{'resolution': 3.0},1.0,10,2.3025850929840455,0.8999999999999999,30,30,30.0,0.0,0.9999999999999667,0.0,300,2160,0.048160535117056855,14.4,3.0474032661705057,25,0.8143518518518515,0.18564814814814806,0.4043678160919531,0.01715534087982123,0.3839080459770106,11.726666666666667,0.18564584280504912,0.013195837011804046,0.16915422885572096,0.21478060046189326,0.7141998885459534,0.18564814814814806,0.8143518518518515
sbm_10c_30_clear_s2,sbm,300,10,Leiden,{'resolution': 0.5},1.0,10,2.3025850929840455,0.8999999999999999,30,30,30.0,0.0,0.9999999999999667,0.0,300,2160,0.048160535117056855,14.4,3.0474032661705057,25,0.8143518518518515,0.18564814814814806,0.4043678160919531,0.017155340879821228,0.3839080459770106,11.726666666666665,0.1856458428050491,0.013195837011804044,0.16915422885572096,0.21478060046189326,0.7141998885459534,0.18564814814814806,0.8143518518518515
sbm_10c_30_clear_s2,sbm,300,10,Leiden,{'resolution': 0.8},1.0,10,2.3025850929840455,0.8999999999999999,30,30,30.0,0.0,0.9999999999999667,0.0,300,2160,0.048160535117056855,14.4,3.0474032661705057,25,0.8143518518518515,0.18564814814814806,0.4043678160919531,0.017155340879821228,0.3839080459770106,11.726666666666665,0.1856458428050491,0.013195837011804044,0.16915422885572096,0.21478060046189326,0.7141998885459534,0.18564814814814806,0.8143518518518515
sbm_10c_30_clear_s2,sbm,300,10,Leiden,{'resolution': 1.0},1.0,10,2.3025850929840455,0.8999999999999999,30,30,30.0,0.0,0.9999999999999667,0.0,300,2160,0.048160535117056855,14.4,3.0474032661705057,25,0.8143518518518515,0.18564814814814806,0.4043678160919531,0.017155340879821228,0.3839080459770106,11.726666666666665,0.1856458428050491,0.013195837011804044,0.16915422885572096,0.21478060046189326,0.7141998885459534,0.18564814814814806,0.8143518518518515
sbm_10c_30_clear_s2,sbm,300,10,Leiden,{'resolution': 1.2},1.0,10,2.3025850929840455,0.8999999999999999,30,30,30.0,0.0,0.9999999999999667,0.0,300,2160,0.048160535117056855,14.4,3.0474032661705057,25,0.8143518518518515,0.18564814814814806,0.4043678160919531,0.017155340879821228,0.3839080459770106,11.726666666666665,0.1856458428050491,0.013195837011804044,0.16915422885572096,0.21478060046189326,0.7141998885459534,0.18564814814814806,0.8143518518518515
sbm_10c_30_clear_s2,sbm,300,10,Leiden,{'resolution': 1.5},1.0,10,2.3025850929840455,0.8999999999999999,30,30,30.0,0.0,0.9999999999999667,0.0,300,2160,0.048160535117056855,14.4,3.0474032661705057,25,0.8143518518518515,0.18564814814814806,0.4043678160919531,0.017155340879821228,0.3839080459770106,11.726666666666665,0.1856458428050491,0.013195837011804044,0.16915422885572096,0.21478060046189326,0.7141998885459534,0.18564814814814806,0.8143518518518515
sbm_10c_30_clear_s2,sbm,300,10,Leiden,{'resolution': 2.0},1.0,10,2.3025850929840455,0.8999999999999999,30,30,30.0,0.0,0.9999999999999667,0.0,300,2160,0.048160535117056855,14.4,3.0474032661705057,25,0.8143518518518515,0.18564814814814806,0.4043678160919531,0.017155340879821228,0.3839080459770106,11.726666666666665,0.1856458428050491,0.013195837011804044,0.16915422885572096,0.21478060046189326,0.7141998885459534,0.18564814814814806,0.8143518518518515
sbm_10c_30_clear_s2,sbm,300,10,Leiden,{'resolution': 3.0},1.0,10,2.3025850929840455,0.8999999999999999,30,30,30.0,0.0,0.9999999999999667,0.0,300,2160,0.048160535117056855,14.4,3.0474032661705057,25,0.8143518518518515,0.18564814814814806,0.4043678160919531,0.017155340879821228,0.3839080459770106,11.726666666666665,0.1856458428050491,0.013195837011804044,0.16915422885572096,0.21478060046189326,0.7141998885459534,0.18564814814814806,0.8143518518518515
sbm_10c_30_clear_s2,sbm,300,10,LabelProp,{'seed': 0},0.968962684127345,9,2.1639556568730565,0.88,30,60,33.333333333333336,9.428090415820632,0.4999999999999917,0.28284271247461046,300,2160,0.048160535117056855,14.4,3.0474032661705057,25,0.8185185185185182,0.1814814814814814,0.3824339242807966,0.06579426134516665,0.20282485875706205,11.766666666666666,0.18163157865707732,0.00926395485208195,0.16915422885572096,0.19905213270142133,0.6978098208161866,0.1814814814814814,0.8185185185185182
sbm_10c_30_clear_s2,sbm,300,10,LabelProp,{'seed': 1},0.968962684127345,9,2.1639556568730565,0.88,30,60,33.333333333333336,9.428090415820632,0.4999999999999917,0.28284271247461046,300,2160,0.048160535117056855,14.4,3.0474032661705057,25,0.8185185185185182,0.1814814814814814,0.3824339242807966,0.06579426134516665,0.20282485875706205,11.766666666666666,0.18163157865707732,0.00926395485208195,0.16915422885572096,0.19905213270142133,0.6978098208161866,0.1814814814814814,0.8185185185185182
sbm_10c_30_clear_s2,sbm,300,10,LabelProp,{'seed': 2},0.968962684127345,9,2.1639556568730565,0.88,30,60,33.333333333333336,9.428090415820632,0.4999999999999917,0.28284271247461046,300,2160,0.048160535117056855,14.4,3.0474032661705057,25,0.8185185185185182,0.1814814814814814,0.3824339242807966,0.06579426134516665,0.20282485875706205,11.766666666666666,0.18163157865707732,0.00926395485208195,0.16915422885572096,0.19905213270142133,0.6978098208161866,0.1814814814814814,0.8185185185185182
sbm_10c_30_clear_s2,sbm,300,10,LabelProp,{'seed': 3},0.968962684127345,9,2.1639556568730565,0.88,30,60,33.333333333333336,9.428090415820632,0.4999999999999917,0.28284271247461046,300,2160,0.048160535117056855,14.4,3.0474032661705057,25,0.8185185185185182,0.1814814814814814,0.3824339242807966,0.06579426134516665,0.20282485875706205,11.766666666666666,0.18163157865707732,0.00926395485208195,0.16915422885572096,0.19905213270142133,0.6978098208161866,0.1814814814814814,0.8185185185185182
sbm_10c_30_clear_s2,sbm,300,10,LabelProp,{'seed': 4},0.968962684127345,9,2.1639556568730565,0.88,30,60,33.333333333333336,9.428090415820632,0.4999999999999917,0.28284271247461046,300,2160,0.048160535117056855,14.4,3.0474032661705057,25,0.8185185185185182,0.1814814814814814,0.3824339242807966,0.06579426134516665,0.20282485875706205,11.766666666666666,0.18163157865707732,0.00926395485208195,0.16915422885572096,0.19905213270142133,0.6978098208161866,0.1814814814814814,0.8185185185185182
sbm_10c_30_clear_s2,sbm,300,10,Spectral,{'k': 2},0.33706936889752953,2,0.5269079614293803,0.34319999999999995,66,234,150.0,84.0,0.2820512820512808,0.5599999999999963,300,2160,0.048160535117056855,14.4,3.0474032661705057,25,0.9185185185185182,0.08148148148148145,0.12035975469451861,0.0619246275898636,0.058435127104655,12.731934731934732,0.183716075156576,0.0,0.183716075156576,0.183716075156576,0.26368269890260626,0.08148148148148145,0.9185185185185182
sbm_10c_30_clear_s2,sbm,300,10,Spectral,{'k': 3},0.5091415105056838,3,0.8059588552362605,0.4633111111111111,30,209,100.0,78.1067645384615,0.14354066985645864,0.7810676453846073,300,2160,0.048160535117056855,14.4,3.0474032661705057,25,0.9087962962962959,0.09120370370370366,0.21840079191615858,0.1303726649647535,0.0652834008097166,12.357645479819768,0.15640362281401185,0.01011909307961319,0.1444015444015443,0.16915422885572096,0.3670825831618655,0.09120370370370366,0.9087962962962959
sbm_10c_30_clear_s2,sbm,300,10,Spectral,{'k': 5},0.7904600546402084,5,1.5047882836761908,0.76,30,90,60.0,26.832815729997478,0.33333333333332965,0.4472135954999505,300,2160,0.048160535117056855,14.4,3.0474032661705057,25,0.8513888888888885,0.14861111111111105,0.25863909155052345,0.12125348981472946,0.13882646691635453,12.10222222222222,0.15479054376220458,0.013636664008681822,0.13677811550151966,0.16930022573363393,0.6095534336419752,0.14861111111111105,0.8513888888888885
sbm_10c_30_clear_s2,sbm,300,10,Spectral,{'k': 8},0.9359370254787317,8,2.0253262207620675,0.86,30,60,37.5,12.99038105676658,0.4999999999999917,0.3464101615137662,300,2160,0.048160535117056855,14.4,3.0474032661705057,25,0.8259259259259256,0.174074074074074,0.3559443795051619,0.08924343677628069,0.20338983050847448,11.854166666666666,0.17561475994669243,0.00811493185499787,0.167630057803468,0.19230769230769185,0.6853219307270233,0.174074074074074,0.8259259259259256
sbm_10c_30_clear_s2,sbm,300,10,Spectral,{'k': 10},1.0,10,2.3025850929840455,0.8999999999999999,30,30,30.0,0.0,0.9999999999999667,0.0,300,2160,0.048160535117056855,14.4,3.0474032661705057,25,0.8143518518518515,0.18564814814814806,0.4043678160919531,0.017155340879821228,0.3839080459770106,11.726666666666668,0.1856458428050491,0.013195837011804044,0.16915422885572096,0.21478060046189326,0.7141998885459532,0.18564814814814806,0.8143518518518515
sbm_10c_30_clear_s2,sbm,300,10,GreedyMod,{},0.9427066554927589,9,2.1633997509274376,0.8798888888888888,28,60,33.333333333333336,9.486832980505138,0.46666666666665885,0.28460498941514556,300,2160,0.048160535117056855,14.4,3.0474032661705057,25,0.8037037037037034,0.19629629629629622,0.3737908109552992,0.06116305881736494,0.20451977401129934,11.512540241655927,0.1999168534214889,0.028235848912330636,0.16009280742459378,0.24465558194774287,0.6835179826817559,0.19629629629629622,0.8037037037037034
sbm_10c_30_moderate_s2,sbm,300,10,Louvain,{'resolution': 0.5},0.8070742058983006,15,2.375964796532596,0.8850666666666667,1,70,20.0,17.017637908946117,0.014285714285714082,0.8508818954472633,300,2318,0.05168338907469342,15.453333333333333,3.4748365269302797,25,0.4465056082830024,0.5534943917169972,0.3826284138953622,0.2392688282177223,0.0,5.1220482953689785,0.6664746068410473,0.15488332512220654,0.43920145190562576,0.9999999999999286,0.32950049170650075,0.5534943917169972,0.4465056082830024
sbm_10c_30_moderate_s2,sbm,300,10,Louvain,{'resolution': 0.8},0.9492732600544216,10,2.302362829591259,0.8999555555555555,29,31,30.0,0.6324555320336759,0.9354838709677118,0.021081851067788496,300,2318,0.05168338907469342,15.453333333333333,3.4748365269302797,25,0.48144952545297653,0.5185504745470231,0.25645161290322516,0.0135539303337367,0.23218390804597647,7.436766777901371,0.5187716781184062,0.014415709359032846,0.49682875264270504,0.5419501133786836,0.3811668965763678,0.5185504745470231,0.48144952545297653
sbm_10c_30_moderate_s2,sbm,300,10,Louvain,{'resolution': 1.0},0.9491480373059715,10,2.3022516978948655,0.8999333333333334,29,31,30.0,0.7745966692414834,0.9354838709677118,0.025819888974715256,300,2318,0.05168338907469342,15.453333333333333,3.4748365269302797,25,0.48015530629853304,0.5198446937014666,0.25595953175485936,0.016217911551360778,0.22758620689655118,7.41868743047831,0.5200502315176175,0.015210322424555493,0.49781659388646177,0.5489749430523905,0.37986569824184213,0.5198446937014666,0.48015530629853304
sbm_10c_30_moderate_s2,sbm,300,10,Louvain,{'resolution': 1.2},0.8964280759464385,10,2.3013690974653054,0.8997555555555555,28,33,30.0,1.4832396974191326,0.8484848484848228,0.04944132324730278,300,2318,0.05168338907469342,15.453333333333333,3.4748365269302797,25,0.4745470232959446,0.525452976704055,0.2527902522229546,0.014202243903359541,0.23218390804597647,7.322695972918443,0.5258570892518962,0.015910751750368043,0.5010482180293491,0.5502183406113524,0.3739402812963185,0.525452976704055,0.4745470232959446
sbm_10c_30_moderate_s2,sbm,300,10,Louvain,{'resolution': 1.5},0.9427043066370413,10,2.3013974050674615,0.8997555555555555,29,34,30.0,1.4832396974191326,0.8529411764705631,0.04944132324730278,300,2318,0.05168338907469342,15.453333333333333,3.4748365269302797,25,0.47972389991371855,0.5202761000862811,0.2562921425016558,0.019938608039821188,0.21746880570409943,7.4141691203733995,0.520165678241375,0.016346490809696516,0.4912280701754375,0.5419501133786836,0.3791891830525408,0.5202761000862811,0.47972389991371855
sbm_10c_30_moderate_s2,sbm,300,10,Louvain,{'resolution': 2.0},0.8976600555643082,11,2.3325893372205515,0.9013111111111112,3,33,27.272727272727273,7.978276290150866,0.09090909090908815,0.29253679730552107,300,2318,0.05168338907469342,15.453333333333333,3.4748365269302797,25,0.4706643658326141,0.5293356341673855,0.32396041928802516,0.21494533820977535,0.23218390804597647,6.834079705729266,0.5558720855796085,0.09035407053750158,0.5058365758754854,0.8378378378378152,0.3714496445643167,0.5293356341673855,0.4706643658326141
sbm_10c_30_moderate_s2,sbm,300,10,Louvain,{'resolution': 3.0},0.7948504981598324,23,2.961253602502245,0.9418666666666666,2,29,13.043478260869565,7.572709932896431,0.06896551724137694,0.5805744281886819,300,2318,0.05168338907469342,15.453333333333333,3.4748365269302797,25,0.3632441760138049,0.6367558239861948,0.46975975466426273,0.18353801618905213,0.2684729064039402,4.530579710091613,0.7057270133648024,0.11818181555344029,0.5034168564920262,0.9333333333333023,0.3043286363761566,0.6367558239861948,0.3632441760138049
sbm_10c_30_moderate_s2,sbm,300,10,Leiden,{'resolution': 0.5},0.0,1,-1.000088900581841e-12,0.0,300,300,300.0,0.0,0.9999999999999966,0.0,300,2318,0.05168338907469342,15.453333333333333,3.4748365269302797,25,0.9999999999999996,0.0,0.05168338907469342,0.0,0.05168338907469342,15.453333333333333,0.0,0.0,0.0,0.0,0.0,0.0,0.9999999999999996
sbm_10c_30_moderate_s2,sbm,300,10,Leiden,{'resolution': 0.8},0.9232042041603786,9,2.1637333934802703,0.8799555555555556,29,60,33.333333333333336,9.451631252505216,0.4833333333333253,0.28354893757514793,300,2318,0.05168338907469342,15.453333333333333,3.4748365269302797,25,0.4978429680759273,0.5021570319240722,0.2446007176838038,0.037229330030904485,0.147457627118644,7.581234293247642,0.5090889984347804,0.02738455108031646,0.44171122994652356,0.5419501133786836,0.37729577802410663,0.5021570319240722,0.4978429680759273
sbm_10c_30_moderate_s2,sbm,300,10,Leiden,{'resolution': 1.0},0.9492732600544216,10,2.302362829591259,0.8999555555555555,29,31,30.0,0.6324555320336759,0.9354838709677118,0.021081851067788496,300,2318,0.05168338907469342,15.453333333333333,3.4748365269302797,25,0.48144952545297653,0.5185504745470231,0.25645161290322527,0.0135539303337367,0.23218390804597647,7.436766777901373,0.5187716781184062,0.014415709359032846,0.49682875264270504,0.5419501133786836,0.3811668965763678,0.5185504745470231,0.48144952545297653
sbm_10c_30_moderate_s2,sbm,300,10,Leiden,{'resolution': 1.2},0.9492732600544216,10,2.302362829591259,0.8999555555555555,29,31,30.0,0.6324555320336759,0.9354838709677118,0.021081851067788496,300,2318,0.05168338907469342,15.453333333333333,3.4748365269302797,25,0.48144952545297653,0.5185504745470231,0.25645161290322527,0.0135539303337367,0.23218390804597647,7.436766777901373,0.5187716781184062,0.014415709359032846,0.49682875264270504,0.5419501133786836,0.3811668965763679,0.5185504745470231,0.48144952545297653
sbm_10c_30_moderate_s2,sbm,300,10,Leiden,{'resolution': 1.5},0.9492732600544216,10,2.302362829591259,0.8999555555555555,29,31,30.0,0.6324555320336759,0.9354838709677118,0.021081851067788496,300,2318,0.05168338907469342,15.453333333333333,3.4748365269302797,25,0.48144952545297653,0.5185504745470231,0.25645161290322527,0.0135539303337367,0.23218390804597647,7.436766777901373,0.5187716781184062,0.014415709359032846,0.49682875264270504,0.5419501133786836,0.3811668965763679,0.5185504745470231,0.48144952545297653
sbm_10c_30_moderate_s2,sbm,300,10,Leiden,{'resolution': 2.0},0.9477435776267763,11,2.342221837860236,0.9023777777777777,4,31,27.272727272727273,7.411182080795933,0.12903225806451196,0.2717433429625076,300,2318,0.05168338907469342,15.453333333333333,3.4748365269302797,25,0.47713546160483156,0.522864538395168,0.28245198957100254,0.0705938643733898,0.23218390804597647,6.909405833321295,0.5531094077374198,0.11467039584234187,0.4898419864559808,0.9130434782608564,0.3795077128314925,0.522864538395168,0.47713546160483156
sbm_10c_30_moderate_s2,sbm,300,10,Leiden,{'resolution': 3.0},0.7948125189386778,23,2.9597209013241432,0.9423777777777778,1,26,13.043478260869565,7.439484910112277,0.038461538461536986,0.5703605097752309,300,2318,0.05168338907469342,15.453333333333333,3.4748365269302797,25,0.36540120793787734,0.6345987920621222,0.4067600231441168,0.14254447830949346,0.0,4.470158415043326,0.7099050565914373,0.13323830099723175,0.5126903553299479,0.9999999999999376,0.307306233766427,0.6345987920621222,0.36540120793787734
sbm_10c_30_moderate_s2,sbm,300,10,LabelProp,{'seed': 0},0.0,1,-1.000088900581841e-12,0.0,300,300,300.0,0.0,0.9999999999999966,0.0,300,2318,0.05168338907469342,15.453333333333333,3.4748365269302797,25,0.9999999999999996,0.0,0.05168338907469342,0.0,0.05168338907469342,15.453333333333333,0.0,0.0,0.0,0.0,0.0,0.0,0.9999999999999996
sbm_10c_30_moderate_s2,sbm,300,10,LabelProp,{'seed': 1},0.0,1,-1.000088900581841e-12,0.0,300,300,300.0,0.0,0.9999999999999966,0.0,300,2318,0.05168338907469342,15.453333333333333,3.4748365269302797,25,0.9999999999999996,0.0,0.05168338907469342,0.0,0.05168338907469342,15.453333333333333,0.0,0.0,0.0,0.0,0.0,0.0,0.9999999999999996
sbm_10c_30_moderate_s2,sbm,300,10,LabelProp,{'seed': 2},0.0,1,-1.000088900581841e-12,0.0,300,300,300.0,0.0,0.9999999999999966,0.0,300,2318,0.05168338907469342,15.453333333333333,3.4748365269302797,25,0.9999999999999996,0.0,0.05168338907469342,0.0,0.05168338907469342,15.453333333333333,0.0,0.0,0.0,0.0,0.0,0.0,0.9999999999999996
sbm_10c_30_moderate_s2,sbm,300,10,LabelProp,{'seed': 3},0.0,1,-1.000088900581841e-12,0.0,300,300,300.0,0.0,0.9999999999999966,0.0,300,2318,0.05168338907469342,15.453333333333333,3.4748365269302797,25,0.9999999999999996,0.0,0.05168338907469342,0.0,0.05168338907469342,15.453333333333333,0.0,0.0,0.0,0.0,0.0,0.0,0.9999999999999996
sbm_10c_30_moderate_s2,sbm,300,10,LabelProp,{'seed': 4},0.0,1,-1.000088900581841e-12,0.0,300,300,300.0,0.0,0.9999999999999966,0.0,300,2318,0.05168338907469342,15.453333333333333,3.4748365269302797,25,0.9999999999999996,0.0,0.05168338907469342,0.0,0.05168338907469342,15.453333333333333,0.0,0.0,0.0,0.0,0.0,0.0,0.9999999999999996
sbm_10c_30_moderate_s2,sbm,300,10,Spectral,{'k': 2},0.22193917574371413,2,0.5226565800972218,0.33944444444444444,65,235,150.0,85.0,0.2765957446808499,0.5666666666666629,300,2318,0.05168338907469342,15.453333333333333,3.4748365269302797,25,0.7899050905953405,0.2100949094046591,0.09084663120567374,0.03367259956355698,0.05717403164211675,10.673977086743044,0.4845771144278602,0.0,0.4845771144278602,0.4845771144278602,0.12947988916689815,0.2100949094046591,0.7899050905953405
sbm_10c_30_moderate_s2,sbm,300,10,Spectral,{'k': 3},0.37849158728258264,3,0.907213623369333,0.5567111111111112,26,166,100.0,57.43402011583959,0.15662650602409545,0.5743402011583901,300,2318,0.05168338907469342,15.453333333333333,3.4748365269302797,25,0.654443485763589,0.34555651423641054,0.15626572779145653,0.11379783264523405,0.06776195691858342,9.367933271547729,0.41745559800933746,0.06160458440468494,0.34299516908212546,0.4938574938574926,0.21170412222014598,0.34555651423641054,0.654443485763589
sbm_10c_30_moderate_s2,sbm,300,10,Spectral,{'k': 5},0.5251178811038534,5,1.5029957137176946,0.7609555555555556,26,89,60.0,26.510375327407193,0.2921348314606709,0.4418395887901125,300,2318,0.05168338907469342,15.453333333333333,3.4748365269302797,25,0.5168248490077652,0.4831751509922345,0.17121640142825884,0.08541929298427246,0.09179575444635683,7.86253330093852,0.490546982443966,0.019978509856856834,0.4654178674351582,0.5202020202020189,0.27750755426452095,0.4831751509922345,0.5168248490077652
sbm_10c_30_moderate_s2,sbm,300,10,Spectral,{'k': 8},0.8278479398513273,8,2.032440420711315,0.8621777777777777,28,59,37.5,12.010412149464313,0.47457627118643264,0.3202776573190398,300,2318,0.05168338907469342,15.453333333333333,3.4748365269302797,25,0.4995685936151853,0.5004314063848143,0.22487382977636475,0.0549774628620779,0.14097744360902248,7.610579585741705,0.5078352769349426,0.03199698939505585,0.44731182795698876,0.5600814663951108,0.3612905639251951,0.5004314063848143,0.4995685936151853
sbm_10c_30_moderate_s2,sbm,300,10,Spectral,{'k': 10},0.9190318900302203,10,2.2995794619368204,0.8993777777777778,27,36,30.0,2.3664319132398464,0.7499999999999791,0.07888106377465892,300,2318,0.05168338907469342,15.453333333333333,3.4748365269302797,25,0.4741156169111301,0.5258843830888695,0.2527424538548003,0.0173547606632961,0.22222222222222185,7.305664730358835,0.5266602004170087,0.018598590759346684,0.4912280701754375,0.5523809523809511,0.37290829320149693,0.5258843830888695,0.4741156169111301
sbm_10c_30_moderate_s2,sbm,300,10,GreedyMod,{},0.5842278972883319,6,1.6704756983887765,0.7976222222222222,14,83,50.0,23.144473782453268,0.1686746987951787,0.4628894756490561,300,2318,0.05168338907469342,15.453333333333333,3.4748365269302797,25,0.5176876617773941,0.4823123382226055,0.1923401872431285,0.09080355168654809,0.11401704378489565,7.425337547789858,0.5197324522428544,0.0921134595659831,0.4221891288160831,0.714285714285711,0.3137606725621817,0.4823123382226055,0.5176876617773941
lfr_300_med_mix_s1,lfr,300,5,Louvain,{'resolution': 0.5},0.5462552356314462,32,1.9884685935275146,0.7644,1,114,9.375,23.973618312636916,0.008771929824561327,2.557185953347665,300,1966,0.043835005574136006,13.106666666666667,13.51426242489352,119,0.5432349949135298,0.4567650050864698,0.3085690896673624,0.4371690875497452,0.0,1.4216570156327637,0.8745730736400877,0.18580619215694177,0.3266903914590745,0.9999999999999091,0.2845226686840065,0.4567650050864698,0.5432349949135298
lfr_300_med_mix_s1,lfr,300,5,Louvain,{'resolution': 0.8},0.8081665406645375,5,1.5514518360386267,0.7784222222222222,28,89,60.0,19.70786644972002,0.3146067415730302,0.3284644408286615,300,1966,0.043835005574136006,13.106666666666667,13.51426242489352,119,0.629196337741607,0.3708036622583925,0.13272954606363008,0.03192825975788056,0.10062893081761,7.468378683582335,0.4047227861821372,0.07215659091411071,0.29124236252545804,0.48771929824561316,0.3789332177019505,0.3708036622583925,0.629196337741607
lfr_300_med_mix_s1,lfr,300,5,Louvain,{'resolution': 1.0},0.8001356660582509,6,1.607964024401449,0.7873777777777777,4,82,50.0,26.25515822335362,0.048780487804877454,0.525103164467062,300,1966,0.043835005574136006,13.106666666666667,13.51426242489352,119,0.6195320447609356,0.3804679552390639,0.19694427942655027,0.13926992044834652,0.09398907103825133,6.538088563245167,0.4722496400258002,0.16271757703666062,0.3060931899641575,0.8124999999999746,0.3799181714787191,0.3804679552390639,0.6195320447609356
lfr_300_med_mix_s1,lfr,300,5,Louvain,{'resolution': 1.2},0.6827267280494115,6,1.6662531886037346,0.7944666666666667,14,90,50.0,24.145392935299274,0.15555555555555384,0.4829078587059758,300,1966,0.043835005574136006,13.106666666666667,13.51426242489352,119,0.5839267548321462,0.4160732451678533,0.15939590141376983,0.06484847042402653,0.1114708603145235,6.574433682008728,0.47670172510660874,0.12446959543692183,0.34708392603129423,0.7254901960784278,0.35559586728194154,0.4160732451678533,0.5839267548321462
lfr_300_med_mix_s1,lfr,300,5,Louvain,{'resolution': 1.5},0.5714510850476254,9,2.0485556059663814,0.8581555555555556,6,61,33.333333333333336,17.530925056406275,0.0983606557377033,0.5259277516921724,300,1966,0.043835005574136006,13.106666666666667,13.51426242489352,119,0.4766022380467953,0.5233977619532042,0.19338789609155538,0.07844777935930193,0.12629870129870122,5.1859342445071785,0.5820466364009248,0.13280568048636998,0.3790613718411548,0.7499999999999843,0.327736707134201,0.5233977619532042,0.4766022380467953
lfr_300_med_mix_s1,lfr,300,5,Louvain,{'resolution': 2.0},0.47352727952324153,20,2.7956588372260023,0.9259555555555555,4,42,15.0,10.401922899156675,0.09523809523809297,0.6934615266103987,300,1966,0.043835005574136006,13.106666666666667,13.51426242489352,119,0.356052899287894,0.6439471007121055,0.3114072307627831,0.09741274715127018,0.16202090592334475,3.589120606960166,0.7085507606972512,0.11346767918261301,0.4671532846715311,0.8426966292134784,0.2788310484751456,0.6439471007121055,0.356052899287894
lfr_300_med_mix_s1,lfr,300,5,Louvain,{'resolution': 3.0},0.3866573468297224,38,3.542935460948166,0.9683333333333334,3,21,7.894736842105263,3.5599340153864953,0.14285714285713608,0.4509249752822323,300,1966,0.043835005574136006,13.106666666666667,13.51426242489352,119,0.24262461851475065,0.7573753814852489,0.4689073353546539,0.19768505727651314,0.2499999999999911,2.7738017099859205,0.7739498334350066,0.07903546894107168,0.4832535885167441,0.9398496240601434,0.21072681154395845,0.7573753814852489,0.24262461851475065
lfr_300_med_mix_s1,lfr,300,5,Leiden,{'resolution': 0.5},0.39425196356675857,2,0.6923469670879616,0.4992,144,156,150.0,6.0,0.9230769230769172,0.03999999999999974,300,1966,0.043835005574136006,13.106666666666667,13.51426242489352,119,0.771108850457782,0.2288911495422176,0.06698138331202846,0.002538881369526527,0.06444250194250194,9.995459401709402,0.2513966480446926,0.0,0.2513966480446926,0.2513966480446926,0.26710176769061844,0.2288911495422176,0.771108850457782
lfr_300_med_mix_s1,lfr,300,5,Leiden,{'resolution': 0.8},0.8507159107729154,5,1.552734946899676,0.7790222222222222,28,88,60.0,19.43193248238579,0.31818181818181457,0.3238655413730911,300,1966,0.043835005574136006,13.106666666666667,13.51426242489352,119,0.6297049847405898,0.3702950152594098,0.13586211209275864,0.034497715059643684,0.0825285338015803,7.578198370257195,0.40001913581843995,0.06305521301362554,0.29226557152635163,0.4736842105263141,0.38255247653652275,0.3702950152594098,0.6297049847405898
lfr_300_med_mix_s1,lfr,300,5,Leiden,{'resolution': 1.0},0.8847644641396305,5,1.5557752952106425,0.7805111111111112,28,85,60.0,18.72965562950905,0.3294117647058785,0.312160927158479,300,1966,0.043835005574136006,13.106666666666667,13.51426242489352,119,0.6261444557477108,0.37385554425228873,0.13651270167733232,0.03599421609978975,0.08033126293995856,7.602877377719061,0.40073481077005263,0.06011275645860458,0.2990126939351197,0.4736842105263141,0.3833028990291724,0.37385554425228873,0.6261444557477108
lfr_300_med_mix_s1,lfr,300,5,Leiden,{'resolution': 1.2},0.8357071541131916,6,1.6504678715751404,0.7951555555555555,9,80,50.0,23.930454794396756,0.1124999999999986,0.4786090958879255,300,1966,0.043835005574136006,13.106666666666667,13.51426242489352,119,0.6108850457782297,0.3891149542217699,0.15449067650407142,0.04755287264821126,0.08832565284178183,6.632138024083704,0.470057002153575,0.15449964562855278,0.3138686131386859,0.7954545454545364,0.37908314696741874,0.3891149542217699,0.6108850457782297
lfr_300_med_mix_s1,lfr,300,5,Leiden,{'resolution': 1.5},0.6207520314273359,10,2.120762379072524,0.8664888888888889,7,52,30.0,17.36663467687393,0.13461538461538203,0.578887822562445,300,1966,0.043835005574136006,13.106666666666667,13.51426242489352,119,0.48168870803662234,0.5183112919633772,0.2190371941140148,0.08615572384788421,0.10746606334841621,5.107920544319886,0.5899488542334819,0.13464205107150934,0.40139860139860084,0.7880794701986703,0.3394434791247753,0.5183112919633772,0.48168870803662234
lfr_300_med_mix_s1,lfr,300,5,Leiden,{'resolution': 2.0},0.469891666429437,19,2.8097679403864584,0.9312222222222222,6,40,15.789473684210526,8.745398473473568,0.14999999999999625,0.5538752366532909,300,1966,0.043835005574136006,13.106666666666667,13.51426242489352,119,0.3443540183112918,0.6556459816887077,0.29571217819935997,0.114789790034839,0.1756410256410254,3.751931538415205,0.7017706192017924,0.1088478522926344,0.4596491228070159,0.8795180722891514,0.27425322548430126,0.6556459816887077,0.3443540183112918
lfr_300_med_mix_s1,lfr,300,5,Leiden,{'resolution': 3.0},0.4023359437782589,36,3.4740263127348334,0.9652666666666667,3,24,8.333333333333334,4.169998667732268,0.1249999999999948,0.5003998401278121,300,1966,0.043835005574136006,13.106666666666667,13.51426242489352,119,0.2538148524923702,0.7461851475076293,0.4538349951845939,0.1909143929899587,0.23188405797101364,2.85825405304572,0.7697187198834988,0.0832955557359508,0.4677419354838691,0.9398496240601434,0.21968466473280773,0.7461851475076293,0.2538148524923702
lfr_300_med_mix_s1,lfr,300,5,LabelProp,{'seed': 0},0.0,1,-1.000088900581841e-12,0.0,300,300,300.0,0.0,0.9999999999999966,0.0,300,1966,0.043835005574136006,13.106666666666667,13.51426242489352,119,0.9999999999999996,0.0,0.04356744704570791,0.0,0.04356744704570791,13.026666666666667,0.0,0.0,0.0,0.0,0.0,0.0,0.9999999999999996
lfr_300_med_mix_s1,lfr,300,5,LabelProp,{'seed': 1},0.0,1,-1.000088900581841e-12,0.0,300,300,300.0,0.0,0.9999999999999966,0.0,300,1966,0.043835005574136006,13.106666666666667,13.51426242489352,119,0.9999999999999996,0.0,0.04356744704570791,0.0,0.04356744704570791,13.026666666666667,0.0,0.0,0.0,0.0,0.0,0.0,0.9999999999999996
lfr_300_med_mix_s1,lfr,300,5,LabelProp,{'seed': 2},0.0,1,-1.000088900581841e-12,0.0,300,300,300.0,0.0,0.9999999999999966,0.0,300,1966,0.043835005574136006,13.106666666666667,13.51426242489352,119,0.9999999999999996,0.0,0.04356744704570791,0.0,0.04356744704570791,13.026666666666667,0.0,0.0,0.0,0.0,0.0,0.0,0.9999999999999996
lfr_300_med_mix_s1,lfr,300,5,LabelProp,{'seed': 3},0.0,1,-1.000088900581841e-12,0.0,300,300,300.0,0.0,0.9999999999999966,0.0,300,1966,0.043835005574136006,13.106666666666667,13.51426242489352,119,0.9999999999999996,0.0,0.04356744704570791,0.0,0.04356744704570791,13.026666666666667,0.0,0.0,0.0,0.0,0.0,0.0,0.9999999999999996
lfr_300_med_mix_s1,lfr,300,5,LabelProp,{'seed': 4},0.0,1,-1.000088900581841e-12,0.0,300,300,300.0,0.0,0.9999999999999966,0.0,300,1966,0.043835005574136006,13.106666666666667,13.51426242489352,119,0.9999999999999996,0.0,0.04356744704570791,0.0,0.04356744704570791,13.026666666666667,0.0,0.0,0.0,0.0,0.0,0.0,0.9999999999999996
lfr_300_med_mix_s1,lfr,300,5,Spectral,{'k': 2},0.37102670401222715,2,0.6917242833287351,0.4985777777777778,142,158,150.0,8.0,0.8987341772151842,0.05333333333333298,300,1966,0.043835005574136006,13.106666666666667,13.51426242489352,119,0.7609359104781278,0.23906408952187172,0.06694245617895779,0.006876343141789375,0.06006611303716842,9.919415225530397,0.24004085801838598,0.0,0.24004085801838598,0.24004085801838598,0.2609276313815018,0.23906408952187172,0.7609359104781278
lfr_300_med_mix_s1,lfr,300,5,Spectral,{'k': 3},0.5143131962151317,3,1.062186022539628,0.6411777777777778,78,139,100.0,27.65260686927485,0.5611510791366866,0.27652606869274576,300,1966,0.043835005574136006,13.106666666666667,13.51426242489352,119,0.6948118006103761,0.30518819938962344,0.0895802578996059,0.01161359766317226,0.0778333854655406,8.622813334133435,0.32859757506821957,0.062179282058932285,0.2406745017884516,0.37380191693290693,0.3184576508684255,0.30518819938962344,0.6948118006103761
lfr_300_med_mix_s1,lfr,300,5,Spectral,{'k': 5},0.7814009877139942,5,1.5354216379671173,0.7714888888888889,26,97,60.0,22.653917983430592,0.26804123711339933,0.3775652997238369,300,1966,0.043835005574136006,13.106666666666667,13.51426242489352,119,0.6322482197355033,0.3677517802644963,0.13726629314531474,0.038294134067759715,0.09095716552088838,7.473530232269676,0.40089864484557697,0.06324786053651789,0.2885732730794059,0.46303501945525105,0.3737409305083675,0.3677517802644963,0.6322482197355033
lfr_300_med_mix_s1,lfr,300,5,Spectral,{'k': 8},0.6914028100640491,8,1.8353657680790119,0.8146666666666667,7,89,37.5,26.052830940226055,0.07865168539325755,0.6947421584060096,300,1966,0.043835005574136006,13.106666666666667,13.51426242489352,119,0.5864699898270598,0.4135300101729398,0.18617938723712407,0.06772623164751766,0.10314523589269187,5.518282480404089,0.5334079104212743,0.14770278735889733,0.3002717391304346,0.7254901960784171,0.3574150694047019,0.4135300101729398,0.5864699898270598
lfr_300_med_mix_s1,lfr,300,5,Spectral,{'k': 10},0.5918558159055508,10,2.039123666871393,0.8425333333333334,7,83,30.0,22.74203157151973,0.08433734939758936,0.7580677190506324,300,1966,0.043835005574136006,13.106666666666667,13.51426242489352,119,0.5447609359104779,0.45523906408952164,0.2131462695312611,0.08214581392710814,0.13546870408463116,4.93317464129738,0.57426987051276,0.1347782643779185,0.3333333333333331,0.7142857142856996,0.3422079212326747,0.45523906408952164,0.5447609359104779
lfr_300_med_mix_s1,lfr,300,5,GreedyMod,{},0.5332520215743115,6,1.2299289267850368,0.6774222222222223,1,123,50.0,48.359762888859024,0.008130081300812943,0.9671952577771611,300,1966,0.043835005574136006,13.106666666666667,13.51426242489352,119,0.6622583926754829,0.33774160732451664,83333333333.51732,186338998124.90018,0.08796481407437023,4.972458702042149,0.5822703180381824,0.24369008320410007,0.26548672566371667,0.8666666666666089,0.31630560318910805,0.33774160732451664,0.6622583926754829
lfr_300_high_mix_s1,lfr,300,5,Louvain,{'resolution': 0.5},0.23834082548530605,83,3.3842226940651803,0.9109111111111111,1,74,3.6144578313253013,9.139918173820018,0.013513513513513332,2.528710694756172,300,1915,0.04269788182831661,12.766666666666667,13.831807144725843,120,0.2684073107049607,0.7315926892950388,0.42606315393907124,0.466506118082263,0.0,0.9127705803910623,0.9155053384787585,0.09760401005341389,0.5660377358490561,0.9999999999999445,0.15123233507624975,0.7315926892950388,0.2684073107049607
lfr_300_high_mix_s1,lfr,300,5,Louvain,{'resolution': 0.8},0.10051700413902302,14,2.032120345229691,0.8333111111111111,3,67,21.428571428571427,24.746469548241436,0.04477611940298441,1.1548352455845465,300,1915,0.04269788182831661,12.766666666666667,13.831807144725843,120,0.40522193211488233,0.5947780678851172,0.4078484065635194,0.23915469151257382,0.08990384615384611,3.101044679340313,0.7299404433941709,0.11616318809523611,0.5279503105590055,0.8787878787878521,0.22832018760779607,0.5947780678851172,0.40522193211488233
lfr_300_high_mix_s1,lfr,300,5,Louvain,{'resolution': 1.0},0.059723436019772216,9,2.1046745334235633,0.8708888888888888,9,54,33.333333333333336,13.416407864998739,0.16666666666666358,0.40249223594995004,300,1915,0.04269788182831661,12.766666666666667,13.831807144725843,120,0.37075718015665776,0.6292428198433417,0.14440714094083337,0.03503745562480533,0.09608665269042621,4.226187104372479,0.657385401376256,0.06566262027658348,0.5751138088012131,0.79999999999999,0.23634641997695813,0.6292428198433417,0.37075718015665776
lfr_300_high_mix_s1,lfr,300,5,Louvain,{'resolution': 1.2},0.06056815141005471,12,2.3902876571395275,0.9015111111111112,11,39,25.0,10.661457061146317,0.28205128205127483,0.42645828244583567,300,1915,0.04269788182831661,12.766666666666667,13.831807144725843,120,0.33368146214099204,0.6663185378590075,0.1808772935955375,0.05547352429428742,0.12594696969696945,3.82566526221812,0.6934384946261355,0.06067339182968436,0.6070726915520617,0.7762237762237708,0.231664678333072,0.6663185378590075,0.33368146214099204
lfr_300_high_mix_s1,lfr,300,5,Louvain,{'resolution': 1.5},0.1042490835979636,18,2.7955658007515405,0.9335111111111111,6,34,16.666666666666668,7.393691004272944,0.1764705882352889,0.4436214602563501,300,1915,0.04269788182831661,12.766666666666667,13.831807144725843,120,0.293994778067885,0.7060052219321146,0.24466494194156008,0.08158122481033458,0.13368983957219227,3.3722261006829926,0.7292488519724777,0.06313994919376502,0.6120906801007541,0.8620689655172354,0.22600522193211486,0.7060052219321146,0.293994778067885
lfr_300_high_mix_s1,lfr,300,5,Louvain,{'resolution': 2.0},0.1223533597122886,29,3.332393166541394,0.9630666666666666,6,17,10.344827586206897,2.757758485949269,0.3529411764705675,0.2665833203084036,300,1915,0.04269788182831661,12.766666666666667,13.831807144725843,120,0.2402088772845952,0.7597911227154044,0.32864838283194336,0.07797235803963444,0.20952380952380753,2.9181633303590706,0.7627786054317905,0.037400313692570734,0.6855895196506521,0.838235294117641,0.20156521620571416,0.7597911227154044,0.2402088772845952
lfr_300_high_mix_s1,lfr,300,5,Louvain,{'resolution': 3.0},0.15551534209135398,40,3.6365080606928517,0.9723777777777778,3,13,7.5,2.4289915602982237,0.23076923076921302,0.3238655413730533,300,1915,0.04269788182831661,12.766666666666667,13.831807144725843,120,0.2052219321148824,0.7947780678851171,0.4382149100898733,0.18543961748037696,0.2181818181818142,2.505600926850927,0.7952613940884934,0.05384986670091495,0.6989247311827882,0.9130434782608597,0.1779416316151859,0.7947780678851171,0.2052219321148824
lfr_300_high_mix_s1,lfr,300,5,Leiden,{'resolution': 0.5},0.0,1,-1.000088900581841e-12,0.0,300,300,300.0,0.0,0.9999999999999966,0.0,300,1915,0.04269788182831661,12.766666666666667,13.831807144725843,120,0.9999999999999996,0.0,0.04250836120401338,0.0,0.04250836120401338,12.71,0.0,0.0,0.0,0.0,0.0,0.0,0.9999999999999996
lfr_300_high_mix_s1,lfr,300,5,Leiden,{'resolution': 0.8},0.10979357664412925,4,1.35510680300063,0.7346,54,95,75.0,18.614510468986285,0.5684210526315729,0.24819347291981383,300,1915,0.04269788182831661,12.766666666666667,13.831807144725843,120,0.5023498694516969,0.49765013054830265,0.0867582602865411,0.014115266631916383,0.0738174868609651,6.182980495330687,0.5112473267908609,0.05300926197892749,0.44788273615635144,0.5680880330123789,0.23560116982186802,0.49765013054830265,0.5023498694516969
lfr_300_high_mix_s1,lfr,300,5,Leiden,{'resolution': 1.0},0.11082504934564041,8,2.028018599002971,0.8627777777777778,17,57,37.5,11.726039399558575,0.2982456140350825,0.3126943839882203,300,1915,0.04269788182831661,12.766666666666667,13.831807144725843,120,0.3906005221932113,0.6093994778067883,0.13338367611697963,0.026555359275365197,0.10612244897959176,4.621707763967827,0.6259262879926366,0.04521815687588282,0.534772182254196,0.6823529411764666,0.2449904219130269,0.6093994778067883,0.3906005221932113
lfr_300_high_mix_s1,lfr,300,5,Leiden,{'resolution': 1.2},0.11740634242102517,12,2.4049311842398025,0.9040666666666667,10,38,25.0,9.72111104761179,0.26315789473683515,0.3888444419044561,300,1915,0.04269788182831661,12.766666666666667,13.831807144725843,120,0.339947780678851,0.6600522193211485,0.192559634363871,0.06600922003142211,0.12857142857142834,4.0356205538695615,0.6787828676283554,0.0528165494109978,0.6069364161849699,0.7647058823529356,0.24326718431511565,0.6600522193211485,0.339947780678851
lfr_300_high_mix_s1,lfr,300,5,Leiden,{'resolution': 1.5},0.14769135780410916,19,2.9008199006939916,0.942711111111111,8,28,15.789473684210526,4.696907687857496,0.28571428571427554,0.2974708202309559,300,1915,0.04269788182831661,12.766666666666667,13.831807144725843,120,0.28563968668407297,0.7143603133159265,0.24153161012578983,0.04003590899838986,0.16269841269841226,3.413161742074484,0.7215395222457668,0.03633272304176118,0.6514522821576737,0.7909090909090873,0.22549448152213186,0.7143603133159265,0.28563968668407297
lfr_300_high_mix_s1,lfr,300,5,Leiden,{'resolution': 2.0},0.15487444617428822,29,3.3446235714449633,0.9639333333333333,7,15,10.344827586206897,2.217109986990139,0.46666666666663553,0.21432063207569274,300,1915,0.04269788182831661,12.766666666666667,13.831807144725843,120,0.24281984334203643,0.7571801566579631,0.3333410842031444,0.07821151481037518,0.19999999999999635,2.990862872759425,0.7564675491877232,0.04036743710294498,0.6898395721925097,0.8522727272727224,0.2054064040248417,0.7571801566579631,0.24281984334203643
lfr_300_high_mix_s1,lfr,300,5,Leiden,{'resolution': 3.0},0.14930341483900034,41,3.682883459987567,0.9740888888888889,4,12,7.317073170731708,1.827153248812492,0.33333333333330556,0.24971094400433977,300,1915,0.04269788182831661,12.766666666666667,13.831807144725843,120,0.21514360313315917,0.7848563968668404,0.43845598845596245,0.11372733324153719,0.2777777777777701,2.6233739837398375,0.7824477716856973,0.04056244714713004,0.6978417266187,0.8940397350993319,0.18768851106763293,0.7848563968668404,0.21514360313315917
lfr_300_high_mix_s1,lfr,300,5,LabelProp,{'seed': 0},0.0,1,-1.000088900581841e-12,0.0,300,300,300.0,0.0,0.9999999999999966,0.0,300,1915,0.04269788182831661,12.766666666666667,13.831807144725843,120,0.9999999999999996,0.0,0.04250836120401338,0.0,0.04250836120401338,12.71,0.0,0.0,0.0,0.0,0.0,0.0,0.9999999999999996
lfr_300_high_mix_s1,lfr,300,5,LabelProp,{'seed': 1},0.0,1,-1.000088900581841e-12,0.0,300,300,300.0,0.0,0.9999999999999966,0.0,300,1915,0.04269788182831661,12.766666666666667,13.831807144725843,120,0.9999999999999996,0.0,0.04250836120401338,0.0,0.04250836120401338,12.71,0.0,0.0,0.0,0.0,0.0,0.0,0.9999999999999996
lfr_300_high_mix_s1,lfr,300,5,LabelProp,{'seed': 2},0.0,1,-1.000088900581841e-12,0.0,300,300,300.0,0.0,0.9999999999999966,0.0,300,1915,0.04269788182831661,12.766666666666667,13.831807144725843,120,0.9999999999999996,0.0,0.04250836120401338,0.0,0.04250836120401338,12.71,0.0,0.0,0.0,0.0,0.0,0.0,0.9999999999999996
lfr_300_high_mix_s1,lfr,300,5,LabelProp,{'seed': 3},0.0,1,-1.000088900581841e-12,0.0,300,300,300.0,0.0,0.9999999999999966,0.0,300,1915,0.04269788182831661,12.766666666666667,13.831807144725843,120,0.9999999999999996,0.0,0.04250836120401338,0.0,0.04250836120401338,12.71,0.0,0.0,0.0,0.0,0.0,0.0,0.9999999999999996
lfr_300_high_mix_s1,lfr,300,5,LabelProp,{'seed': 4},0.0,1,-1.000088900581841e-12,0.0,300,300,300.0,0.0,0.9999999999999966,0.0,300,1915,0.04269788182831661,12.766666666666667,13.831807144725843,120,0.9999999999999996,0.0,0.04250836120401338,0.0,0.04250836120401338,12.71,0.0,0.0,0.0,0.0,0.0,0.0,0.9999999999999996
lfr_300_high_mix_s1,lfr,300,5,Spectral,{'k': 2},0.0027586153884552795,2,0.6931249581711112,0.49997777777777785,149,151,150.0,1.0,0.9867549668874107,0.006666666666666623,300,1915,0.04269788182831661,12.766666666666667,13.831807144725843,120,0.65065274151436,0.3493472584856395,0.055401403225528736,0.0025978712166987196,0.05280353200883001,8.252211209387085,0.35718099305926304,0.0,0.35718099305926304,0.35718099305926304,0.1504122326827506,0.3493472584856395,0.65065274151436
lfr_300_high_mix_s1,lfr,300,5,Spectral,{'k': 3},0.04832341299926723,3,1.0899578218645396,0.6610666666666667,82,112,100.0,12.96148139681572,0.7321428571428507,0.1296148139681559,300,1915,0.04269788182831661,12.766666666666667,13.831807144725843,120,0.5289817232375976,0.4710182767624019,0.06617686759579687,0.00169919730112725,0.06458897922312555,6.568924900839305,0.48047767093436927,0.05347496565978394,0.42895086321381115,0.5541795665634669,0.18519166399661874,0.4710182767624019,0.5289817232375976
lfr_300_high_mix_s1,lfr,300,5,Spectral,{'k': 5},0.07980092636674423,5,1.5761792905144287,0.7870666666666667,37,81,60.0,15.257784898208522,0.4567901234567845,0.2542964149701378,300,1915,0.04269788182831661,12.766666666666667,13.831807144725843,120,0.4318537859007831,0.5681462140992164,0.09220841733752524,0.014127002446820705,0.07577160493827158,5.258922255588923,0.5796758503234518,0.036873199481385455,0.533962264150943,0.6276849642004758,0.2115557403758973,0.5681462140992164,0.4318537859007831
lfr_300_high_mix_s1,lfr,300,5,Spectral,{'k': 8},0.12160010239023673,8,2.0111420070857324,0.8566222222222222,22,68,37.5,14.378803844548406,0.3235294117647011,0.3834347691879472,300,1915,0.04269788182831661,12.766666666666667,13.831807144725843,120,0.3780678851174933,0.6219321148825062,0.12503174992070737,0.03798517732640614,0.07993197278911558,4.2972077470389385,0.6496318609987697,0.04658848766105671,0.541359541359541,0.7014925373134302,0.20452549270906473,0.6219321148825062,0.3780678851174933
lfr_300_high_mix_s1,lfr,300,5,Spectral,{'k': 10},0.09049439505258634,10,2.1929852365739357,0.8797333333333333,6,56,30.0,13.505554412907307,0.10714285714285522,0.4501851470968952,300,1915,0.04269788182831661,12.766666666666667,13.831807144725843,120,0.33472584856396853,0.665274151436031,0.16165110583830103,0.10421486827658342,0.10336817653890812,3.7306282462926044,0.6868469002510239,0.04158066369300261,0.6165803108808283,0.7603686635944665,0.19233603064987834,0.665274151436031,0.33472584856396853
lfr_300_high_mix_s1,lfr,300,5,GreedyMod,{},0.060790351486835564,7,1.7943612908840272,0.8166222222222222,11,79,42.857142857142854,22.824977367715714,0.13924050632911217,0.5325828052466876,300,1915,0.04269788182831661,12.766666666666667,13.831807144725843,120,0.42715404699738885,0.5728459530026107,0.12299419529181854,0.031133648943053344,0.08974358974358972,4.494634295857122,0.6302834223956051,0.09607953714770129,0.49130832570905725,0.7938144329896826,0.22985499935237136,0.5728459530026107,0.42715404699738885
