dataset_id,pymfe_attr_conc.mean,pymfe_attr_conc.sd,pymfe_attr_ent.mean,pymfe_attr_ent.sd,pymfe_attr_to_inst,pymfe_c1,pymfe_c2,pymfe_can_cor.mean,pymfe_can_cor.sd,pymfe_cat_to_num,pymfe_class_conc.mean,pymfe_class_conc.sd,pymfe_class_ent,pymfe_cls_coef,pymfe_cohesiveness.mean,pymfe_cohesiveness.sd,pymfe_conceptvar.mean,pymfe_conceptvar.sd,pymfe_cor.mean,pymfe_cor.sd,pymfe_cov.mean,pymfe_cov.sd,pymfe_density,pymfe_eigenvalues.mean,pymfe_eigenvalues.sd,pymfe_eq_num_attr,pymfe_f1.mean,pymfe_f1.sd,pymfe_f1v.mean,pymfe_f1v.sd,pymfe_f2.mean,pymfe_f2.sd,pymfe_f3.mean,pymfe_f3.sd,pymfe_f4.mean,pymfe_f4.sd,pymfe_freq_class.mean,pymfe_freq_class.sd,pymfe_g_mean.mean,pymfe_g_mean.sd,pymfe_gravity,pymfe_h_mean.mean,pymfe_h_mean.sd,pymfe_hubs.mean,pymfe_hubs.sd,pymfe_impconceptvar.mean,pymfe_impconceptvar.sd,pymfe_inst_to_attr,pymfe_iq_range.mean,pymfe_iq_range.sd,pymfe_joint_ent.mean,pymfe_joint_ent.sd,pymfe_kurtosis.mean,pymfe_kurtosis.sd,pymfe_l1.mean,pymfe_l1.sd,pymfe_l2.mean,pymfe_l2.sd,pymfe_l3.mean,pymfe_l3.sd,pymfe_lh_trace,pymfe_lsc,pymfe_mad.mean,pymfe_mad.sd,pymfe_max.mean,pymfe_max.sd,pymfe_mean.mean,pymfe_mean.sd,pymfe_median.mean,pymfe_median.sd,pymfe_min.mean,pymfe_min.sd,pymfe_mut_inf.mean,pymfe_mut_inf.sd,pymfe_n1,pymfe_n2.mean,pymfe_n2.sd,pymfe_n3.mean,pymfe_n3.sd,pymfe_n4.mean,pymfe_n4.sd,pymfe_nr_attr,pymfe_nr_bin,pymfe_nr_cat,pymfe_nr_class,pymfe_nr_cor_attr,pymfe_nr_disc,pymfe_nr_inst,pymfe_nr_norm,pymfe_nr_num,pymfe_nr_outliers,pymfe_ns_ratio,pymfe_num_to_cat,pymfe_p_trace,pymfe_range.mean,pymfe_range.sd,pymfe_roy_root,pymfe_sd.mean,pymfe_sd.sd,pymfe_sd_ratio,pymfe_skewness.mean,pymfe_skewness.sd,pymfe_sparsity.mean,pymfe_sparsity.sd,pymfe_t1,pymfe_t2,pymfe_t3,pymfe_t4,pymfe_t_mean.mean,pymfe_t_mean.sd,pymfe_var.mean,pymfe_var.sd,pymfe_w_lambda,pymfe_wg_dist.mean,pymfe_wg_dist.sd
img_fashion_mnist_2k,0.008569587418851915,0.007097185373859101,3.5849567260822415,4.485978453382215e-16,0.025,0.9983974130388357,0.0009163050407381412,0.723111606718371,0.20115536883025475,0.0,0.026915345960795953,0.03400478802653447,3.316604416236571,0.301539575619743,543.043875,49.90575876578142,0.8960075870129603,0.009473762106207755,6.86557501592464e-10,5.32299656764779e-10,6.869009519726984e-10,5.32565939624501e-10,0.9472616308154077,1.0005002500129576,6.493954418013928e-09,16.67160446299256,0.8994055115918347,0.1710521742939039,0.039526870588994956,0.042720988884896324,2.0405159531178324e-06,6.141340626624389e-06,0.5427742577738265,0.23110280717929188,0.002658404680562663,0.013121023904358927,0.10000000000000002,0.009073771725877469,,,3.7796175857187175,,,0.9231578162923845,0.23451190790062937,480.13875,43.53613379608317,40.0,1.2467428216338157,0.12091005273565467,6.702623816064538,0.22934259368735443,0.7759604131137885,0.6652383041211093,0.01263450284581935,0.0287834597669808,0.012837136466003221,0.03255682999826058,0.021691302855006957,0.03986654698526143,24.766155078453465,0.99441,0.924042117473089,0.0885914042540204,4.050283298492432,0.7959175262872259,4.065447569701063e-11,5.586775867505209e-10,0.0018629584650989273,0.03580077900611543,-3.8835057973861695,0.7280581851005455,0.1989373262542746,0.22934259368735443,0.339,0.4405496294063921,0.07510992063627478,0.2225,0.4160291938615276,0.4345,0.49581515339203436,50,0,0,10,0.0,9,2000,3.0,50,48,17.02053336888663,,5.0297214212113035,7.933789095878601,1.2221600031238393,10.997677008732479,1.0002500937330414,1.049743593254778e-09,,0.022821454513148924,0.2136801038004252,1.5015011257506955e-08,6.003450386577266e-08,0.7765,0.025,0.024,0.96,-0.0006163161534002504,0.02681025379395264,1.0005002500129578,2.100012227332415e-09,9.433275173888191e-05,1.2966592724392692,0.1429930734548869
img_fashion_mnist_5k,0.004421333839545107,0.0007613733666523516,4.087461976382371,8.97195690676443e-16,0.01,0.9995672636464664,0.00024710313771059145,0.7223352888236207,0.19680274591842192,0.0,0.016904719789496408,0.023469487479598795,3.3204905758368803,0.3102365322851548,1405.2008,158.096927075703,0.8964215406984429,0.00495061375520693,4.4821837942704523e-10,3.349632721450175e-10,4.4830804093172056e-10,3.3503027811510383e-10,0.9480982596519304,1.0002000397681026,4.202307049862037e-09,18.82697830189731,0.899884644348632,0.16965566625330228,0.043278496978405176,0.04672626547141976,1.2419633524948182e-05,3.7033085039823995e-05,0.6011343280851338,0.239544511126441,0.09233300156163536,0.18988897044323466,0.1,0.004713102304568968,,,3.347994426723547,,,0.9262245417652452,0.22737606612731082,1240.39035,138.60608022277538,100.0,1.2656640972197055,0.10220883393249047,7.231583805063353,0.22525535053092385,0.6531224641414702,0.5711522779257745,0.017075899523224858,0.030923979404168883,0.019293627282191507,0.038960578969637547,0.023948364474363944,0.04060047038597823,24.203977879722288,0.99595964,0.9372948114602251,0.07581367972255285,4.197977437973022,0.8281737010187273,-9.059509102371522e-11,3.985140641420767e-10,-0.0016215720761101693,0.03273370678130556,-4.1853631973266605,0.7079579314859118,0.1763687471558967,0.22525535053092385,0.301,0.43421142766960746,0.07819317901901844,0.1974,0.39807654161806283,0.4326,0.495485964754052,50,0,0,10,0.0,9,5000,0.0,50,48,22.17565919300522,,5.005764991727381,8.383340635299682,1.2932236290617594,11.04476270019374,1.0001000148825627,7.075126774790252e-10,,0.021081203683910945,0.22415159940113472,4.001600480127151e-09,1.2126680721845373e-08,0.7426,0.01,0.0096,0.96,-0.002779347892595669,0.02564086222084743,1.0002000397681026,1.4151668797884998e-09,0.00010648699002552162,1.2343062713450004,0.13260367727200165
img_mnist_digits_2k,0.0073991781926683875,0.003085388407493013,3.5849567260822415,4.485978453382215e-16,0.025,0.9980167117145552,0.0011013683995693135,0.7008626388926712,0.15075405366471364,0.0,0.020186315071460622,0.021039959167985216,3.315339753811682,0.3181755441330326,507.545375,12.310376519197016,0.8965216842396726,0.011092559430313675,6.54523924480864e-10,5.015282858492387e-10,6.548513503036035e-10,5.017791755790741e-10,0.9562581290645322,1.0005002503175278,6.2630141794017295e-09,20.74484866786476,0.9079461339469053,0.14516425104785377,0.03285551605939327,0.015820911753629076,6.495649165525274e-06,1.390308283323438e-05,0.5382238378707777,0.22194470486716697,0.0,0.0,0.09999999999999999,0.00998331942124796,,,3.0315737769976416,,,0.9065977608613554,0.2706054910362186,452.051125,6.430904543763693,40.0,1.3256985679268838,0.06443487228858583,6.740481394862843,0.15032387880085807,0.16971796943799805,0.33091274563985873,0.0011000330251016803,0.003696395999308485,0.0008446525015323688,0.0029503757731236435,0.012547919214149975,0.01911151584127282,12.832619722998283,0.99388325,0.9810722075079481,0.04478629651984066,3.6109660863876343,0.5382024518662281,-1.2383788998704417e-11,5.777056319299268e-10,-0.004142420064599719,0.0459462930610816,-3.4720160937309266,0.6099059923869126,0.15981508503107947,0.15032387880085812,0.239,0.43145879520570013,0.06754324232858323,0.1125,0.3160596412837682,0.4025,0.4905242675225297,50,0,0,10,0.0,9,2000,13.0,50,49,21.43190450629282,,4.602690224931137,7.08298218011856,0.8982690189285011,3.130500305411168,1.000250093885288,1.1404377458872817e-09,,0.014398224375148438,0.1677834932087998,5.0050037525023185e-09,3.5390720932585054e-08,0.8625,0.025,0.024,0.96,-0.0021645352788533263,0.027450121831903422,1.0005002503175278,2.2814459247736666e-09,0.0007508222818459268,1.425797897471328,0.10938083944643383
img_mnist_digits_5k,0.003807758659601333,0.0006205316353667521,4.087461976382371,8.97195690676443e-16,0.01,0.9991019087366493,0.0005138008896159452,0.6993250216650263,0.1461542513545806,0.0,0.013234493490259468,0.015291275985476485,3.318944700287865,0.32686836535393826,1279.4025,40.67765960140934,0.8969569424978515,0.00805605012589252,4.231113855206378e-10,3.187259584224347e-10,4.231960247234828e-10,3.187897163795678e-10,0.9563691138227646,1.0002000399845243,3.9093761875066905e-09,22.3647667815949,0.9085521827684967,0.14386213711117785,0.0361823510545538,0.016620022050743557,4.9991661951071285e-05,0.00013914319475337715,0.6674948197675328,0.20473025890115645,0.0915879773420265,0.1685973538984615,0.1,0.006794769229995152,,,3.543001555515318,,,0.9102127342230913,0.2629800280372322,1137.5331,22.82549435452616,100.0,1.3295164957642556,0.05037653823424775,7.258006081542223,0.1517340110229588,0.12544061373611942,0.26335600227730815,0.006295653605400268,0.01062118506973454,0.005824450013435844,0.010075159406884585,0.013011931506938136,0.013709172782692364,12.579819978843357,0.99531068,0.9834781494948888,0.033410338706823625,3.7048387861251832,0.4588873499429312,-5.0219987315358596e-11,2.779864250930977e-10,0.0009719178688828834,0.035360142190120375,-3.7093841338157656,0.6376689205141457,0.1484005951280115,0.15173401102295878,0.1526,0.41798317463353707,0.06861277802888074,0.073,0.2601625201818692,0.3906,0.4879336592726211,50,0,0,10,0.0,9,5000,7.0,50,49,26.543433857906667,,4.572387894853248,7.414222919940949,0.864240854390508,3.1235452129053276,1.000100014990763,5.592480196259482e-10,,0.0005623910325449979,0.1482444088013896,4.001920736268111e-09,1.4576161229677346e-08,0.8288,0.01,0.0096,0.96,-0.0003027256201258874,0.02323773588837798,1.0002000399845243,1.1186079276953975e-09,0.000821984921499162,1.358038865327375,0.10226549127167275
openml_1038,0.0044236798297992265,0.0006657088613577111,3.9068884382927407,4.485978453382215e-16,0.01441753171856978,0.9997982272095377,0.0005592504580899105,0.719980411080089,,0.0,0.0013170948865717659,0.0024815776646178607,0.9997982272095377,0.6238934723799037,872.1470588235294,9.08567220170267,0.4984695396876144,0.010934047030670175,4.58631050775925e-10,3.5015637689187527e-10,4.587633354468346e-10,3.502573737833832e-10,0.8797700114674893,1.0002884337457774,4.33873790900348e-09,69.58127638913409,0.9896325641548157,0.030337771342651698,0.18854141455294293,,0.0012586592445312846,,0.9019607843137255,,0.8036332179930796,,0.5,0.011825891957560494,,,1.4401622449881282,,,0.8171135928883166,0.2010619434006887,434.80312860438295,7.8822454283279955,69.36,1.344510141313076,0.04456204997798868,4.892317882992193,0.0299906912010906,0.034143834838331125,0.2319547341186117,0.10582432269178366,,0.14244521337946947,,0.1199538638985006,,1.076290350302685,0.9979243410506207,0.993753427318381,0.02930102809907475,3.5503208827972412,0.37171764840825483,3.938002174512983e-11,3.41056103617887e-10,0.0011538129555992782,0.04253864304558916,-3.5015244698524475,0.551581641169034,0.01436878251008439,0.0299906912010906,0.3235294117647059,0.4722650489146587,0.03517627159066532,0.18598615916955016,0.3891516096478374,0.2566320645905421,0.4368375820852962,50,0,0,2,0.0,1,3468,18.0,50,49,270.90114649941864,,0.518371792339054,7.051845352649689,0.7272763760569184,1.076290350302685,1.0001442064751347,7.368559696398503e-10,,-0.008267261888691643,0.18060138834383624,8.320366070577499e-09,3.030569210462471e-08,0.9855824682814303,0.01441753171856978,0.01384083044982699,0.96,0.0020037018213922247,0.028522695451424423,1.0002884337457771,1.473924458361449e-09,0.48162820766094605,1.4274247861844687,0.08120453604449104
openml_1040,0.04387668698062765,0.13816425297169319,0.9126456294270383,1.5366657923209772,0.0214,0.33846102745652457,0.8665828361107797,0.8341337921556204,,0.0,0.03068567358709282,0.0928622784498637,0.33846102745652457,0.49095136559565045,580.40255,55.47459365482755,0.11335422909303047,0.21147287655477723,,,0.028822811156856615,0.05844940394892349,0.8230985397079416,1.0143176070003244,0.7464692154757533,23.129888065370235,,,0.025103303239001645,,,,0.2744,,0.0184,,0.5,0.6182941694695172,,,6.651007729520137,,,0.5889805693310435,0.1670220060254617,53.766725,98.7287488747971,46.728971962616825,0.32050467526244225,0.617176972454055,1.23647359741955,1.5238685096911042,,,0.0027576418758900045,,0.0031999999999999806,,0.0040000000000000036,,2.2870860402354842,0.7401078,0.1720651513735198,0.3635382087533404,12.887096099720868,17.68949489072597,9.817048886064083e-05,0.010497967832805316,-0.15342880564384928,0.19278782256038904,-0.6931730079003305,1.3464370990762788,0.014633059464012882,0.030271184539237918,0.02,0.231389602813976,0.09039203177335389,0.0102,0.10048870382246546,0.09,0.2862103828945682,107,84,0,2,0.0031740433785928408,1,5000,3.0,107,98,61.368750135370526,,0.6957791832159158,13.580269107621199,17.369748924095674,2.2870860402354842,0.9864140935396505,0.20419233922332214,,,,0.42146027999776925,0.21689408471870486,0.065,0.0214,0.0164,0.7663551401869159,-0.11655502411620104,0.11599050448690766,1.0143176070003246,0.32069052279609533,0.3042208167840842,2.6514320907559354,0.12566895251523708
openml_1049,0.07397027799329253,0.09813993269184171,2.77851328667429,0.8265616015405456,0.025377229080932786,0.5353247216329435,0.7271514486696478,0.56954178763819,,0.0,0.016753399113700523,0.024325222997438587,0.5353247216329435,0.42490623959051965,548.6212277091906,88.17283608652399,0.2123267256793547,0.24700309485929625,0.3509771125492698,0.2439443456301057,0.35121800339501674,0.24411177534072162,0.8321023430711019,1.0006863416324017,2.601084633348473,10.728397465204049,0.9725195255121654,0.03311910400518431,0.18400605125064184,,1.7535833378790452e-14,,0.8765432098765432,,0.649519890260631,,0.5,0.5344524505264577,,,3.080034022439303,,,0.6298141706440867,0.24671078416574027,114.62225651577504,135.96274782190994,39.4054054054054,0.7016979091473527,0.4608000611078777,3.263940088010266,0.8294084765506509,104.57528237337651,150.62107133745837,0.06656428126617897,,0.0775034293552812,,0.10013717421124824,,0.4801172472536392,0.9670005701479563,0.3426477780052297,0.33360763879251953,13.777868617225337,8.226547573478722,-7.647916096521006e-10,5.984090900451944e-09,-0.3319078234804643,0.16548465533195633,-0.7230250617942294,0.4501399512506942,0.04989792029696785,0.03671071445815306,0.19890260631001372,,,0.12688614540466392,0.33295959005083525,0.18930041152263374,0.3918814816875174,37,1,0,2,0.24324324324324323,1,1458,0.0,37,34,54.683949754577874,,0.3243778478661051,14.500893679019567,7.972235521583915,0.4801172472536392,1.0003431119532944,9.561809437033232e-09,,6.437016100730202,5.1672009348497525,0.03634396323185577,0.0865223606927128,0.3271604938271605,0.025377229080932786,0.0102880658436214,0.40540540540540543,-0.2247176020058242,0.09827658672137576,1.0006863416324019,1.9130180395467402e-08,0.675622152133895,0.9884282497583526,0.23108833943306195
openml_1050,0.1030877723264024,0.12036737185729847,2.8956659163709317,0.6882030391142526,0.023672424824056303,0.4764549714253225,0.7748455498445594,0.449327999558273,,0.0,0.008790190692814889,0.0070627591172928075,0.4764549714253225,0.37261046294303535,586.1427143314139,81.22434952024943,0.18195440423617704,0.241363047512418,0.4058309977202773,0.30066405282840203,0.4060908125555556,0.300856540089383,0.8297284433641926,1.0006402028666137,3.073381593765803,11.836604566330898,0.9831119362751327,0.02346687958989749,0.2752769034307947,,8.126405668153689e-21,,0.9353806781829814,,0.8682021753039028,,0.5,0.5623376385251942,,,2.6077199044570256,,,0.6531539144608848,0.20119673148961761,104.00587811900192,138.81300915951817,42.24324324324324,0.6558451063213618,0.5000354803382171,3.3318682149325687,0.6767649115064714,237.8779646215043,271.6719323553154,0.09177628095315393,,0.10172744721689064,,0.10684580934101084,,0.2529689901919762,0.9774651254272977,0.349322260836401,0.3369851360241113,18.05735863382752,10.669238266340646,5.636296139011629e-10,5.580607170379467e-09,-0.23101400322205312,0.17494957632457483,-0.6774125310617525,0.49691770223463855,0.040252672863685404,0.02119051524255547,0.19193857965451055,,,0.12156110044785669,0.32688279694973543,0.18873960332693537,0.39142686633548174,37,0,0,2,0.3408408408408408,1,1563,0.0,37,34,70.93723324105773,,0.2018956511870394,18.73477116488927,10.294656743765247,0.2529689901919762,1.0003200502172362,9.941269526949208e-09,,10.304517682330136,8.381371488210627,0.016497397299824537,0.02161396725973918,0.2655150351887396,0.023672424824056303,0.008317338451695458,0.35135135135135137,-0.18530769201250186,0.12058341204042022,1.0006402028666137,1.9888902455121244e-08,0.7981043488129606,0.9578498384936899,0.19834402417357808
openml_1053,0.19047545001243527,0.14897541382024057,3.4143895847277252,0.9440395424377954,0.0042,0.712632141210245,0.5413434040540617,0.3232240155122257,,0.0,0.0063470347168931044,0.0029587133605278124,0.712632141210245,0.3303031133865403,2487.265375,87.20426283653367,0.31255079477370556,0.2431431031336646,0.5912603990275219,0.23939141590951213,0.49085182367115604,0.19802894544213082,0.857868773754751,0.8611568345704215,2.4324206941167366,16.630969173183594,0.963529316069689,0.014678101330446648,0.5742448045594025,,1.0182806648257167e-08,,0.997,,0.9862,,0.5,0.43076945109884474,,,2.060019789207978,,,0.6138215010779542,0.26912910015702407,777.426075,600.8911345248652,238.0952380952381,0.4328590608839433,0.2625305685885549,4.084172019839103,0.934352313652212,301.75979276781123,343.00501138346266,0.15155715092116206,,0.1884,,0.18999999999999995,,0.11666186877369021,0.99838212,0.2488396381434053,0.19836438760278122,24.69342004685175,9.673134014590971,0.00039778231995650065,0.005225331731034734,-0.2285062132314557,0.08188607824318683,-0.4724261005009924,0.25316256332318815,0.04284970609886765,0.012289438772258085,0.3884,,,0.2526,0.43454689758556586,0.3194,0.46629081636365627,21,0,0,2,0.6571428571428573,1,5000,0.0,21,21,78.68291723751064,,0.1044737642038475,25.16584614735274,9.566210521629758,0.11666186877369021,0.9221092440480098,0.10684074804217082,1.2543681167366918,11.87212653061269,7.792318397644842,0.008785899534156512,0.009438827795081667,0.5246,0.0042,0.0016,0.38095238095238093,-0.19739747627084028,0.06326305753451622,0.8611568345704211,0.1934463304691301,0.8955262357961525,0.23722794767723498,0.14445635381185237
openml_1063,0.29470506410781766,0.18665277406543562,2.474947603100613,0.6779439188401618,0.040229885057471264,0.7317786193052257,0.516480285723619,0.5985821212898765,,0.0,0.05704076634495302,0.02560585310213719,0.7317786193052257,0.3835174064895226,255.681872605364,18.68966244738324,0.315018892417388,0.24394286653442301,0.7753209588170245,0.2139833342977616,0.7768090992797348,0.2143940503377199,0.8624954956942514,1.001919387313458,3.6922546520442108,4.143978470526875,0.8573718741856905,0.05531401691046291,0.22691370115417378,,1.1571385793233907e-14,,0.9578544061302682,,0.8409961685823755,,0.5,0.4172200931139016,,,4.287131458669606,,,0.6430053939096836,0.3032049624681214,81.42744252873563,61.298759705881615,24.857142857142858,0.5378951512698439,0.4755013425776987,3.0301378003110235,0.6450536563049707,128.34934228701042,88.47840178481997,0.1050312463668096,,0.14750957854406133,,0.14367816091954022,,0.5583619547091646,0.9912912317787467,0.23472207507342097,0.28882794158820807,14.433972880953835,4.360282435989867,1.365605216128662e-10,4.49702287605586e-09,-0.27644571839343934,0.07785428967234978,-0.48020810385545093,0.295490150580389,0.176588422094815,0.03985638045153878,0.30842911877394635,,,0.18582375478927204,0.38933748487830444,0.14367816091954022,0.3510995558814926,21,0,0,2,0.8952380952380953,1,522,0.0,21,21,13.015344685348328,,0.35830055592788845,14.914180984809285,4.135911095073812,0.5583619547091646,1.0009592335921866,1.203738451802401e-08,1.543425433604911,8.90170441895826,4.332083360818392,0.020272758150939457,0.02738632289029678,0.36398467432950193,0.040229885057471264,0.009578544061302681,0.23809523809523808,-0.22161808134870137,0.03906846113727378,1.0019193873134578,2.409786226738823e-08,0.6416994440721115,0.3289902555231526,0.20764874511638517
openml_1067,0.3274463582047824,0.20775251776420936,2.6382556617113027,0.9806911640767549,0.00995732574679943,0.6211733422333799,0.6461531671518994,0.46769148450900905,,0.0,0.02467666650781884,0.011062071149875173,0.6211733422333799,0.3897210003233541,1004.3770151730678,97.38764596979229,0.2524269748143306,0.2539155826653501,0.720346814467311,0.2211640755087555,0.7206885349197488,0.22126899233496114,0.8497691739477418,1.0004743830387022,3.4540547999866593,6.886717397147574,0.9010460932340876,0.0390021143973599,0.31855285423956836,,0.0010436542718654995,,0.9905168326220958,,0.9592223802750118,,0.5,0.4885038312891416,,,3.987660973807785,,,0.6736020897176673,0.28831934456773317,249.31810099573258,246.2600934268893,100.42857142857143,0.6247330231237269,0.46832603098615233,3.1692302479320333,0.9501428625482438,31.742110453261564,29.145626332617915,0.1114793497432881,,0.14082503556187764,,0.1578947368421053,,0.2799759564110277,0.9816732956659587,0.22560603266656398,0.25424510201124945,11.775934945969354,3.860747149971611,6.568434026471893e-10,4.098902611439369e-09,-0.3695526761668069,0.07301710960848073,-0.5838373047964913,0.2799865664080509,0.09019875601264911,0.032067633461211734,0.2954006638217165,,,0.21906116642958748,0.4137082621160001,0.39023233760075865,0.48791796472463705,21,0,0,2,0.7904761904761906,1,2109,0.0,21,21,28.249357511552866,,0.21873532468224066,12.359772250765847,3.6246283590226236,0.2799759564110277,1.0002371633961122,5.594724668309238e-09,1.1337218905094428,4.197201106534287,2.01474339167088,0.018697467233422003,0.020748046350336658,0.30440967283072545,0.00995732574679943,0.003319108582266477,0.3333333333333333,-0.2907283714284732,0.04798954865894645,1.0004743830387017,1.1192103064530317e-08,0.7812646753177593,0.42307890840844464,0.24779620040897346
openml_1068,0.28736447298512396,0.22254004674477323,2.9376186363236885,0.6653433284693523,0.018935978358881875,0.36380010531923423,0.8516013307773544,0.38623314065745773,,0.0,0.006607209615140497,0.004253453718994713,0.36380010531923423,0.3721439272279594,547.0860572587917,32.04022184099623,0.12575975573643036,0.2202277530226043,0.6327333964909028,0.2273486393881107,0.6333044553431567,0.2275538283154656,0.8155573206420719,1.000902526164629,3.08298277034283,11.41204571808613,0.9583174682571711,0.024066378055674464,0.2703962419620266,,3.7335799684512787e-06,,0.9467989179440938,,0.7096483318304779,,0.5,0.6089152173427889,,,3.680722084385218,,,0.47615093001232056,0.22867362281307727,69.78454688908927,119.58609125514393,52.80952380952381,0.5177564296782726,0.24380869983861514,3.2695401359742933,0.6576857987520683,115.30369703244267,106.83404162001219,0.06241696996030499,,0.06762849413886385,,0.07213706041478807,,0.1753312621292949,0.9586642935373423,0.28948790104314687,0.22192471077078688,16.422595478239515,3.728537777688554,6.192721267487504e-10,3.6845098475436893e-09,-0.2787040514605386,0.07157074750687373,-0.5869057937746956,0.3025673560734617,0.03187860566862904,0.013922682950797056,0.13525698827772767,,,0.07844905320108206,0.26899822911443494,0.19657348963029755,0.39758633154249406,21,0,0,2,0.6904761904761906,1,1109,0.0,21,21,91.15016073348929,,0.14917603894212353,17.00950127201421,3.5405876357605255,0.1753312621292949,1.0004511613090505,6.041308902014641e-09,,7.9868544654559885,4.073342133180996,0.012637119973169433,0.01239065377193521,0.20198376916140667,0.018935978358881875,0.007213706041478809,0.38095238095238093,-0.23409347414607598,0.04623858512178713,1.0009025261646287,1.2088068979487905e-08,0.8508239610578765,0.24749518891490158,0.19872477557026758
openml_11,-6.250002346150688e-08,0.0,2.3219280948873626,0.0,0.0064,0.8316387585459218,0.16400460537082706,0.42392735119707786,0.5638095238095239,0.0,0.0437559133543309,0.0,1.318116246441582,0.4705764280070349,241.808,24.13086849043283,0.4742990649659667,0.14815395642634185,9.473903467745928e-19,2.3206229368361632e-18,9.489085680556893e-19,2.3243418042914845e-18,0.8820769230769231,1.001602529819167,1.0571437693441229e-15,9.73829735250785,0.8306725056689341,1.4332917616497527e-16,0.22925287129025498,0.10604409446870709,1.0,0.0,1.0,0.0,1.0,0.0,0.3333333333333333,0.2207787429381129,,,0.862011001543215,,,0.7675028717549565,0.27659656038134306,129.2264,32.756332315000854,156.25,1.4142135381698608,0.0,3.5046904700382786,0.0,-1.3054356480000004,4.440892098500626e-16,0.06559673439522133,0.04494508840800769,0.06821663094845587,0.015475361907525678,0.10242540389053745,0.04449707887713768,2.093474808770952,0.96865792,1.0483564958453178,0.0,1.4142135381698608,0.0,0.0,0.0,0.0,0.0,-1.4142135381698608,0.0,0.13535387129066612,0.0,0.3168,0.3795619058872111,0.14501290191709684,0.208,0.406201920231798,0.3632,0.4813069813086137,4,0,0,3,0.0,2,625,0.0,4,0,16.15450081144063,,0.6773099773242632,2.8284270763397217,0.0,2.0928366466777804,1.0008009441538157,0.0,1.3063253678127311,3.3669812214825082e-18,9.248911948406115e-18,0.1987179487179487,0.0,0.3376,0.0064,0.0064,1.0,0.0,0.0,1.0016025298191689,0.0,0.3231215738378682,0.7709907678719828,0.046239865143833984
openml_1120,0.050125837324205294,0.054981404072405954,4.087452558549728,1.793853710193779e-05,0.002,0.9367188103082079,0.15911843863789488,0.5608195650122555,,0.0,0.0056889501180798635,0.004245957675962644,0.9367188103082079,0.3700637041299579,2352.9591,181.29114647962922,0.44195237546946936,0.1545285917165222,0.28250296291621013,0.264102603694507,0.2847174086743618,0.2661748473518583,0.8719934386877375,1.0080073153385707,1.2264173326343344,13.963410201335067,0.954830306838593,0.06323147571040001,0.33244613695706343,,0.037788767266517614,,0.976,,0.9446,,0.5,0.207889393668845,,,1.4089091843585573,,,0.7267700687445496,0.29360029844764385,1055.28055,345.73048036687254,500.0,1.1439672280102968,0.28621297401147766,4.957087555032954,0.05166179514732916,4.578863338026438,6.059221228814616,0.1403735329622412,,0.21240000000000003,,0.19499999999999995,,0.4588287550748065,0.99643768,0.782775241197031,0.20058355468818184,5.803619384765625,2.952947446352422,-0.000715657930124435,0.01106397080941957,-0.13771133935078977,0.18294379143040682,-2.947654139995575,2.0881252896086293,0.06708381382498141,0.05167102437463417,0.3096,0.4202302322569065,0.0974435804194846,0.1976,0.3982285238295197,0.3576,0.4793414165693674,10,0,0,2,0.22222222222222224,1,5000,0.0,10,8,59.93053339533892,,0.3145185845005355,8.7512735247612,4.228072633912119,0.4588287550748065,1.0039177375023702,0.013186342542897519,,0.7639881979916753,1.3070869462237105,3.8487589049992634e-05,6.0273842934718096e-05,0.5874,0.002,0.0014,0.7,-0.10171507028100993,0.13449019870334525,1.008007315338571,0.02670552990222843,0.6854814154994645,0.5911048523052305,0.14647945117411262
openml_1169,0.005808803944166291,0.005914878995715354,3.7616378059390883,0.6454074618251786,0.0008,0.9951915196785683,0.013229033685463465,0.1804115621335184,,0.0,0.0008754369791540753,0.0009545099200508392,0.9951915196785683,0.46960885972718813,2391.6758,115.73970226372634,0.49518880776105106,0.04108827305793369,0.07155213406914529,0.13194604994682121,0.07235383505500514,0.13300071414178657,0.9060690538107622,1.0171876621427292,0.2831730333356838,104.77850872813273,0.9918587311119382,0.012922822770285601,0.8807301766691147,,0.9454030269548608,,0.999,,0.9984,,0.5,0.057699913344822246,,,0.3664093248673406,,,0.7125958382645837,0.29345949251139575,1187.7576,113.28585339377477,1250.0,1.4948597811162472,0.23348919639883287,4.747331275571337,0.6406544572407439,-0.0670682592413614,1.6103503853522132,0.18903195440882692,,0.41800000000000004,,0.4084,,0.03364336722927075,0.99955972,1.1444189468064112,0.341612421933006,3.0699228048324585,1.8687775288945205,0.004151600529002463,0.004653230117587394,-0.1294032399309799,0.16485581941394023,-1.7624691426753998,0.7206964574463994,0.009498050046319872,0.011939306792750404,0.6746,0.48995873067733164,0.15974425980964083,0.4736,0.49935249131461884,0.4814,0.49970389311687297,4,0,0,2,0.0,1,5000,0.0,4,1,395.04316544916264,,0.03254833175145637,4.832391947507858,1.8453128381365838,0.03364336722927075,1.0085311682000433,0.008370178156929578,1.00226329933913,0.5990443299014285,0.6600208449392774,0.03665714598534381,0.07069379634106718,0.7446,0.0008,0.0008,1.0,-0.10626753222735835,0.11089233656623901,1.0171876621427285,0.016813401771023775,0.9674516682485437,0.5596640429254014,0.076772277106004
openml_12,0.037121903606829994,0.0693697441770978,3.524252637219526,0.12456779410459584,0.108,0.9999999999999998,0.0,0.9270638026890404,0.048167907834691825,0.0,0.0874993677750014,0.02844954552737273,3.321928094887362,0.11600217184875994,108.92280859375,19.638227554393765,0.8782402349113987,0.008184236119423625,0.24962606999645834,0.19686925474105257,0.2497509456252123,0.19696773865821032,0.9216868434217108,1.0005002509876908,4.674692854664018,5.317720790061521,0.5114091459040474,0.13935389445643226,0.0019690359185155805,0.001495494088635612,9.496171532205323e-26,6.369027739159699e-25,0.23172222222222222,0.19397224952517975,0.0,0.0,0.1,0.0,,,16.541419476314765,,,0.9046277635464064,0.2887547966667675,83.77934765625,15.61318615056498,9.25925925925926,1.4269313023736079,0.174862769213255,6.2214905262773845,0.18509946271053285,-0.32008121237255327,0.5393288203555988,0.0,0.0,0.0,0.0,5.555555555555437e-05,0.00037267799624995696,89.2882286232704,0.97989775,1.0167220954711784,0.14064171293791433,2.8442441020850784,0.7229663074209806,-1.4941893082491507e-10,3.5235388655646263e-09,0.010874085783278267,0.13729343450849682,-2.519865099478651,0.6827495426308106,0.6246902058295036,0.17937539038744496,0.0845,0.36504967113859155,0.07695765807877951,0.0405,0.1971780657040671,0.6835,0.46522679198858696,216,0,0,10,0.11119724375538328,9,2000,1.0,216,132,4.641600595514056,,7.75358682706775,5.364109201563729,1.0709934188450985,24.89475652737979,1.0002500942202859,4.616436621552961e-09,,0.027519188789624227,0.42497031276310626,0.018878346760377675,0.018914304438202193,0.505,0.108,0.015,0.1388888888888889,0.0018113961576789652,0.08494085307785589,1.0005002509876908,9.235182360628927e-09,3.2064380967421944e-09,3.8875979556597633,0.2732882338113708
openml_14,0.01069161384349114,0.009385243955134267,3.584956441221679,1.4726575779465782e-06,0.038,0.9999999999999998,0.0,0.7214369787358251,0.23007354773996394,0.0,0.038622349089140175,0.034718768067232376,3.321928094887362,0.19013042518705903,336.64834375,50.71237428524876,0.8913331647328894,0.007298303019213788,0.14589066037960316,0.1035204533960565,0.1459636422130631,0.10357223952555625,0.9389559779889944,1.0005002501772429,1.5601894302873194,11.401216482645072,0.7629594310184601,0.18007575268721943,0.02355889178458307,0.043083628745558745,5.052475712294023e-06,3.228819181608246e-05,0.46477777777777773,0.271407224135857,0.0,0.0,0.1,0.0,,,8.79028915509656,,,0.9048830515836064,0.28884470262569106,294.09740625,45.814043872544566,26.31578947368421,1.4033721865792024,0.12329019170825298,6.6155184261905084,0.230406794841845,0.11259554054221617,0.6362908584866851,0.0032875564090679857,0.021908359835010636,0.004444444444444441,0.02905661054152076,0.016,0.05112206870903122,30.989930310329243,0.98912125,1.0262731624974502,0.08497283674980523,3.9219387299136113,0.6848206981786351,1.8347775135465018e-11,5.917915100377049e-10,-0.09721266670691732,0.06281894241195907,-1.9139601400024013,0.16149947145005544,0.2913661099185337,0.23040676021179654,0.2995,0.44017760106167303,0.08206985126761474,0.197,0.39783179242933026,0.782,0.41299065442249433,76,0,0,10,0.00631578947368421,9,2000,0.0,76,69,11.303958213342096,,5.107712527544508,5.835898869916012,0.6810264492751678,16.403901254953805,1.0002500938151633,1.0853345971422397e-09,2.100858788609078,0.5438839049094629,0.2488123122792469,1.6084735963029035e-06,5.295566083550239e-07,0.83,0.038,0.029,0.7631578947368421,-0.07711771023980009,0.03890839359977177,1.000500250177243,2.1712120746183755e-09,5.0408076052063257e-05,2.1034477014207345,0.17748559095417854
openml_1457,0.008084511390274319,0.002268832931483895,3.4594206738352566,5.5217602639622665e-06,0.03333333333333333,0.9999999999999999,-2.220446049250313e-16,0.33907995065301416,0.22628687592162722,0.0,0.0511583189360772,0.012776550930942739,5.643856189774724,0.3091220453975283,408.3465,43.70600189506129,0.9800938837871788,0.0004445399314209341,8.12310003645395e-10,6.272128358896658e-10,8.128519047689357e-10,6.276312567254871e-10,0.9902486101845674,1.0006671111733654,7.884540891882316e-09,14.363563511719075,0.8381666485198597,0.08285100661132969,0.005536416744538233,0.0035433820691868926,6.05276593087786e-09,2.234323902272853e-08,0.5161632653061226,0.1931116098907232,0.0,0.0,0.02,0.0,,,4.036379835235844,,,0.981246023362836,0.13177424524225115,399.606,42.27241745139246,30.0,1.267770277261734,0.04385170697005149,8.71034817393141,0.0846973048455915,0.6000775365336461,0.3552328955674287,0.0,0.0,0.0,0.0,0.001414965986394561,0.0053297793391759675,14.260433762681483,0.9989684444444444,0.9398438367815103,0.031534592421414,3.9578889274597167,0.6909241167667699,-7.443596890273815e-11,6.39933005461789e-10,-0.004871100608070265,0.02352141270732171,-3.841546049118042,0.5884840723128134,0.392928689678572,0.08469649958975628,0.8013333333333333,0.4872226663376504,0.11081007070036818,0.6966666666666667,0.45985127779244794,0.09933333333333333,0.29920880027108493,50,0,0,50,0.0,49,1500,5.0,50,50,7.804194666124206,,8.091661444097431,7.799434976577759,0.859165295941823,2.2340964537839376,1.000333499975566,1.536497924120239e-09,,0.034437123456066726,0.154809619487774,9.024162043010363e-06,6.465092376026784e-08,0.9633333333333334,0.03333333333333333,0.032,0.96,-0.0030488089609968993,0.017845990040002365,1.0006671111733654,3.074020664318651e-09,3.099661247751484e-05,1.2780349576718617,0.14530782308546858
openml_1461,0.03386377625134737,0.1288502571429432,2.934613365218101,1.452845988566275,0.0014,0.5206755312572333,0.7395667638880836,0.43643373662261004,,0.0,0.007562731285619331,0.008232993908677372,0.5206755312572333,0.4243488652990334,2480.0275,66.47033740625197,0.20152149917221407,0.24866619572205584,0.06493716694895428,0.11348293213511884,0.06266372109695213,0.10396338028985189,0.8322615723144628,0.9873064606668108,0.3386897706183283,19.486598487948726,0.9706535144323487,0.0621593361913704,0.3052501146023633,,0.09096452928945746,,0.8894,,0.8814,,0.5,0.5416437943888954,,,1.3696034512280557,,,0.5691227403336927,0.21904724275804108,508.9953,607.557146172344,714.2857142857143,0.6964292705524713,0.6215653647015306,3.4285692238973193,1.4447110641427943,40.428593750993386,55.480329664588126,0.10474485228289332,,0.11699999999999999,,0.11699999999999999,,0.2352913953343967,0.9931054,0.49222168765738605,0.4783543795586062,11.293315972600665,9.20272935730725,0.009263192430938112,0.006497608763934982,-0.23836729622312955,0.13506980266552862,-1.2661112930093492,0.950922636901359,0.02671967257801506,0.03448974572124736,0.2122,0.33060057676050575,0.15557095310917535,0.1414,0.3484685438676109,0.1732,0.3784579317192549,7,0,0,2,0.047619047619047616,1,5000,0.0,7,6,108.82969033957025,,0.19047440646237374,12.559427265610013,9.325355357481271,0.2352913953343967,0.9918458982315711,0.06433923607998136,,3.7700614662357204,3.240320120782019,0.01711995739315764,0.016271245468142518,0.2762,0.0014,0.0014,1.0,-0.22231081392167903,0.12480393459286011,0.9873064606668108,0.12315709826963694,0.8095255935376262,0.4634271732975418,0.09830416267568502
openml_1462,0.07073367549921593,0.03808910374616643,3.4594097747073844,1.6114746737255955e-05,0.0029154518950437317,0.9911281257467459,0.024249955916804566,0.9299744351849931,,0.0,0.024286779730748016,0.024028284464771867,0.9911281257467459,0.30259760297321225,672.0225947521866,25.606529023629665,0.4527786090618535,0.06796748784246989,0.42562485862833865,0.20115753901686959,0.42593530690027803,0.201304262275814,0.8534544170903747,1.0007293939998079,0.9277723657727877,4.650453395733756,0.8130017415554757,0.24211839351240852,0.037203413149992384,,0.15626585786057745,,0.6610787172011662,,0.3534985422740525,,0.5,0.07833836059792652,,,1.7404457238178512,,,0.6665826459860406,0.3446668442846845,327.963556851312,41.47686429745329,343.0,1.377514198422432,0.21574807180074743,4.2374128476031565,0.22353036055417838,0.13532211026883556,0.914337069921137,0.004731014082163587,,0.012390670553935834,,0.07361516034985427,,6.399320229797147,0.9244208408061267,0.982605095316656,0.2006851652321155,2.4247953593730927,0.9658495688958632,1.92114017599954e-10,5.339036592675573e-10,0.04912157426588237,0.19257644966104637,-2.5899988412857056,0.8001761319757886,0.2131250528509735,0.22354371307580517,0.004373177842565598,0.10317682318238647,0.06216923521666362,0.0014577259475218659,0.03816625066840924,0.010932944606413994,0.10402549002731093,4,0,0,2,0.3333333333333333,1,1372,0.0,4,2,15.231830694847298,,0.864852450097647,5.014794200658798,0.37318624492437685,6.399320229797147,1.0003646305221952,1.0541867744301746e-09,1.1096941862525045,-0.11903070430960447,0.8832536589782237,7.019218105145433e-05,4.892169632139492e-05,0.02988338192419825,0.0029154518950437317,0.002186588921282799,0.75,0.03112277476620803,0.14632923328752848,1.0007293939998079,2.109142245919303e-09,0.135147549902353,0.45328079470994365,0.09234893647072985
openml_1464,0.22206201045932894,0.3660123071894243,2.8825407662002718,0.26857768785511843,0.0053475935828877,0.7916446298452328,0.43093352477957514,0.35924419718019196,,0.0,0.010159305490259429,0.008808436508002898,0.7916446298452328,0.4245256823024236,368.9284759358289,16.752506794078062,0.3596590977062699,0.22361738575993198,0.4659982631741812,0.34524252277558687,0.46662209077843575,0.3457046984989878,0.8820164794650974,1.0013386855236897,1.1266397668690178,20.080307416122693,0.9561966787859424,0.03178874853208791,0.5510268650016773,,0.2705742028532515,,0.9906417112299465,,0.9866310160427807,,0.5,0.3705693291779768,,,0.9829641591385652,,,0.6043190282677025,0.32124405392531635,133.14171122994654,82.67843956531425,187.0,1.1249983832240105,0.3096508467496312,3.634761466250007,0.29642159929744066,10.113144468493095,7.549084657292947,0.19218940016622987,,0.23796791443850263,,0.23796791443850263,,0.1481799650415355,0.9932976350481856,0.6961631126582621,0.21869004862178004,6.458580732345581,2.567231288127745,-2.8014382257818516e-10,9.374487777922629e-09,-0.27171872556209564,0.025433626279771793,-1.0119136571884155,0.28183362947249785,0.03942392979549769,0.02791534888642555,0.4786096256684492,,,0.2887700534759358,0.45349404848019587,0.4077540106951872,0.4917458267742494,4,0,0,2,0.5,1,748,0.0,4,3,72.11652544920737,,0.12905639320764065,7.470494389533997,2.379535265942877,0.1481799650415355,1.0006691189017924,8.344702852806328e-09,,2.2540426266241567,1.1834560520064237,0.025117841091412796,0.009126015932186244,0.31684491978609625,0.0053475935828877,0.004010695187165776,0.75,-0.20525466485362914,0.04216763721583121,1.0013386855236897,1.6700572861355402e-08,0.8709436067923594,0.33296559671209136,0.11901304012159013
openml_1466,0.04818551819946651,0.05966522548001597,2.127211404036257,1.4584979728272394,0.016462841015992474,0.8770076609351178,0.07648847946961357,0.9999999999999998,2.1499376424746292e-16,0.0,0.35877973197168905,0.421306020115482,2.913356388291818,0.18502500256860244,483.22724600188144,63.21822565954645,0.7904701121800585,0.10048485196434676,0.16656373288241233,0.16763102493945942,0.16664211562742393,0.1677099100019473,0.878381937911571,1.0004705868517236,1.3981104372605255,7.3822684971774555,0.5030106808995234,0.36504993238815564,0.05330805950563427,0.04512914481175607,,,0.0,0.0,0.0,0.0,0.1,0.08207275433163869,,,7.293217800318389,,,0.8209272515589705,0.29891804894720025,366.22665804327374,49.103853768280324,60.74285714285714,0.874791861644813,0.7377404113859631,4.645925361020446,1.4259643967975566,17.67631809207617,52.53407092652269,0.0,0.0,0.0,0.0,0.0,0.0,inf,0.9402131828395293,0.49087727655060587,0.5205480550595581,5.0660885674612866,3.7946667251521626,-5.08010274525484e-10,6.059537052139968e-09,-0.23237339189010006,0.22582207346235367,-1.2688545927405357,1.2208840969063475,0.3946424313076277,0.2528960392944272,0.00940733772342427,0.16467002544832945,0.09521168764672852,0.00047036688617121356,0.02168794333659173,0.3969896519285042,0.489388926902949,35,11,0,10,0.05378151260504202,9,2126,0.0,35,25,4.390224758619719,,8.999999999999996,6.334943160201822,3.4907324855821074,inf,1.0002352657508748,1.657500005410026e-08,,2.3888157842479116,3.4527271358684644,0.18682983969344166,0.22383217158035507,0.13358419567262464,0.016462841015992474,0.010348071495766699,0.6285714285714286,-0.17113089210830845,0.15676526981327338,1.0004705868517239,3.315779903985597e-08,0.0,1.741816243280856,0.1475878502445344
openml_1468,0.017378834740360446,0.005296345858083874,3.3219246314933253,1.0315760392925487e-05,0.046296296296296294,1.0,0.0,0.8479818635828438,0.08566006938059406,0.0,0.04432448075893925,0.03927669152460478,3.1699250014423126,0.28935836791549374,440.4916666666667,76.65038141142341,0.8869269850448692,0.0016668784981714695,1.1903508286317034e-09,9.632689052571205e-10,1.1914540264894883e-09,9.641616472142327e-10,0.9385919747365531,1.0009267838547695,1.150637084617492e-08,11.521844621703856,0.8839209275473365,0.1815415556515598,0.03517181344019748,0.014761184425727507,1.6072231551351073e-11,5.887678229747365e-11,0.3887731481481481,0.23843866188309237,0.0,0.0,0.1111111111111111,0.0,,,3.77383219595068,,,0.9148717895076278,0.24788248935360932,388.7840277777778,69.81957557101218,21.6,1.0250349851697684,0.1367373047145784,6.2167265857569705,0.22569614172653027,5.12764078404329,4.833005344546528,0.001019821537417454,0.0026636855998780867,0.0018518518518518485,0.004392052305789413,0.009374999999999994,0.009878980009684511,28.33981442893449,0.9886111111111111,0.7526368278733631,0.08985445464254188,5.766004104614257,1.8383017676285909,1.4138044611576738e-10,7.713536868815988e-10,-0.04525332163553685,0.07161112952297627,-5.0158196592330935,1.7235920844076593,0.27512304717866803,0.22569346553662376,0.22314814814814815,0.35342390895400044,0.1612282848278444,0.14074074074074075,0.3479150229776488,0.44907407407407407,0.497630226689819,50,0,0,9,0.0,8,1080,0.0,50,50,11.074323345713852,,5.8039494601274795,10.78182376384735,2.318434457696443,7.723677800971677,1.0004632846110695,1.9340456835498106e-09,,0.3984304909223887,0.7031055894537259,2.4667256331556017e-05,0.0,0.3925925925925926,0.046296296296296294,0.044444444444444446,0.96,-0.036579534032303615,0.050392490445134566,1.0009267838547697,3.8698833898223525e-09,1.3136092370274038e-05,0.9414227138576219,0.19859876618222294
openml_1471,0.04490204911107497,0.030740618340588454,4.082217472840035,0.0036355278558371827,0.0028,0.9903387881747219,0.02637427112028201,0.3063220853629938,,0.0,0.0018123054012857329,0.0013145465875985779,0.9903387881747219,0.42544712255091777,2498.625175,30.92354730824069,0.49334122854695006,0.0568377961470119,0.5192709227857962,0.2955491364406949,0.24104067417870095,0.48199006106795794,0.8917250650130026,0.7631592519882417,2.2454524150675144,46.547518975012316,0.9965510262442626,0.004834658729798891,0.7044044521315862,,2.2898069146560616e-19,,0.9888,,0.9358,,0.5,0.08174154390516487,,,0.2729110463960301,,,0.7374099255977826,0.27874556268457795,1232.908875,144.15104122116637,357.14285714285717,0.2775649286008307,0.287952315059341,5.051280394760611,0.015451285099475888,2095.6840347021293,1718.1248805591633,0.1890832387032989,,0.3748,,0.374,,0.10354961365851398,0.99817956,0.2076777388798655,0.2140890769364128,27.399438885107106,43.72020417916052,-3.695136201472955e-06,0.009441636281004195,-0.0374440169627113,0.03276599593502643,-10.00026686356536,20.25173284517894,0.02127586625414679,0.015503896500015069,0.2632,0.3924721062963589,0.09561233321875277,0.1248,0.3305250510352768,0.4102,0.4919190552025549,14,0,0,2,0.5494505494505495,1,5000,0.0,14,14,190.87079971629296,,0.09383321998113328,37.39970574867247,42.651373484356604,0.10354961365851398,0.6582812253200608,0.5959834229309932,,8.606868926059239,41.76498850332256,0.0031013030437561486,0.0007239207848833941,0.6482,0.0028,0.0006,0.21428571428571427,-0.03384543768546496,0.027447285246899693,0.763159251988242,1.005975581263471,0.9061667800188667,0.11920247713564991,0.06867329939854261
openml_1475,0.11374440600893658,0.06890146358165201,3.289167692785952,0.9367586802247202,0.0102,0.89540459690041,0.12584569786721256,0.28440999034780534,0.10745724899670933,0.0,0.01688635295439631,0.008395582514569804,2.314587305960903,0.31492358365498296,1492.830175,424.3059052734875,0.7555334547842112,0.1423149785506606,0.23762088743364707,0.21655212629377962,0.23611322865755113,0.21575200064533512,0.9450490098019604,1.0024715803844582,2.2854565689513406,21.63059268260147,0.9802393839869935,0.015554869946975759,0.4379505162249726,0.06906832956236249,1.131263598853602e-05,3.395532656777664e-05,0.9772474619718724,0.00777035865139335,0.8046174501725709,0.0516391943496761,0.16666666666666666,0.12384523675404989,,,1.3601938553352433,,,0.850102096080903,0.2892041869629617,1124.6252625,387.10503764453586,98.03921568627452,0.6806069729089572,0.4950759155453964,5.496749733568771,0.9070662073783993,183.9304610189198,483.5363529725372,0.16741596996712377,0.030955002507683224,0.24396776175085055,0.04937851126594608,0.28546162634966166,0.06375588053187453,0.5221820784403637,0.99908664,0.32493893813705615,0.30155900240877287,13.67323176767312,13.728770648509647,-0.0007537732718301344,0.004910650517999579,-0.1625251421595321,0.2925396585415057,-1.184405808355294,1.0144434960531477,0.10700526517808442,0.03664276697168504,0.6204,,,0.4258,0.49451316327650047,0.723,0.4475612385053497,51,0,0,6,0.12627450980392158,5,5000,0.0,51,46,29.738372427860693,,0.45063345449595693,14.857637576028413,13.323126051866605,0.25415772861651265,1.0001645608290681,0.04674698149588361,,6.846221659613367,10.355258267210049,0.006964104856032224,0.011161262026279189,0.5862,0.0102,0.0044,0.43137254901960786,-0.14922741200607031,0.19833461228255364,1.0024715803844584,0.08919740235395553,0.6162088478221055,1.359332426632237,0.4741483453767529
openml_1476,0.09313511851351453,0.08387002046350726,4.087461968714972,8.67467188063961e-08,0.0256,0.9869373399154291,0.010973041037706244,0.8809478065392726,0.09201623716287093,0.0,0.035932623676970345,0.01783625792595343,2.551196014242873,0.2185900777002513,1527.194175,403.9704128518574,0.8190329436079246,0.03362673107173299,0.5471989121927303,0.23947238836554519,0.4769870739247249,0.27235653826476425,0.9299717543508702,0.9029186652352568,6.220686531364297,6.0082896316645575,0.7744763872096305,0.1169123797480755,0.013353199781950332,0.004145570269360918,2.276768462034918e-28,8.734849847007736e-28,0.7121723756258803,0.09669482205233433,0.0,0.0,0.16666666666666666,0.03924174647829358,,,10.063570041256494,,,0.8799478359658267,0.27546623362701594,1231.8891453125,362.56669389759435,39.0625,0.9505039606636956,0.3382735561097755,6.214045294382096,0.19132831518908353,170.2897453860199,686.7671959344319,0.0007311720565646773,0.0019580849133332746,0.0007161738691508823,0.001747640997828146,0.01975952059976603,0.01737879486580968,26.379957665534796,0.98207388,0.6286535752946038,0.2484982607992961,8.602509185962845,14.597878522680526,-0.0026297325088631895,0.010554529318281852,-0.06664419541630195,0.2517459919879249,-4.476739138175617,6.278943117722986,0.42461268857574713,0.19132832312094364,0.0324,0.14890762373068347,0.10039098771902984,0.0076,0.0868547566328405,0.5356,0.4987809102995982,128,0,0,6,0.5823080708661417,5,5000,0.0,128,128,8.62633025034014,,3.9142131408382332,13.079248324138462,14.211898682117456,9.431251498766954,0.9279630999067129,0.2052615626748365,,1.5578102102627795,11.296770273164052,9.825245439931881e-08,1.0975356428204067e-07,0.1086,0.0256,0.002,0.078125,-0.047680267606139165,0.20272270467269948,0.9029186652352564,0.28492234742847466,0.00020596043016908561,1.3948969339556385,0.5747383307538724
openml_1478,0.004207718253105607,0.0015718480226966987,4.087461976382371,8.97195690676443e-16,0.01,0.9953151978479642,0.003860569234697575,0.8355288444538006,0.16261234569741523,0.0,0.009873261601259424,0.018896367254141375,2.5728524628348457,0.4012428354254378,1405.80565,157.90518879119185,0.8266495600154616,0.02200540408566013,0.009251947439325111,0.006931814225414931,0.009196235112778279,0.006879977389214383,0.9225529905981196,0.9947783599553103,0.08278605737644228,22.50297211912289,0.9272249658513542,0.17276988697027126,0.019849977563577315,0.0330468772201218,2.784135741013499e-06,4.935705034830197e-06,0.28513325165209,0.3955006838547537,0.12571926988636015,0.23474215060625278,0.16666666666666666,0.023333980943393843,,,3.308571751234705,,,0.8895363732968945,0.2426313941898349,1131.28235,100.0191842644284,100.0,1.2985209971666336,0.10140510695522371,6.545980543711543,0.21929790074444178,0.5267694488150747,0.5772474213280938,0.004162294114936175,0.01392689234564712,0.005430078662599413,0.01810647062284247,0.015374428867846937,0.04405855794428949,81.66041470520238,0.99737972,0.9489357533983359,0.047917946147429315,4.147379155158997,0.9093852524467781,-0.0030376386936707923,0.010614815235603788,-0.013432659883983433,0.08619176768958343,-4.384489591121674,1.1203747622913827,0.11433389550567195,0.21929790074444178,0.1398,0.4398318238731338,0.045635684393399226,0.0662,0.2486562405916993,0.3248,0.4683469117715555,50,0,0,6,0.0,5,5000,4.0,50,49,34.75022051251282,,3.59631334946438,8.53186874628067,1.47939332458106,57.77777420460972,0.9973536590251517,0.008083668623799486,,-0.018524547155091595,0.20787375598889746,5.602881184459931e-09,1.8098145031669686e-08,0.9198,0.01,0.0096,0.96,-0.0037674965689254514,0.032195697416376866,0.9947783599553098,0.01613139309803478,6.245435760359011e-05,1.2023558319394223,0.12101319077900673
openml_1480,0.05234639815039045,0.09871227894524075,2.8857764651692377,0.2400760646428612,0.015437392795883362,0.8640904272487623,0.3085471148821817,0.34336393009453353,,0.0,0.012776283180062636,0.008846865547702646,0.8640904272487623,0.4737682455232205,285.12349914236705,15.444994855469535,0.40999202134671003,0.18752400443289696,0.2075935140563118,0.22653424522110152,0.20795020486095483,0.22692348051523667,0.8724690986896784,1.0017182166072347,0.9163866088586583,14.473572695414447,0.9705023923710738,0.017063586038201017,0.6052860576162473,,1.9407234949093213e-05,,0.888507718696398,,0.7718696397941681,,0.5,0.30200615525806235,,,1.1396678755692367,,,0.6481885077643729,0.2870169413555147,117.18267581475129,55.63401623944478,64.77777777777777,0.8011385192059808,0.5829735118171009,3.6901656392835522,0.25931412054578595,29.66243072309582,48.21360517156676,0.2226030471711017,,0.2864493996569468,,0.2864493996569468,,0.1336567583759886,0.9902938900641092,0.5112228605307616,0.45683697286400404,7.46860146522522,4.716823624704229,4.830237179674424e-10,4.258687022231878e-09,-0.17205074242099905,0.1930053596240204,-1.4992918570836384,1.223934327705402,0.05970125313444728,0.0325774498190481,0.5128644939965694,0.44433178084470865,0.15146096984084872,0.3481989708404803,0.47680856439243713,0.3687821612349914,0.48288906350604,9,0,0,2,0.1111111111111111,1,583,0.0,9,7,47.33694962265643,,0.11789878848996371,8.967893322308859,3.774114255498,0.1336567583759886,1.0008587395867783,2.473526574160704e-09,2.6843252640437303,3.2738981209336715,3.6265243460566268,0.010279754007000699,0.006647964862696209,0.6037735849056604,0.015437392795883362,0.010291595197255575,0.6666666666666666,-0.1551965513343736,0.15171205015294487,1.001718216607235,4.951301399354405e-09,0.8821012115100363,0.48641301323610736,0.1377993308234429
openml_1485,0.004630413019920053,0.0005141983599957227,3.6116386370003495,0.32826613239648234,0.19230769230769232,1.0,0.0,0.5039281113627204,,0.0,0.00045761274331996925,0.000527717739306322,1.0,0.6907571088642238,81.4721875,0.5914402622770479,0.5001153694302605,0.0003418345674073241,0.0160379579278043,0.0200511628280255,0.016044128746469925,0.020058877787319334,0.8883467013940273,1.0003847633581504,0.5743559088233761,257.57323195445167,0.999073063288183,0.0038978079048285637,0.42364315168612715,,4.508585810158643e-28,,0.9946153846153846,,0.0,,0.5,0.0,,,1.3615702053009393,,,0.8427188846023879,0.17558207290801106,40.74324519230769,0.2908253359991598,5.2,1.333816765397787,0.12369455106133058,4.607756245990957,0.32766329758987184,0.07849507951429424,0.19129177857370164,0.1846031497196724,,0.2661538461538462,,0.2996153846153846,,0.34038113134960807,0.9990897928994082,0.9946443772885954,0.11275408470284237,3.652022382736206,0.3937812182785916,2.14641134404631e-11,2.927243205521713e-09,-0.005080153395125308,0.05231976097560463,-3.5810726103782655,0.3907281439149849,0.003882391009391987,0.0046942026712507405,0.5253846153846153,0.49927054058069187,0.004346772465472643,0.43576923076923074,0.49595263055062166,0.24461538461538462,0.42994161731516833,500,0,0,2,0.00039278557114228455,1,2600,245.0,500,489,929.2614363837506,,0.25394354142159836,7.233094993114471,0.577971404292738,0.34038113134960807,1.000192363177279,4.0610465310739735e-09,1.1031056022360797,0.03291173492841293,0.054569648716712126,0.014255904472656044,0.02414894182174305,1.0,0.19230769230769232,0.16384615384615384,0.852,-0.005100696376547562,0.009788133506724656,1.0003847633581504,8.123655456509733e-09,0.7460564585784016,4.408934443724133,0.07682962573412215
openml_1486,0.11789443369031377,0.20097698620446203,1.2636455499986416,0.9970241363437136,0.0236,0.8760960947815282,0.2858963137308892,0.8459435677613443,,0.0,0.07470350252406886,0.12707474211122438,0.8760960947815282,0.4535045711911522,407.57753125,135.80068955622355,0.3827504857287368,0.19441358893191293,0.16444225710054428,0.19783836851087797,0.16231924127180258,0.1954190854964353,0.8328061612322464,0.9844616904301258,2.760159744433897,11.752688403401862,0.9274825151422009,0.1006312628339757,0.07647808252437972,,1.4721673675660067e-25,,0.9936,,0.9518,,0.5,0.28878240943658606,,,6.42372192232749,,,0.6916919817939065,0.26390567826668787,126.4064578125,77.13616770862517,42.3728813559322,0.667532461820941,0.8351034875975836,2.0651973307721567,0.9444926872064702,267.7082446659636,1098.6076662950682,0.038791998810592476,,0.04400000000000004,,0.09040000000000004,,2.516428117197806,0.97160804,0.21416673529563607,0.5237922070977455,1.417021633046916,1.3659017218851535,-4.046826633916659e-05,0.01282324598009547,0.0071156475198719,0.3741124666712022,-7.508094824597997,13.885430949863883,0.07454431400801358,0.0878965761612177,0.103,0.2436079366558396,0.157786742263298,0.0568,0.23148321082829978,0.2892,0.45343630301970667,118,2,0,2,0.05852527886426191,1,5000,0.0,118,87,15.951602101574087,,0.7156205198367921,8.925116457644913,13.620648537501996,2.516428117197806,0.99169872551457,0.031683360331603766,,-5.34879830104603,15.444977723567936,0.13717795821821932,0.1499932188466823,0.192,0.0236,0.006,0.2542372881355932,0.054847906014207824,0.19622603617250403,0.9844616904301252,0.06219577339016809,0.2843794801632079,3.289341232931762,0.554023556188484
openml_1487,0.062445153277752935,0.08262953478320814,3.614843890985275,0.2725524388024551,0.028413575374901343,0.33979042531608006,0.8658159109037996,0.4206856193493012,,0.0,0.0033501037798823858,0.001951740864958789,0.33979042531608006,0.4154332761388919,524.4000838595107,100.2714321601983,0.1185322123126327,0.21051705054708747,0.3534291181688997,0.30389825933507497,0.35356864790403886,0.3040182350419305,0.8222665238738159,1.0003947880367365,3.956377572151608,11.94971541776627,0.9744546246120637,0.0175268719591696,0.215858329880149,,1.347741426307171e-18,,0.744672454617206,,0.2908445146014207,,0.5,0.617811528629446,,,5.576075616627406,,,0.6751286936240023,0.19672381399933858,64.86275404498816,117.70115479840118,35.19444444444444,1.3206218373444345,0.21147480083346035,3.926199293923258,0.27072288520462506,1.4842021513062664,9.11522990929178,0.041849709866652374,,0.05485398579321232,,0.0891870560378848,,0.21503197265226232,0.9657329614792103,0.9764995446511189,0.1600098384040717,3.459887870483928,2.0230544857054538,-6.822764433382398e-11,2.2028961314609836e-09,0.026616290610109478,0.09112462201246117,-2.7790548714498677,0.9483005664801801,0.02843502237809745,0.014755431993795698,0.12075769534333071,0.40063298560619637,0.07914642573548027,0.07734806629834254,0.2671956533619015,0.11760063141278611,0.3221982160441382,72,0,0,2,0.2875586854460094,1,2534,0.0,72,65,126.12646548749223,,0.17697639032730514,6.238942741933796,1.6209322511203006,0.21503197265226232,1.000197374540014,2.8369233422024786e-09,1.1368357069575472,0.08585427954613138,1.1264635165011962,0.007360282350413131,0.005698160452950314,0.4068666140489345,0.028413575374901343,0.007892659826361484,0.2777777777777778,0.019482393488416898,0.11945968372751643,1.000394788036737,5.67496652216398e-09,0.8230236096726948,1.830130719063436,0.3302356877499138
openml_1489,0.05841682177981285,0.026992088558030036,4.0254007852237494,0.13877304219528436,0.001,0.8720561969904981,0.29360131892331987,0.4998053603807089,,0.0,0.010907514980947719,0.0042648700313985734,0.8720561969904981,0.3328285359393218,2499.0246,3.2996169981479504,0.40329646584843626,0.18747856536859706,0.12837340739489478,0.10996120189189318,0.12836327695546773,0.11026597998678492,0.8710813362672535,0.9972982761773445,0.3703740354849432,5.925174155038444,0.9290612228822397,0.03424263727733411,0.3834154039581776,,0.2378899442139502,,0.8696,,0.8558,,0.5,0.2933078928361799,,,1.308482515084239,,,0.7140402757893511,0.30884632849262633,1034.6697,471.7237859361701,1000.0,1.27676223218441,0.40443934346783933,4.75027882775461,0.1628379894024548,0.33407016130181555,1.2324271846252233,0.14365544883797454,,0.22360000000000002,,0.19020000000000004,,0.3329874644360992,0.97959364,0.8670566741358116,0.33004254900309493,3.551892614364624,0.7522836397770731,0.0013127779162671867,0.0058216322909653995,-0.19766897670924663,0.12360051009630141,-2.7132306575775145,0.2736323373603978,0.14717815445963717,0.055607204972448705,0.1942,0.24847105545527812,0.17514672348838983,0.091,0.2876378749563796,0.363,0.4809129395754394,5,0,0,2,0.0,1,5000,0.0,5,4,26.350531741636257,,0.24980539826529027,6.265123271942139,0.7259950809051632,0.3329874644360992,0.998640417567999,0.004414829690526343,1.2372629405370636,0.7840460933279975,0.5468315751685244,1.034671526978641e-05,1.6674302516815157e-05,0.2824,0.001,0.001,1.0,-0.15121805715747233,0.09528342282470162,0.9972982761773445,0.008810974217648395,0.7501946017347098,0.4580778028742536,0.06635198822083656
openml_1494,0.05970823893830357,0.07715267543805168,1.9212987443485579,1.230539343046578,0.03886255924170616,0.9223486063040568,0.19119441866814457,0.7041822471236534,,0.0,0.023724398633945258,0.018057750531616356,0.9223486063040568,0.4565594823922574,385.7271327014218,75.85704655072202,0.445966941118812,0.14220312226661203,0.16538572508234609,0.17898588021565537,0.165542636803672,0.17915569504773285,0.858712015611932,1.0009487623508357,1.5613908531282283,13.698431907517794,0.952159614859939,0.04813319043538858,0.18548667630293536,,0.0,,0.9203791469194312,,0.6644549763033175,,0.5,0.22989348430993914,,,2.9619528019901162,,,0.7281634962395628,0.24744597778647637,174.82535545023697,69.19650515364467,25.73170731707317,0.6734613216107302,0.5440018471784744,2.7763149280416832,1.2028740578852042,44.40592839319855,127.07515840583477,0.08780448747701819,,0.1080568720379147,,0.14123222748815167,,0.9836257138963289,0.9896300622178298,0.36978142281618964,0.4058450776512915,8.386033343105781,5.327949236755842,-6.213067290001199e-10,5.924777881331867e-09,-0.1903478900742967,0.2234701646199754,-1.6789636973564217,1.9893734256547704,0.0673324226109315,0.053274183544670124,0.2729857819905213,0.35147862865048846,0.17748894234273185,0.16966824644549763,0.3755191016679583,0.5014218009478673,0.5002351129368767,41,3,0,2,0.05975609756097561,1,1055,0.0,41,41,27.534525713569565,,0.49587263716411806,10.064997040462202,4.737975679908811,0.9836257138963289,1.0004742687100132,1.08638504533785e-08,,3.7878442250463955,4.779485748160855,0.10363270828272975,0.14244531088754933,0.376303317535545,0.03886255924170616,0.02085308056872038,0.5365853658536586,-0.16576035320616736,0.1439849962003106,1.0009487623508357,2.173800557455542e-08,0.504127362835882,1.0348485276760238,0.29414205205446264
openml_1497,0.08548822798837799,0.037553844033521196,3.801684371356733,0.2531693596701526,0.0048,0.8578854157144407,0.1368280514243636,0.5147313664291927,0.1239344082840459,0.0,0.03812315785448115,0.016335975324594517,1.7157708314288813,0.42026889164550774,951.503525,128.74162512215966,0.6491656335225636,0.11016796306633654,0.17185362074551244,0.12157359869787275,0.17196482273698468,0.12161290759389963,0.9174630126025205,1.0008008738552938,1.031222723661084,4.8497659075749056,0.926894698386811,0.05679179737147986,0.16923108570513135,0.10839293145951652,0.1973409747604974,0.18461726486843394,0.44237547198999194,0.22214310714186275,0.0,0.0,0.25,0.17074706439643408,,,4.103818692368916,,,0.8611678781813104,0.2181507631066411,618.96795,148.7840027185063,208.33333333333334,1.0822125596823753,0.6358042845208411,5.163670945127116,0.26547155301526365,2.3597937730683802,4.646700934689475,0.07101465767488378,0.05050825090566575,0.083293201656975,0.06131918216150187,0.06862640195315615,0.05327360802519805,1.2212333442964278,0.99584472,0.6593831405305303,0.3840075225434593,2.5287513186534247,1.0795502823482848,-0.001234522723165446,0.00395481074668045,-0.3000755862643321,0.1048561704515205,-1.1195412551363308,0.35875010059799517,0.35378425765849836,0.1303676226379634,0.1442,0.23498937507896908,0.17144048887827143,0.0728,0.25983391374596676,0.5008,0.5000493674368309,24,0,0,4,0.021739130434782608,3,5000,0.0,24,14,9.745770307921479,,0.8255646138716247,3.6482925737897554,0.8736668969817181,0.6522977001557804,1.0003970105646987,0.0026431421040103947,1.5048686871281594,1.521663037166998,1.0833455149035829,0.00046779261700824226,0.0001630439692713898,0.236,0.0048,0.0042,0.875,-0.240452300284284,0.09261662861046169,1.0008008738552938,0.005289361529659763,0.36969335125099917,1.8753733382105602,0.16566405089366534
openml_15,0.20575079829008613,0.09842724582725548,1.838680443533674,0.5906815089467223,0.012875536480686695,0.9293179372497983,0.17580690324628045,0.9158553068352095,,0.0,0.253030634806316,0.10954242982625856,0.9293179372497983,0.4566204267024099,243.60729613733906,52.578082918870656,0.21867499531952295,0.19072535864621154,0.6007374896365429,0.13191329495716467,0.6015981421282395,0.13210227972049174,0.8166353079101951,1.0014326604426995,1.8466129207819024,1.8764875297157033,0.4740508108126267,0.15433905163042275,0.041750082352334385,,0.2478393548145778,,0.8812589413447782,,0.7682403433476395,,0.5,0.21951669744990102,,,4.57750749381916,,,0.665503771524108,0.284535808966566,73.22496423462088,31.31103922692547,77.66666666666667,1.0394537614451513,0.4269043304981537,2.272755048476013,0.5371549011616913,1.658148933484045,4.161007279631372,0.026233748756844255,,0.028612303290414864,,0.0014306151645206988,,5.203125425894153,0.6521005892333418,0.18469999444286028,0.38304211773819286,2.649710774421692,0.9248065212582597,-2.0630919408426813e-09,1.3589093943758551e-08,-0.510771738158332,0.22813979250194555,-0.7706544895966848,0.2603386474522597,0.4952433323074597,0.13814749582460556,0.06580829756795423,0.17034766987784275,0.1782752445344879,0.04005722460658083,0.19623387350388244,0.26895565092989987,0.4437343768187713,9,0,0,2,0.75,1,699,0.0,9,5,2.712680865316879,,0.8387909430582158,3.420365264018377,0.8239551455619014,5.203125425894153,1.000716073840477,1.3312307508626877e-08,1.4514784499084317,1.4750624557414305,0.8396400248744438,0.09994693834235382,0.0037090098694683208,0.12446351931330472,0.012875536480686695,0.010014306151645207,0.7777777777777778,-0.32780015172068633,0.08361900287769898,1.0014326604426993,2.6643680440144045e-08,0.16120905694178422,0.7603631287032642,0.40347354373232375
openml_1501,0.016798509772645808,0.05290138437546985,0.8750074779214245,0.1174695412734803,0.16070307595731326,0.9999673065769396,1.8518615283236173e-05,0.7885360123962193,0.13210318319009604,0.0,0.1883287682202255,0.10191639496024316,3.3218194896867796,0.25124217211883915,1.1861049654494271,0.22469837261453962,0.8215864771097344,0.044583058515477614,0.09666217663910176,0.10628713781835439,0.09672289447514129,0.10635390154138522,0.9428869078600788,1.0006281442363816,2.300114732223757,22.3912465208841,0.8116709841001724,0.10191634997485574,0.0034529697413797265,0.0015360592070025676,,,0.755555500135915,0.11245651388153094,0.18320134830963966,0.3345081387322255,0.09999999999999999,0.0012915923299444217,,,9.086526795632603,,,0.9141677031129611,0.26073463794960816,0.899143025026483,0.1522356929520322,6.22265625,1.6430014437064528,0.8840249869320352,4.048473481053154,0.1283509978723011,-0.9666594881565197,1.762681539066721,0.0,0.0,0.0,0.0,0.0,0.0,24.113629897416597,0.9899927058470261,0.0,0.0,1.516408040188253,0.44854261873057755,-6.407592854856026e-10,1.6271958909367377e-08,-0.5879114115377888,0.3770265558974796,-0.7077883220044896,0.18753912168050446,0.14835348655504957,0.07724714811776764,0.18581293157564344,0.3962435789490813,0.07941562101433523,0.08286252354048965,0.2757608785134362,0.3578154425612053,0.47950796450915095,256,256,0,10,0.017279411764705883,9,1593,0.0,256,57,4.898125472074668,,5.735711393683223,2.2241963621927425,0.29865487758117004,7.006009344844138,1.0003140228130272,1.9643474105515875e-08,,0.8078584256813712,0.618713381025555,0.4996859296482414,1.6685967037015178e-16,0.736346516007533,0.16070307595731326,0.1016949152542373,0.6328125,-0.24295424295761092,0.15134422914668455,1.0006281442363818,3.929928520514505e-08,3.0746679011089746e-05,9.77854366912852,0.2650151504357752
openml_1504,0.0758717704044127,0.15213495377762062,2.688060623033002,1.3101709978131695,0.017001545595054096,0.9311123348674443,0.17179399957200114,1.0,,0.0,0.01739964389183353,0.03290621882671976,0.9311123348674443,0.27762266858586515,356.9993238021638,31.812264776716223,0.4450631454401071,0.12582708156483893,0.21575965148320334,0.2054702323752872,0.21587086806121197,0.20557614564642565,0.882004705832364,1.000515464921998,1.7116651258703015,18.077987518468458,0.9725381263903873,0.035262225485421426,0.35153765305878076,,0.0,,0.7928902627511591,,0.0,,0.5,0.21675864750437704,,,2.0002322610590646,,,0.8287473191954311,0.3522750037611454,155.00012879958783,51.935130928539955,58.81818181818182,1.039211792095695,0.7796246781280921,3.5676676488102497,1.3102577080205329,91.3101388550604,313.2981441989015,0.0,,0.0,,0.0618238021638331,,inf,0.9718522800778557,0.4974825976514173,0.4764100964597799,7.0295230439214995,10.118006163432247,1.126924721827014e-09,8.47389680658303e-09,-0.16120223274849582,0.35773485022852725,-1.5306127911264247,1.3790686083618802,0.051505309090197154,0.03481903549712377,0.04533745492014426,0.2520010871553637,0.11810252793546856,0.00927357032457496,0.09587651995907395,0.0613086038124678,0.23995733743055453,33,8,0,2,0.10416666666666667,1,1941,0.0,33,21,51.18997168477554,,1.0,8.560135835047925,9.788010379196182,inf,1.0002576992565455,1.0714864707509875e-08,,3.640263549903676,7.812977401489425,0.13399899706888355,0.21782249054512026,0.29057187017001546,0.017001545595054096,0.008758371973209686,0.5151515151515151,-0.1493927156012748,0.18089679865752634,1.0005154649219978,2.1435251915236533e-08,0.0,1.9084422537792418,0.13126429856092034
openml_151,0.0821105877705368,0.11276050493969969,3.5047630465461053,0.6214646074436494,0.0016,0.9820084283128552,0.048471594177013966,0.45442196766197596,,0.0,0.006285663670630272,0.005724281221478,0.9820084283128552,0.4594380717456412,2124.3645,185.8494505464132,0.48402347904689497,0.07528890492830306,0.18992717273114543,0.18420046025721928,0.1602998503418644,0.1765197040173479,0.9013797959591918,0.8658499649639401,0.7289793722395232,13.675390929303713,0.9544838593618303,0.05659332083374219,0.4837926833964076,,0.025505660242330443,,0.953,,0.945,,0.5,0.11144002871499986,,,1.1410082660978031,,,0.7476964251278647,0.2737375809062229,1032.5028,191.28089657213206,625.0,1.3378887041567395,0.7467515680651944,4.414963039298365,0.5904724511415816,359.84633048243086,961.4948934283186,0.15580736840575538,,0.2508,,0.2116,,0.2602383729718847,0.99879712,0.9332640749509269,0.5797362831413583,7.687305897474289,9.619327991394234,-0.002682499386019637,0.010875576266399144,-0.09588908247472006,0.2142417062349032,-1.941044770181179,1.0064912701562283,0.0718084355605953,0.07389995854627979,0.4382,0.4032609395202133,0.1576754539001953,0.2666,0.4422256807451848,0.4418,0.4966508757854795,8,0,0,2,0.07142857142857142,1,5000,0.0,8,5,47.807121603263774,,0.20649932469378193,9.628350667655468,9.063345921020755,0.2602383729718847,0.9097870072850439,0.208772100870819,1.1831515455082728,6.851654544965321,16.233849743193044,0.02075150863829562,0.0497732370235177,0.5492,0.0016,0.0012,0.75,-0.031759865487210194,0.09713255070909849,0.86584996496394,0.29235521545155146,0.793500675306218,0.7738492509330592,0.07847806598000245
openml_1510,0.05774681219706053,0.05965391680586681,2.999955970180525,4.8835063889264575e-05,0.05272407732864675,0.9526351224018599,0.12195970834082581,0.8799571904657597,,0.0,0.05158464086252799,0.03583982015886094,0.9526351224018599,0.40658381139437483,219.27899824253075,35.85918820445068,0.4273741410087649,0.13447771597463384,0.3948966308635723,0.26380536539433,0.3955918716218912,0.2642698116071977,0.8167962078269264,1.0017605639425244,2.6048277133108364,3.1052455419256693,0.7155573128261573,0.21808649103391073,0.06401975031229162,,5.683134247062263e-11,,0.4833040421792619,,0.0,,0.5,0.18019417095263515,,,6.041826388044665,,,0.7101713625589046,0.2576866109543824,84.26603690685413,30.972572964408485,18.966666666666665,1.1404150009155274,0.1903396876981664,3.6458085500942636,0.22568425948582174,7.698004317055544,12.717419119689007,0.012467682564496041,,0.008787346221441172,,0.010544815465729385,,3.43114425767002,0.8890601400415739,0.7796544093988091,0.1649279840395555,5.939564887682597,2.3342251812291614,-8.413087064864064e-11,1.2437678256433495e-09,-0.21845542502899964,0.09366570230916667,-1.6746214509010315,0.5530548313993154,0.306782542488121,0.22569828738894582,0.07381370826010544,0.3610667769405881,0.07555721786656595,0.0492091388400703,0.2164947390331013,0.27065026362038663,0.444686666476925,30,0,0,2,0.3333333333333333,1,569,0.0,30,29,8.778770153770036,,0.7743246570523933,7.614186338583628,2.0743764938099485,3.43114425767002,1.0008798948637767,2.5548644245721604e-09,,1.7312412479588777,1.2719951597890569,0.0002087540337474961,0.00015182160995835746,0.2179261862917399,0.05272407732864675,0.01757469244288225,0.3333333333333333,-0.16628210761569095,0.06374223999847245,1.0017605639425247,5.114224858310393e-09,0.22567534294760672,0.9530173517597179,0.2596602950000333
openml_1515,0.053948647286139864,0.02877261314497316,2.999966851762666,8.97195690676443e-16,0.08756567425569177,0.9717637883074635,0.010314488527249477,0.6486994184819116,0.19968946554119893,0.0,0.12374222501586953,0.05873509592305502,4.199893218280201,0.2624637298865735,254.58012259194396,36.83704387656388,0.9415000694840285,0.024430869402599,1.9866219997313236e-09,1.8358420526124587e-09,1.990107303547679e-09,1.8390628296533251e-09,0.9663870710050081,1.0017543873393864,2.1278301213815935e-08,6.984807396881918,0.8257363933004217,0.1353839312174168,0.00899437492925364,0.010563236168722706,3.1234433059361936e-11,3.885645023685251e-10,0.08844377548629696,0.18329368797875606,0.0,0.0,0.05,0.021951066309828685,,,4.150275963149082,,,0.9386513077741386,0.1886528379939176,239.73817863397548,35.574307922051645,11.42,0.5458086996971542,0.1566779036674156,6.598570302173953,0.24877922440056968,22.87512217130526,25.093467111315096,0.001502528946737623,0.007109410395750599,0.0030010926108020148,0.009374014435563776,0.0109580357609966,0.028199724396238312,24.003133408016392,0.992850592410157,0.3866709725737381,0.10968403580558071,8.099847240447998,2.898998446868093,1.6316331764185662e-10,1.037052552262211e-09,-0.06151192877121502,0.09981150789846664,-5.173078730106353,1.6726158802120497,0.6012897678689139,0.24877922440056968,0.45183887915936954,0.42670913171435443,0.13056700602837598,0.27845884413309985,0.44863348809084275,0.5691768826619965,0.4956256247266718,50,0,0,20,0.0,19,571,0.0,50,50,3.989219860492759,,8.713173662902971,13.272925970554352,3.03221291046608,3.451010250698296,1.0008768092724432,4.626553302225376e-09,,1.7368852357063254,2.047412726151945,0.0,0.0,0.6147110332749562,0.08756567425569177,0.0840630472854641,0.96,-0.0491627903603134,0.07200378179876477,1.0017543873393864,9.261219808195082e-09,1.299124110010696e-06,0.6960915187001392,0.2687865241206096
openml_1558,0.034888475904141056,0.13330340837104282,2.871015785159888,1.434663778820696,0.0015483300154833,0.5155217894467283,0.7438456741477291,0.4220428424594521,,0.0,0.007076746992972784,0.007803948162502946,0.5155217894467283,0.4097554476660852,2250.2970581729705,46.123319814647665,0.2006714372597602,0.2474621707434606,0.0650477765160811,0.12462162700578236,0.06506216774471624,0.12464919728825555,0.8345014318627134,1.000221243794201,0.364985500532375,20.339897388541786,0.9726326396924458,0.05911268561508802,0.32009397530879763,,0.08196841769643594,,0.9526653395266534,,0.9462508294625083,,0.5,0.5441328227710681,,,1.3707274969986063,,,0.5505829064738917,0.21228286627425708,458.25204600752045,552.3706089816147,645.8571428571429,0.7065927194697517,0.6184722143606998,3.361192226024025,1.4259624998529923,28.14670220152797,33.003074941971356,0.10333201110672285,,0.11523999115239991,,0.11523999115239991,,0.21672287406401716,0.9936694452651617,0.4984120111741125,0.481227175166376,11.12861246722085,7.22967252900472,-3.716624535691547e-09,5.462319441474784e-09,-0.2581295929849148,0.13388428658380921,-1.1119606792926788,0.7176049896007081,0.02534534858259122,0.0365806941783991,0.21698739216987392,0.33701940525476964,0.15204604992463752,0.1486396814863968,0.35577229158610635,0.1714222517142225,0.376919205363707,7,0,0,2,0.047619047619047616,1,4521,0.0,7,6,112.27584530172462,,0.17812016087125393,12.24057314651353,7.023813469225045,0.21672287406401716,1.0001106157791753,1.0619114822428838e-08,,3.3548045509239492,2.488852492863116,0.017653087308422237,0.017100500440013624,0.2899800928998009,0.0015483300154833,0.0015483300154833,1.0,-0.23911738729681856,0.12557579978320366,1.000221243794201,2.1240579091909573e-08,0.8218798391287461,0.4392118245091752,0.08930437914144049
openml_1590,0.008138638558068996,0.008924937026104352,2.331901043863855,1.6621948062170928,0.0012,0.7849192945250533,0.4411827058574118,0.48044863436737045,,0.0,0.02274222190889709,0.028655222876616974,0.7849192945250533,0.42819071849166623,2484.6679,86.6848550059783,0.35146943121074464,0.22692967800717467,0.06330169310407843,0.04052394693559211,0.06221986879943409,0.04050206537136918,0.8512196039207842,0.9782336872322187,0.18558834960848425,13.864213028453399,0.9511255938746989,0.0407662398217124,0.37404650480773505,,0.09488103907441321,,0.9274,,0.877,,0.5,0.37618080759124334,,,1.2670368011203055,,,0.6794000708087476,0.26919721726332335,885.3571,560.3372425554711,833.3333333333334,0.6955022240678469,0.6416369062323658,3.0602055638673273,1.6594013716621636,30.820721791286513,59.905528623790374,0.15252687030458922,,0.19340000000000002,,0.17879999999999996,,0.3001042129020759,0.99455116,0.49869752027411013,0.4406205938459126,7.584305326143901,4.647043338289416,-0.00036228439641981775,0.014632436142970055,-0.09419867675751448,0.07429405919689917,-1.7110456849137943,1.4273363625104625,0.05661477452158089,0.04016122836327765,0.3508,0.3491748042217324,0.21810375180118055,0.2364,0.42491310903530155,0.3114,0.4631122267732924,6,0,0,2,0.0,1,5000,0.0,6,6,40.18891338116982,,0.2308308902654712,9.295351011057695,3.6922241278378753,0.3001042129020759,0.9888314917754418,0.02313356277030723,,3.0939007424381635,4.6592111968690055,0.019783349476284715,0.02167129701707888,0.3696,0.0012,0.0012,1.0,-0.09307085542078423,0.0813498064485818,0.9782336872322189,0.04504249319861167,0.7691691097345288,0.38422069244463164,0.11100913739870517
openml_1596,0.00034330245723100374,0.0009001900110462513,0.9201832736762846,1.547694623757379,0.0106,0.6279978175220811,0.30044050239908504,0.47487422538678986,0.2527718955235615,0.0,0.06074656091605406,0.11901605758637505,1.7630127640620474,0.39527112786830354,961.5214,121.78120464854638,0.6226766000849555,0.153227234758339,,,0.04334900935489052,0.07827333878743267,0.9141721944388878,0.9667678821864081,0.6982917286253517,42.704624902819994,,,0.07654849352815597,0.10956291485592183,,,0.3030695984839258,0.3103892158362604,0.16167934587085947,0.268913077001549,0.14285714285714285,0.1952298376883245,,,7.731583221814336,,,0.8572365785395712,0.2536527664066523,579.0299,128.46930551587778,94.33962264150944,0.32516092511842837,0.6246340696689884,2.6419121541291433,1.5102395892281437,,,0.029003543009862305,0.05375548083374807,0.035430564138593065,0.06660786485286159,0.0357600670738807,0.06631051942225831,4.5700368138944585,0.99897392,0.17388517163084505,0.3671411013322206,11.068367541574364,12.872699597231852,-0.0019115483076883055,0.013189716288290647,-0.15618667092596022,0.1931046187203419,-0.7973140598854648,1.8477293683564628,0.04128388360918789,0.09304106966719823,0.456,0.4167352381238695,0.13891775330468303,0.2688,0.4433800595148987,0.552,0.4973383848988722,53,41,0,7,0.006531204644412192,6,5000,2.0,53,48,21.289164517252303,,1.672501335453093,11.865681601459828,12.521944574010583,3.200901840226471,0.9615713009820288,0.20726568381080954,,,,0.42538983290390925,0.22599439108649186,0.643,0.0106,0.0082,0.7735849056603774,-0.11843488154344635,0.11359264551330842,0.9667678821864086,0.2520651022907544,0.07927093510340096,1.802512083030172,0.14293507483495593
openml_16,0.007985033003976558,0.0022735430833808108,3.5849565906921574,1.0831206646577665e-06,0.032,0.9999999999999998,0.0,0.8098470653147214,0.11446801343350085,0.0,0.036046468144852184,0.02517886417733165,3.321928094887362,0.21319968720600246,481.34025,21.77744028266712,0.8933691697335412,0.0028795682955381654,0.1072004660702006,0.08336768153990969,0.1072540931689526,0.08340938627731176,0.9339544772386194,1.0005002505813305,1.0868557296107872,12.06035335179629,0.7614981962949623,0.15119484920627135,0.012077289965078118,0.0061355776319608115,2.7342825590213798e-08,8.406649981736075e-08,0.4802222222222222,0.2102554062529329,0.0,0.0,0.1,0.0,,,5.160175108631025,,,0.9187812581485407,0.24914822464430117,430.288125,20.327903825686214,31.25,1.3561534266918898,0.05441552963613297,6.631442665102352,0.1808659862193914,-0.051490012009010995,0.2534378665840435,0.0,0.0,0.0,0.0,0.0009999999999999935,0.003171248678646658,29.17561888502391,0.98672175,1.00275453125131,0.03853455534139727,3.2732877992093563,0.388479617991834,-2.3230114720718113e-11,6.052893117238e-10,0.002664706936343464,0.04324908618990302,-3.3436780776828527,0.4946813069428365,0.27544202047716854,0.18086576650133496,0.081,0.41323573415176473,0.0619254411073525,0.0385,0.19244809205099186,0.71,0.45387553525250773,64,0,0,10,0.000496031746031746,9,2000,28.0,64,61,12.015285701439717,,6.007493831585096,6.616965876892209,0.6458561616058177,10.861036818591167,1.0002500940171568,1.0222509878283284e-09,1.9060359243957483,-0.004279235923058743,0.16445838947278915,1.517067369877409e-06,5.363521576058539e-08,0.8975,0.032,0.025,0.78125,0.0005839805267081511,0.027849479428176546,1.000500250581331,2.045013293354712e-09,1.2563704295087038e-05,1.7162862893598216,0.08252486397206009
openml_18,0.24982278901589208,0.2026091096762923,2.6010475566519244,1.1132058016888198,0.003,0.9999999999999998,0.0,0.6018713342596653,0.34317705382121183,0.0,0.4526141720697969,0.32442236417451015,3.321928094887362,0.07563450828062424,895.54225,81.3124122236471,0.8484863074286189,0.03064902123415863,0.5727573359723588,0.32130960968047095,0.5730438478610174,0.3214703405287139,0.9234507253626814,1.000500234546254,1.5965579590262902,2.6815162440882383,0.17870763586993654,0.10701270476399698,0.06366152798353328,0.15081636971874984,,,0.3854444444444444,0.2825961667014318,0.20322222222222225,0.30398331958490515,0.1,0.0,,,1.9159028940942149,,,0.9015,0.2980640385647733,796.27275,81.13935330506943,333.3333333333333,1.6146558821201324,0.1361467630079434,4.684151123733051,1.0208476961344437,-0.5403572344485837,0.41279657385806606,0.02637539548469038,0.04094161816929339,0.0385,0.08071484599276868,0.038944444444444434,0.08537099665991413,44.99132750783053,0.97850025,1.143879038055241,0.6837304656712642,3.553522984186808,1.3451115808459233,-2.3800991281556583e-09,6.439236830669972e-09,-0.10644605352232854,0.40675301073982545,-1.4191599090894063,0.5425789269801687,1.2388245278062355,0.2767973267980225,0.42,,,0.3395,0.4736580263892733,0.8125,0.39040998960066325,6,0,0,10,0.7333333333333333,6,2000,0.0,6,2,1.0996093460128469,,2.7623470693680923,4.972682893276215,1.3584592583985367,39.95986409354191,1.0002500860016228,1.2965669155246168e-08,,0.5307700992366725,0.36634179978082476,0.10697010479229298,0.13428187347622023,0.394,0.003,0.0015,0.5,-0.11641929341833827,0.10908225182868489,1.0005002345462535,2.5937823263885634e-08,0.0015175958776961005,0.5452447884245771,0.07529239771531333
openml_181,0.00872090637567168,0.010761836825095652,2.4198349137722843,1.5239420058176463,0.005390835579514825,0.7496904102366402,0.1506903260725444,0.44794739057369426,0.23671094522944292,0.0,0.13174096998387982,0.1538612673946476,2.4904176362327273,0.42246880504113105,727.8477088948787,47.68606304118989,0.7692792994440083,0.1047551660648973,0.08927313508655867,0.11745911035183768,0.0893333325966986,0.11753831370486333,0.927091947734704,1.0006743076885314,0.41281761135295136,12.681226661948276,0.7116533383091572,0.1498345768143797,0.1422621945432694,0.12290765556265344,,,0.511640407621896,0.34517748695358813,0.307159747768745,0.2878566959859569,0.1,0.11701212941368597,,,10.86039367060982,,,0.8615732696101178,0.230047339578448,564.2938005390836,80.61657950702603,185.5,0.7749436050653458,0.5051833330623409,4.713866372025436,1.4177807412100285,28.517842793856936,46.13597250231495,0.04645531416226412,0.04732951651930128,0.06244322349820024,0.07393201125497881,0.05027655982545908,0.0656293455562168,3.346839379483307,0.9981400890722968,0.5255308146983385,0.43949011755358425,6.342534691095352,2.8125997182751172,7.392059148080909e-10,3.4304631198882537e-09,-0.11112294159829617,0.22210585438483518,-2.8156252466142178,2.673130051649145,0.1963861779795767,0.1536922107534099,0.6563342318059299,0.4736299171652424,0.1528323340330163,0.4615902964959569,0.4986905624469762,0.5889487870619946,0.4921903650351731,8,1,0,10,0.03571428571428571,8,1484,0.0,8,8,11.321818870694335,,1.9974794189141685,9.15815993770957,2.138447348081804,1.0279311268895999,1.0003370970270629,1.5736172218063876e-08,,2.906941487500075,4.660584034707721,0.1150993173930919,0.19118252997541488,0.8106469002695418,0.005390835579514825,0.005390835579514825,1.0,-0.08394967707935325,0.14417847894482969,1.0006743076885312,3.148295395721299e-08,0.07851852135460705,0.4044548770993015,0.12661098186806322
openml_182,0.10277235336865216,0.044042282915147904,4.03565067776837,0.03654996450521019,0.0072,0.9601471529515085,0.03267575959830693,0.6118961084309794,0.382310613021627,0.0,0.0939619849979087,0.0222932120249897,2.48194438555383,0.16727761517153994,1448.52555,266.2290876613521,0.7592201449945426,0.07129462407976031,0.4945943175260107,0.32310832544381024,0.4939310734799281,0.322739568916913,0.88594774954991,0.9987224923254117,3.5393112038777303,2.785775190481302,0.33196469334085676,0.06873331737041122,0.05845697267918001,0.055201350139330446,1.4772233944060894e-05,3.981955080188895e-05,0.48536412246073474,0.2527285338591115,0.12365975448108418,0.21462589359076412,0.16666666666666666,0.06822429674732211,,,3.570642150062777,,,0.8395092556021051,0.32087913912685656,1037.8836,242.6821112148787,138.88888888888889,1.4297310652004347,0.16583282581936115,5.626660147240541,0.16284477947233836,-0.1414539635950736,0.853559872454149,0.02089790116332527,0.0322652522311144,0.02603093177423175,0.04398325069261488,0.0216081563758915,0.033595974080770905,15.593862498540863,0.97644152,1.0218283734913292,0.1254670863320696,2.774247255590227,0.6536194051049331,0.004822994543950902,0.003230320048750645,0.001438387669622898,0.09469689338080751,-2.557010041342841,0.282509086522896,0.8909349160816604,0.14756883705010307,0.1594,0.365206590035407,0.1107670658165019,0.0962,0.29489481614724616,0.3644,0.4813096423243138,36,0,0,6,0.4857142857142857,5,5000,0.0,36,9,3.529680681409589,,2.456729856880773,5.331257296933068,0.80372711172121,7.051171010912905,0.9993560097176757,0.003216448781605867,1.2932028698003981,0.04005504406110722,0.5742579452517422,0.013702481599158899,0.003813805590094351,0.4442,0.0072,0.0012,0.16666666666666666,0.023355872069532917,0.07570592038048993,0.9987224923254112,0.006433996582727441,0.005485974868535265,1.3098876673853939,0.2973434906501916
openml_188,0.07906888877563416,0.1106048036568783,2.2945315554192782,0.6327141571490819,0.019021739130434784,0.974226387720249,0.027038952244606285,0.40421377183536744,0.31967063223947007,0.0,0.05951071016390095,0.03586918429186519,2.2620836204282746,0.31777829194929186,245.50883152173913,22.89421116551746,0.771238049404508,0.0618178864103895,0.1345103170706017,0.15662777479523315,0.13469332519079752,0.15684087471888083,0.9390971606033718,1.0013605517840654,0.7710995103765633,10.777616291375942,0.8773055297750412,0.14032433019534127,0.15631943707718626,0.10324143238814402,0.022477131335706467,0.03165673148301465,0.7650796100744698,0.1803546224236193,0.4356303046830939,0.3687008608293903,0.19999999999999998,0.06526973669230479,,,1.1336772313777483,,,0.9017767595049508,0.28932249515958247,189.3763586956522,25.21488765344641,52.57142857142857,1.2456962482205458,0.5552246030634643,4.34672798379393,0.5950823294159171,62.47184444052965,195.55499198131244,0.07085460028936777,0.05400543847862778,0.09606363199254928,0.08190280215166763,0.0971466984172203,0.08191566834807172,3.2104071754619996,0.9882461749763705,0.8193399851186202,0.44922697292834685,5.304873202528272,7.582145482119275,2.2830576628666396e-09,6.684441916978293e-09,-0.022443072870373726,0.30513863161008176,-2.361835926771164,1.4032084934464817,0.20988719205362266,0.1500817322804671,0.563858695652174,0.43858879293462905,0.1758758514134326,0.4008152173913043,0.49039691111872086,0.5828804347826086,0.4934183050718191,14,1,0,5,0.06593406593406594,4,736,0.0,14,10,9.932213314059982,,0.9601230327146455,7.666709129299436,6.888348253972275,2.9746143402570873,1.000680044661662,1.3849970543277124e-08,,2.520774169069018,7.386222227199684,0.09679924831679444,0.13804261196014292,0.7282608695652174,0.019021739130434784,0.014945652173913044,0.7857142857142857,-0.004013245859480307,0.08925182523712792,1.0013605517840658,2.771877837756988e-08,0.20125632751951075,1.065377129246714,0.105786612714013
openml_22,0.022435516646914257,0.028654719772580946,3.5849565417212785,1.2639150924615455e-06,0.0235,0.9999999999999998,0.0,0.7160985634787155,0.25578563653568026,0.0,0.05398086930541202,0.024115277960866096,3.321928094887362,0.20553907142341188,460.3433125,57.50362537206075,0.8856974426270736,0.00864039836950865,0.2577673467836429,0.21297227891694534,0.2578962947402064,0.21307881815315285,0.9395887943971986,1.0005002493598865,2.29302001936704,8.330842521874912,0.6255584111194201,0.16346095782063502,0.039927927200716626,0.12219439028446881,0.00528805802422727,0.03532919235155744,0.5277222222222223,0.22248328730786304,0.011944444444444443,0.08012576919374245,0.1,0.0,,,6.46416185058879,,,0.9122061185612722,0.2688346396993767,399.2931875,52.23039189084148,42.5531914893617,1.3581180369600336,0.1595329676785724,6.508134079727419,0.17154582577811,0.7268303403597116,1.4168758969919435,0.005910824985847425,0.027800077583926497,0.01105555555555555,0.06295175120517284,0.021388888888888877,0.07283339400871199,20.237850361957506,0.992894,0.9821791632628344,0.12949233269630872,3.959687298916756,1.181721881116993,-7.862434629598595e-11,5.461280283374289e-10,-0.15027010062352775,0.08168031811615097,-1.7868219385755824,0.5491315869472613,0.39875055688121924,0.17154554680537887,0.2955,0.4761109723376039,0.19577743470008668,0.221,0.4150242433416157,0.7965,0.4027019175732947,47,0,0,10,0.1267345050878816,9,2000,0.0,47,40,7.990474069204057,,5.138584708410226,5.746509237492338,1.0774877708072916,7.218153385601696,1.000250093406587,1.1027236095494362e-09,,0.7896442251685586,0.48693065117736334,2.3436114718701727e-06,9.493335184824102e-07,0.615,0.0235,0.008,0.3404255319148936,-0.11517350746067193,0.061706491713136594,1.0005002493598862,2.2059988158152963e-09,0.00011890896251995127,1.650520669117439,0.21247730082527425
openml_23,0.03292962380223692,0.04548410245685289,1.591380680533382,0.9861694216603035,0.006109979633401222,0.9710227103477138,0.04370336679657216,0.3286625662672219,0.09589407820561763,0.0,0.019023408127293025,0.00941196329671793,1.5390345832497476,0.4802951860028688,458.3878139850645,66.70324566574291,0.6394303732283113,0.07198382043266122,0.17689609756809546,0.15170724194637544,0.17701627430224284,0.15181030701148254,0.9240034387083444,1.0006793578729862,0.6954628558134343,43.15221258768076,0.9667252827706984,0.02470561517072339,0.5690848110798107,0.08469527096474035,0.7659285186057442,0.04861805687697461,0.9649663372911066,0.05608967360274407,0.9583228363348094,0.05257642044374743,0.3333333333333333,0.10116094146234017,,,1.266975490600267,,,0.8222106996757103,0.24768178753040387,295.4575695858792,56.16122772027258,163.66666666666666,1.2994968394438426,0.8684594593375985,3.094750010695062,0.964485944641666,0.9183728387349094,3.0900642031473646,0.1606518430855953,0.012038854915456443,0.32688242284151486,0.04745281735367725,0.2885355489995051,0.054651416721563637,0.2595184762447127,0.9987394739158669,0.7816239727847277,0.7613522071923979,1.8562056554688349,1.6651007453179616,-2.784764792770426e-10,8.695672698814714e-09,0.10903379279706213,0.3594228531007457,-1.8003724780347612,0.7628996179594494,0.03566525308806799,0.025641626926577503,0.7325186693822132,,,0.5709436524100475,0.4951094989801759,0.4684317718940937,0.4991719212101614,9,3,0,3,0.05555555555555555,2,1473,0.0,9,5,43.61991834472043,,0.22523383916561712,3.656578133503596,1.2920427397340533,0.18650478503010434,1.000339621265191,1.3904126452239758e-08,1.0444745843963512,-0.13530610532228982,1.5582192792112484,0.28796977124183004,0.179168581406258,0.6741344195519349,0.006109979633401222,0.005431093007467753,0.8888888888888888,0.11763712709953181,0.2463936371439391,1.0006793578729858,2.7817697345510775e-08,0.7854621148236941,1.0714956044743262,0.18493216573856816
openml_23381,,,2.420455793898265,,0.002,0.9814538950336537,0.049921996879875086,0.04084653414130679,,0.0,0.0019558241199117217,,0.9814538950336537,0.7550900972501192,249.5,0.0,0.4885099340930424,0.08115896194035165,,,,,0.9673667334669339,,,121.63941348219633,0.9983315606486431,,,,1.0,,1.0,,1.0,,0.5,0.11313708498984758,,,0.08275925570560622,,,0.8825614290182826,0.2647977601441691,121.8,19.76211229004452,500.0,0.5490781888365746,,3.39384113724347,,-0.5978978644648656,,0.2957746478873162,,0.42000000000000004,,0.42000000000000004,,0.0016712276934056967,0.99998,0.14801153934001923,,0.7344669699668884,,-2.423301339149475e-09,,0.5348021388053894,,-1.761343002319336,,0.008068551688448444,,0.502,,,0.462,0.4990532118085534,0.472,0.4997153498360075,1,0,0,2,,1,500,0.0,1,1,298.9864024374504,,0.0016684393513569412,2.4958099722862244,,0.0016712276934056967,1.0010015162098995,,,-1.1577856827060338,,0.05693740422020511,,0.03,0.002,0.002,1.0,0.3531071850998948,,1.0020040354545177,,0.998331560648643,0.042016066695856315,0.034634376347789333
openml_23517,0.015773932534738442,0.02183847921726095,4.087389076437322,3.2072157110037484e-05,0.0042,0.9999773784235225,6.271803316248992e-05,0.07521164296707143,,0.0,0.00021716390050302564,7.8208952491375e-05,0.9999773784235225,0.5368594642007708,1065.0608,112.71968451402083,0.4999615016291991,0.004493840197899311,0.26270919037967777,0.20621642375965002,0.2612458910993104,0.20495992938742064,0.9047423084616923,0.9949700944384366,1.5203021681584135,397.8513300336296,0.9994767846955351,0.0005890370944393546,0.9777584387915694,,0.9875274372116106,,0.9988,,0.995,,0.5,0.003959797974644701,,,0.20891565505359097,,,0.7768625431888122,0.2453765249601863,532.5998625,56.570264792029405,238.0952380952381,1.7227387896605901,0.040871622775316,5.084853010006106,0.0009145914867850115,-1.1881769529832096,0.052507932527832535,0.17519433121093542,,0.46519999999999995,,0.4686,,0.005688972567980901,0.99959652,1.2721617868606931,0.033343605950400736,1.721386988957723,0.033030322355492525,-0.0027790142618936016,0.012963933626422588,-0.0028328977724803345,0.048998903613746425,-1.7251099348068237,0.04413667769032712,0.0025134448547375634,0.000908224321733587,0.6834,0.49955474987373666,0.05503656959557191,0.4934,0.500006441246768,0.4568,0.4981800845872262,21,0,0,2,0.1380952380952381,1,5000,0.0,21,0,1625.2099678586737,,0.005656791237806226,3.446496923764547,0.052746967807177005,0.005688972567980901,0.9974697346880128,0.005043209380391908,1.0025496872264927,0.0042384600114447986,0.05329013163542976,0.0008088133091570596,2.523286939436364e-06,0.9836,0.0042,0.0026,0.6190476190476191,-0.0038753846170233347,0.025685635107628755,0.9949700944384363,0.01008890908223409,0.9943432087621937,1.6870541456013641,0.13793443353279664
openml_28,0.020533662914792295,0.032452875914083745,2.2495502044486706,1.3499695588135319,0.0124,0.9999175122743068,4.67873645401129e-05,0.7976449302877485,0.12444045858396613,0.0,0.10808749526796348,0.06096234662265979,3.3216540765938993,0.13087553042367084,470.10370625,56.70212811271444,0.8638151707965964,0.014575373325352725,0.12095068815221159,0.132741963185981,0.12136093652091294,0.13335324787074698,0.9249596319263853,0.9976387324152408,1.421076887979278,10.20175175683391,0.6943913891510208,0.18578078007567028,0.013735262490450456,0.007464144893487211,,,0.6725557482674507,0.20831771363082474,0.09585065244552357,0.21662941575272987,0.1,0.002052640575778755,,,4.66877603795159,,,0.9053914363170101,0.28898250987712243,388.80964375,49.828522312474675,80.64516129032258,1.1709863577458648,0.8505823690474505,5.245607838807167,1.189056478316935,210.30642413031617,728.9350260883202,6.757795862751701e-05,0.0004533267278153892,6.720430107526937e-05,0.00045082015675399346,0.0009325650930631868,0.0022938011852286677,25.20072283795178,0.9793954,0.6780063007044456,0.6333229687862678,8.643773384632603,13.530774415657026,0.0003457174323491693,0.004016602728402877,-0.09645030872836229,0.2976804153622298,-1.008974512227841,0.7740991311398038,0.32559644223540357,0.2012293025303137,0.0364,0.3504567171278501,0.06706149527025174,0.016,0.12548764652301825,0.3806,0.4855829467347797,62,3,0,10,0.030142781597038603,9,5000,0.0,62,29,5.909013467727832,,5.850020335184427,9.652747896860443,13.046447487587713,6.861435710661216,0.998169119956991,0.0363098468175364,,5.792627133070527,12.901692558082106,0.0958525844464133,0.1033296719697739,0.4158,0.0124,0.0084,0.6774193548387096,-0.0776032005567116,0.20196597946419978,0.9976387324152413,0.06576856788435473,2.230999678183028e-05,2.929099649879812,0.16621446763881337
openml_29,0.03003087700406779,0.020352884234821837,2.6827506714714713,0.4955254957134268,0.008695652173913044,0.9912308989033523,0.023972972299927786,0.48036286492225694,,0.0,0.03276623494195303,0.041150861648461164,0.9912308989033523,0.4054127828324793,341.6891304347826,12.393468741944805,0.4891388231839871,0.06598566306525476,0.16611546569549074,0.11466221119249068,0.16635656137557522,0.11482863010045921,0.8772428009507582,1.0014513695161928,0.4897820669485793,9.5117966501743,0.9367492103308055,0.05946276519306062,0.45234033297991816,,0.002951449853934613,,0.9666666666666667,,0.9347826086956522,,0.5,0.07788422517417042,,,1.2396215435996165,,,0.7356240923003616,0.29764478027264496,168.69057971014493,20.152302492388447,115.0,0.8435776817301909,0.46269901630920257,3.5697708796547705,0.5610704171473379,49.49650173202593,81.8502119051991,0.15302282165396597,,0.23478260869565215,,0.20579710144927532,,0.29996493551958664,0.9932640201638311,0.4611327620059251,0.39231808451749867,9.917376279830933,5.656456892267714,-9.75329815837496e-10,9.918412350419304e-10,-0.3087690845131874,0.135468950608877,-0.8127466365695,0.4605771223069592,0.10421069072005322,0.07330879248214872,0.4826086956521739,0.4439899046133094,0.1272388391277679,0.32608695652173914,0.4691196009279069,0.27246376811594203,0.4455501835139584,6,0,0,2,0.0,1,690,0.0,6,6,24.74352643605721,,0.23074848199631848,10.730122916400433,5.274745077540871,0.29996493551958664,1.0007254216398187,9.569515994014002e-09,,4.413561925233941,4.471863217574431,0.010000441982025753,0.01580215995385712,0.591304347826087,0.008695652173913044,0.008695652173913044,1.0,-0.23662738380694034,0.08254396869192919,1.001451369516193,1.9152915779902948e-08,0.7692515180036815,0.3488661745769828,0.13077238655171383
openml_300,0.004049491712511917,0.002437877620077369,4.087461976382371,8.97195690676443e-16,0.01,0.999717556950663,7.597766603206768e-05,0.6151821243878376,0.2682695366021561,0.0,0.029862016242587823,0.03057173845793617,4.699112111613876,0.17972521302036126,1283.5651,40.00064886813681,0.95924430032992,0.0018146966971976139,0.007223611849117528,0.005590737658731361,0.007242992832594447,0.005609540294137515,0.9716492098419685,1.0025800407195773,0.06602248955484669,15.367980662999749,0.7763345998381679,0.20535211756670055,0.009840262200070476,0.010766844108135559,1.2619482903978706e-06,5.857807860532564e-06,0.23346262478493748,0.2604197721925949,0.0,0.0,0.038461538461538464,0.001676920254055493,,,4.913135620194479,,,0.9648911448228842,0.17250845571226311,1223.29865,32.583256120182014,100.0,1.3280434557795524,0.0969029309206621,8.480801181675018,0.28436024972960283,0.20839842666204667,0.4234294171361326,0.0001866033775321171,0.0022891275549800057,0.00013662490680868238,0.001922486875949664,0.001398130277270812,0.006237250922814907,68.0558262899318,0.99790744,0.9843420089856447,0.0729456111075409,3.82925172328949,0.6604209907406235,0.0011519182892331592,0.008644114793677377,0.001209244902129285,0.02787226217897263,-3.7801829528808595,0.6028891744826979,0.30577290632122867,0.28436024972960283,0.2752,0.4548445803893235,0.04662307781885581,0.151,0.35808468960426915,0.3924,0.4883338345709801,50,0,0,26,0.0,25,5000,8.0,50,49,12.367639486306551,,11.188471216607974,7.609434676170349,0.9563226321446124,21.249097980996215,1.0012690873090315,0.006409138796964946,,0.012550473345134166,0.15836186756600704,4.801920576152582e-09,1.3135682654004042e-08,0.95,0.01,0.0096,0.96,0.0010426332120910466,0.01985142201028232,1.002580040719577,0.012800746766645957,4.2500918299757343e-10,1.3421671158071447,0.09640712187779041
openml_307,0.029150528483236106,0.011343318822343974,3.1699051288980487,1.9995203473958817e-05,0.010101010101010102,1.0,0.0,0.3096212782984413,0.31749148707366676,0.0,0.07860262234177787,0.060297056329714466,3.4594316186372978,0.26677484202339263,449.42070707070707,37.518832824148475,0.9009280572038112,0.00424865457726904,0.2112996503014193,0.1541769371417519,0.21151330013116576,0.15433282892896633,0.9606295513272257,1.0010111225948433,0.8247860056074509,7.934414128928131,0.7539060874722289,0.22266065444789676,0.06538481940765473,0.04716632118744758,0.022772725652144388,0.026829826600357255,0.4620202020202021,0.2514402128822663,0.022727272727272728,0.06490534002160724,0.09090909090909091,0.0,,,1.3245575648397012,,,0.9385390462386977,0.20470907458132667,407.3833333333333,34.65047232806704,99.0,1.4253001362085342,0.08849066033330959,6.193333337274148,0.28872458675052787,-0.4007665353117858,0.27175840391053274,0.013413043867835595,0.028583186706707883,0.01929292929292929,0.03897483954814375,0.038383838383838374,0.04760223190168571,6.647369639535099,0.9928333843485359,1.0417515786334186,0.06174972331996248,2.780670189857483,0.2514187856614087,-4.093038509693937e-10,6.513678519166432e-10,-0.03540936017434433,0.07616857089436212,-2.661309766769409,0.3003436125028431,0.436003410261198,0.28873301854440037,0.18181818181818182,0.25545787634434397,0.09224869404517654,0.010101010101010102,0.10004543911521009,0.5969696969696969,0.4907546747094211,10,0,0,11,0.06666666666666667,10,990,1.0,10,5,6.2703677409290055,,1.8658609590298434,5.441979956626892,0.472563697219081,3.4927628930587393,1.0005054335658767,9.340954347941819e-10,,0.09083935436390426,0.16814998014715102,0.00022912193712937615,5.774746697476684e-05,0.3515151515151515,0.010101010101010102,0.00808080808080808,0.8,-0.023061406832984528,0.03833159244673363,1.001011122594843,1.869135137659075e-09,0.04070457088656881,0.767890216823843,0.09412764352871662
openml_31,0.016062577150225438,0.0233466453795612,2.0627226960388567,0.9958416562327748,0.007,0.8812908992306927,0.27586206896551724,0.25078257931389664,,0.0,0.0023451647882629287,0.002039356838315086,0.8812908992306927,0.47067875451515917,371.35575,54.37940297258839,0.4175485578943949,0.18584813768432867,0.10248583351577244,0.14062370144413464,0.10258842269957105,0.1407644677700791,0.8856796796796796,1.0010010059769436,0.4536168653697293,90.45962252661376,0.9877437990189539,0.01710978839239356,0.7581932290789501,,0.6619207238304273,,0.986,,0.976,,0.5,0.282842712474619,,,0.6391713686821113,,,0.5568396772312758,0.3149655594648915,155.56925,72.48313776111792,142.85714285714286,1.2246403002313204,0.6548831575911993,2.93427122762954,0.9870753464937835,0.9058452463233616,1.915059289970997,0.2307692307692253,,0.30000000000000004,,0.30000000000000004,,0.06711275062868133,0.996581,0.6996371139753609,0.5550354054177791,3.1245317799704417,1.735991526471796,-2.3345762331570895e-09,1.0942510187637702e-08,-0.25295606228922096,0.2812847177525895,-1.2141041968550002,0.5006565751428413,0.009742367640008798,0.01135588165623783,0.551,0.43385814788344235,0.1846703802380806,0.357,0.4793545460103416,0.378,0.485130241637595,7,1,0,2,0.047619047619047616,1,1000,0.0,7,5,210.72704339014186,,0.06289190208733085,4.338635976825442,1.5835317217647686,0.06711275062868133,1.000500377799501,9.405091894288566e-09,,0.9176198429542985,0.9745293379585056,0.18493589749197886,0.18149683586286264,0.577,0.007,0.006,0.8571428571428571,-0.14453300755185497,0.21534908511611137,1.0010010059769443,1.8819595983495354e-08,0.9371080979126691,0.8566938398118942,0.15546017892689193
openml_32,0.043867487832952884,0.03989156377243686,3.651858780798168,0.3945606192969745,0.0032,0.9994578854095815,0.0003078327855244867,0.6698051836947003,0.2201254616433031,0.0,0.11957885234797339,0.06422629931125425,3.320127229198803,0.08805686714641803,1220.4036,130.03016200826784,0.8362009471536221,0.03326229461823335,0.27336887410738664,0.20486361482841697,0.27376132149269783,0.205301914448425,0.9291185437087417,1.001155084816795,1.3667179620492018,4.571983983568197,0.49469713817765376,0.14058503349969725,0.019710393225985588,0.014639475002196747,0.027366892466405928,0.06678820386823722,0.4658766042021986,0.25439024564025664,0.03620961520270204,0.12918785390244558,0.1,0.005264556539306568,,,5.52480679937147,,,0.905666674071375,0.2775884369123094,1028.42845,111.93577541010217,312.5,1.5930910855531693,0.302127464716101,6.245796408036114,0.5154286316146154,-0.5010295022626207,1.1396395134988824,0.0021523205659177104,0.005640428876724985,0.0021577837457010165,0.006005781601000947,0.01049803372513449,0.01815775736449234,15.734790526809322,0.97842292,1.0588750956576083,0.2668295692873454,1.6494465470314026,0.5136594020146674,0.004480258827414946,0.009094469221808638,-0.0026092376792803407,0.24187908717115214,-1.9132814407348633,1.2247504587438438,0.7261896019608571,0.23880276890127966,0.0286,0.2652420263509264,0.08574475165791268,0.0094,0.09650649045810394,0.4302,0.49515350690374776,16,0,0,10,0.125,9,5000,0.0,16,3,4.028795194722452,,4.42539260784804,3.562727987766266,0.9943151470463253,6.878612448107331,1.0005736733905377,0.002811203217657423,,-0.047187594009231046,0.6758881239756553,0.00978169558341025,0.00022995409678044836,0.1462,0.0032,0.002,0.625,-0.0010514426707280491,0.16012782116562727,1.001155084816795,0.0056251564911305955,0.0006242052481029791,1.4722923826908363,0.12915656218425278
openml_36,0.12541780346624176,0.1722580280477182,3.333206730929672,1.0666424253476618,0.007792207792207792,1.0000000000000004,-2.220446049250313e-16,0.7463867262196792,0.26278444586104904,0.0,0.12589073170608614,0.07416063381699883,2.8073549220576037,0.09195475393235886,794.5754329004329,132.9930504865763,0.8058951737761101,0.036920315230234556,0.2780045419742452,0.32632463351855,0.2781249420195134,0.3264659606727494,0.9016672947378881,1.0004330818877203,1.8161124131045887,3.033015389021097,0.4638431164670076,0.396503559795997,0.021594454084772296,0.03150713361424504,7.873044544563565e-06,3.3140613115805784e-05,0.16558441558441558,0.2700989270766839,0.02215007215007215,0.09350888177699325,0.14285714285714282,2.997944808332385e-17,,,2.8131046356337333,,,0.8589371436761092,0.34586448718190826,635.8465367965368,131.43315440104755,128.33333333333334,0.8861688250261877,0.5966905953530757,5.214963012037526,0.8708446877643261,38.39541010914331,92.40048011472503,0.005337542084147796,0.01694746181555545,0.006854256854256853,0.019897689690237013,0.013636363636363632,0.03311221425369148,47.397004787858286,0.9523607128801934,0.5874524379167084,0.4183440205319285,6.392549084292518,6.696653804840268,-8.330415009721187e-10,3.894900258568411e-09,-0.22806925523198313,0.16390354339662383,-1.156810276210308,0.8127025269170222,0.9255986409497498,0.5640915794133716,0.0645021645021645,0.1703985831786854,0.1446915220223417,0.023376623376623377,0.15112923053203506,0.42943722943722945,0.4951030306912725,18,0,0,7,0.24836601307189543,6,2310,0.0,18,15,2.6011361549855923,,3.6878371953940756,7.549359360502826,6.1897054858687195,25.81248046688153,1.0002165175039452,9.439600518982083e-09,,3.3166471518571226,4.84608962155992,0.033760887199024085,0.09480841755162588,0.15367965367965367,0.007792207792207792,0.004329004329004329,0.5555555555555556,-0.17989101319109554,0.1314762432067848,1.0004330818877203,1.8883288666102766e-08,0.00012106366036137306,1.0077040423127697,0.1868600044419797
openml_37,0.028840438796475666,0.03211053699372291,2.958105757854844,0.34168940624694744,0.010416666666666666,0.9331343166407832,0.16724669384508295,0.5506842067802056,,0.0,0.01248981695807782,0.008523298017724572,0.9331343166407832,0.47622638917660254,374.9505208333333,17.268788108988737,0.4443778469830509,0.15293692924894453,0.17165678884653704,0.1324338652848879,0.17188059149483093,0.1326065294245724,0.8690311277705345,1.0013037806950102,0.6099141698295333,12.954877983803843,0.9416866191961029,0.07013607477411106,0.3435590783380497,,0.25159562668192076,,0.9934895833333334,,0.9778645833333334,,0.5,0.21360517348343622,,,1.4329727300715531,,,0.7417449325142741,0.26387043843491603,169.6875,54.74741395784561,96.0,1.3250789595767856,0.3296704016141307,3.8192105024836493,0.3357632924270967,2.734561235899718,2.913385743376879,0.14733582595734063,,0.2265625,,0.19010416666666663,,0.4352413963820134,0.9893815782335069,0.8036313980697188,0.2194750423756523,4.382922321557999,1.439433810665189,-1.8608972141009874e-09,5.417544022608117e-09,-0.14459522604011,0.22689525541964786,-2.096347726881504,1.4319227721846313,0.07202957201197768,0.05160877219809383,0.4361979166666667,0.4541916056963549,0.09824326870390805,0.3020833333333333,0.4594604094843525,0.3828125,0.48638989543173744,8,0,0,2,0.03571428571428571,1,768,0.0,8,8,40.06793467220582,,0.3032530955971442,6.479270048439503,1.1559278814164844,0.4352413963820134,1.000651678005394,6.10283949886332e-09,1.0325939946780829,0.5271805502180644,1.3216032351169407,0.015922964296627953,0.018549250712783114,0.69140625,0.010416666666666666,0.010416666666666666,1.0,-0.11366691843223237,0.13804536967981698,1.0013037806950105,1.2213633058314857e-08,0.6967469044028558,0.578019060707362,0.11967698393601117
openml_375,0.01296017711459373,0.007846971333570766,4.085758205536062,0.004642352960929831,0.0028,0.9884393840084293,0.0074435791242020155,0.6575304405000564,0.2576077142670503,0.0,0.03288782865040026,0.02028172931156945,3.133278715778559,0.23802215438988494,2183.3781,203.15863697304468,0.8724263299335693,0.027368016637285622,0.23151564553964574,0.1621090268426385,0.23168099194130573,0.16287543369139545,0.9431431086217243,0.9992934599047992,1.0577739837551088,8.266614840996217,0.6915173296808322,0.19329847580258633,0.03175619747198933,0.01858935192899354,0.007154704745461853,0.007199401947449972,0.5890710548260486,0.24161331649424397,0.1415304215560529,0.17813396487171856,0.1111111111111111,0.026953313546039404,,,4.127717367105827,,,0.9069045026639334,0.22349998694189552,1912.4513,210.19678224407517,357.14285714285717,1.419123724102974,0.111180679807488,6.840008893996855,0.21587352923879513,-0.03313754976705585,1.1634296101123291,0.004758870469540506,0.009740231647617906,0.005762256735963607,0.010636567780716932,0.01452946305137165,0.018941274441981553,14.802561414323327,0.99288372,1.0478941029913722,0.08099123324085616,3.25742164679936,0.5238994563328979,-0.00025909444650943817,0.010187413508588036,-0.009509292763790913,0.07703440543268561,-2.85056894166129,0.8172465621347831,0.37902802731776536,0.21790166291703011,0.0664,0.31822245681355427,0.08664520394061351,0.0176,0.13150550840078126,0.4222,0.49395947120369943,14,0,0,9,0.06593406593406594,8,5000,0.0,14,12,9.779567501773924,,3.923302382622845,6.10799058846065,0.6534560158236136,5.6072189533933585,0.999634522706675,0.005113578072666609,,0.11241110479626423,0.5270673805461276,0.003335383923810536,0.009729806676221087,0.4184,0.0028,0.002,0.7142857142857143,-0.010690443390244886,0.06371181133364405,0.9992934599047995,0.010210244828759768,0.0011615358362925049,0.8256721210904693,0.0885558045237421
openml_38,0.03275103714734457,0.029244809038386194,3.7105161555188833,0.19615619575004006,0.0015906680805938495,0.33235055553211046,0.8700812783184808,0.40885113808466494,,0.0,0.0090588278755277,0.016000362397301456,0.33235055553211046,0.4692939887310661,1883.4363732767763,27.683874461868207,0.11343160476725424,0.21029949130380085,0.2590844408831663,0.20547345514859033,0.2591531451839301,0.20552794298826005,0.8027515337932252,1.0002651807010927,0.7996973389393377,7.133132184129272,0.9620462177408653,0.055491926684778155,0.22272617495478528,,0.0007548687620187292,,0.8616118769883351,,0.7738600212089077,,0.5,0.6204993228333702,,,1.9902419996704785,,,0.5774289028803408,0.20182062098101305,216.71328207847296,396.6217438410323,628.6666666666666,0.8542041132847468,0.47752652212406294,3.9962741978389764,0.2570812723336105,56.626866215735326,102.26161325180028,0.034281397830892124,,0.0357900318133616,,0.02889713679745498,,0.20070974401523994,0.8890411318989394,0.6466270471037365,0.3389528931684149,13.304016987482706,6.406400112139046,3.217753033114538e-10,1.065583570022099e-09,-0.060197381768375635,0.09758116072125789,-2.6529322440425553,1.3175271754345055,0.04659251321201752,0.0653847813974983,0.060445387062566275,0.20859715112496233,0.12436233353347795,0.03499469777306469,0.18379070733692998,0.08669141039236479,0.28141962579288937,6,0,0,2,0.13333333333333333,1,3772,0.0,6,6,78.63760483651775,,0.16715925311312577,15.956949231525263,5.295272400815472,0.20070974401523994,1.0001325815616111,1.8467112653074228e-09,,3.768584632277482,5.31483652999927,0.007070422983940688,0.004417019432765334,0.09225874867444327,0.0015906680805938495,0.001325556733828208,0.8333333333333334,-0.06918532551683253,0.06305758449096,1.0002651807010927,3.693912223709645e-09,0.8328407468868743,0.19628704569404326,0.08581563622298397
openml_40478,0.01657235907768792,0.08933098037962124,1.065749464775205,1.4794626986830048,0.009285714285714286,0.6579287033930475,0.3526497190588157,0.46598378698787496,0.1514042256714741,0.0,0.06176057939061365,0.11058218188687553,1.5276631408411314,0.4167067034295684,718.7478571428571,143.48912409235206,0.572778761165096,0.1799921072610821,0.06143276240814996,0.12392838922301956,0.061454710129591465,0.12397266372202655,0.8935382534578676,1.0003572663910048,0.704672926772124,32.00871733863008,0.9422226842306766,0.0697438061393166,0.13780280609575898,0.08519668111033894,,,0.8093290653513516,0.12562606755819083,0.48425337033757243,0.34796052247955794,0.2,0.23789119232908792,,,3.002118416531961,,,0.7850568646986961,0.23245658497061725,419.89482142857145,168.3818861691738,107.6923076923077,0.28831175370858264,0.5737374375898726,2.545686133959272,1.4445383915205319,151.783234795968,543.2695644338809,0.05656018330659738,0.044634656165689256,0.0713118910599,0.06405531152100898,0.06381673494139153,0.06094957716896088,1.347949178326266,0.9959623724489796,0.1494443342031382,0.31370754431284525,8.76647763985854,10.690795194125188,2.916479903978519e-10,7.83194742220537e-09,-0.04780238970925738,0.2507853466818091,-1.2771196078079252,1.4397804180022773,0.04772647165706494,0.05307789704944494,0.5192857142857142,0.42786009521093094,0.203363383337487,0.38642857142857145,0.48701769986692234,0.5460714285714285,0.4979618286063109,26,20,0,5,0.024615384615384615,4,2800,0.0,26,25,21.33036358591663,,0.9373332775957812,10.043597247666465,10.405884759567284,0.610080381689106,1.0001786172434424,1.957950030487196e-08,,5.977632875940628,10.791354817539531,0.3861790127332317,0.21160015125129084,0.6025,0.009285714285714286,0.0075,0.8076923076923077,-0.044963144713702594,0.21785288785556753,1.0003572663910048,3.916599491674752e-08,0.32794876317816213,1.258369599313056,0.3931339032125441
openml_40496,0.03955166472358566,0.043906423431920256,0.8785894823665015,0.10123629349066145,0.014,0.9971039733174889,0.0015608448499618843,0.6604668796586435,0.2035615728814865,0.0,0.5681657119102904,0.08097077633463282,3.3123077024871854,0.6568813408303915,135.84,14.472737569842517,0.6935270832644492,0.10762022754883845,0.16609306124554823,0.1120850416236143,0.16642591457211514,0.11230966135211251,0.9535631262525051,1.0020040196766231,0.5272312859093845,7.848075615368265,0.4318341587381029,0.08097072128600415,0.051297349774516394,0.03564199560013336,1.0,0.0,1.0,0.0,1.0,0.0,0.1,0.011925695879998881,,,2.9789372570226202,,,0.9280843872921719,0.22096633054993345,115.596,12.779996699188247,71.42857142857143,1.8319871510778154,0.8126519492099914,3.768843694950893,0.0417308352193486,-1.1257115972590181,0.8905153740858851,0.03590237926670255,0.034626016146551405,0.039485309638786804,0.03834162223826361,0.039316271764120586,0.04401877449523425,9.513242322470868,0.995116,0.0,0.0,0.7390009122235435,0.24587419851238548,-8.659703390938894e-09,1.9097707510323553e-08,0.4468979963234493,0.5653808718537561,-1.4632315976279122,0.4081970478438545,0.4220534899027929,0.10517043439913189,0.618,,,0.358,0.47989227248036903,0.708,0.45513767214020245,7,7,0,10,0.0,7,500,0.0,7,1,1.0817017354100251,,3.302139377606085,2.2022325098514557,0.1931584246930608,3.6757088770419526,1.0010015083288455,1.2892584472875959e-08,,-0.7220590526428595,0.643701523614785,0.498997995991984,1.199177923332954e-16,0.056,0.014,0.014,1.0,0.23030285327207473,0.1979814803149413,1.0020040196766236,2.5810993068757853e-08,0.005497703800404893,1.0565909853472784,0.21509577354888326
openml_40499,0.10450696705047986,0.06562652794732132,4.087266723705422,0.00012615431972064347,0.008,0.9999509688160525,2.5759599190600113e-05,0.8574375920789526,0.1229038529498671,0.0,0.1165868121160993,0.039959988377711315,3.45926199860925,0.09149115623526116,1725.46628125,278.50384422733066,0.887123977452908,0.011783840946976319,0.7431126543463716,0.15462586187439553,0.7427817075854466,0.1541067844882891,0.9328424084816963,0.9997064372500851,4.797681272954873,2.994729132139495,0.25893530119427083,0.181770360481807,0.006429564866073775,0.005442510898377742,2.1428058401486838e-07,1.57386294066289e-06,0.1818832035068212,0.2774199257852196,0.0,0.0,0.09090909090909091,0.001459763368121384,,,9.225860944969403,,,0.9077543433782135,0.28914641222094123,1508.20525625,273.992943316771,125.0,1.3306828532367945,0.2201689621642486,6.391411900067085,0.3367912935072571,1.2030253538005704,3.5538044084214424,4.316005416355412e-06,3.200835283907169e-05,3.969829297340123e-05,0.00029441042028961875,0.0027305655374235157,0.00684529004186388,103.53879288530139,0.97538312,0.9410873129791533,0.16660600610021226,4.535360789299011,1.9066200790716707,0.007197665404041209,0.0029286552220930736,0.056063041114248334,0.1551783966295059,-2.459317010641098,0.4649014258261772,1.1551168222475878,0.3368805513921838,0.034,0.2813770472580638,0.10667463329898287,0.012,0.10889615087015184,0.3334,0.471475235595207,40,0,0,11,0.8961538461538462,10,5000,0.0,40,35,2.538401177252838,,7.487940456730825,6.994677799940109,1.8269873561144991,47.92873991193774,0.9998506699373324,0.0022814920788218184,,0.2748354023979061,0.942441408075446,0.000861235693186195,0.00018586224360483234,0.2556,0.008,0.001,0.125,0.020310376287433173,0.11179447492945015,0.9997064372500855,0.00456544272801358,1.3519462308518849e-08,1.1026246868729095,0.23272449203637957
openml_40536,0.01047223411538514,0.018395700893318108,2.777325223530915,0.6215943214162425,0.012,0.6309497656451389,0.6359443504579789,0.4564968779783956,,0.0,0.0021503321128165664,0.003460257838114278,0.6309497656451389,0.6068817965887825,776.2662875,112.42718958742942,0.26610468122234593,0.24839174200274766,0.07313500162796381,0.09837021798016841,0.07313845510762543,0.09815401288006266,0.831838047609522,1.0017968573792706,0.9482396136516109,54.69401977623783,0.9881337126114752,0.022342611228609026,0.3364788154493652,,0.00911109254660829,,0.9846,,0.9416,,0.5,0.4828125101941747,,,2.3031429341133465,,,0.762394367799326,0.14355326583804603,206.801375,197.80878269728998,83.33333333333333,1.1892315298318863,0.40942324218810705,3.396738997339535,0.62180660642039,5.944120075717404,37.46220109065154,0.13662374032858038,,0.15859999999999996,,0.15859999999999996,,0.26324735861265897,0.99826992,0.8705390177702343,0.28727723827653184,3.338185857236385,3.906012111612265,0.0007388611961893427,0.009126836432704228,-0.019536992193510135,0.20610383366500992,-2.7304381536940734,1.1004322192349933,0.011535991836519925,0.018177944201328535,0.3076,0.3990947067155716,0.13135022519216527,0.2066,0.40490644579454294,0.2034,0.4025678230689011,60,2,0,2,0.01016949152542373,1,5000,0.0,60,45,239.75305035659193,,0.20838939960402222,6.068624010930459,3.5407070368102493,0.26324735861265897,1.0008412152938513,0.010753910525504519,1.013839285123788,0.2050573816005672,1.9692442351633723,0.08263607776375835,0.08596598113009514,0.5318,0.012,0.0096,0.8,0.019891696614936356,0.10978429986195345,1.0017968573792708,0.021870452599230997,0.7916106003959777,2.208346094086457,0.18877762780984608
openml_40668,0.02118776654501176,0.06332679108615255,0.6725944451830822,0.5565311337192896,0.0084,0.7760227404514121,0.35694876934380315,0.20443535646555822,0.0371492880671509,0.0,0.0034877626444366912,0.00484700805155473,1.229966943322355,0.5801617108013841,697.9601,48.19608604668582,0.501426036097859,0.21706841579685038,0.08486139023194295,0.10000523491561812,0.08473533666852025,0.10021261076809224,0.9062525305061012,0.9975377140179221,0.8542965692450118,213.31335684198802,0.9983070568374126,0.00213073170993164,0.7728239152766833,0.05590562057870409,0.0,0.0,0.998296563984146,0.0010561693089533874,0.9969628063992024,0.0018931404431949757,0.3333333333333333,0.28760815936501755,,,0.7013690971030442,,,0.6748793030849287,0.2523424561839748,350.096325,155.12285079296666,119.04761904761905,0.4765454544907525,0.8124573161041676,1.8967953785305747,0.5508084269902095,113.79097973884947,276.52843323201597,0.18411048470098115,0.05923051267643685,0.2303373065411071,0.08486655051601723,0.23000077028275198,0.08597173472034164,0.08900045376392357,0.99958512,0.21247038364857435,0.585025632134988,8.021007817415963,9.982103036677902,-0.00027255161307042526,0.01039276249599248,-0.28248730887259754,0.25891118048445233,-0.4257966239182722,0.3696345751368248,0.005766009974862725,0.008457196400441885,0.535,0.46433333473144284,0.12614878542605382,0.3796,0.48533591479514265,0.4288,0.4949540947514044,42,0,0,3,0.016260162601626015,2,5000,0.0,42,30,115.64815845191023,,0.08496769955029587,8.446804441334237,9.77014860349623,0.05621635013501738,0.9978689161746045,0.042885066568668855,,6.381548062662013,8.238002661135493,0.3331999733279989,5.618403823820216e-17,0.6676,0.0084,0.0072,0.8571428571428571,-0.2143642064100575,0.15441270184061417,0.997537714017922,0.08343521314366407,0.9167218211940708,2.3611046867015726,0.11232944375240343
openml_40670,0.004388377781385495,0.023461731739636105,0.806063119106517,0.06377891604330826,0.05649717514124294,0.9336467959849357,0.12418617621782002,0.8475945410206074,0.03132178562092994,0.0,0.025473082216549668,0.05958061476833235,1.4797951605545792,0.6382675473882099,8.599977501667452,1.1523174110900298,0.5965289157057372,0.12211185504914224,0.03125807439993942,0.041282871861746034,0.03126788859449755,0.041295833488342676,0.9016042517253171,1.000313973380151,0.6949285974646212,68.4255668552612,0.9745268160582653,0.059580609428903246,0.04836062290114507,0.0070792561388681756,0.3333333333333333,0.5773502691896258,0.9006605244436104,0.08629190943249349,0.8956561728335147,0.09036790176223501,0.3333333333333333,0.16091902520191248,,,3.9302390673007483,,,0.8720520224309544,0.13998438583965328,5.073722805830195,1.3676431257026385,17.7,1.0871786721878582,1.1162434570769153,2.2642319310817007,0.0737171517886634,-0.5659308284052403,0.6233356938414789,0.0014550381781375614,0.002520200051486711,0.0005511919525974888,0.0009546924666219469,0.014305329423040192,0.003135716679912228,5.244323826606312,0.9986586009333837,0.0,0.0,1.7454588578806982,0.20722637691140922,-9.30322200224108e-10,1.5604351176525208e-08,-0.5600100677874353,0.17131661558746228,-0.582347479959329,0.08472508351428548,0.02162634857939505,0.051657574615186524,0.41211550533584435,0.4118874644991376,0.16936631008302527,0.2448210922787194,0.4300485708841471,0.25109855618330196,0.43371316909517554,180,180,0,3,0.0,2,3186,0.0,180,92,36.27227072787083,,1.4378140661903513,2.3278063378400273,0.13042251262358134,3.1059637822866897,1.0001569743695988,1.814754044144e-08,,1.1625638172700248,0.28836408091824994,0.4998430141287286,1.6699798305830018e-16,0.8716258631512869,0.05649717514124294,0.04488386691776522,0.7944444444444444,-0.37977799256126554,0.08367923989205268,1.000313973380151,3.630077825725385e-08,0.07760364490401463,8.061870813457103,0.16567934877306437
openml_40685,0.06542785719514284,0.08264934653542326,3.158141800211295,0.9278619827941403,0.0018,0.36359161624899183,0.6989150984754366,0.2955356196998903,0.3646635784176412,0.0,0.051543547079226086,0.054721357044931064,0.9398706935802409,0.3204379963902515,2490.3023,46.99545627549656,0.3335453624286705,0.2753104525939822,0.2400844063526744,0.2912095558807854,0.23037819984551403,0.2817935398225456,0.8461597919583916,0.980711433018855,1.1083764429375507,3.206048691119455,0.7310999944464167,0.2831624835349592,0.012824389663308334,0.019481285123847038,1.3337794890882043e-09,5.100635763343917e-09,0.017108518528758263,0.06535661392589871,0.0,0.0,0.16666666666666666,0.31070491896116914,,,11.727711218622654,,,0.5062738616783097,0.313339264396622,867.87465,672.322926635455,555.5555555555555,0.6642813202925026,0.5405075494615694,3.804857029190009,0.836789607810633,1183.4132309515649,1867.8160682420232,0.0019643786040238974,0.0069054193746926175,0.0015689408172132973,0.005401935952435331,0.00554912884308519,0.020664897214877187,7.983202652009746,0.85326052,0.4218165546531478,0.3871090115348627,23.074723932478165,27.647390722247106,-0.005869542918010201,0.010211274218590248,-0.09506353322002623,0.255475147611224,-10.41211125585768,14.677990851229959,0.29315546460152686,0.2594010127561159,0.0078,0.015576698606168301,0.043625035293622584,0.0014,0.037394112690807176,0.2792,0.4486508860166273,9,0,0,6,0.19444444444444442,5,5000,0.0,9,9,9.772924886472836,,0.9686246142544274,33.486835188335846,36.19353369359763,7.900066110525297,0.9816956178397004,0.13823273960908103,,15.546465084424264,27.08444912198599,0.017730363723445594,0.0058290527619920445,0.01,0.0018,0.001,0.5555555555555556,-0.08650416648418521,0.18560321479519254,0.9807114330188553,0.23667448654704257,0.10350775285046963,0.31647554517139515,0.1254533510879907
openml_40701,0.013931658944524484,0.09781018565472764,3.3217247976510933,1.274675790603439,0.004,0.5878935751446988,0.6793238856742458,0.4297038608852872,,0.0,0.00582911578994847,0.01489885110437639,0.5878935751446988,0.5014157318690868,1503.85345,192.73077040088685,0.23787086591792111,0.2519053272497509,0.03592813370381745,0.1576287782500806,0.03593532072304264,0.15766031018867835,0.8402734946989397,1.0002000383240077,0.7213500614965532,37.93555896930665,0.9874088970507099,0.019888428718876302,0.3491042205193157,,0.11903873632415747,,0.9942,,0.9696,,0.5,0.507136983466992,,,1.4402130390908399,,,0.7233420238209486,0.1781107841746712,350.9306,368.00074165049045,250.0,1.2541081048548222,0.49090617462011377,3.894121208891594,1.2771562573263477,0.4266260983761468,1.5621797233249237,0.123880303254424,,0.14139999999999997,,0.14139999999999997,,0.2264602540844548,0.99645144,0.8192552045902509,0.41477685848004425,3.3426557004451753,1.179447345798997,-9.968606173060833e-10,7.699815516949672e-09,-0.13032683881174306,0.22297434038972758,-2.8139645606279373,1.6057248500466414,0.015497163904197609,0.02235095583915439,0.2246,0.439367086027199,0.05749355045244543,0.1424,0.34949487740719004,0.188,0.3907512473524064,20,2,0,2,0.02631578947368421,1,5000,6.0,20,17,213.34404502564246,,0.18464540805972227,6.156620261073113,2.1656472693807327,0.2264602540844548,1.0001000141605878,5.696701136536018e-09,1.014132897106455,0.4126313997053198,0.7806608893149217,0.07808126039659066,0.1625727131958618,0.6982,0.004,0.0028,0.7,-0.08300732933228669,0.14977104793510232,1.0002000383240077,1.1394541775595889e-08,0.8153545919402777,1.2645699654162876,0.17736664581991027
openml_40900,0.08788617304024471,0.05341776995391276,4.001793593357305,0.05427845860882806,0.0072,0.11115133074416465,0.9699621176787792,0.7053938717503735,,0.0,0.0036936726309676265,0.0028907127109529273,0.11115133074416465,0.29906618415470154,1560.8789,187.11481676726132,0.025031061084396483,0.11723026972403046,0.636834116580707,0.2298854683027657,0.6369166829252382,0.22987316148849563,0.8195535107021404,1.0001504932264398,4.0624063162041155,5.397461915008686,0.9667194517413004,0.031930753954843155,0.01462028462003343,,4.157608837665793e-06,,0.5446,,0.1988,,0.5,0.6861764204634258,,,9.06694068104495,,,0.5422583789177182,0.2179993294930917,29.609375,129.05467879355663,138.88888888888889,1.6149748530652788,0.0758456832352791,4.09235166517822,0.058234913909449584,-0.4560865695129574,0.39770491016855586,0.0032530175143148377,,0.0041999999999999815,,0.019000000000000017,,0.9903686629762736,0.83125296,1.1215043264306035,0.08518015045501681,3.2239980631404452,1.1380388487257826,-0.0004061574827155305,0.0011017257757762005,0.014169984684687935,0.10379754310428342,-3.0209367871284485,0.6345883427043939,0.02059325892325185,0.012763935423246851,0.0114,0.23949293752167414,0.07778927314053735,0.0058,0.07594414725770866,0.0178,0.13223712539021062,36,0,0,2,0.734920634920635,1,5000,0.0,36,18,193.32541533476663,,0.4975805143029824,6.244934850268894,1.2384525864527582,0.9903686629762736,1.0000750647532615,0.0006068906047234691,1.0275768359354303,-0.10908456218441166,0.18271349896203157,0.015125647126166344,0.0032710086621524906,0.0384,0.0072,0.0012,0.16666666666666666,0.024592210794954255,0.04182568264605441,1.00015049322644,0.0012136527741856197,0.5024194856970177,1.1898895451385427,0.17564670518246428
openml_40927,0.0039202771603061935,0.0005449053021315508,4.087461976382371,8.97195690676443e-16,0.01,0.9997477671905424,0.00014236319138638542,0.2905234034358948,0.1755620657072779,0.0,0.004894202302629904,0.0025919368712252933,3.321090195631173,0.4543380732240747,1726.52315,321.7287287767624,0.8996088897624486,0.004045370625071543,0.010557764251987053,0.008204305426952363,0.010511466719986467,0.008166249972623921,0.9700334466893379,0.9959924132694463,0.09557410821652747,58.85288775122943,0.979717648310048,0.035829117211662494,0.29509774424119756,0.12945597203563633,5.0027617626562795e-05,7.935309900769115e-05,0.9722439715457253,0.017671676866305882,0.6728858550722427,0.04825653481676344,0.1,0.0035826743580118416,,,1.5290032748282034,,,0.9423399101370811,0.18615399871054086,1549.26135,285.28973606735065,100.0,1.1922243964672088,0.047090070819500306,7.352121802620806,0.02922651043605685,1.1087467344730444,0.4788848474083571,0.13565804176195093,0.027831792032165303,0.19254033556566238,0.0677067446072029,0.1667940163770155,0.06352631634889629,1.3677676000032502,0.99970884,0.8830659089730587,0.03534998313724778,4.695553851127625,0.7372447699495233,-0.0003879272256889617,0.01188595669908049,0.0011963714309968054,0.018162305834682972,-4.661933107376099,0.7711700395672009,0.05643036939273715,0.029226510436056848,0.833,0.5103863609292957,0.027985236841955145,0.7424,0.4373562576426909,0.5418,0.49829952888207396,50,0,0,10,0.0,9,5000,0.0,50,50,71.43372709356117,,1.0062109428190336,9.357486958503722,1.208857427755576,0.6366459977374207,0.9979599083468478,0.008356508022135157,,0.0027192805812081334,0.1053037902911777,5.602240672178012e-09,1.4026003150371562e-08,0.9962,0.01,0.0096,0.96,-0.00012461004392946357,0.014527175183892632,0.9959924132694463,0.01667943478597583,0.3126960724261774,1.065791415302984,0.14431398536517487
openml_40966,0.028929116362860337,0.014574749530357346,3.301545417995285,0.089737815963515,0.0712962962962963,0.9976755957721851,0.0014866204162535812,0.8477756078036597,0.09211816497981126,0.0,0.04659145935496401,0.027758991725956198,2.993026787316555,0.3100397682321572,250.60439814814814,30.868967349814326,0.8678721812953226,0.012464398801716046,0.260345868024321,0.19756342928812565,0.26058715255951403,0.19774652803104803,0.9439930662822229,1.0009267846405139,2.870312033465,9.297410902295807,0.7991565537625397,0.1372315222911304,0.0044034475164686825,0.004901856421293809,2.2994931057202016e-13,9.241114910134978e-13,0.26066942273985616,0.3158744238931156,0.0,0.0,0.125,0.012858612496840994,,,4.605221121582217,,,0.9130317265461376,0.22666527544190251,213.72743055555554,25.99331516081598,14.025974025974026,1.2255527710469512,0.1877748414702437,5.972651746081897,0.21103348965980134,4.613048620697974,10.891920195765303,0.0,0.0,0.0,0.0,0.003439153439153436,0.009545129600716904,60.165274066320215,0.9893629972565158,0.8849821060167837,0.15207585281252814,4.889155641778723,2.455356705439097,6.718444525525117e-11,8.735615150761408e-10,-0.08592814521776367,0.10708733170325836,-2.9352550870412357,1.2250401837048537,0.32192045922994406,0.20112640584303837,0.07314814814814814,0.2797564127361776,0.05869789979552598,0.002777777777777778,0.0526557592049365,0.08796296296296297,0.28337224953381707,77,0,0,8,0.12987012987012989,7,1080,2.0,77,74,9.255780033033032,,5.081978906223539,7.8244107288199585,2.616195790021513,43.79035791382495,1.0004632850037598,2.307287440892026e-09,,0.8032806572379069,1.25989359465351,1.9577608339714943e-05,6.45683340829006e-05,0.36018518518518516,0.0712962962962963,0.028703703703703703,0.4025974025974026,-0.06688260820038858,0.0785266933529839,1.0009267846405143,4.616712726771893e-09,1.4099948883550703e-05,1.655626681992624,0.2130368844707879
openml_40975,-4.950000839623579e-08,6.363961676104427e-09,1.542481250360578,0.060077560406496394,0.0011574074074074073,0.6028704850060875,0.5065929538357923,0.22026884088093165,0.2725370772804731,0.0,0.0549296191881245,0.0742706490419858,1.205740970012175,1.0,779.5,49.49159006307665,0.42565543402591816,0.2564718950105512,0.0,,0.0,,0.9620957451371464,1.0005790580842584,7.571278092783423e-08,10.775923811120967,0.914343408490595,0.1149614685132932,0.7589829372901749,0.23984051606720874,0.75,0.27386127875258304,0.7894213958648107,0.23299164395112296,0.7894213958648107,0.23299164395112296,0.25,0.31236529732861545,,,0.8713424932222364,,,0.8185721912766311,0.24446981022322223,356.00347222222223,196.529964047422,864.0,1.5782983005046844,1.2320508791584026,2.6363300994607783,0.09233197940808013,-1.252024876891504,0.35314430368440203,0.14537362597463696,0.10156506254046495,0.18551090976090287,0.15636903863479698,0.18924225304448494,0.16457160713509456,0.20638368613901262,0.9583333333333334,1.432081654125452,0.5426693230635283,1.31947922706604,0.13397454758509547,0.0,0.0,0.0,0.0,-1.31947922706604,0.13397454758509547,0.11189212091197476,0.15240953981457653,0.30266203703703703,,,0.29976851851851855,0.45828909906856463,0.29976851851851855,0.45828909906856463,2,0,0,4,0.0,2,1728,0.0,2,0,12.785432234089512,,0.1713131830186409,2.63895845413208,0.26794909517019094,0.20562377457545797,1.0002894871407266,3.784543482976816e-08,,0.0,0.0,0.33294730746960044,0.0,0.003472222222222222,0.0011574074074074073,0.0011574074074074073,1.0,0.0,0.0,1.0005790580842586,7.571278092783423e-08,0.8288163244088378,0.3634020605870618,0.043863095485403236
openml_40979,0.02921540968421466,0.06088860500359405,1.5379008051218492,0.3169834378955998,0.12,0.9999999999999998,0.0,0.847342810367435,0.09569465951739169,0.0,0.24949204112302692,0.1099748020563605,3.321928094887362,0.14678062586787388,4.559048645019531,1.229588322095413,0.7895522497457886,0.04284567440522964,0.17214736830433874,0.15861344454593748,0.17223348548059225,0.15869279138752657,0.9255887943971985,1.0005002523546345,3.6281200909606066,10.201237896124077,0.6363212309655804,0.13471114417573934,0.003960157285336405,0.0020402311301224514,,,0.6707777777777778,0.18361182360533532,0.07583333333333332,0.2464175133976701,0.1,0.0,,,12.861303769293604,,,0.9109741890987256,0.2719935630348999,2.8087924194335936,0.7555928114191652,8.333333333333334,1.7477756212319946,0.6831874226212834,4.5341891954249745,0.3398205766732112,-0.8309617855051521,1.8626715198308874,0.0,0.0,0.0,0.0,0.0,0.0,38.119013389639996,0.978692,0.40506880646089327,0.5622445840365353,1.231801443795363,0.7203927441281547,-3.9612847710183526e-10,1.4555892507161742e-08,0.0996969380027925,0.591290616439235,-1.2299970367302497,0.4886645427193323,0.3256397045842364,0.11375266050895619,0.0625,0.36302068835676676,0.07608165064869768,0.027,0.16212384794050355,0.7085,0.4545668988529261,240,0,0,10,0.04926778242677824,9,2000,0.0,240,46,3.7227066708139245,,6.535168287413643,2.461798480525613,0.45396061488038314,13.187427443325982,1.0002500949035869,1.6934599749464645e-08,,-0.03631580682924126,0.9633397968440961,0.1462000841690686,0.013985842742795903,0.525,0.12,0.0455,0.37916666666666665,0.03411923283845904,0.2612359267419297,1.0005002523546347,3.38776700111978e-08,1.9525237023271103e-06,8.245282098289149,0.3617122691715281
openml_40982,0.06886611722060038,0.1490784096641569,3.183745548386633,0.8358552165012322,0.013910355486862442,0.8587052614300602,0.10875712951166028,0.5518409348707988,0.2116420336980039,0.0,0.1027910588231827,0.08897518009084103,2.4106904422724416,0.20918260012775214,437.87274600721275,38.04911937762859,0.7492533489996875,0.10183005571010736,0.24536863538954115,0.2259642515254742,0.2454951150774158,0.226080729325841,0.9231026625663251,1.0005154670426304,1.7330140384337331,5.786379412398469,0.7534630794150543,0.14894349423584383,0.08270804024634164,0.10375059320354543,1.608603920649681e-05,4.5451992031304036e-05,0.5487363820204548,0.2836719975621492,0.13480049521119863,0.22960215412946017,0.14285714285714285,0.11490875828592285,,,2.5832447723743024,,,0.8437944039333167,0.3405716504670136,324.7216640906749,54.596167198419025,71.88888888888889,1.2701477458947381,0.6659392831083121,5.177821339171296,0.8161419754669228,109.18517565026929,344.89473264276074,0.03024307466262481,0.04180365525346227,0.037105130640476304,0.061439308599984116,0.043331360560365524,0.06045793236400289,5.188058070902266,0.9903511125868982,0.6080342860183989,0.4577542044450354,7.802992511678625,11.049112192923205,2.44076654019837e-09,6.956445838512626e-09,-0.12267415035791972,0.38069372631096576,-1.796398166153166,1.3903739254722223,0.41661465148777793,0.16520552054427595,0.4188562596599691,0.3895983113647622,0.15769675482604137,0.26120556414219476,0.43940492736862713,0.6115404430705822,0.4875255711375552,27,2,0,7,0.1396011396011396,6,1941,0.0,27,15,6.641943309043786,,2.051132256533598,9.59939067783179,10.55124025490608,3.2061490352097604,1.0002577003165882,8.459436519138653e-09,,3.7354669738267723,8.63069730385286,0.05272271463058277,0.14375808130793996,0.5677485832045337,0.013910355486862442,0.006697578567748583,0.48148148148148145,-0.10957641783635073,0.1660668222375444,1.0005154670426297,1.6923233095058868e-08,0.049047034423531616,1.6321125705662969,0.11639302741220278
openml_40983,0.039173269308082646,0.06424084493405295,3.9999866263635697,1.3826772155693619e-05,0.0010332713370531101,0.3028903171988337,0.8863458241751186,0.3908238077553252,,0.0,0.001798560548162418,0.0010886167017027902,0.3028903171988337,0.4492427410488523,2418.4677619342838,17.385563626912216,0.1027846329925609,0.2009779893466543,0.23769029426134208,0.2647741309722532,0.23773942352158656,0.2648288583294774,0.82269627691706,1.0002066949767314,0.7734368923191514,13.88359361222937,0.9929464339163976,0.007051043818976105,0.22065292405324816,,6.109406248597165e-05,,0.8493490390576566,,0.6524075222153337,,0.5,0.6308286783183149,,,0.8313556356317874,,,0.5116103649679322,0.19417550588898144,246.8949163050217,487.58657112098973,967.8,0.9343221299350262,0.42534584055020586,4.281060522997341,0.009725645810381647,47.93602909817086,55.39022331348709,0.021315628206094117,,0.03265137425087827,,0.0977474684852242,,0.18027976581539998,0.983178880728202,0.6834345917281508,0.3201951367123984,14.55240182876587,9.73939199694129,-2.544424668663956e-11,4.815373575132113e-10,-0.1095005951821804,0.11350946291371337,-3.4772220849990845,3.390354345097024,0.02181642056506412,0.00971490323995502,0.08245505269683819,0.2802398555563153,0.11636135148986922,0.04732382723703245,0.21235254036114976,0.09816077702004547,0.29756266024921957,5,0,0,2,0.1,1,4839,0.0,5,5,182.34752093883708,,0.1527432487083714,18.029623913764954,7.681215806159975,0.18027976581539998,1.0001033421485659,2.5654403191210105e-09,1.2560528549118208,3.3713381967347744,3.919839308726738,1.5400852136066938e-05,1.5552526804190023e-05,0.17152304195081627,0.0010332713370531101,0.0008266170696424882,0.8,-0.09837990839060098,0.09893619737514568,1.0002066949767312,5.131410855809578e-09,0.8472567512916286,0.1859947282270932,0.06004381395684216
openml_40984,0.1580384147691999,0.20047425964495497,3.287426894334815,1.1266335726529142,0.006926406926406926,1.0000000000000004,-2.220446049250313e-16,0.668200429134966,0.3077608632477529,0.0,0.13102591734814012,0.07328620384162758,2.8073549220576037,0.07621289651356045,876.149025974026,140.8318024081774,0.8026204001661608,0.04109175201302696,0.3098402939677314,0.3479269098312406,0.30997448157902396,0.34807759266108107,0.9050461304250823,1.0004330810253443,1.8600324283423117,2.937047682615968,0.4514987469773394,0.4024174212656412,0.03466595464195623,0.06589329117033114,1.4364903749744552e-05,6.010656231589696e-05,0.2564935064935065,0.30297315478438885,0.06544011544011544,0.18995530082176978,0.14285714285714282,2.997944808332385e-17,,,2.7571724235667725,,,0.8580043600380062,0.3480438929776651,714.7430735930736,139.10166854280885,144.375,0.7891564563615248,0.5588673837699235,5.138939342783972,0.8763015705247094,43.31800969086843,97.17815756385625,0.012676474473518199,0.029647152760857904,0.01702741702741703,0.040627269342294936,0.03124098124098124,0.07515285340706701,43.58971404729545,0.9537285658064879,0.513132428256562,0.3795087769689538,6.942263141274452,6.922195565448701,-1.1194423012419308e-09,3.9801959729511025e-09,-0.2516829608939588,0.15832003217924234,-1.0729812076315284,0.8239431928899624,0.955842473608447,0.561987642376263,0.16623376623376623,,,0.07532467532467532,0.26397165295065544,0.44935064935064933,0.49753573161433595,16,0,0,7,0.30833333333333335,6,2310,0.0,16,15,2.4392977766768316,,3.1525346257119273,8.01524434890598,6.4280970001924835,25.47265868796832,1.0002165170728505,9.954546956314433e-09,8.13503216838717,3.721394399470329,5.004307743117862,0.037525272754176296,0.1002550798055499,0.20606060606060606,0.006926406926406926,0.003463203463203463,0.5,-0.20048442105624806,0.12457511721966412,1.0004330810253441,1.9913404525528566e-08,0.00036440294702728195,0.8445489070810553,0.19138101856987327
openml_40994,0.013302149739570687,0.0028821867419511252,2.9999604195271723,4.569640269980427e-16,0.03333333333333333,0.4201910370851764,0.8153661152458643,0.5272502567217641,,0.0,0.0036312630732805904,0.004329048755104817,0.4201910370851764,0.6810733544889781,126.69305555555556,6.1108582468158925,0.1526392822607523,0.23078928770096577,0.009228913082729448,0.007278143153363557,0.009246035358586263,0.007291646193327888,0.8383975812547241,1.0018552862646664,0.04989564973034046,21.487958167559555,0.9842710340860319,0.029878788409466814,0.1687301449901309,,0.4029136621544568,,0.7944444444444444,,0.4148148148148148,,0.5,0.586636736984395,,,1.9060650035243518,,,0.5713982573602764,0.16407953755235366,19.39351851851852,28.903333020172276,30.0,1.7266926599873438,0.004981086572821461,3.400596735134924,0.024051100483127034,-1.2066744033167194,0.0006819606447716954,0.02768154203671913,,0.031481481481481444,,0.031481481481481444,,0.3850278030484439,0.9612825788751714,1.2835807706231686,0.0034413772998184355,1.7270819014973111,0.0030932473276485337,-2.427145679684456e-10,9.661392708096655e-10,-0.0002747952910592883,0.002004586831663671,-1.7274247474140592,0.004068400535260837,0.019554721477424517,0.024051100483127034,0.17037037037037037,0.44644664200331424,0.04485753928975582,0.1111111111111111,0.3145610757503888,0.06111111111111111,0.23975611190807822,18,0,0,2,0.0,1,540,0.0,18,0,152.413610262389,,0.2779928332131661,3.4545066489113703,0.005337370872104487,0.3850278030484439,1.000927213270109,1.4455336344544194e-09,,5.437905674600222e-06,0.0007062391194405188,0.0,0.0,0.8629629629629629,0.03333333333333333,0.03333333333333333,1.0,-4.427206103945635e-05,0.00020011936533599077,1.0018552862646664,2.8937478826746843e-09,0.722007166786834,1.676010604747969,0.0827810500485602
openml_41026,0.00379385274568726,0.0007456813941608335,4.087461956753828,1.387947500902338e-07,0.01,0.9999995383375376,1.2799991807588285e-06,0.8566912599877046,,0.0,0.0015406753714840033,0.0032658002998352067,0.9999995383375376,0.5600407672539359,1340.1353,115.95469631920777,0.498176263547077,0.003586935449245652,0.006504535332882067,0.004711892036992554,0.006531469764370398,0.004730237949712905,0.8609453890778156,1.0042897162425275,0.05813263616319236,53.26734459810789,0.9852790669012411,0.04879312976779379,0.08313476788565922,,0.0003426192264178981,,0.9908,,0.917,,0.5,0.0005656854249492149,,,1.72417644220134,,,0.8059247483566805,0.2201566465271384,658.1556,52.951858262942004,100.0,1.3109245237708091,0.050066024793193276,5.068688275853908,0.041802591196865385,0.2655684983688452,0.24870217352872914,0.03653783998017046,,0.03720000000000001,,0.047599999999999976,,2.7582669885720743,0.99539368,0.9704851880407134,0.03957819514304656,3.7889200592041017,0.54417568094215,0.00020638186185619557,0.006731175024709586,0.009515649376553484,0.04280662405418112,-4.059837210178375,0.7887192026281052,0.01877321923745864,0.041802480646923844,0.0836,0.4356102031846536,0.039546270803346176,0.042,0.20060919423037907,0.219,0.4136099788966999,50,0,0,2,0.0,1,5000,6.0,50,50,216.7283450990665,,0.7339199149393208,7.848757269382477,0.9446149086411079,2.7582669885720743,1.0021269424616102,0.0056521113151690935,,-0.055994376789559465,0.21868219287910456,1.4407683457573075e-08,2.7729958940737122e-08,0.8474,0.01,0.0096,0.96,0.006704556383574363,0.03316820751539356,1.0042897162425277,0.011338176289180867,0.26608008506067915,1.2790492259628667,0.1268480785883343
openml_41027,0.009293737331695471,0.018647663362869698,2.6962280339540996,0.4384909951982712,0.0012,0.8522519551771502,0.16467193948264325,0.42792341910586995,0.1686016567746847,0.0,0.016762875724664658,0.0085617360248967,1.350787390122071,0.5165111675099728,1545.0673,123.06648322174692,0.5442731108893963,0.1313898498269721,0.011284112203736457,0.010515607635000928,0.01125061986985442,0.010512559621514997,0.9090903780756151,0.9964979135468853,0.037301302226010975,17.929746823839213,0.9347869361392162,0.08523966830720536,0.3578199622534159,0.004240883945041187,1.0,0.0,1.0,0.0,1.0,0.0,0.3333333333333333,0.2130361784611556,,,1.2084611629216524,,,0.7897614892033652,0.23910872795784266,869.0996,199.32192619828027,833.3333333333334,1.913048913081487,0.2598915732941239,3.9716776402583824,0.3916070037759708,-1.3268040822111467,0.07696203219159553,0.14949705686823322,0.013807930891230417,0.19906774560899895,0.04079724683118911,0.18556320719854955,0.022760939781671544,0.5326137386296066,0.99806404,1.103562762064428,0.31919436146150376,1.3108977278073628,0.21765522488840755,-0.0037468278327617253,0.014587903203131835,0.16226665940727494,0.2763475502486519,-1.4702811638514202,0.036846097559350886,0.07533778381778806,0.061973956981559976,0.368,0.39746471967915004,0.16269237592852162,0.2628,0.4401987221505722,0.426,0.49454313723164395,6,0,0,3,0.0,2,5000,0.0,6,0,34.78852333213299,,0.39466342390568465,2.781178891658783,0.19105058449241893,0.42727716741739513,0.9982460540267738,0.0018096961712824233,,-0.20671177081287462,0.33141966687050634,0.15115298191913515,0.04029759699001233,0.4354,0.0012,0.0012,1.0,0.04913866334838451,0.09056006761233418,0.996497913546885,0.0036125570117787873,0.6338655404131861,1.034288876011091,0.07212317470730335
openml_41143,0.008423892550020178,0.04103903311499324,0.6903136808889576,0.7875775905113493,0.04825737265415549,1.0,0.0,0.6788646823521547,,0.0,0.030308698704403822,0.06479387155105619,1.0,0.4327522166821637,54.538561128099865,15.206194252739929,0.46898196759333866,0.04433375995647713,0.05012068702679594,0.10070253481829945,0.05013748950114505,0.1007362945196595,0.8577549365978255,1.000335234725161,1.3502310885344768,36.43938199973384,0.9676066522898952,0.06684722827913364,0.22640345222220337,,0.0,,0.8837131367292225,,0.8689678284182306,,0.5,0.0,,,4.319556503819706,,,0.7929230896831834,0.31411503363899823,23.256469399296247,6.459900989774083,20.72222222222222,0.5867585280340992,0.9291050677795198,1.6628708444542644,0.7692227077936049,60.88262720987005,286.7418412078169,0.13200683666464907,,0.17660857908847183,,0.15784182305630023,,0.854796364936246,0.9886726077956429,0.021351559704123068,0.12121461955370764,4.95180895510647,6.515667144027997,-1.8031006774052987e-10,1.0852770749707696e-08,-0.2916883321660053,0.37049718531109166,-0.4619606796315768,0.3670771649333613,0.027442836434693217,0.058210736479937464,0.3599195710455764,0.45160453924678984,0.07146344363807415,0.257372654155496,0.4372596994807583,0.2905495978552279,0.45409209505819453,144,136,0,2,0.011557886557886558,1,2984,0.0,144,106,24.15460391755509,,0.4608572569450919,5.413769634738047,6.3759888072583095,0.854796364936246,1.000167603317144,2.180638703122041e-08,,4.351945436383657,6.629468760133805,0.47287686221149094,0.11162645752596043,0.7382707774798928,0.04825737265415549,0.03518766756032172,0.7291666666666666,-0.21470498921807696,0.15423512643489448,1.0003352347251608,4.3620083681877205e-08,0.5391427430549081,5.321408719599611,0.44123893366681366
openml_41147,0.009290050647864131,0.03263446488475724,3.0039490688987494,1.0752450003913365,0.0144,0.9998890827627154,0.0003074727229942509,0.31745438276180293,,0.0,0.0013825276891584668,0.0029505446091337784,0.9998890827627154,0.676606564960238,544.7463,50.000217093547505,0.4997844101326,0.004477570128080506,0.017055038345324746,0.036674786723622024,0.017231910362562372,0.03746900039335268,0.8947679935987197,1.0093302064405685,0.3660640512997324,145.19954676773665,0.9978923775538594,0.0051768542815611536,0.6905239641594277,,4.531734020332585e-06,,0.9984,,0.9742,,0.5,0.008768124086713167,,,0.793982727782365,,,0.8475749415214412,0.1708028831516128,272.18705,25.3894773415102,69.44444444444444,1.1262893822729692,0.6849977473161675,3.996951841717521,1.0741445171822048,78.55872427748447,359.2702353337192,0.17508355220388605,,0.35919999999999996,,0.32720000000000005,,0.11207155187329845,0.99956508,0.5863542831606513,0.5142350416672425,8.057610544479555,12.331428362587896,0.0010498103943164703,0.012696970180058026,-0.1827948009740794,0.2951725992640738,-1.2957040296039648,0.618736571944935,0.006886309943943233,0.012995891033103302,0.6266,0.49877889545002546,0.021971450604165825,0.4758,0.4994639655176038,0.2592,0.43823939890675145,72,1,0,2,0.0019561815336463224,1,5000,0.0,72,36,435.2204276821485,,0.10077728513467728,9.35331457408352,11.896332405687348,0.11207155187329845,1.003235492962883,0.05374825921929604,1.0487779513367257,3.076957812799015,7.3342868265321925,0.03778656703540254,0.08529397979951571,1.0,0.0144,0.013,0.9027777777777778,-0.10463062932354843,0.1798096918225828,1.0093302064405685,0.10761122919612101,0.8992227148653227,2.8014632551936636,0.12427904694962608
openml_4135,0.0806801349798218,0.1359965771551964,3.526268328884854,0.7813319555923798,0.0018,0.31784320788854603,0.8782138723841743,0.048205040657953925,,0.0,0.0009138114652684497,0.00049651351218014,0.31784320788854603,0.3342961915547721,2385.8844,180.2326524202529,0.10810533671213579,0.2064033526082967,0.03977383360777442,0.04928189556796029,0.03980283888544461,0.048701534712267375,0.8154381276255251,1.0294560365420475,0.2634604612814928,49.76483213247947,0.9997135049428125,0.00048680410194608067,0.9588724960472987,,0.05550536830306582,,0.9872,,0.968,,0.5,0.6256480799938573,,,0.21601014241356942,,,0.7139738127022281,0.27956902401380945,257.8389,491.5333458961005,555.5555555555555,0.7039250375496017,0.76984356219202,3.8377246327235195,0.7812261298645671,72.79828242003762,96.45296982088028,0.05446293494706134,,0.057599999999999985,,0.057599999999999985,,0.0023291382237546365,0.99584468,0.34858582762887624,0.4821055087519423,9.15633053249783,6.749801592970326,-0.0017454240600542907,0.015328745532992585,-0.23876978154940945,0.2544034582245079,-4.936769045061535,6.997259100262658,0.006386904049880293,0.0017796264942255876,0.1494,0.2843497158819436,0.18109627719676957,0.0978,0.29707374599939396,0.11,0.31292105061306336,9,0,0,2,0.0,1,5000,0.0,9,7,551.1091754855696,,0.002323725944834991,14.093099577559364,10.699838447875551,0.0023291382237546365,1.0113766591126068,0.08599390203557125,1.0071998486611327,0.28053626910906476,7.241684797543115,0.004841768328807911,0.005460317965292577,0.1848,0.0018,0.0018,1.0,-0.11572189149413425,0.1522452513686315,1.0294560365420478,0.18547082069547177,0.997676274055165,0.5513516103765761,0.13420844807540097
openml_44,0.027286024139582428,0.03550155222182942,1.1300979537647549,0.9933147378164653,0.01238861117148446,0.9673602371807668,0.08595230360311157,0.7482889652114952,,0.0,0.04775422066942499,0.04069657302270907,0.9673602371807668,0.4834768093553229,2207.11492066942,209.83560839675965,0.4764183326682962,0.1020959323482924,0.060853842694283435,0.10267951035019854,0.06086707189618632,0.10270183186759657,0.8272585354790547,1.0002173935397258,0.9011181388215753,12.449912573695514,0.9666240090215906,0.031871824395184406,0.15806776119257837,,2.5331482133065673e-33,,0.9087154966311671,,0.6153010215170616,,0.5,0.14984331920384353,,,2.82267878884239,,,0.7325635721977738,0.2638264570735017,1057.2555422734188,247.74081092671096,80.71929824561404,0.1277276260876342,0.30552322949837096,2.0197580278757323,0.9496613437367313,240.80069819744122,296.78855768616637,0.06911296031523295,,0.0665072810258639,,0.03673114540317324,,1.2723986810751422,0.9939935380650408,0.0387287913438521,0.15732417393021259,22.647226735165244,9.957870384004977,2.0496265259102739e-10,5.058303148853301e-09,-0.23913818042267831,0.11143669956196348,-0.2662391714228873,0.16088048795253274,0.07770016306978973,0.06953792203435827,0.16148663334057814,0.2714295474469471,0.2018089114454867,0.08802434253423169,0.2833610929053768,0.37513584003477507,0.4842105947020722,57,0,0,2,0.019423558897243107,1,4601,0.0,57,57,13.544344684961718,,0.5599363754572904,22.913465906588133,9.894252017635448,1.2723986810751422,1.000108690863011,6.908379011283764e-09,2.8212984050251757,11.179346102716917,6.954062956600369,0.00608379711806254,0.004603863990873242,0.3066724625081504,0.01238861117148446,0.010432514670723756,0.8421052631578947,-0.22007043935815593,0.0825099615822925,1.0002173935397254,1.3818259781655162e-08,0.44006362454270964,0.526909916234275,0.19323374872762777
openml_4534,0.06856720795225496,0.1571981798538827,0.8198461383993032,0.3688984697527479,0.006,0.9926581849900862,0.020116879628174766,0.8432643993068563,,0.0,0.05855794063151023,0.12199106372468176,0.9926581849900862,0.4963768029985466,543.7418625,138.53579938897778,0.43983753456487584,0.06095456033500458,0.11858938033011793,0.1735787250736301,0.11985446270149303,0.1758887412013453,0.8520095219043808,1.0083839698865655,1.1649827791224463,18.869052787940316,0.9450476453018728,0.1254957428704544,0.09138753614735831,,0.0,,0.866,,0.866,,0.5,0.07127636354360399,,,2.5855453702641316,,,0.7683011834291368,0.25418029975189543,249.6412125,70.27097595054485,166.66666666666666,0.7674884726603826,0.9883027006884325,1.7598965854098487,0.3134763765552693,1.2247277840032054,3.73615320455193,0.05644938205243244,,0.0676,,0.04200000000000004,,2.461343593545691,0.99564212,0.19425379059493542,0.5937036333669666,0.9456854666272799,0.7074272634717624,-0.008340935676594574,0.00916953056200851,0.2318307305375735,0.4802866759637419,-1.7931263238191604,0.9781204401349057,0.05260773797954071,0.12437914935415205,0.1204,,,0.0472,0.21208761451637445,0.3226,0.4675178655312737,30,22,0,2,0.059770114942528735,1,5000,0.0,30,18,14.58413590635932,,0.7110948471383531,2.7388117904464404,0.5694374123638962,2.461343593545691,1.0041518027088627,0.008081076433077667,,-0.7921382689659615,1.5953191953464767,0.45544664488453257,0.07497773639874702,0.16,0.006,0.0046,0.7666666666666667,0.13329190034700764,0.31618434318004063,1.0083839698865653,0.016130906318159628,0.28890515286164686,2.585240546252982,0.3788043417859354
openml_4538,0.03425889849291051,0.03406352361319528,4.08746179236479,3.891925376225631e-07,0.0064,0.9429336450533037,0.05189024472411263,0.26838427567914735,0.16632622447412937,0.0,0.01293224067262919,0.0055798626563233495,2.1894241220638135,0.3979457331475478,2427.42575,189.85203177930873,0.7636432766509994,0.07491633571710654,0.09373452772980191,0.16643938133801914,0.08975906296756017,0.16123762283108023,0.918148349669934,0.9536296234975254,1.0471034391097647,14.247484861523668,0.9638949268588963,0.05307767814814676,0.49045354129141955,0.16313327158858992,1.1255982190613897e-05,2.5458655874418787e-05,0.949689311093094,0.02594011865825363,0.7824305553592287,0.059606891653123224,0.2,0.09335834188758924,,,2.0208883744641133,,,0.8314824889911262,0.3031315407271355,1856.9513,235.44671570123228,156.25,0.4323759788821917,0.2847036163949024,6.123214993326137,0.06919304789103979,25.27072908178047,18.445424854130785,0.15676715934745364,0.034348903479232765,0.23537873533246714,0.06123085493865566,0.20539961519496713,0.07939232897561202,0.45104418194213186,0.99936368,0.26959413530486365,0.14276109923041716,10.141831204295158,2.669155203161462,-0.003942544371780598,0.010817229544665583,-0.09509849612294374,0.16626685416430376,-8.699000952765346,5.262254429720125,0.1536709211024682,0.06919314540095121,0.5856,0.46498888972275565,0.08626450072274107,0.3732,0.483702960204651,0.6058,0.4887270514573193,32,0,0,5,0.046370967741935484,4,5000,0.0,32,32,25.5987980226868,,0.37111371657073766,18.840832157060504,6.722699117181404,0.2941221784199269,0.975401811034577,0.04788082547586891,1.3637252313899453,0.3610104147295813,1.6452387774863582,4.073092320766772e-06,5.310742075496336e-06,0.8452,0.0064,0.004,0.625,-0.07222051445294891,0.12982690687441445,0.9536296234975252,0.09146880347241916,0.6649878951847757,0.415929705507351,0.21100767428761175
openml_458,0.01557943710139743,0.010197952551450895,2.8939566006532362,0.38307798019991973,0.08323424494649227,0.8937080246130829,0.09729227392955708,0.936061865863862,0.027748301942465088,0.0,0.05577091822684961,0.03474280681278571,1.7874160492261657,0.34412316079364,168.19010107015458,20.445254775060977,0.6673652260135384,0.09520409256752872,0.1484238901199782,0.11554627147378474,0.14860058472116286,0.11568382636801904,0.8351169242964724,1.0011904721669014,1.5754852575169582,6.8275440021895255,0.7514616173726818,0.1378370403571975,0.011447038798502973,0.00614556187104984,2.82279137195434e-13,5.746606735236406e-13,0.31486268602140427,0.20746904460876983,0.0,0.0,0.25,0.14439255472989965,,,9.154853133179254,,,0.7924329279236229,0.28061649243473,105.81093935790726,20.451565905101813,12.014285714285714,1.3089613375619853,0.22297578429483164,4.419577771859876,0.37550668236635315,2.325314326709034,3.6301291063312666,0.0,0.0,0.0,0.0,0.0,0.0,24.319674009026226,0.9243370032561316,0.912594264303376,0.23373063767055774,4.8631767000470845,1.3977177707202808,8.426851706703672e-10,5.8432233820854755e-09,-0.18219575971431498,0.1410343689707531,-1.5266191950866155,0.6427219566732724,0.26179487801952783,0.16488523329734536,0.016646848989298454,0.4344712256579264,0.025783946328390588,0.0047562425683709865,0.06884225437745094,0.0011890606420927466,0.034482758620689655,70,0,0,4,0.007867494824016562,3,841,1.0,70,68,10.054290376289828,,2.6301753866949844,6.3897958951337,1.2399260874728277,11.871770803373886,1.0005950590358224,7.340324299165689e-09,,1.1107289249440713,0.6802731233073211,0.0488234358962868,0.028408731203384656,0.9726516052318668,0.08323424494649227,0.06777645659928656,0.8142857142857143,-0.1447431975480036,0.07520123342687624,1.0011904721669012,1.468938446199342e-08,0.0015708720225768463,1.898297112078832,0.1356694848817748
openml_469,0.11160023520823506,0.02813346380737824,2.7742610196070654,0.43662667210169426,0.002509410288582183,0.9981805179234929,0.0016411162279690306,0.1705626635032414,0.041110691264892876,0.0,0.01341032592908346,0.002107248823039996,2.5802592077826514,0.6334425664022076,380.6417816813049,21.131712714514162,0.8303047121244116,0.02018577207965818,0.5933679753661842,,0.5941134394351957,,0.9753409456315454,1.0012563267651098,0.8402032836373802,46.84868132019881,0.9693663943961702,0.01120882680993622,0.8733562693942998,0.07338186038070983,1.0,0.0,1.0,0.0,1.0,0.0,0.16666666666666666,0.0149603091781848,,,0.17808662800451627,,,0.9499105994932241,0.1730997698052857,317.064617314931,18.737321415546536,398.5,1.6571927070617676,0.14676147995481562,5.299443774113535,0.42732125640019303,-0.8821000929827657,0.4476288096028234,0.22198364546721497,0.04640994919640673,0.42345666079641153,0.02917513188078791,0.41061766760758706,0.04961985088704317,0.06193652389034081,0.9999748114400142,1.01090928189978,0.19889286716678628,2.124723732471466,0.4365232551033346,-8.020825786901688e-09,8.804830962438968e-09,-0.020140890032052994,0.14930524772833456,-1.1896617412567139,0.1430002109000064,0.0550764532761816,0.009305415701500917,0.8720200752823086,,,0.8017565872020075,0.39892685942192174,0.8406524466750314,0.3662297050952201,2,0,0,6,1.0,2,797,0.0,2,0,49.371090630972496,,0.05987333329891726,3.31438547372818,0.29352304420332825,0.041507250989940514,1.0006279662117734,1.096479406836174e-09,,0.4256929511365189,0.3187239787596825,0.12588737337481057,0.022476035120271125,0.06900878293601004,0.002509410288582183,0.002509410288582183,1.0,-0.10520199684733389,0.08220836937343992,1.00125632676511,2.1943357847586132e-09,0.9409245358535895,0.3544184115167716,0.06704705469254058
openml_54,0.0700266079783573,0.07180402493982345,3.0929297541798166,0.15781184371987997,0.02127659574468085,0.9995333827671815,0.0005627451236797087,0.6738147449210635,0.27156173642763315,0.0,0.04526094413507489,0.026507950460239123,1.999066765534363,0.2532896644815348,308.309988179669,36.92311477321588,0.7375083335074638,0.017700296001757352,0.40705653508796885,0.3424769402750198,0.4075382590449787,0.34288223930932166,0.9275728454124527,1.0011834309214418,2.2565394680064443,7.738272393698143,0.8756349769016897,0.08004673280503939,0.11723476417103361,0.15024989383474943,0.02817210420519287,0.06890999434672744,0.7503935508082037,0.1565319019817349,0.20616843880186853,0.26714625823070304,0.25,0.010327298992971743,,,2.526531661565318,,,0.8886049917804019,0.27800057994132793,226.9627659574468,29.780478562399132,47.0,1.4428236997789807,0.26954061776367877,4.833661498170824,0.22519095621146806,5.096476503986857,15.126291206017559,0.029182827912720904,0.05627469275214006,0.059630094064611484,0.11024283386311727,0.1476490847286637,0.11798626276841002,4.621441518480964,0.9903229772703139,1.0106822424280766,0.1669377876181018,4.0724292728636,2.5568894141777774,-7.779034562697592e-10,2.6570600738776614e-09,-0.12418724213623339,0.1648844195522129,-1.8515291677580938,0.3725113093108156,0.2583350215433555,0.12855558816748988,0.44208037825059104,0.43906504308228944,0.10729771645134602,0.3049645390070922,0.46066474857031264,0.5354609929078015,0.4990359584496477,18,0,0,4,0.39215686274509803,3,846,0.0,18,9,10.972553065789961,,1.5095704848022962,5.923958440621694,2.4776052699893767,2.435826705139058,1.000591540500639,5.197492432993806e-09,,1.0378870976963432,1.6937190959464454,0.024529774191604656,0.018416543403109928,0.7056737588652482,0.02127659574468085,0.008274231678486997,0.3888888888888889,-0.08197328922017882,0.06347121555287143,1.0011834309214422,1.0401133944639493e-08,0.08339995932085005,0.9872114296496685,0.1485048816776779
openml_6,0.03582582825964955,0.04257477446828017,2.892390476460207,0.2441247547060895,0.0032,0.9993557213157108,0.00017084221797969423,0.46967238101890074,0.2787217112211177,0.0,0.1104092027418456,0.07852762548707234,4.697411325023908,0.22993877598001267,2185.0685,227.8954837816134,0.9578412830820238,0.003283567855432181,0.18463105002516353,0.20694380004019894,0.1838479108792242,0.20451957038535207,0.980078175635127,0.9988236747548517,1.0977035478892165,9.23463777214718,0.6615915960218308,0.21102247913131206,0.040873268053446744,0.025903477566962683,0.003203993587393015,0.005006094423478135,0.5527186018475095,0.19695992536898743,0.08125476376565631,0.1568964808258715,0.038461538461538464,0.002516358785718272,,,1.7783757823842208,,,0.9698395715902157,0.16063840543767532,2094.07305,223.72506218713545,312.5,1.1012680185958743,0.22127619340032234,7.081128755401908,0.4062378187465221,0.7331960067271537,0.7364071350033448,0.008584543250331589,0.016423186416252313,0.010193033420968662,0.018399894590576817,0.024364159988979808,0.02786616882139387,12.142401305571546,0.9973918,0.8901971712390426,0.24328614437154236,4.02089349925518,0.894707201280484,-0.0006652465499006215,0.009298011511589368,-0.0716683107893914,0.1507099948569396,-2.6598070710897446,1.0226343280225654,0.5086730460822066,0.3151517978930494,0.2076,0.31138173276941034,0.14367113413604304,0.083,0.27590981360772404,0.5712,0.49495409475140445,16,0,0,26,0.125,16,5000,0.0,16,16,4.686148497030385,,4.694761212461837,6.680700570344925,1.1201428725476401,3.9014750139076577,0.9993563636942856,0.01085826744123628,1.900813181185711,0.3156124607132316,0.4825238550546577,0.06394969470084493,0.0031764783075213213,0.4656,0.0032,0.0024,0.75,-0.03859720323840155,0.07293983549414518,0.9988236747548518,0.02184572239812926,0.0009026239643424043,0.8265676427576496,0.11167385463321032
openml_60,0.006897801271561263,0.008442772635450903,4.0871452695283015,0.00019025479098752905,0.008,0.9999474462011532,8.714337809812012e-05,0.6831913340391254,0.01640167632488293,0.0,0.009164841899658627,0.010615831986917144,1.5848792049207137,0.4704605866488436,1308.8929,52.04539267956227,0.6543776896914804,0.005031781666461431,0.0885422825265993,0.17330924868114456,0.08855999448114733,0.17334391738113222,0.8837730746149229,1.0002000397964994,1.2304871083088071,12.666623836242538,0.8705349392901407,0.15488912628493107,0.09933988748785545,0.007835773000440697,0.0004984362865898233,0.00041119114091261994,0.8023267814303408,0.08511729209632424,0.4817246495849288,0.13119187644727826,0.3333333333333333,0.004392417709341083,,,3.3862878507735212,,,0.8491329403550709,0.2277918386923115,853.67605,23.809781341604275,125.0,1.3969083920121192,0.06849060819473735,5.546902008872516,0.14773650206899772,-0.19854181010561325,0.2628599638126248,0.04655269327620948,0.01161397734957828,0.06074213418558213,0.01331349992722464,0.02115372076004296,0.010616881352652383,1.754852864655415,0.99873528,1.0314714932847326,0.04819408770312063,3.4234173119068148,0.3653436822695668,-2.1860614651814102e-10,7.475573260129021e-10,-0.012796710888142115,0.044843645771485745,-3.2912927329540254,0.3250085482544009,0.12512246557649861,0.14785603325011823,0.3688,0.4868457206931189,0.020905581842774853,0.2648,0.44127078305819906,0.2946,0.4559083356137464,40,0,0,3,0.06794871794871794,2,5000,22.0,40,39,31.665159295709863,,0.9337698127985857,6.71471004486084,0.6267849735816803,0.9332332853892382,1.0001000148967598,8.926169032583321e-10,1.0405670317618154,0.0354469934725295,0.11948681423051838,0.0014585049278915605,0.00029543655281226335,1.0,0.008,0.0068,0.85,-0.007085842158158872,0.025277434132602677,1.0002000397964994,1.7854123614936757e-09,0.2839605773205877,1.3167471652344844,0.08221907446205212
openml_61,0.20922243392447848,0.11995019623784713,2.279010448380773,0.05742641939520074,0.02666666666666667,0.9999999999999998,0.0,0.7254857583139671,0.36680729469363377,0.0,0.27232594204286165,0.14258948387896486,1.584962500721156,0.2654358930880265,67.12,5.359298511644294,0.4956224064494548,0.0777243845329062,0.5898157197900029,0.3419146962962422,0.5937742118382076,0.3442094250794651,0.8338255033557047,1.006711403838893,1.3435791824903578,1.8824081456478539,0.2798146444339517,0.2649006948878508,0.02677318929070327,0.03379178777783364,0.006381766605914575,0.011053544003490432,0.12333333333333334,0.21361959960016152,0.043333333333333335,0.07505553499465135,0.3333333333333333,0.0,,,2.8407555328570844,,,0.7849391137448088,0.31618828930201404,42.626666666666665,5.358048160429828,37.5,1.6736478507518768,0.394099791990436,3.0219863138519676,0.38738046925935415,-0.7953740209496785,0.7583578232095226,0.004329003805687274,0.007498054537609386,0.013333333333333345,0.023094010767585053,0.003333333333333336,0.005773502691896263,32.549521541876885,0.8164,1.1333790070144458,0.22444489081950564,2.2759864926338196,0.6605948648195531,1.90280843526125e-09,5.924021937584174e-09,0.07300703320652246,0.20645828083969728,-1.8305490612983704,0.44323602984051647,0.8419866352499615,0.42517984298139233,0.10666666666666667,0.19739444334068912,0.1476282045354038,0.06,0.2382824447791588,0.03333333333333333,0.18010685369303298,4,0,0,3,0.5,2,150,1.0,4,1,1.7067062028890763,,1.187206762473246,4.10653555393219,1.0998375172467314,32.271954674848736,1.0033500903667139,3.1345716858734736e-09,1.2671844977926559,0.0660341674583918,0.29886392956888863,0.0287147773948895,0.011032357470087495,0.12,0.02666666666666667,0.013333333333333334,0.5,-0.010779871352133341,0.04644118123197642,1.006711403838893,6.2901455345196975e-09,0.02352545567213083,0.4621899277246983,0.056218750132831743
openml_6332,0.03946696668011021,0.06979639009919456,2.1458650140699786,0.9267127007722153,0.04259259259259259,0.9824740868386409,0.047251687560269984,0.4130900201547501,,0.0,0.031745110921737554,0.10251951782681135,0.9824740868386409,0.5177311956573133,157.18796296296296,13.667458644739915,0.4882524293586075,0.07447288209379785,0.08121315787385922,0.1024043528829076,0.08136383175873464,0.10259434285230128,0.8910121624407339,1.0018552876258047,0.627210961585696,29.74786783347449,0.9917889936452665,0.010667529788637376,0.5434022036785825,,0.0059132890326321205,,0.975925925925926,,0.837037037037037,,0.5,0.10999438818457402,,,0.8798550942000716,,,0.823877925255833,0.24752779590819352,76.73194444444445,13.990105847026607,23.47826086956522,1.0536373275175246,0.6341621739608228,3.0953123948489303,0.9165430593582568,9.838172408445608,31.355663330238283,0.1799105373844796,,0.29074074074074074,,0.33333333333333337,,0.20575390308454225,0.9931447187928669,0.6161277918140182,0.424445030366174,4.052080500385036,3.026235975969377,-4.085690388980886e-09,4.6091536325949315e-09,-0.10947723294932234,0.2916575709002707,-2.6088286942761876,1.5465550341373577,0.03302670605968905,0.029374464467732196,0.4148148148148148,0.44431779647255704,0.08999987788769781,0.22592592592592592,0.41857838085852767,0.337037037037037,0.47313594648644475,23,1,0,2,0.011857707509881422,1,540,0.0,23,19,63.973631042458926,,0.17064336475145184,6.660909194661223,2.6790832271461866,0.20575390308454225,1.0009272139500478,1.0929124838574097e-08,,0.7363486101716075,2.939493131925201,0.08556260271029009,0.12241800563612791,0.8444444444444444,0.04259259259259259,0.037037037037037035,0.8695652173913043,-0.038502018507581275,0.16623157015676074,1.0018552876258047,2.187851688951622e-08,0.8293566352485482,1.2673922494695216,0.12835385399283003
openml_679,0.06744697129398802,0.02382137133541484,2.958541870558144,0.49435582635909936,0.001953125,0.9246902034565397,0.07857181726347184,0.17563988302591632,0.14081265733375203,0.0,0.020915508482621907,0.007107184750431673,1.8493804069130795,0.3122037604534602,511.357421875,0.7936906588373764,0.6933982607352577,0.1066403105153445,0.45510354480614973,,0.45554841400443485,,0.9397108687683284,1.0009775120483289,0.6442427454026254,14.559692098764309,0.9437051707547939,0.009649418290688676,0.831352328845321,0.11274142628056563,0.7131587137494156,0.07609109278088637,0.9631935363107543,0.02514493790436518,0.9505003461106402,0.03854013352695028,0.25,0.12556583763789309,,,0.5727706557965545,,,0.8320348013770347,0.27917256649773253,359.67724609375,47.693422924529635,512.0,1.4135460555553436,0.057105565837532034,4.680901706269031,0.5211640484462903,-0.579848183018623,0.6299324419141823,0.20338854255141037,0.03859350649631521,0.30303178585529217,0.07760637794501929,0.29534720877908005,0.07403217009069472,0.0877673034207484,0.9985771179199219,0.94988033144027,0.09623424281342888,2.850824236869812,0.9096667267660268,-1.597072696313262e-09,1.8778808235444727e-09,-0.06254521757364273,0.29753435997364047,-2.083733022212982,0.24299993101937914,0.12702057120219168,0.026808222087191285,0.6494140625,,,0.5234375,0.4996944325327263,0.693359375,0.46132416381038077,2,0,0,4,0.0,2,1024,0.0,2,1,22.291832516236518,,0.08152694148410781,4.934557259082794,1.152666657785406,0.08194693247651896,1.0004886366412808,1.9285908847288183e-09,,0.4246546691060412,0.4230789829301253,0.04402147217396484,0.04525381755277135,0.2373046875,0.001953125,0.001953125,1.0,-0.08769097933303806,0.09902146339670587,1.0009775120483286,3.859066508445028e-09,0.9189113438899669,0.30539486444302844,0.05264627642612614
synth_aniso_10d_6k,0.09033280902765052,0.04335508199118916,3.3219280948873626,4.681111291435602e-16,0.008333333333333333,1.0,0.0,0.9673163730851695,0.028510872180634264,0.0,0.21004613160804678,0.08370368546849627,2.584962500721156,0.028342699348548717,448.0,54.67007058725105,0.7466427430549625,0.017219328386674095,0.2958682630644036,0.19896880448731802,0.2961150256439069,0.19913475015957793,0.839211843202669,1.0008340285484671,1.1245334264359788,2.0569935810876614,0.14573837918631574,0.10948584937452027,0.0024022980790606133,0.0015822286817008787,0.0,0.0,0.0,0.0,0.0,0.0,0.16666666666666666,0.0,,,5.283117968499451,,,0.83785875497012,0.36296579166401977,348.5004166666667,54.669787401621605,120.0,1.3893704686313868,0.3525490049822889,4.650220412245902,0.41304869755818574,-0.5664835503037631,0.5009179114310655,0.0,0.0,0.0,0.0,0.0,0.0,126.44415889434362,0.8365402777777777,0.9794519998256117,0.24080288628560664,2.4068247079849243,0.49321905716385994,4.460942667113462e-11,3.510427264349058e-10,-0.041967036994174124,0.16559812967803822,-2.2651692509651182,0.3433785348235526,1.2566701833626162,0.41304869755818574,0.008333333333333333,0.15723972023543875,0.0424752316382461,0.0,0.0,0.0,0.0,10,0,0,6,0.2,5,1200,0.0,10,4,1.6434367098600997,,4.681756307523234,4.6719939589500425,0.6441630200154276,52.072293607883765,1.000416927360022,9.914783058373865e-10,,0.1371284515037883,0.5136357659006047,0.0,0.0,0.015,0.008333333333333333,0.005,0.6,-0.03068805122142812,0.11775390712575336,1.0008340285484674,1.983783317426598e-09,2.6240789834798403e-07,0.846853328423854,0.06029943794081203
synth_aniso_2d_4k,0.21447109764163252,6.602041688130902e-06,3.169915958164528,0.0,0.0025,1.0,0.0,0.9935622050651503,0.004022186971481168,0.0,0.27641281226313386,0.03712978312863477,2.0,0.18447014141279605,381.9525,20.146935840959156,0.4301022755614072,0.11681848046096895,0.24609371633784868,,0.24640171906238595,,0.819590112640801,1.0012515667978878,0.3484646528900714,1.2758586615675547,0.011535735439533417,0.003078991931100488,0.0030400555397842636,0.0033902884883070727,0.0,0.0,0.0,0.0,0.0,0.0,0.25,0.0,,,3.0964096952527562,,,0.8098081472777511,0.33527966690742955,282.4525,20.146935840959156,400.0,1.319966673385352,0.27325561586392383,3.6023442041406577,0.172323984276296,-0.9447576682607473,0.2247122368089314,0.0,0.0,0.0,0.0,0.0,0.0,191.50300913517657,0.750140625,0.7866529184773563,0.2571954811165029,1.5294035077095032,0.6941743578957678,7.211929187178612e-10,8.478760540277513e-11,0.04815215617418289,0.4541615742278861,-1.4989593625068665,0.5012303000977459,1.567571754023871,0.172323984276296,0.0075,0.014057511842123463,0.016627412959747692,0.0,0.0,0.0,0.0,2,0,0,4,0.0,2,800,0.0,2,0,1.0221823658327138,,1.9743478886558807,3.0283628702163696,0.1929440577980218,138.38362382797538,1.0006255877189467,1.4367207977716445e-09,,-0.16617651181874632,1.1356017550345843,0.0,0.0,0.005,0.0025,0.0025,1.0,0.030056628172557498,0.3255156172607247,1.0012515667978876,2.875239194399223e-09,0.00013256698931332604,0.2728791402004136,0.02509585744380772
synth_aniso_5d_3k,0.0964417692455673,0.0341165240128971,3.0,0.0,0.008333333333333333,0.9999999999999998,0.0,0.9687307375241625,0.02692432210896976,0.0,0.1285370865364862,0.04440978559094298,1.584962500721156,0.2636604235179594,279.3616666666667,17.735719564474163,0.5168585740635878,0.04628848263357599,0.4573397071727533,0.23994713457098904,0.4581032120231284,0.24034771417778994,0.8160044518642181,1.0016694476370485,1.1442221685611298,2.105304190590865,0.2813106976934371,0.23533267864926255,0.005156044611436377,0.0015486580819866719,0.0,0.0,0.0,0.0,0.0,0.0,0.3333333333333333,0.0,,,3.732116807199834,,,0.7896157686225496,0.3069134873102037,179.88333333333333,17.7226809368166,120.0,1.7287436723709106,0.2795508893154835,3.832119986178719,0.2534580521633578,-0.8782571466979281,0.5966581610268428,0.0,0.0,0.0,0.0,0.0,0.0,49.326932268272344,0.7251805555555555,0.8773663596573471,0.3151252025763302,2.3848795890808105,0.846794230077564,1.1224571305016678e-09,6.051341405440769e-10,0.1553969293832779,0.33110766399674496,-2.2956207513809206,0.453786478943908,0.7528425145424366,0.25345805216335776,0.006666666666666667,0.13159435776892642,0.04883825310594025,0.0,0.0,0.0,0.0,5,0,0,3,0.5,2,600,1.0,5,1,2.9848971624873544,,1.877603402769243,4.680500340461731,1.1242474647945206,40.13163195970396,1.0008343757270972,1.348949261892242e-09,1.7636044398165445,-0.13699357147123375,0.42471464511788737,0.0,0.0,0.021666666666666667,0.008333333333333333,0.006666666666666667,0.8,0.04802022720360482,0.10726188451596048,1.0016694476370485,2.700149676308988e-09,0.0023846466527752378,0.5422132085435696,0.04684942438028935
synth_blobs_20d_15k,0.04996513192698323,0.01212836477936527,3.584956726082241,0.0,0.01,0.9999976939825019,9.56802656659761e-07,0.9377730760006849,0.08449523178826517,0.0,0.25500233058756805,0.023080115811141052,3.906881586250442,0.0,538.152625,10.469433670455391,0.8901559617150318,0.00609981251903798,0.18579103530117425,0.13717217534658876,0.1858839772788841,0.13724079571795267,0.9337993996998499,1.0005002501164977,1.0323638626941911,2.3453127043062136,0.06938188414125493,0.01596471683001477,0.0016657503267130018,0.0005067048523157885,0.0,0.0,0.0,0.0,0.0,0.0,0.06666666666666667,0.00024397501823713352,,,6.693481932384129,,,0.932999999999998,0.2500845279811758,471.985125,10.52859727906369,100.0,1.6822321388870478,0.19391735291107004,5.826012864375555,0.1188309505407623,-0.9989818017359626,0.3417444714666208,0.0,0.0,0.0,0.0,0.0,0.0,281.46710496069716,0.9333325,1.182794232043145,0.17310847278237645,2.3244454860687256,0.35709201737417595,3.507689143589231e-11,5.211054010250115e-10,-0.030831950261199382,0.15616529132799314,-2.1319903075695037,0.18721533207985436,1.665825447957128,0.1188309505407623,0.014,0.19782115551197285,0.028967574549327642,0.0,0.0,0.3505,0.47724588192661016,20,0,0,15,0.015789473684210527,14,2000,0.0,20,1,1.1520602476559743,,12.404669563539391,4.45643579363823,0.34245113639142755,48.107122806839705,1.0002500937847985,9.265193297993061e-10,1.0750946770460368,0.09630057706530193,0.3270160483428565,1.2512509381255796e-08,5.595764309118359e-08,0.0075,0.01,0.006,0.6,-0.01745405990247999,0.08289829924880507,1.000500250116498,1.8535020608246399e-09,4.526189503555361e-17,1.327195436843371,0.07389950986955317
synth_blobs_30d_10k,0.07084217544015889,0.021021774102890897,3.5849567260822406,4.516810283266961e-16,0.015,0.9999999999999998,0.0,0.9863636920103731,0.008990302181017434,0.0,0.23388401319232172,0.034689136972649845,3.321928094887362,0.0,495.893625,35.15489509206139,0.8334103700349483,0.007305542785644257,0.24666036737757266,0.17656147204595243,0.24678375911109965,0.17664979681530557,0.9004502251125562,1.0005002495791115,1.6616465192444425,2.094814115962132,0.07493301303058034,0.034267761323075484,0.0009911458522937576,0.00024100332268863807,0.0,0.0,0.0,0.0,0.0,0.0,0.1,0.0,,,7.284791277450056,,,0.840226221251989,0.2962161432439446,396.393625,35.15489509206139,66.66666666666667,1.6515866840879123,0.2644187805965372,5.321098249466754,0.1808398959411425,-0.9449017092763775,0.37496304718833007,0.0,0.0,0.0,0.0,0.0,0.0,442.01525129549725,0.9,1.1066767902945724,0.1997471486177995,2.1563115159670514,0.2909796911034307,-1.46768494839004e-11,5.363394266906867e-10,0.020954393680100717,0.21894722858128313,-2.2533267458279926,0.38700603670233624,1.5857865715028499,0.18083989594114247,0.009,0.18440700160496068,0.02125265800352782,0.0,0.0,0.351,0.4774023004534426,30,0,0,10,0.10574712643678161,9,2000,0.0,30,5,1.2606804664039861,,8.756866600513458,4.409638261795044,0.5134619426135636,93.31372622958105,1.0002500935161724,8.213600187568455e-10,,-0.06329132496320948,0.37249062877189654,8.341672920837197e-09,4.568922426072537e-08,0.005,0.015,0.005,0.3333333333333333,0.011720688967615035,0.09914109869590794,1.0005002495791115,1.6431308757270179e-09,1.7786835059114835e-15,1.6229318340997294,0.06418388664200494
synth_blobs_50d_20k,0.041153143032672104,0.011656560494596013,3.5849567260822415,4.485978453382215e-16,0.025,0.9999999999999999,-4.440892098500626e-16,0.977709926345583,0.020347400636296337,0.0,0.2631889109645174,0.024754589012651766,4.321928094887363,0.0,303.36275,13.512291869934172,0.9183825556313581,0.0024007613164164637,0.17200326227361595,0.12480094018163611,0.17208930690194146,0.12486337183559088,0.9504752376188094,1.0005002500320341,1.503210962276471,2.547380597681993,0.07048957011999434,0.015918543253038868,0.0005401711661938289,0.00011031569438204763,0.0,0.0,0.0,0.0,0.0,0.0,0.05000000000000001,7.119154932824459e-18,,,9.09622117246393,,,0.8342622969275436,0.26062179625034804,253.86275,13.512291869934172,40.0,1.6342519882321358,0.16096940210988692,6.210268265587132,0.11693248093041153,-0.9382780166891921,0.2581419336278744,0.0,0.0,0.0,0.0,0.0,0.0,705.550547725715,0.95,1.1435699431135673,0.11850070472359107,2.260042660236359,0.34651771501556844,4.969389465259155e-11,5.270278866720668e-10,0.017275862533715554,0.17118211594202656,-2.2722458052635193,0.25359708346051224,1.6966165553824706,0.11693248093041153,0.0185,0.20398152135313877,0.01841072910610175,0.0,0.0,0.343,0.47483021372479345,50,0,0,20,0.01469387755102041,19,2000,0.0,50,3,1.1130035037728838,,18.169869602246788,4.532288465499878,0.3911324222413838,87.65914236457942,1.0002500937425771,7.637979042189093e-10,,-0.011594200819035836,0.31753061900023005,3.003002251501391e-08,8.214730743544997e-08,0.01,0.025,0.0095,0.38,0.004208401231341086,0.08068362652227296,1.0005002500320344,1.5279778436408955e-09,6.042325302887346e-29,2.1257861043080917,0.06467971441114463
synth_blobs_5d_k12,0.13675132573644658,0.02155730248307021,3.3219280948873626,4.965068306494546e-16,0.004166666666666667,1.0000000000000002,-2.220446049250313e-16,0.9717281353976995,0.02420312102658558,0.0,0.40889207762652974,0.02374450070702848,3.584962500721157,0.0,537.62875,36.63730766397672,0.8464990199410354,0.01540738567268965,0.29452556978980415,0.14414280954662453,0.29477121232210235,0.14426302862251517,0.9174311926605505,1.0008340281056265,0.7267073238190483,1.785192337317052,0.03233023000380293,0.009156045354090874,0.0043475732694795806,0.004684836084614864,5.332606507070986e-05,0.0003953549784852851,0.003106060606060606,0.017969314689110165,0.0,0.0,0.08333333333333333,0.0,,,2.2375644404732493,,,0.8602258066130243,0.2834534326730108,488.12875,36.63730766397672,240.0,1.6513771891593934,0.13162073064605792,4.898724626159558,0.10486842972075275,-1.0581942906699964,0.15973040296418695,1.66316450074945e-05,0.00013511612277315724,7.575757575757583e-05,0.0006154574548966643,0.0,0.0,159.9318228713341,0.9218854166666667,1.206408040513694,0.14782149226241426,1.8653070688247682,0.15942502648293608,-3.7302622028316064e-10,7.036285428223118e-10,-0.00897754281759262,0.19700419217573534,-2.0918951749801638,0.2750784687040543,2.008165969448963,0.10486842972075275,0.020833333333333332,0.14345013408356558,0.06767045293933314,0.0016666666666666668,0.04080780096262306,0.32083333333333336,0.4669914771763525,5,0,0,12,0.1,5,1200,0.0,5,0,0.6542099335538953,,4.723621009887159,3.9572022438049315,0.23008390866072642,65.12722989811732,1.0004169271386938,1.1529997268057962e-09,1.023450785265232,-0.07486730416528449,0.31281648292512554,0.0,0.0,0.015,0.004166666666666667,0.0033333333333333335,0.8,0.018014072071346164,0.08803810438330607,1.000834028105626,2.3069607772836367e-09,1.1140106443349884e-07,0.6489411664866731,0.045437541985752235
synth_blobs_5d_k2,0.07867106265990766,0.0487023447110755,2.8073203201603487,0.0,0.01,1.0,0.0,0.9921557445124375,,0.0,0.11026111513021494,0.05420570051047371,1.0,0.4243705207835643,193.443,9.448653613622442,0.23093169813200923,0.03260753724003933,0.6135866350290777,0.29349469886653257,0.6148162676661085,0.2940828648965291,0.8039438877755511,1.0020040078721895,1.5096941764312057,1.5474037860094956,0.30396998526021035,0.36813389260034357,0.0039688884254657905,,0.0,,0.0,,0.0,,0.5,0.0,,,3.7310320689112064,,,0.7457119995194406,0.269492499385587,68.944,9.447983530128063,100.0,1.7008313626050948,0.3278211197609562,3.1610765865975408,0.3386913279882593,-1.1453760938234034,0.893427238963325,0.0,,0.0,,0.0,,62.99189655370213,0.500008,1.265715453094812,0.23889001060991463,2.1457440137863157,0.8522652955448947,4.940666258335113e-10,9.193262461949253e-10,-0.004557447182014585,0.02431524420636248,-2.1603386878967283,0.6839693810048408,0.6462437335628075,0.3386913279882593,0.004,0.08335215322413206,0.027294429328563925,0.0,0.0,0.194,0.39582490410460386,5,0,0,2,0.6000000000000001,1,500,1.0,5,1,3.3440580919575127,,0.9843730213690292,4.306082701683044,1.5217716585069527,62.99189655370213,1.0010015024325338,1.314783187809104e-09,1.0124322872875102,0.02723020905060865,0.0671373067680728,0.0,0.0,0.004,0.01,0.006,0.6,-0.006262061885092408,0.010541326563681747,1.0020040078721897,2.6321999776315875e-09,0.01562697863097084,0.48671774728095285,0.046421414970559974
synth_blobs_5d_k20,0.08024569222860749,0.007698276892680606,3.584956726082241,0.0,0.0025,0.9999999999999999,-4.440892098500626e-16,0.9813238305228975,0.007306706596573877,0.0,0.36472078543453657,0.02909080069228907,4.321928094887363,0.0,937.1325,52.135699830810985,0.9098952964951345,0.008586623046058235,0.23072722148729885,0.07779578648899313,0.2308426430236727,0.07783470400190055,0.9504752376188094,1.0005002509972794,0.5419443830805516,2.070951033599084,0.03130911537365231,0.003963404542532848,0.004541636369088093,0.004535567149375113,5.7466434476421375e-05,0.0006020696210272616,0.0011578947368421054,0.011750326609869043,0.0,0.0,0.05000000000000001,7.119154932824459e-18,,,2.790576319569848,,,0.8640831837909863,0.2854226066550895,887.6325,52.135699830810985,400.0,1.5698193073272706,0.2566974345713111,5.819955663897102,0.08923822410136394,-0.9582401983566022,0.4725354512855465,8.81374327437354e-06,0.00012148906698237218,2.6315789473684232e-05,0.0003627381250550061,0.0,0.0,157.29015334452188,0.9554065,1.1547245592029394,0.2048704108325912,1.9212647438049317,0.12214940836570813,-3.500259481370449e-10,2.460764400447919e-10,0.06397550329566001,0.1771810280409813,-2.1831952571868896,0.2754306448692512,2.0869291570725017,0.08923822410136394,0.0235,0.17152452357827375,0.0739068100040874,0.0035,0.0590719455187798,0.3225,0.46755005242836073,5,0,0,20,0.0,5,2000,0.0,5,1,0.7178142889675946,,4.815195853605817,4.104460000991821,0.24520309423166983,63.471382694299045,1.0002500942250792,1.0270405300647123e-09,1.0337846444818033,-0.2227302891582537,0.31702451657091785,0.0,0.0,0.0245,0.0025,0.0025,1.0,0.051344883136703476,0.06557290448251421,1.0005002509972796,2.0545947510106707e-09,4.643198647249259e-08,0.6570736276068718,0.056923335620372016
synth_blobs_5d_k4,0.14907012276199486,0.04328814327515107,2.8073203201603487,0.0,0.01,1.0,0.0,0.981317462998796,0.00864328141909708,0.0,0.2758394418905351,0.0677657333169989,2.0,0.21594776619647815,220.379,17.728040665897158,0.5671464782485451,0.02600290751761559,0.38430143005810535,0.2400465190035387,0.3850715736531841,0.24052757425401636,0.8183006012024048,1.002004009404474,1.000870319808238,1.6277347575010552,0.08513840893111188,0.07158749033949216,0.004226920964208253,0.0012234342453968908,0.0,0.0,0.0,0.0,0.0,0.0,0.25,0.0,,,2.523758959848605,,,0.811398426979184,0.3315296584871924,158.379,17.728040665897158,100.0,1.6699961036443711,0.24288461667450476,3.5786189050290185,0.26510474319790545,-1.1725439541955998,0.49595507326659294,0.0,0.0,0.0,0.0,0.0,0.0,92.84693009435908,0.75008,1.166242101182118,0.31651515547134995,2.1853461980819704,0.4828686211614865,-7.832422852516175e-11,1.863735196915597e-09,-0.06653048507869244,0.17498108856294756,-1.8302494764328003,0.24074228335185965,1.2287014151313307,0.26510474319790545,0.012,0.09616711877807632,0.03589923736751436,0.0,0.0,0.292,0.45513767214020245,5,0,0,4,0.4,3,500,0.0,5,1,1.284786430281995,,2.8891013021865595,4.0155956745147705,0.6836053561615348,49.4555011140036,1.0010015031979091,2.0860051267112332e-09,1.0211156072215004,0.19584769412619962,0.35870457816693413,0.0,0.0,0.008,0.01,0.006,0.6,-0.057158442548320934,0.09858002847780746,1.002004009404474,4.176188528572357e-09,3.976830518401026e-05,0.5924042486330138,0.02928463358862362
synth_blobs_5d_k8,0.15628897450179174,0.03282947108676503,3.169915958164528,0.0,0.00625,1.0,0.0,0.9486533162510907,0.07022127111973958,0.0,0.3693743501845059,0.028346020608955767,3.0,0.0,361.59625,28.956693501860684,0.7705656704536418,0.0336450678442453,0.34918863182944854,0.21515788042275746,0.34962566431902936,0.21542716482461463,0.8760951188986232,1.0012515654061658,0.9055553052145884,1.7337687723476594,0.03883767658546769,0.02232341691118851,0.003996759008625477,0.002660157337819271,0.0,0.0,0.0,0.0,0.0,0.0,0.125,0.0,,,3.5747314922387416,,,0.8598971460928394,0.3276127631051388,312.09625,28.956693501860684,160.0,1.5429978668689728,0.22940723584629688,4.439581413069589,0.14321125967432147,-0.861529610649287,0.4093893027230956,0.0,0.0,0.0,0.0,0.0,0.0,151.13359500908288,0.8761140625,0.9152677780437468,0.20885208950849096,1.9169877290725708,0.4213573072605963,-1.6048306861193848e-10,5.715511260272938e-10,0.11326813325285912,0.2882835178849219,-2.025692367553711,0.3236028156596768,1.7303345450949401,0.14321125967432147,0.01625,0.11111757014030914,0.05006832991781765,0.0,0.0,0.3225,0.467725570191821,5,0,0,8,0.30000000000000004,5,800,0.0,5,1,0.8319670997440562,,4.519439679841647,3.942680096626282,0.4226629395733357,76.77557254003044,1.0006255870235208,1.0000815370007688e-09,1.031091419163267,-0.08252942926158466,0.5646640800324801,0.0,0.0,0.01,0.00625,0.005,0.8,0.0374757363207679,0.1548095488244186,1.0012515654061656,2.0014143324635276e-09,3.5491476418776705e-07,0.6240645731147619,0.061437173085666104
synth_blobs_easy_10d,0.10326771462781882,0.05378763326339493,3.1699114456156763,6.711843185878147e-06,0.01,0.9999990900637318,1.5007488738394414e-06,0.9950412426810509,0.0009353238897832783,0.0,0.15779723607855048,0.060811494071826344,1.5849610585062932,0.3426029260559489,332.8335,0.11796892246124259,0.42603641633588596,0.024983245160773656,0.5342089914150522,0.25343776505482585,0.5347437348588042,0.25369145638665186,0.8114854854854855,1.0010010004687036,1.8678329934029607,1.5180752000508144,0.1456061612966995,0.2175207078265246,0.0016827260829664625,0.00026198851339995135,0.0,0.0,0.0,0.0,0.0,0.0,0.3333333333333333,0.0005773502691896263,,,5.675853036800676,,,0.7929940061047175,0.3015746122025519,166.6665,0.11796892246124259,100.0,1.911744575202465,0.21574559219914882,3.7108128564488903,0.36780232857225564,-1.1898458649911947,0.3459704924639981,0.0,0.0,0.0,0.0,0.0,0.0,203.81700624022815,0.666666,0.8514663169958443,0.40300992912176486,2.0281862735748293,0.5233162274560406,1.990687451325357e-10,1.3063895854032425e-09,-0.09078050199896097,0.40626240645627837,-1.9294313192367554,0.531288278613975,1.0440596476730797,0.36780213004665474,0.004,0.11029563800982878,0.02095366706297758,0.0,0.0,0.232,0.4223202035829619,10,0,0,3,0.48888888888888893,2,1000,1.0,10,1,2.036140179041047,,1.9802150241032785,3.9576175928115847,0.9597416482072646,115.60040688717409,1.0005003750467578,1.2605450765629603e-09,,0.09551141803426712,0.5024669385521872,0.0,0.0,0.003,0.01,0.004,0.4,-0.031161885535734957,0.14151698313213681,1.0010010004687033,2.522351673967639e-09,9.612896552206455e-05,0.8038004585150026,0.032399532041531974
synth_blobs_easy_2d,0.0678878488325128,0.00010973697377567425,2.8073203201603487,0.0,0.004,0.9999963566084923,5.993982041929691e-06,0.8182448558804833,0.23512613503432808,0.0,0.17445197314208183,0.1272511597359497,1.5849567260822413,0.2559066309924716,249.434,0.41531792395213557,0.5072040850996048,0.05731594087358031,0.09993419642469532,,0.10013446493954492,,0.8295871743486973,1.0020040038546816,0.14161151837847777,1.8783870471713218,0.3002039072754605,0.38106120925822545,0.024227656028519895,0.02849928918433485,0.03610596949320347,0.06253737361876033,0.09580838323353293,0.1659449875515092,0.05289421157684631,0.0916154618773957,0.3333333333333333,0.0011547005383792527,,,1.9713543764197388,,,0.7772549587149433,0.32512320765504565,166.6,0.4662991204575438,250.0,1.7267397940158844,0.45024369802072256,3.5484910286222915,0.6190684457380965,-0.8416666357803,0.778192527837745,0.002142359307110153,0.0037106751679828413,0.007984031936127733,0.013828748962625747,0.0,0.0,32.25802390000919,0.797476,0.9476041775713675,0.11701268849103011,2.4736164212226868,0.6728743521827262,1.2400923878885806e-09,1.4165806854605152e-09,-0.19331100629642606,0.24811263811314563,-2.153879165649414,0.9658476328940784,0.8437860176202985,0.6190684457380965,0.034,0.09772305763893055,0.11838659546243359,0.026,0.15929453694021647,0.278,0.4484620791917037,2,0,0,3,0.0,2,500,1.0,2,1,2.3270524298064816,,1.394333587725927,4.627495586872101,1.6387219850768044,31.51863577785223,1.0010015004257893,9.014111197693016e-10,,0.28396864807695277,0.32292870237511084,0.0,0.0,0.052,0.004,0.004,1.0,-0.0725455631012422,0.08436248360148363,1.0020040038546814,1.8046276888568505e-09,0.017679549002647253,0.31522181028841223,0.04735513945460585
synth_blobs_high_overlap,0.019679923749086104,0.0,2.584962500721156,0.0,0.006666666666666667,0.9999999999999998,0.0,0.49435123757998184,0.6057964147746193,0.0,0.09891995331663406,0.1318612583146541,1.584962500721156,0.30069651174384326,149.34833333333333,0.5639657911619214,0.5821219053232555,0.05404842713185801,0.10433921312831652,,0.10468817368167063,,0.8815607580824972,1.0033444813593233,0.148051435040689,3.6249734872204855,0.5671113414135883,0.591841137320567,0.314748109413685,0.47820580454770967,0.24847776611891445,0.3444413446741247,0.3416666666666666,0.5323141303152992,0.3233333333333333,0.5385242179636244,0.3333333333333333,0.0,,,2.026529292067875,,,0.7904519823332041,0.3091950852693364,99.85333333333334,0.5376203813756107,150.0,1.537823647260666,0.33121535014825737,3.7326907688861852,0.5880016973849781,-0.6206236785405406,0.6648897247054116,0.061584368194820084,0.09844418283919563,0.1416666666666667,0.23676641090605174,0.14500000000000002,0.2425386567126981,5.733898813329782,0.9583777777777778,0.8677599840603769,0.1450192243954761,1.8760376572608948,0.5551153830937121,1.6672614340980846e-09,1.1433979019849962e-09,0.19394000247120857,0.31088518029794393,-2.6850000619888306,0.3054461347659691,0.4372342325561269,0.5880016973849781,0.5266666666666666,0.39040263085678406,0.23772312244935453,0.35333333333333333,0.47880378629957066,0.4266666666666667,0.4954193746157941,2,0,0,3,0.0,2,300,1.0,2,1,4.912077116215573,,0.8557555883475019,4.561037719249725,0.8605615178596812,5.729525288794568,1.001670844818458,3.111401040359484e-09,,-0.35956294104104325,0.3127693210077933,0.0,0.0,0.54,0.006666666666666667,0.006666666666666667,1.0,0.08056765907062477,0.10994535029386174,1.003344481359323,6.233199546998863e-09,0.1479518208436258,0.32585617595787864,0.07028666607222767
synth_blobs_highd_100,0.0675783154162458,0.02309059110826506,3.5849567260822397,1.3389793477436902e-15,0.05,0.9999999999999998,0.0,0.9963990478482526,0.0009611979244060031,0.0,0.22959299610275705,0.03304764612861635,3.321928094887362,0.0,214.2198125,5.480539919683952,0.8375330546599252,0.003947092890256993,0.2534726446248166,0.1795546371032918,0.25359944431530296,0.17964445930988915,0.9004502251125562,1.0005002500015954,3.107704784808154,2.1395528936045416,0.07783848912899882,0.0224261318023254,0.00026868628124181767,3.9671136366391764e-05,0.0,0.0,0.0,0.0,0.0,0.0,0.1,0.0,,,14.170065880427833,,,0.7520829362838619,0.3606179581224035,116.0263125,4.887582512986802,20.0,1.5685336715728044,0.257804882044823,5.3542575852433325,0.1621991925259328,-0.792727345567488,0.5572297639216993,0.0,0.0,0.0,0.0,0.0,0.0,1319.1059525247267,0.9,1.0877738809127768,0.20575587542197935,2.2410477566719056,0.36454722342795465,-3.465597878005156e-11,5.426295961546739e-10,0.0031204580899793655,0.19235867104686438,-2.249072995185852,0.31953760313755186,1.55262723572627,0.16219919252593282,0.009,0.19683834926767496,0.00903791290260348,0.0,0.0,0.3315,0.47087005564662143,100,0,0,10,0.10747474747474747,9,2000,0.0,100,21,1.3089616384355836,,8.935306954187737,4.4901207518577575,0.3855024947743981,210.63673536751998,1.0002500937273615,9.163288760695026e-10,1.2613853467348755,-0.000253861889518579,0.4801304960625895,5.0050037525023185e-09,3.521152625745362e-08,0.005,0.05,0.0135,0.27,0.006317909212019957,0.10945523737857495,1.0005002500015956,1.8331161157966363e-09,3.9100160936314297e-20,2.9271760199123755,0.06772269283100392
synth_blobs_highd_50,0.15407109071850403,0.035254540784596264,3.1699075463871447,3.938815623581572e-06,0.05,1.0000000000000002,0.0,0.998502021392946,0.00011133213006521994,0.0,0.2689575701458867,0.05581886728711962,2.3219280948873626,0.1310478655392482,172.616,11.404298140551157,0.6203500621150139,0.012708794009298268,0.3965721134810153,0.25376778322597365,0.39696908234744605,0.25402180489938114,0.8293593593593593,1.0010010004543342,3.332107850437297,1.5778719770745422,0.05343974273438237,0.05244128365986828,0.00026005581819592706,3.333896047144567e-05,0.0,0.0,0.0,0.0,0.0,0.0,0.2,0.0,,,11.314479781208874,,,0.8249683268207048,0.3516681701776019,73.116,11.404298140551157,20.0,1.5482394435629248,0.3687944899846519,4.020278931589899,0.23521914962822782,-1.0588623455022295,0.4611503599539053,0.0,0.0,0.0,0.0,0.0,0.0,1337.696231235734,0.8,1.0154235974523202,0.3067227908950264,1.8999615812301636,0.3544908019921123,5.0345388444839057e-11,7.551060186850945e-10,0.01697974296286702,0.3290156175182403,-1.8823443174362182,0.3664174553371997,1.4715567096846092,0.23521884668929596,0.006,0.13514485929681713,0.012162036957058649,0.0,0.0,0.323,0.46785669802824226,50,0,0,5,0.3510204081632653,4,1000,0.0,50,11,1.154118509687971,,3.9880251840877268,3.782305898666382,0.4697428439742703,365.2248368745329,1.000500375039577,9.334756056049024e-10,,0.054157686635671304,0.5343713957004977,4.008012016020378e-08,1.98345155688396e-07,0.005,0.05,0.004,0.08,-0.016672101203138088,0.15499843266121555,1.001001000454334,1.8678854006024836e-09,7.965869476992556e-11,2.0656974174456884,0.03247708069627053
synth_blobs_large_20d,0.06314282679053719,0.011407021735285704,4.08746197638237,0.0,0.004,0.9999999999999999,-4.440892098500626e-16,0.8924720570229955,0.22078977265722682,0.0,0.27032773354852757,0.02207175258836172,4.321928094887363,0.0,1321.58825,22.238577215074038,0.9096847211521984,0.004292645628319017,0.18795513371554598,0.13103699454356685,0.18799273229844776,0.13106320720668968,0.9501900380076015,1.0002000401980298,1.0239963227206386,2.0100569631909933,0.03155350970339648,0.008999972211624355,0.0007558215189519932,0.00025965409092557924,0.0,0.0,0.0,0.0,0.0,0.0,0.05000000000000001,7.119154932824459e-18,,,7.0247290648188025,,,0.7552419319719292,0.31695438734470344,1197.08825,22.238577215074038,250.0,1.6127447128295898,0.2429587123666221,6.259238023824151,0.13204254550708058,-0.903105950387134,0.49619923801499705,0.0,0.0,0.0,0.0,0.0,0.0,659.0028250742797,0.95,1.1597756564890083,0.1971235657268993,2.2545529663562776,0.3331551679514583,7.267977707670072e-11,3.4004090627343255e-10,-0.08652804850134999,0.10758408905191656,-1.9900938093662262,0.24878788859144785,2.1501520474455815,0.13204254550708058,0.0076,0.13743987048865533,0.022357639950303498,0.0,0.0,0.349,0.47670163508192204,20,0,0,20,0.021052631578947368,19,5000,0.0,20,3,0.901010666310016,,16.011087305550816,4.2446467757225035,0.3909566533883984,108.8671513382199,1.0001000150975048,3.4016343530450306e-10,1.0410900561697656,0.24119557817928755,0.32967552626194546,1.6008003201213402e-08,2.7237137007163713e-08,0.004,0.004,0.0026,0.65,-0.05527832284178691,0.07168790894890395,1.00020004019803,6.803949612207577e-10,2.075606226049508e-24,1.3927000030639665,0.060907513045572445
synth_blobs_large_2d,0.09243760433265258,2.3250098037165952e-06,4.08746197638237,0.0,0.0004,0.9999996308535324,1.53072136632737e-07,0.9925047913546856,0.00044810136774023026,0.0,0.31264696452396173,0.016179489338510076,3.9068891533936556,0.0010098923894177325,2490.9577,19.662787461399017,0.8674164838872943,0.01978246317342952,0.016093898341496334,,0.01609711774651826,,0.9335963192638528,1.0002000388565664,0.022764762232243028,1.6663845697735435,0.014930936635489242,0.001615482028921616,0.010480254805499458,0.017911898450332246,0.012296908643682701,0.050641908498617175,0.019344982548710025,0.08897616485477604,0.013815443200750548,0.07985468688180421,0.06666666666666667,9.759000729484933e-05,,,1.7759770687448164,,,0.8816989579916233,0.2808720426245797,2324.7907,19.654080367318564,2500.0,1.863834224641323,0.004024149485683779,5.649820806907884,0.040941333102170845,-1.4766919610963458,0.08419930705717932,0.0014834039762771946,0.007790477112841162,0.0021716083827243806,0.0104935408988817,0.0009430076896343766,0.005464807589369366,132.1593109096483,0.96960896,1.3871979657243936,0.003339515675443585,1.8574907779693604,0.03300115097142407,-3.0392257031053306e-10,6.320792505681638e-11,-0.11625496856868267,0.010996131215738477,-1.7707707285881042,0.1507811091909966,2.344530322868142,0.040941333102170845,0.067,0.12237757373448713,0.15340146372847066,0.0418,0.20015187272276744,0.3532,0.47801198634743297,2,0,0,15,0.0,2,5000,0.0,2,0,0.7434033317948483,,1.9701317225188517,3.6282615065574646,0.18378226016242066,68.90475998095704,1.0001000144268404,4.662012733871386e-10,,0.020103078390335094,0.16946424496403806,4.0024011204795495e-08,5.660249946639451e-08,0.0686,0.0004,0.0004,1.0,-0.006977262616055668,0.05274374998401407,1.0002000388565664,9.32495810266323e-10,0.0002226329076873646,0.3690883020218346,0.024569392301552334
synth_blobs_many_2d,0.231456592350832,0.00027434243443925433,2.8073203201603487,0.0,0.004,0.9999999999999998,0.0,0.9930846603371115,0.005371525133003474,0.0,0.6123364962660878,0.07569870821266815,3.321928094887362,0.0013166916246815097,244.499,8.300786415166966,0.8045799919028669,0.05628033597399163,0.5316889199709555,,0.5327544294489992,,0.9019478957915832,1.0020040091828544,0.7534285395411149,1.6039642960754783,0.00980945575941983,0.0015995108148722731,0.008231036004186721,0.011260968516107184,0.0026257578064510312,0.01681868282982119,0.005111111111111111,0.025639300641276022,0.0013333333333333333,0.008944271909999156,0.1,0.0,,,0.40806677618294834,,,0.86874092880118,0.296594508508995,219.999,8.300786415166966,250.0,1.3093474265187979,0.5007846735659062,4.0581748238117115,0.14926659144782298,-0.5473744914929266,0.47299594042296,0.0003702260654026062,0.0024835519478475314,0.00044444444444444485,0.0029814239699997233,0.0,0.0,205.57708822972697,0.914276,0.9084232307776808,0.24831309075317812,1.6177172660827637,0.5819552548687226,-1.7793499864637851e-09,1.32655559326769e-09,0.03731657937169075,0.3389269958987881,-1.9606008529663086,0.4364515211671691,2.071073591235999,0.14926659144782298,0.048,0.08752782794320242,0.10410936380258609,0.01,0.09959839195167117,0.354,0.4786880869304544,2,0,0,10,1.0,2,500,0.0,2,1,0.3554903756389284,,1.9724631384760067,3.5783181190490723,0.1455037337015535,159.65600774934566,1.0010015030872104,2.7312323552089395e-10,,-0.26694834348451546,1.0981867434923327,0.0,0.0,0.04,0.004,0.004,1.0,0.07336939882710188,0.2965211669120629,1.0020040091828544,5.467936482636617e-10,0.00013265848248877088,0.3275553672183938,0.0589991145862316
synth_blobs_overlap_10d,0.0746237594304051,0.026459626245978474,3.1699088461299887,5.480197012992563e-06,0.01,0.9999984557274871,1.1656940891446865e-06,0.9290009384653083,0.06274003246493708,0.0,0.2243609640620265,0.04478044795455305,2.8073505867365642,0.0002818181900121619,388.442,44.31054542019806,0.7847665791639749,0.016487004614093075,0.31708287335278834,0.18457702491522587,0.3174002735021698,0.1847617865863788,0.858042042042042,1.001001000669803,1.1581073060338423,2.240824194425804,0.1283486736278902,0.030070590152765732,0.0066226616410876805,0.002636238764034307,8.61455334129411e-07,3.821848449195847e-06,0.008688387635756056,0.03672695534816707,0.0,0.0,0.14285714285714285,0.00037796447300922755,,,4.121955128349133,,,0.7115733427954837,0.4220119433544777,317.513,44.41519633712842,100.0,1.646044383943081,0.16139388081696798,4.7244388886578506,0.16103412398288267,-0.9502108295784163,0.28780525940105917,0.0,0.0,0.0,0.0,0.0,0.0,72.4587409447978,0.85989,1.1380411463204025,0.18667260919308676,2.2302281141281126,0.13400701918423877,1.6576232155784962e-10,6.716093153933985e-10,0.03844830580055714,0.18610145843755585,-2.370502758026123,0.2162058399179861,1.2528205442087033,0.16103533594106106,0.012,0.22369177930440606,0.044944779336036064,0.0,0.0,0.324,0.4682341756463781,10,0,0,7,0.17777777777777778,6,1000,0.0,10,0,1.530217803965006,,5.197938020385047,4.6007308721542355,0.27272196985405966,33.21754049484626,1.0005003751472572,1.2013105011707218e-09,,-0.08881205075947356,0.2554851470177301,0.0,0.0,0.015,0.01,0.007,0.7,0.020278437175455723,0.06703734888310943,1.0010010006698025,2.403823167865361e-09,1.0749559423608385e-06,0.8534370900949445,0.06058186643966097
synth_blobs_overlap_2d,0.09589673619969971,0.00014782215879196147,2.8073203201603487,0.0,0.004,1.0000000000000002,0.0,0.9174469709742834,0.06710173163987854,0.0,0.25104055807954523,0.038476335819949026,2.3219280948873626,0.14986560318243647,249.491,0.07368758185365346,0.7142968635011471,0.045715519662934544,0.1804646296175805,,0.18082628161829364,,0.8681523046092184,1.002004004892701,0.2557269798980877,2.198452910864711,0.15128312880148692,0.11542400423260837,0.09210565117284544,0.17225594391536228,0.09637128139293853,0.18856068200931977,0.16499999999999998,0.31699982474583305,0.16,0.31087689596437434,0.2,0.0,,,2.5221803996564853,,,0.8244197796833393,0.35495339373698775,199.991,0.07368758185365346,250.0,1.07666926831007,0.39140165041440533,4.0730838352141205,0.1535410458788544,-0.46965062241096667,0.0337136022363777,0.02774543272280171,0.05659272871665365,0.042,0.09171816735097918,0.03350000000000001,0.07817537264950444,16.610976964010636,0.929472,0.7895368024806027,0.2765011262561275,2.4992693662643433,0.3301226088069154,4.543398972600698e-10,1.1403932926673252e-09,-0.046734526520594954,0.08165578932303623,-2.2441641092300415,0.08604245406020208,1.056164579833591,0.1535410458788544,0.34,0.2852207716644357,0.24569815818689356,0.23,0.42125397306095436,0.408,0.49195532325624886,2,0,0,5,0.0,2,500,0.0,2,2,1.6580330128119514,,1.6879205314888455,4.743433475494385,0.4161650628671175,13.497476370146565,1.0010015009442799,2.6371745533882796e-09,,0.16479052065720895,0.28493984466193645,0.0,0.0,0.322,0.004,0.004,1.0,-0.03717843983346635,0.07173585251654599,1.0020040048927012,5.279631525844546e-09,0.016768569920571328,0.3059262086383146,0.06024521690852218
synth_blobs_varying_std,0.11460765393422025,0.0002298023704490054,3.1699062466443007,0.0,0.002,0.999997766064725,1.9192292375347364e-06,0.9247421101919328,0.04560559453090928,0.0,0.23594501277024638,0.006720836675356403,2.5849567260822415,0.11504923278259938,499.301,2.118433799239845,0.7356241429245224,0.037547709075827204,0.4007520176227642,,0.4011531705180817,,0.8783643643643644,1.0010010003136032,0.567316254335638,1.9190173472937007,0.12287273678417004,0.03727047432223706,0.07971317927859878,0.16425394366635002,0.05588747817244881,0.09947099966207766,0.15674145756751628,0.27113654923577446,0.12193052658747776,0.24424879114720027,0.16666666666666666,0.0005163977794943227,,,2.959128491389177,,,0.8378100241758829,0.3627843141074839,416.467,2.123097629301004,500.0,1.640858992934227,0.012479281449014869,4.407841941505702,0.02567266917420073,-1.1922753008469682,0.0014400191870416776,0.020312298959753467,0.04628463154826471,0.03564589407241452,0.08781875477488067,0.02462643727343244,0.07931543567967807,14.795842915877468,0.964216,1.2667475868724285,0.06577775987431538,2.0731059312820435,0.04014285015789804,6.598420441150665e-10,2.6144216966913957e-10,-0.0016557574272155762,0.12042928277518701,-2.083005726337433,0.3830527285093217,1.34702103122084,0.02567266917420073,0.289,0.28918053523835785,0.23462032148163983,0.198,0.3986915536538929,0.457,0.498396829242923,2,0,0,6,0.0,2,1000,0.0,2,0,1.3532715326436535,,1.712375810976975,4.156111657619476,0.42319557866721974,10.880734413170318,1.0005003749692467,3.3520845955915126e-11,,-0.1574769475973688,0.0019464172332909365,0.0,0.0,0.298,0.002,0.002,1.0,0.0532483194838278,0.01273775506138543,1.0010010003136034,6.707513488138397e-11,0.017124724877673605,0.33508086772287354,0.03400548899396486
synth_blobs_well_separated,0.2949514520816369,0.006535383481510544,2.8073203201603487,0.0,0.01,1.0,0.0,0.9977513135988052,0.0017200629565843168,0.0,0.37911918218314145,0.0018281281630422672,2.0,0.21136146662551236,187.0,22.119217199961625,0.41549788041450364,0.10226710835736967,0.5252019844774247,0.19477339916543387,0.5262544931171191,0.19516372669681556,0.8180360721442885,1.0020040073471748,1.247444956145013,1.2365762623110956,0.0066886943056653474,0.006241758307305364,0.0004473904473728633,0.0002567123251459148,0.0,0.0,0.0,0.0,0.0,0.0,0.25,0.0,,,4.5707104711335695,,,0.8081494638153618,0.337699907835613,125.0,22.119217199961625,100.0,1.370542538166046,0.31229472320935964,3.189951411378204,0.009173444375492138,-1.2037852797345903,0.23033063188945646,0.0,0.0,0.0,0.0,0.0,0.0,1131.7650879520168,0.75,1.052785163950324,0.16957749446500006,1.4820529460906982,0.16188107977282515,5.282927304506301e-10,1.5372387344094834e-09,0.047622188553214075,0.162738209433342,-1.575305700302124,0.1974581776630399,1.6173689087821448,0.009173444375492138,0.012,0.02642756610344245,0.01029138790441683,0.0,0.0,0.294,0.45604819911917166,5,0,0,4,0.5,3,500,0.0,5,0,0.7357328343069363,,2.9865289685975727,3.057358646392822,0.11788204056949096,762.8715215987417,1.0010015021702885,1.5919976810967018e-09,1.027275897445433,-0.08923824553433647,0.41278897801155723,0.0,0.0,0.008,0.01,0.006,0.6,0.02973960559202048,0.10355199081750667,1.0020040073471743,3.1871842059668515e-09,4.292716346997668e-08,0.463157611430703,0.04030793305051515
synth_circles_n0.05_f0.5,0.05889559340081947,8.660460652368698e-06,3.1699062466443007,0.0,0.002,1.0,0.0,0.0034288315613851266,,0.0,0.04128085608929827,0.00032456302357862586,1.0,0.25202760252236,499.4875,0.12189589250097237,0.48259605114086945,0.06948936506196123,0.0031824044463857784,,0.003185590032551405,,0.8811671671671671,1.0010009997846894,0.004505104628194849,3.299470770038045,0.999994131517595,7.037004093142508e-06,0.9999530681624843,,0.3106669011389946,,0.704,,0.501,,0.5,0.0,,,0.006851850782623995,,,0.5791615392568197,0.42300325529744376,250.0,0.0,500.0,1.5885332524776459,0.02155689075471548,3.866827338026338,0.0020751877820163055,-0.9554447674062496,0.013888984502588528,0.2268035351012052,,0.46299999999999997,,0.45999999999999996,,1.1757024102341382e-05,0.911913,1.1814450189743306,0.011307194834745876,1.9404512643814087,0.009897597316904311,-5.458714440464974e-10,2.820216855435995e-10,-0.005103286763187498,0.009425926749180896,-1.9512372016906738,0.030855033445249345,0.30307890861796283,0.0020751877820163055,0.002,0.05760514416695975,0.03700414278992798,0.0,0.0,0.4,0.49014308139587187,2,0,0,2,0.0,1,1000,0.0,2,0,9.459013004563879,,1.1756885876350765e-05,3.8916884660720825,0.020957436128345035,1.1757024102341382e-05,1.000500374704922,6.439136014064937e-10,,-0.00599497841850247,0.0005939863342798083,0.0,0.0,0.024,0.002,0.002,1.0,0.0012820915720658378,0.0009407872227402879,1.0010009997846896,1.2884717257672482e-09,0.9999882431141236,0.37123402914873793,0.03806861806744537
synth_circles_n0.10_f0.3,0.039696166307892154,3.1993911562259417e-06,3.1699062466443007,0.0,0.002,1.0,0.0,0.008961805984773013,,0.0,0.0571299054590965,0.0004391146789593338,1.0,0.27869541876721515,499.4955,0.05794918556898024,0.47901893874109375,0.07486857027687527,0.0013579422742048268,,0.0013593015743617735,,0.856976976976977,1.0010009999561598,0.0019223427218194634,2.485490272673727,0.9999597904632125,1.5154310662583092e-05,0.999679463670381,,0.1860205148902403,,0.676,,0.5,,0.5,0.0,,,0.017935336465659587,,,0.6509602035134585,0.35583049925886706,250.0,0.0,500.0,1.160099096596241,0.04987823479159605,3.767571137553624,0.002324921974852777,-0.4033433510635329,0.06495716189880385,0.2421365498152117,,0.345,,0.347,,8.032041736002321e-05,0.836224,0.8548407284845132,0.03816216311808773,2.322562098503113,0.014462269598028179,8.352799341082573e-11,3.705136038037774e-10,0.011190572055056691,0.01143471626042665,-2.332790493965149,0.06769171621855882,0.4023351090906768,0.002324921974852777,0.002,0.06274620344795738,0.04964867639024219,0.001,0.03162277660168379,0.32,0.4667095647378761,2,0,0,2,0.0,1,1000,0.0,2,1,6.878771141322093,,8.03139665087134e-05,4.655352592468262,0.05322944662053064,8.032041736002321e-05,1.0005003747906145,1.419112681875235e-09,,0.031299587581313584,0.02444755182860987,0.0,0.0,0.017,0.002,0.002,1.0,-0.0034874706564975593,0.005372607262399861,1.00100099995616,2.839645512379354e-09,0.9999196860334912,0.3244439560438673,0.06950295806788258
synth_circles_n0.15_f0.7,0.03910033230514365,3.490245068972244e-07,3.1699062466443007,0.0,0.002,1.0,0.0,0.005382647899558043,,0.0,0.020110540143751438,0.0013014340847417956,1.0,0.2808955073232078,499.4955,0.04451664555794531,0.49623091326487034,0.03395845702262009,0.00399624298719531,,0.004000243232751984,,0.9065045045045045,1.00100100158311,0.00565719823254962,7.879273361833797,0.9999855060690042,2.031495800522985e-05,0.9998843502148675,,0.5871377311317384,,0.915,,0.858,,0.5,0.0,,,0.010768075418650765,,,0.6694638863028756,0.3409104400320677,250.0,0.0,500.0,1.7708947136998177,0.04069574305337608,4.042990990112667,0.00803990155715616,-1.1884390275621282,0.04811463349264293,0.20601858513263926,,0.485,,0.46199999999999997,,2.897373786378031e-05,0.991227,1.3085740550679676,0.0283311336563999,2.033669590950012,0.013475696168085171,-6.800983101129531e-10,5.358905933709377e-10,-0.0030219127365853637,0.010452312281558839,-2.1898927688598633,0.013516325730049673,0.12691525653163316,0.00803990155715616,0.333,0.3451075550087894,0.20861564376686395,0.219,0.41377555535605315,0.487,0.5000810745080053,2,0,0,2,0.0,1,1000,0.0,2,0,23.976557848694995,,2.897289841061661e-05,4.2235623598098755,4.062956196450185e-05,2.897373786378031e-05,1.0005003756036825,1.152066803234179e-09,,-0.007341984302619958,0.003714472739588147,0.0,0.0,0.336,0.002,0.002,1.0,0.0015134269088351478,0.0008045902420889525,1.0010010015831101,2.3052865253607535e-09,0.9999710271015894,0.35303027909776497,0.027451798635628504
synth_density_varying_d2,0.1830285795310213,0.00022048226502191919,3.1699127453585207,9.190569788357001e-06,0.002,1.0000000000000002,0.0,0.7988270190596265,0.21253787296855878,0.0,0.2778383167638915,0.0017330335259396635,2.3219280948873626,0.14715494978116295,499.325,1.1134921934458566,0.7017805428846399,0.061803001558118985,0.677640990340014,,0.6783193089194439,,0.860008008008008,1.0010009999234102,0.9592883662934228,1.602779605385519,0.17990950188838112,0.05023515323883227,0.07648688945460974,0.08714249925625919,0.052706359640252665,0.10085074368799964,0.29475,0.2626056665632162,0.11474999999999999,0.2460647216124697,0.2,0.0,,,2.8500811584974044,,,0.823728208211704,0.3550299661154999,399.825,1.1134921934458566,500.0,1.5206740573048592,0.05541422334350198,4.043152519602531,0.004567964323240348,-0.898903231437044,0.22918270084009298,0.019242343115593096,0.04227433564422314,0.026249999999999985,0.059362937371169,0.015749999999999997,0.04459773910562432,9.808346112283681,0.922609,1.0828203769169749,0.23255792835094027,1.9298229813575745,0.30118635278697303,-1.312262611463666e-09,1.4656731205790395e-10,0.2708640731871128,0.033932591055158765,-2.5524295568466187,0.7345300496386459,1.4486883206433525,0.004558773753451677,0.184,0.21202294368424873,0.2180727613147267,0.128,0.33425697857745273,0.093,0.290577761426155,2,0,0,5,1.0,2,1000,0.0,2,0,1.1881261139392525,,1.3214215602053767,4.482252538204193,1.035716402425619,9.082410251150751,1.0005003747742478,9.15137653089358e-10,,-0.40308789553482083,0.20545179560238253,0.0,0.0,0.189,0.002,0.002,1.0,0.10065949126917985,0.1040472428758903,1.0010009999234102,1.8311909841005934e-09,0.05746600187207668,0.29214822205065216,0.060662461228537176
synth_density_varying_d5,0.09938500304971237,0.03610352013023525,3.1699088461299887,5.812626705187956e-06,0.005,1.0000000000000002,0.0,0.8439312369240402,0.14667788509583735,0.0,0.22301189877818972,0.07473115992849844,2.3219280948873626,0.1347788443537702,497.0715,7.7959550194100435,0.7250119143774247,0.02405244042634843,0.29510522598121086,0.11724212813623257,0.2954006273175037,0.1173594879393143,0.8401281281281281,1.001001003334494,0.7058946631332997,1.8909915790990668,0.2659914968932261,0.18957573408610165,0.021468891647279713,0.02619892275661962,0.0008597576735718383,0.002717970941459482,0.0645,0.166140001203804,0.0,0.0,0.2,0.0,,,3.0915743032503613,,,0.8242576541733625,0.35352334808449937,397.579,7.7673090636390985,200.0,1.3456692114472388,0.48376765986129855,4.263947763428518,0.32141808540876055,-0.1703386007746288,1.1272898364400843,0.002640581382678131,0.007763838208551221,0.0032499999999999972,0.008664262487046678,0.0012499999999999955,0.003173238794109962,24.224250557173775,0.84592,0.854600389496684,0.43739514137431446,2.8664769887924195,0.7263889295164514,1.4527176972478626e-10,1.1038992259868782e-09,-0.007478943467140198,0.278361049039706,-2.813936376571655,1.0223686083393526,1.2278891775888332,0.3214225826998006,0.023,0.16373318933073283,0.10040913236767392,0.008,0.08912880535463236,0.001,0.0316227766016838,5,0,0,5,0.0,4,1000,0.0,5,3,1.5815919742485534,,2.9134229365531246,5.680413365364075,1.4420576430780732,14.581599570390779,1.0005003764789369,1.1795480715119489e-09,3.16441139900845,0.09266245686009257,0.7413658848538484,0.0,0.0,0.04,0.005,0.005,1.0,-0.026086019750708754,0.17029880619381632,1.0010010033344943,2.3602765817188115e-09,0.0014955740856289466,0.5054759869030464,0.07553519498344805
synth_ellipsoidal_d10_k3,0.0763218489899788,0.033303812109656626,3.0,0.0,0.016666666666666666,0.9999999999999998,0.0,0.9888736634825165,0.0032439489213362785,0.0,0.13517137111346614,0.04722660447836627,1.584962500721156,0.31654813489549705,201.73916666666668,4.518521443157708,0.501002731815739,0.02464092772185151,0.4473219380658436,0.23146843551505483,0.4480687195243363,0.2318548604047257,0.8115915414579855,1.0016694496749743,1.5916270320114434,1.9977573014748131,0.2549327601819703,0.19346650302658858,0.0031836407344324976,0.0004718720617287181,0.0,0.0,0.0,0.0,0.0,0.0,0.3333333333333333,0.0,,,4.779150869278004,,,0.7977193555950011,0.2943796930949491,102.26,4.509300350322175,60.0,1.7140674993395806,0.26452147335391857,3.7915916044911278,0.2701280560552196,-0.9102313467648988,0.46901994090028765,0.0,0.0,0.0,0.0,0.0,0.0,92.36918937968707,0.6672750000000001,0.955262614021897,0.28718162084281623,2.2050814509391783,0.6507747301117249,-1.0201668677230676e-09,9.968304099005424e-10,0.1964818539097905,0.24318951070021852,-2.3484132885932922,0.38623668622574436,0.7933708962300287,0.2701280560552196,0.006666666666666667,0.1488110859712008,0.0335390420651518,0.0,0.0,0.0,0.0,10,0,0,3,0.48888888888888893,2,600,1.0,10,2,2.781333565745251,,1.9557527678632707,4.5534947395324705,1.0112448378243282,55.86010614310925,1.0008343767452104,1.0296764771197591e-09,,-0.20633856110797547,0.3342111482907145,0.0,0.0,0.008333333333333333,0.016666666666666666,0.01,0.6,0.056994818139517324,0.08990581305465269,1.0016694496749738,2.061071280944555e-09,0.00046887371214670393,0.8292261179464372,0.044790898279318266
synth_ellipsoidal_d10_k5,0.07855859806348767,0.03894285615148133,3.169907546387145,4.1101477597444225e-06,0.01,1.0000000000000002,0.0,0.971083749136219,0.022835451042981295,0.0,0.18379978001563202,0.07391023023356162,2.3219280948873626,0.10967204184266188,372.978,34.52041316272047,0.7051426949170937,0.014788245067907864,0.299588730192168,0.21003686641943511,0.29988861844759124,0.21024711333446558,0.8268928928928929,1.0010009996129197,1.1539268797968043,2.22957047020332,0.22323542611158037,0.22090609522354956,0.0027838045581492776,0.001159971680050826,0.0,0.0,0.0,0.0,0.0,0.0,0.2,0.0,,,4.660519449116314,,,0.823158942543914,0.35595713312944427,273.4815,34.51916649639161,100.0,1.4540124900639058,0.30511709373091533,4.450411687235674,0.39008419494423097,-0.6238528564550803,0.5687769537853908,0.0,0.0,0.0,0.0,0.0,0.0,121.17108212015732,0.806998,1.0074179650438762,0.27461329171270177,2.3104633569717405,0.656572368158816,-5.457986844703556e-11,9.069567194179197e-10,0.19093094943091274,0.17998279900758024,-2.51775244474411,0.5419528059342051,1.0414239540388333,0.39008488222501675,0.008,0.18106210055129848,0.039469618716911625,0.0,0.0,0.0,0.0,10,0,0,5,0.17777777777777778,4,1000,1.0,10,5,2.043820467249348,,3.7735789648188294,4.828215801715851,1.043156462664924,68.76162128929742,1.0005003746190801,7.970394268146376e-10,,-0.33737936029970533,0.47191066907960877,0.0,0.0,0.018,0.01,0.007,0.7,0.09049890793207305,0.1260366056892914,1.0010009996129199,1.5948765202743824e-09,3.431196472159161e-06,0.8439411389705851,0.05281041166399961
synth_ellipsoidal_d10_k8,0.08878788441957307,0.024714611683390456,3.459423167090096,0.0,0.00625,1.0,0.0,0.8645164911550912,0.17149363540234008,0.0,0.23344528684732246,0.04207586645235643,3.0,0.0011938003170341993,683.485625,81.63007071853374,0.8157754737026298,0.019797424784245506,0.32314818461627054,0.22606487312259624,0.32335027834679086,0.22620625187584076,0.8757106003752345,1.000625390344616,1.2433325220615885,2.0961332653973175,0.10531800319564992,0.05987652097357498,0.002969772926856177,0.002053741667078529,6.333651155670474e-07,3.351453169788183e-06,0.00035714285714285714,0.0018898223650461365,0.0,0.0,0.125,0.0,,,5.707300452066248,,,0.8749999999997072,0.33082231201395046,583.985625,81.63007071853374,160.0,1.2677478991448878,0.3606408696826189,5.028216454461852,0.20534779111838142,-0.1450302003184845,0.8288652606716528,0.0,0.0,0.0,0.0,0.0,0.0,138.37007872099178,0.8824062500000001,0.9084141002394631,0.2657125781431897,2.3296010494232178,0.4144976980963368,1.3807948562316621e-11,8.18581042161126e-10,0.09299409482628107,0.14723692798093557,-2.6337568044662474,0.2514883947731809,1.4312067126282435,0.20534779111838142,0.00875,0.18396100650241365,0.04922563211034634,0.0,0.0,0.0,0.0,10,0,0,8,0.24444444444444446,7,1600,0.0,10,7,1.4171373265412308,,5.408181746254843,4.963357853889465,0.4093300401496002,64.48732545660457,1.0003126462984542,1.6309194860641057e-09,,-0.3182338696249075,0.612682356574048,0.0,0.0,0.02625,0.00625,0.00375,0.6,0.061152075707332186,0.10449297161893398,1.000625390344616,3.262858728270002e-09,1.6081138183319505e-07,0.782534643762246,0.09117988621322275
synth_ellipsoidal_d20_k3,0.05780998315400184,0.03726373707573248,3.0,0.0,0.03333333333333333,0.9999999999999998,0.0,0.986341005233554,0.0007477649025874234,0.0,0.10841613760483881,0.0582032876183609,1.584962500721156,0.3314333914379558,196.34875,6.033382068636427,0.5790461978912714,0.014054645884564771,0.35316456189138107,0.22278109854946315,0.353754152446733,0.22315302049349645,0.8088925987757374,1.0016694498347387,1.8691023515635377,2.5233621815468905,0.43594942962147015,0.26651308356177844,0.0034013144758227574,0.0007223819906960176,0.0,0.0,0.0,0.0,0.0,0.0,0.3333333333333333,0.0,,,6.170145429782217,,,0.7959812314564937,0.2977597947478396,100.62958333333333,2.021490815772519,30.0,1.5214238800108433,0.19694356170294094,3.9568471582975278,0.3399643434032361,-0.5119928228823724,0.5108138511114971,0.0,0.0,0.0,0.0,0.0,0.0,71.82514213437057,0.6882694444444444,1.019013902433668,0.17299358497087816,2.7373439013957976,0.47507523700712845,2.3115111010459584e-11,9.797484260055722e-10,-0.1097916871891357,0.15465037172738566,-2.498980587720871,0.4984804494533452,0.6281153424236272,0.3399643434032361,0.006666666666666667,0.2723633685534147,0.03552236304687666,0.0,0.0,0.0,0.0,20,0,0,3,0.2631578947368421,2,600,5.0,20,9,3.776192838124745,,1.945737716362625,5.236324489116669,0.7801270997636358,37.331672334739885,1.0008343768250263,1.3809754003586363e-09,1.7456552636149287,0.18317582070271934,0.26195855365323034,0.0,0.0,0.06666666666666667,0.03333333333333333,0.021666666666666667,0.65,-0.045660613769841804,0.061149009250369785,1.001669449834739,2.7642553027587994e-09,0.0007350108928826846,1.1225120459577904,0.08410878198431385
synth_ellipsoidal_d20_k5,0.06867313506212253,0.02509540847760846,3.169908196258567,4.761576046452026e-06,0.02,1.0000000000000002,0.0,0.9775934192101501,0.012603998423628967,0.0,0.16818090074501618,0.03938214114744852,2.3219280948873626,0.11724367075624054,299.59875,1.0998104475410844,0.7159127398162327,0.011736015563077885,0.3269908358561626,0.19526244098167575,0.32731815381165363,0.1954578987829148,0.8277017017017017,1.001001000367423,1.703759909325954,2.3394629341733446,0.21732863818524625,0.10033885864920672,0.0022629156509762147,0.0009615094686094631,0.0,0.0,0.0,0.0,0.0,0.0,0.2,0.0,,,5.289217050675631,,,0.8250559216702188,0.3518289035530394,200.22375,0.997399490296262,50.0,1.5604570012539625,0.22051094803962512,4.499331532480958,0.20647790337616412,-0.7986812138608487,0.4014884703356433,0.0,0.0,0.0,0.0,0.0,0.0,105.44235644792464,0.800406,1.0952942608166056,0.13907710331426718,2.4410778164863585,0.41928518777758356,-8.951392374001447e-11,9.585899134572765e-10,0.01603876148001291,0.1950695405018799,-2.3978900611400604,0.40291830580241905,0.9925047586649718,0.20647851304955134,0.008,0.22078709949587477,0.0300617242827668,0.0,0.0,0.0,0.0,20,0,0,5,0.23157894736842105,4,1000,0.0,20,5,2.193846849180293,,3.823232155460757,4.838967877626419,0.6706764685743781,41.27106924651608,1.000500374996143,1.1505176198581754e-09,1.9568116968153326,-0.02920153786656407,0.34729142913254835,0.0,0.0,0.014,0.02,0.012,0.6,0.009238557567020805,0.08499863870971562,1.0010010003674232,2.3021866047012004e-09,2.533601771841554e-06,1.2002595619823593,0.05981303626317412
synth_ellipsoidal_d20_k8,0.03120840343407446,0.015041210398764819,3.459423167090096,0.0,0.0125,1.0,0.0,0.9396616691241707,0.04317313396205274,0.0,0.13998443061920626,0.03579340326135519,3.0,0.004313149008985384,492.6303125,42.366469440589235,0.8349614033017494,0.00801620956952401,0.23854120825475716,0.15539966712868206,0.23869038980785837,0.1554968526859775,0.8761429018136335,1.000625391165621,1.272989505532483,3.210104399263651,0.23981889592843159,0.08731423660711055,0.0034957004602541785,0.0017979916442581803,5.815453290243734e-08,2.877065045652345e-07,0.0060714285714285705,0.02922952410432095,0.0,0.0,0.125,0.0,,,6.154229455213815,,,0.8750062192125292,0.3308058987076236,393.1946875,42.32953188683337,80.0,1.3237768257036806,0.24865065618824378,5.524874122302594,0.20278695861275026,-0.15689473039641738,0.6914031159211232,0.0,0.0,0.0,0.0,0.0,0.0,78.74724340195351,0.88784765625,0.9381128388458035,0.16736011908921458,2.5759095191955566,0.3763420477633129,-2.3830057216400747e-10,6.631901356927631e-10,0.07767316906829365,0.15509351016791115,-2.876886713504791,0.46882570814018965,0.9345490447875011,0.2027869586127503,0.00875,0.27608222944727606,0.0461802483337776,0.0,0.0,0.0,0.0,20,0,0,8,0.06315789473684211,7,1600,0.0,20,14,2.701703175863503,,6.191931883925191,5.452796232700348,0.5125755873388522,20.08640224939679,1.0003126467088284,9.822355772152053e-10,2.1213335720667406,-0.2790026627917374,0.6014700614034809,0.0,0.0,0.08,0.0125,0.00875,0.7,0.0509433897462467,0.111194702441172,1.0006253911656209,1.965085331552907e-09,7.287638772429137e-08,1.0978793617958795,0.08812333512631386
synth_ellipsoidal_d3_k3,0.1299554047187049,0.031203034342883424,3.0,0.0,0.005,0.9999999999999998,0.0,0.9125125980786115,0.08335166605340763,0.0,0.17257771390730034,0.047659792803672066,1.584962500721156,0.2687882298030426,298.14,4.194059317168338,0.5324566140657362,0.05296845031890586,0.6433209263925183,0.10511958941682259,0.6443949181746097,0.10529508186825662,0.817746243739566,1.0016694493495515,1.1260144493917794,1.5918921490424491,0.1988938325982771,0.12675710418894734,0.0225320070516052,0.015095640080633146,0.00736226702786464,0.012751820551150669,0.0625,0.10825317547305482,0.0,0.0,0.3333333333333333,0.0,,,1.8087736372681316,,,0.7902862114888779,0.3063292552108703,198.64083333333335,4.190771039884758,200.0,1.7721849232912064,0.0350738779225354,3.5893155897953513,0.24639975158974825,-1.0001051332664812,0.0939184810108924,0.001002810101060218,0.0017369180453795778,0.001666666666666668,0.0028867513459481316,0.0008333333333333156,0.0014433756729740337,19.45189097481055,0.7703694444444444,1.0744927790898828,0.22835637487242,2.3440590699513755,0.41589780318678415,7.86369330146247e-11,9.736251440358787e-10,-0.2049810371051232,0.14646408475953338,-2.270728349685669,0.2391739181426492,0.9956469109258053,0.24639975158974825,0.011666666666666667,0.11661431517237704,0.08003983253106983,0.005,0.0705925315396889,0.0016666666666666668,0.0408248290463863,3,0,0,3,1.0,2,600,0.0,3,0,2.013116363923071,,1.6723059835382341,4.614787419637044,0.25938501854642887,16.767446101679056,1.0008343765826349,1.9823034764311626e-09,,0.2906981643006701,0.12535993074651322,0.0,0.0,0.02,0.005,0.005,1.0,-0.07307715822288528,0.02793708558349163,1.0016694493495513,3.9679150769195224e-09,0.015275763653961974,0.3802440123071766,0.042774358085243554
synth_ellipsoidal_d3_k5,0.1969070025756239,0.053155512425188775,3.1699062466443007,0.0,0.003,1.0000000000000002,0.0,0.9669915732619638,0.027118009496431738,0.0,0.3065100864595853,0.04362691390006941,2.3219280948873626,0.09784900289376042,495.6865,8.421810651198744,0.6734013499066819,0.036664222919937504,0.2650359124571777,0.33195660982319386,0.26530121331158474,0.33228889832318553,0.8256376376376376,1.001000999745649,0.6572564379688263,1.4441666254752625,0.053460855385400026,0.04923925259812608,0.005598061842168668,0.0033508401552353614,0.0,0.0,0.0,0.0,0.0,0.0,0.2,0.0,,,2.4576390200719778,,,0.822271282489595,0.3579384850235916,396.1865,8.421810651198744,333.3333333333333,1.0759121005733807,0.19472467631647714,3.8840364226985535,0.1946800376992715,-0.6226131058073877,0.2340292604179805,0.0,0.0,0.0,0.0,0.0,0.0,81.17809401726865,0.800714,0.9351813358101994,0.22066048336288624,2.526704033215841,0.8322993519995128,3.1858993073304496e-10,6.519077610710612e-10,-0.08143719099462032,0.0645710414722281,-1.9352798064549763,0.06910705292565054,1.60779791883311,0.19468003769927147,0.008,0.04302068100252544,0.02614608585165119,0.0,0.0,0.0,0.0,3,0,0,5,0.3333333333333333,3,1000,0.0,3,2,0.9715825039411174,,2.806688881157041,4.461983839670817,0.7795556920251148,56.83769507029636,1.0005003746854115,6.009360215169484e-10,,0.11800839915478538,0.41879238618150805,0.0,0.0,0.005,0.003,0.003,1.0,-0.014162969256932329,0.10667411202493032,1.0010009997456493,1.2024734048576131e-09,0.0001155399134681717,0.4110398318182624,0.03803206123143952
synth_ellipsoidal_d3_k8,0.09977291267369581,0.023559323831465636,3.459423167090096,0.0,0.001875,1.0,0.0,0.9344444307022332,0.056539853777063304,0.0,0.22987509767691564,0.04086776717805304,3.0,0.053174501027261734,796.091875,10.549282610045891,0.7985131634861921,0.03126739773743235,0.367724767792965,0.2274340201689514,0.3679547408986675,0.22757625657223476,0.8888735146966854,1.0006253940578897,0.7139705730352478,2.074191506123812,0.08364366402379557,0.03282027846924822,0.027555106215867632,0.05336298332245554,0.018055383743256662,0.05877509435265747,0.07267857142857141,0.220419348409887,0.053392857142857145,0.18418013309955947,0.125,0.0,,,2.8374476452941466,,,0.8749999999999923,0.3308223120140582,696.591875,10.549282610045891,533.3333333333334,1.5838155721624692,0.41108428589110985,5.013076486398923,0.22261344301527558,-0.6200070093701306,1.0913366484745362,0.008494264313197608,0.029265375656412858,0.011250000000000001,0.037357754909146404,0.007767857142857144,0.02743122110906461,40.786103906185666,0.94729296875,1.051598722912371,0.26243384438564277,2.4605931440989175,0.5135809272439977,4.249159246683121e-11,1.2048973968076034e-09,0.12081896513700485,0.29268718186142645,-1.8465793530146282,0.27015234156189644,1.446346680691173,0.22261344301527558,0.135,0.2202646750966433,0.17483940569748335,0.0825,0.2752109884799525,0.080625,0.272343471059787,3,0,0,8,0.3333333333333333,3,1600,0.0,3,1,1.391835383088738,,2.6259526923415253,4.307172497113545,0.3665609417055193,28.748856607888733,1.0003126481545106,1.74848974096891e-09,,0.26458315553311734,0.7781052107936991,0.0,0.0,0.179375,0.001875,0.001875,1.0,-0.03466463932515278,0.15558303230760825,1.0006253940578895,3.498072824172442e-09,0.0008152275997804756,0.4242141274942415,0.07671170914659875
synth_elongated_10d,0.1419248504396375,0.05218130316596621,3.1699101458728327,6.278354408827328e-06,0.01,1.0000000000000002,0.0,0.9906079501004401,0.004110051435557474,0.0,0.24682166953605883,0.06041674409677393,2.3219280948873626,0.1095525719961229,326.716,28.04553477865988,0.644943319821333,0.036783070239302426,0.38225928779071955,0.27565578211628844,0.38264192996470325,0.27593171395236743,0.8267787787787788,1.0010010016393587,1.4861399492321248,1.6881249315950095,0.07346017093798403,0.06773426382932733,0.0017351598617887781,0.00043133628505931393,0.0,0.0,0.0,0.0,0.0,0.0,0.2,0.0,,,4.543372913402441,,,0.8237083368039748,0.35494760019616683,227.216,28.04553477865988,100.0,1.4378615841269493,0.369831601338217,4.1163902206343925,0.24852462972754447,-0.9164998761219743,0.4010375262450764,0.0,0.0,0.0,0.0,0.0,0.0,246.80685305554252,0.800355,0.9574733090317435,0.23780935494160765,1.9831480860710144,0.3780422579728213,1.583859557285905e-10,7.3435675881699e-10,-0.06038746358826756,0.31725178062430187,-1.9416153073310851,0.37545674254402656,1.375448020125803,0.24852512076883354,0.007,0.12415378772596104,0.04003202332507967,0.0,0.0,0.283,0.45068183246511523,10,0,0,5,0.35555555555555557,4,1000,0.0,10,4,1.3046382702146044,,3.925267120777193,3.9247633934021,0.39919643476841066,94.2095817432728,1.0005003756317934,8.262708539809768e-10,,-0.013428713775445833,0.5987972839056145,0.0,0.0,0.005,0.01,0.004,0.4,0.0015940572477654,0.17384502455711132,1.0010010016393591,1.6533686398910163e-09,8.912229045894945e-08,0.87884963011853,0.05838534845372238
synth_elongated_2d,0.09472148064225473,1.7304634032576067e-05,3.1699062466443007,0.0,0.002,0.9999990900637318,1.5007488738394414e-06,0.8893998614382613,0.04059949703836708,0.0,0.1284963998022207,0.008415443150725344,1.5849610585062932,0.24923675716916716,498.811,2.618350579994925,0.5354968972637241,0.061552629825823296,0.5885893411882168,,0.5891785191977378,,0.830928928928929,1.0010010001342047,0.8332242525083376,1.827256468670992,0.21450951708362875,0.057068433227792155,0.040309083179719915,0.008332347098101165,0.11232759171682598,0.13193234665186235,0.21440555998277136,0.2614023063280674,0.13193853523688606,0.1851028532105226,0.3333333333333333,0.0005773502691896263,,,1.5470188559051516,,,0.7876937556340882,0.31711295069819995,332.644,2.642180940079638,500.0,1.7094463557004929,0.09570645246923476,3.8874679631966567,0.05951362344106248,-0.9808292770259162,0.08634365860455982,0.0057332200355478076,0.004385093759997409,0.011497254375815058,0.004814280259373362,0.0044977511244377695,0.006535080874873566,8.2241574983697,0.8653109999999999,1.0052656576484442,0.11622488565371764,2.435404658317566,0.1956593263664876,-4.948815330862999e-10,5.316100540690501e-10,-0.07501562312245369,0.39035805756678316,-2.1064966320991516,0.37507921912063674,0.867399341953937,0.05951362344106248,0.048,0.1136844520154423,0.14052397627457777,0.031,0.1734043513556366,0.255,0.4360793106364542,2,0,0,3,1.0,2,1000,0.0,2,0,2.6544946408463357,,1.5837125462125652,4.5419012904167175,0.1794198927541491,5.3662790987801126,1.0005003748795924,2.4464461588864505e-09,,0.08278319133885417,0.5695228443475896,0.0,0.0,0.058,0.002,0.002,1.0,-0.019282522032929898,0.15504329813343132,1.0010010001342047,4.895340562943729e-09,0.04071606426777112,0.3063901229749041,0.03440652853245133
synth_elongated_aspect10_3d,0.1856417481273036,0.01994058359186391,3.169915958164528,0.0,0.00375,1.0,0.0,0.9153309196231537,0.12944633291907942,0.0,0.2599737285156081,0.04074907468604085,2.0,0.20889855519267908,381.283125,20.068955664438583,0.5312793586363973,0.07831993238082313,0.315965438755234,0.513301894506793,0.31636088979725924,0.5139443248403326,0.818811013767209,1.0012515635409835,0.9102363296699993,1.3417818684687999,0.03256153040013492,0.015281147831939242,0.005237118840719983,0.003960558992181769,0.0,0.0,0.0,0.0,0.0,0.0,0.25,0.0,,,3.7698627031186045,,,0.8122104423620291,0.33044076986301935,281.783125,20.068955664438583,266.6666666666667,1.3935775657494862,0.1722399482449183,3.67936071442559,0.1950299336803412,-1.0080858075171226,0.2037352434651648,0.0,0.0,0.0,0.0,0.0,0.0,100.74121718990247,0.753328125,0.8973999098673463,0.1797879382690278,1.660456617673238,0.230866826791329,-2.7653489572306475e-10,9.987554583092044e-10,0.12772383292516074,0.23246523755712015,-1.9499589204788208,0.3312349440624299,1.4905552437389382,0.1950299336803412,0.0075,0.0558489008144535,0.037141532801297,0.0,0.0,0.28125,0.44989047478150046,3,0,0,4,0.3333333333333333,3,800,0.0,3,0,1.1266678786175333,,2.547004783466899,3.610415538152059,0.11533659120132059,51.612143254401495,1.0006255860915128,1.4966644997015268e-09,,-0.3019424140377828,0.5687256826856214,0.0,0.0,0.005,0.00375,0.0025,0.6666666666666666,0.07631752469743432,0.1573589796856288,1.0012515635409835,2.9952016480965973e-09,0.00016133329298479744,0.3940377687808791,0.02854932108004766
synth_elongated_aspect20_3d,0.16662736980171855,0.024488471874308294,3.169915958164528,0.0,0.00375,1.0,0.0,0.7268670669123781,0.4563001287353755,0.0,0.24752839993001322,0.04264183348050163,2.0,0.20264423700082745,382.905,19.119908665687454,0.5188514648506477,0.07970944919436103,0.46244359629369464,0.2835536915929141,0.46302237484265624,0.2839085778022894,0.8171808510638298,1.0012515652855625,0.8968708490715018,1.3829120621617086,0.03572623429722722,0.022384202282877682,0.00638329557047659,0.007087323571035489,0.0,0.0,0.0,0.0,0.0,0.0,0.25,0.0,,,2.7411413879253095,,,0.8095388970819032,0.3356853469044703,283.405,19.119908665687454,266.6666666666667,1.4377694875001907,0.3397796783933246,3.723692402290928,0.18110676911501036,-0.9887498075203881,0.25719737456020036,0.0,0.0,0.0,0.0,0.0,0.0,106.30512162265775,0.7617125,0.9017484758615494,0.43145218066934743,1.8715781370798747,0.18663164134245988,-1.4595570974051954e-10,3.3953061112445293e-10,-0.08866055558125178,0.33157501194000377,-1.7017833789189656,0.5264444349200935,1.4462235558736005,0.18110676911501036,0.0075,0.06356862760037085,0.05093411374812091,0.0,0.0,0.27125,0.4448829492666417,3,0,0,4,0.6666666666666666,3,800,0.0,3,0,1.1918575072923079,,2.001426813853251,3.5733615159988403,0.46672379283906207,64.22319633951415,1.000625586963257,1.5178176132278812e-09,,0.1512960577606711,0.7428763361929833,0.0,0.0,0.00625,0.00375,0.0025,0.6666666666666666,-0.05219463428180057,0.20727205445063931,1.0012515652855625,3.0375343047181303e-09,0.0003419774295816437,0.39462311573122494,0.032891822918801814
synth_elongated_aspect5_3d,0.15520139806534047,0.011795139828430227,3.169915958164528,0.0,0.00375,1.0,0.0,0.9701078287026972,0.027883980518600575,0.0,0.2397002648121438,0.007494469065821849,2.0,0.20370663849678428,391.57875,10.948925044818159,0.4928263171433268,0.03917918161615944,0.13475257029761892,0.1479040464408877,0.1349212216171337,0.14808915762581937,0.8182728410513141,1.0012515636875798,0.31380249415934974,1.4340028315682218,0.05347887594639164,0.04440418054010007,0.004883643593254905,0.002111269620091836,0.0,0.0,0.0,0.0,0.0,0.0,0.25,0.0,,,3.042681361053812,,,0.8104122413262017,0.33402105052390835,292.07875,10.948925044818159,266.6666666666667,1.85696375866731,0.114486393545818,3.775218572656018,0.02258954060912651,-1.541155929756063,0.34526632748460856,0.0,0.0,0.0,0.0,0.0,0.0,87.64497689822862,0.750103125,1.3411452786520124,0.09660603000571591,1.777120590209961,0.26192060904302156,-1.8282056165238223e-10,7.740544437873992e-10,-0.06412636612852414,0.008682851590230915,-1.6853564580281575,0.2877245385708347,1.3946973855085105,0.02258954060912651,0.0075,0.044332870434248106,0.025595389677890802,0.0,0.0,0.28,0.44927977407651326,3,0,0,4,0.0,3,800,0.0,3,0,1.272834229920613,,2.824882630669908,3.4624770482381186,0.5433824136079569,54.88387706592608,1.000625586164765,1.697423071787634e-09,,0.10449053407528786,0.05677209345268344,0.0,0.0,0.005,0.00375,0.00375,1.0,-0.04162486259148055,0.01462757506953354,1.0012515636875798,3.39696982502575e-09,8.093500059363964e-05,0.4590823461560951,0.01761343391544197
synth_grid_d15_k10_highoverlap,0.02306315106293804,0.009089619893772083,3.5849567260822406,4.596760034896314e-16,0.0075,0.9999999999999998,0.0,0.8573310963511396,0.15302217136689591,0.0,0.12691440405717777,0.01508060528596197,3.321928094887362,0.0005616522826852322,745.99625,85.47651236170239,0.8696578643170607,0.005363695045410184,0.1901151667481073,0.13978936080354146,0.19021027203933222,0.139859290586219,0.9005072536268134,1.0005002508660332,0.9128604257149397,3.415636033439585,0.24772198764355918,0.05466252746599103,0.009514591758066914,0.00265912420966809,5.553289928221755e-06,2.954582846817754e-05,0.037333333333333336,0.08802020687422757,0.0,0.0,0.1,0.0,,,4.390070362771142,,,0.8999999999993405,0.3000750281365039,646.49625,85.47651236170239,133.33333333333334,1.485674657424291,0.14960257326711568,5.934319810422464,0.13423453360804846,-0.538089242120668,0.35985831754332187,0.0,0.0,0.0,0.0,0.0,0.0,48.707786040388584,0.91811875,1.076797542598734,0.10621197618361392,2.8174991766611734,0.3808406379192282,-6.75475651708742e-11,5.108310075144736e-10,-0.029445007090301564,0.10258577682076643,-2.732249641418457,0.30277060135316264,0.9725650105471402,0.13423453360804843,0.009,0.3160950275386756,0.04367090814962539,0.0005,0.0223606797749979,0.3325,0.471226885256661,15,0,0,10,0.0380952380952381,9,2000,0.0,15,8,2.686084413077369,,6.802475758374541,5.549748818079631,0.4696234936676102,12.039210221560474,1.0002500941594723,9.164263848461828e-10,,0.08656983058465925,0.2555128163115509,0.0,0.0,0.0975,0.0075,0.006,0.8,-0.016324650956517466,0.05384972737884305,1.0005002508660332,1.8333111131385043e-09,3.0247766049300116e-07,0.9437738630959989,0.06276940431619853
synth_grid_d15_k10_lowoverlap,0.19100632275238966,0.04340838379891232,3.5849567260822406,4.596760034896314e-16,0.0075,0.9999999999999998,0.0,0.9907588192176627,0.011222124756902931,0.0,0.3948888813003773,0.052247779700347594,3.321928094887362,0.0,551.02425,23.467788079646013,0.7824173445933346,0.01864207308327341,0.28086956786692774,0.1874004111789735,0.28101007300584463,0.18749415833762162,0.9004502251125562,1.000500250453078,1.3064412729376707,1.5044626103116714,0.012338256825547135,0.010765528487765096,0.0003039000943907428,0.00016452442543547015,0.0,0.0,0.0,0.0,0.0,0.0,0.1,0.0,,,4.213850755617087,,,0.8408327178862905,0.3037094656430182,451.52425,23.467788079646013,133.33333333333334,1.6169429997603098,0.3399020337171582,4.698835201046395,0.19374955685959167,-1.0207489204246434,0.558273517546134,0.0,0.0,0.0,0.0,0.0,0.0,1505.457427318795,0.9,1.1443702763656154,0.23426905587247465,1.7733974615732828,0.32259878816833215,2.340117741065719e-11,7.590209868438688e-10,0.017693939432501794,0.25057295861327084,-1.8423961321512858,0.24890043536645018,2.2080496199232074,0.19374955685959167,0.009,0.07744607366571242,0.021479832249152807,0.0,0.0,0.325,0.46849198752079596,15,0,0,10,0.1523809523809524,9,2000,0.0,15,2,0.6235852191613883,,8.835434829390675,3.6157935937245687,0.3984773774131075,327.4002986687832,1.0002500939530465,7.002685699594294e-10,,-0.051498772107610606,0.42439023650975866,1.6683345841674394e-08,6.46143206038237e-08,0.005,0.0075,0.0035,0.4666666666666667,0.021162446481579538,0.0978986073252663,1.0005002504530782,1.4008874467624468e-09,6.459945923697986e-19,1.2405837627614809,0.06260568504294992
synth_grid_d15_k10_medoverlap,0.0669438853735513,0.016287771857894116,3.5849567260822406,4.596760034896314e-16,0.0075,0.9999999999999998,0.0,0.929425017547274,0.09832666268388643,0.0,0.2234634703902649,0.025093119308118715,3.321928094887362,0.0,590.552,33.76356214640877,0.8387018596045799,0.009875880093462002,0.27351667074078273,0.18957335101686668,0.2736534975872712,0.1896681852112282,0.9004502251125562,1.0005002503415004,1.2875421206946844,2.1812015419823205,0.0870424482038984,0.03018079771893877,0.002727589982850829,0.001006580057174612,0.0,0.0,0.0,0.0,0.0,0.0,0.1,0.0,,,5.205180032070351,,,0.8690217792033571,0.29289512170346993,491.052,33.76356214640877,133.33333333333334,1.6526118154327074,0.19888796369451772,5.383904009270594,0.13334267435201674,-0.925724767941824,0.48263348001005185,0.0,0.0,0.0,0.0,0.0,0.0,178.9470552273966,0.900015,1.1356568873171693,0.1443924248735024,2.3588932593663534,0.3153285330800089,-1.9740400603041056e-10,5.811769760517257e-10,-0.049726648007829985,0.17112688850722513,-2.109114933013916,0.2642545719980417,1.522980811699008,0.13334267435201674,0.0085,0.2038491850581494,0.034326113779359645,0.0,0.0,0.329,0.4699674826169984,15,0,0,10,0.14285714285714288,9,2000,0.0,15,1,1.3539080062886228,,7.85182282994116,4.468008192380269,0.409017947469411,48.958573554472736,1.0002500938972714,8.364311316147508e-10,,0.1709437046207902,0.31828764746469546,0.0,0.0,0.005,0.0075,0.004,0.5333333333333333,-0.03617105214581453,0.06986991176275484,1.0005002503415004,1.6732806063743258e-09,5.736472793527815e-11,1.1101933856418988,0.062184629416709845
synth_grid_d15_k3_highoverlap,0.07135418090657489,0.034744961015289406,3.0,0.0,0.025,0.9999999999999998,0.0,0.9773473711878854,0.00723231680377572,0.0,0.12463740466532043,0.0525684439587087,1.584962500721156,0.3558987612463569,204.27333333333334,7.651224937483027,0.5641147177747297,0.020229747123533467,0.4110905514248728,0.22339915442631408,0.4117768459536766,0.22377210751398333,0.8097662771285475,1.0016694490809293,1.8131074105446536,2.191989661971024,0.35417727692968337,0.22399020442410666,0.00769593020039271,0.0018578353369432849,3.834209435107442e-09,6.641045548466053e-09,0.0016666666666666668,0.002886751345948129,0.0,0.0,0.3333333333333333,0.0,,,4.438279432090715,,,0.7976271499679464,0.29456852229196906,104.92166666666667,7.5886634084072435,40.0,1.578525764743487,0.16085010035121763,3.8618922562675544,0.3048468078044208,-0.7250539057589638,0.3443030704438773,0.0,0.0,0.0,0.0,0.0,0.0,45.021478665952806,0.6875916666666666,1.0654697952828465,0.09594098247254193,2.531639544169108,0.2647496922550245,-2.1296566248767907e-10,1.1202736646446542e-09,-0.07130449916779374,0.18483507010224395,-2.3559577067693076,0.46674762380943835,0.7230702444536017,0.3048468078044208,0.006666666666666667,0.28223557213684797,0.04270514905337093,0.0,0.0,0.25,0.43337399749274075,15,0,0,3,0.40952380952380957,2,600,4.0,15,3,3.148974491775682,,1.9104680743420905,4.887597250938415,0.5790428342798758,27.760744675350498,1.0008343764484355,2.005631835205773e-09,,0.12703473478958724,0.26652343686780755,0.0,0.0,0.03833333333333333,0.025,0.018333333333333333,0.7333333333333333,-0.03104750845340378,0.07004024599946243,1.0016694490809288,4.014610589217056e-09,0.0019040644445479206,0.9976708937283351,0.06142795506157201
synth_grid_d15_k3_lowoverlap,0.1633160436287871,0.0424766847638459,3.0,0.0,0.025,0.9999999999999998,0.0,0.9992021639041464,2.1255347143197823e-05,0.0,0.21689516662748423,0.04037224795036499,1.584962500721156,0.34374631873655104,149.78291666666667,0.8845972795386428,0.2713958371532924,0.016282209466265275,0.5929704238382801,0.28627868217312236,0.593960357916109,0.28675660996532404,0.8087479131886477,1.001669449328531,2.552161211902519,1.2719931127432722,0.03552609338118898,0.05938856108179152,0.0002613659768204443,1.3692734381693707e-05,0.0,0.0,0.0,0.0,0.0,0.0,0.3333333333333333,0.0,,,6.443865675792599,,,0.7853931816179541,0.312001740660426,50.282916666666665,0.8845972795386428,40.0,2.125171012679736,0.17380619585083779,3.3389160521653847,0.20313090183943722,-1.401001978031916,0.16409782604635392,0.0,0.0,0.0,0.0,0.0,0.0,1252.335428550761,0.6666666666666667,1.0110282253426217,0.4559053960000269,1.5773927529652914,0.43857234375138304,-1.6546336054388016e-10,1.1203255818748391e-09,0.08864067133205632,0.36677167873509586,-1.584450117746989,0.24710480555040543,1.2460464485557723,0.2031309018394372,0.006666666666666667,0.05808187507715992,0.00980255045708683,0.0,0.0,0.24333333333333335,0.4294526806262252,15,0,0,3,0.6285714285714287,2,600,0.0,15,0,1.4076149035031114,,1.9968099291532468,3.16184287071228,0.5663608326720985,637.9777150699521,1.0008343765721333,1.3908147171176757e-09,,-0.09969343797534064,0.4679978276774549,0.0,0.0,0.005,0.025,0.0033333333333333335,0.13333333333333333,0.02683543207486326,0.12706206740273102,1.0016694493285307,2.7839503524137066e-09,2.5432358635033623e-06,0.7831032726134122,0.03353943648428377
synth_grid_d15_k3_medoverlap,0.12700398711650487,0.031920760674313764,3.0,0.0,0.025,0.9999999999999998,0.0,0.9922842734632437,0.005665937105476039,0.0,0.17287231703140013,0.04435427137984175,1.584962500721156,0.3484562701839823,189.83208333333334,9.174944323097668,0.44243729919748376,0.04918176567507297,0.6052026663676284,0.2742143357828266,0.6062130212776226,0.2746721227988485,0.8090929326655537,1.0016694485761954,2.5755207644541365,1.5773569204693576,0.12248301279521585,0.13907257692192554,0.00224309916603228,0.0012945961822186883,0.0,0.0,0.0,0.0,0.0,0.0,0.3333333333333333,0.0,,,6.711257511880865,,,0.7952600252008278,0.2978721398664276,90.33208333333333,9.174944323097668,40.0,1.891809164484342,0.1666406456875011,3.5801407763840065,0.23934767718016917,-1.2083119491677592,0.2379613564259321,0.0,0.0,0.0,0.0,0.0,0.0,175.9524108364785,0.6666666666666667,0.8772090322424473,0.2382959945808639,1.8701327403386434,0.27441456817218113,4.103640094399438e-12,1.0960666499634218e-09,0.06822921509544054,0.3754114151681127,-1.9919487396876017,0.3942917937429618,1.0048217243371496,0.23934767718016917,0.006666666666666667,0.16512965119169207,0.041513916695718564,0.0,0.0,0.26666666666666666,0.44258561386269585,15,0,0,3,0.6380952380952382,2,600,0.0,15,0,1.9856042393778945,,1.9692882615682379,3.8620814800262453,0.5483337535864788,134.04664236767636,1.000834376196279,1.250155370974654e-09,,-0.08880838119421333,0.47912163924914003,0.0,0.0,0.005,0.025,0.008333333333333333,0.3333333333333333,0.023341432827707013,0.13070276171495063,1.0016694485761952,2.502396893156574e-09,0.00017258399752720005,0.9620103378580483,0.04725925736349051
synth_grid_d15_k6_highoverlap,0.03466035575778423,0.018159546838811824,3.321928094887362,0.0,0.0125,1.0,0.0,0.9136463915432882,0.05703188244545224,0.0,0.12736839241320402,0.039477690710472337,2.584962500721156,0.06181255567126098,438.12958333333336,47.38453636717362,0.7864198278123999,0.011535109475267447,0.2666814615450608,0.1909994463889905,0.26690388138045634,0.1911587453676384,0.8456602724492632,1.0008340280087835,1.269436874920198,3.146555524946253,0.3139155452847984,0.14702909511331413,0.011680239365873452,0.004693101263535501,4.481340706892729e-05,0.00011979246865384569,0.0475,0.0852674364237938,0.0,0.0,0.16666666666666666,0.0,,,4.80155555103356,,,0.840475722712211,0.35740371804766785,338.6308333333333,47.38398068609551,80.0,1.4497706438104312,0.16058349081507955,5.085369258950933,0.25347334098319046,-0.4745105914168871,0.3838935269297823,0.0,0.0,0.0,0.0,0.0,0.0,40.72431517462883,0.8861076388888889,1.0341646234197355,0.11933414619100569,2.6693641185760497,0.4806877943008088,1.2685915054236023e-10,7.730018317091206e-10,0.035081305215862814,0.12772134141421657,-2.710898431142171,0.3451098695822986,0.8215213366575855,0.2534733409831904,0.008333333333333333,0.33664382362554307,0.04629281856917633,0.0,0.0,0.30416666666666664,0.4602453987582284,15,0,0,6,0.14285714285714288,5,1200,1.0,15,8,3.043629722878348,,4.186759186361446,5.380262549718221,0.4818989926963151,17.40409271269804,1.0004169270902925,8.792245976416e-10,,-0.07287693552933498,0.389058326641043,0.0,0.0,0.2025,0.0125,0.01,0.8,0.01884083280580011,0.08253029086906023,1.0008340280087837,1.7591823153078561e-09,4.3822311767138766e-05,0.952063714653333,0.07121022161364203
synth_grid_d15_k6_lowoverlap,0.21388323357140068,0.03523486607455486,3.321928094887362,0.0,0.0125,1.0,0.0,0.9984890834691337,0.00042483883321044885,0.0,0.33806767680294597,0.04498013998907531,2.584962500721156,0.034863742740391945,320.416875,22.366789933649137,0.6080815672076698,0.03092664860558355,0.3627422326739375,0.2167199042585139,0.36304476985765827,0.21690065477027487,0.8401139838754518,1.0008340280278079,1.6358453907401913,1.388704026056209,0.010017494873027518,0.0056846238518584585,0.00021836410894720163,5.105846135973571e-05,0.0,0.0,0.0,0.0,0.0,0.0,0.16666666666666666,0.0,,,6.361284833472314,,,0.8388159362126444,0.3607654206219285,220.916875,22.366789933649137,80.0,1.6875476462145647,0.4975985494257259,4.045469837679119,0.15767630681195194,-1.0690584394329834,0.6139482952407288,0.0,0.0,0.0,0.0,0.0,0.0,1757.2825466131226,0.8333333333333334,1.0735247752407193,0.3504315830581608,1.5539566119511923,0.2660308791810783,3.1700761206189375e-10,6.617628639967476e-10,0.10691851160178582,0.21877581324532305,-1.7702653884887696,0.2936301484930937,1.8614207579293989,0.15767630681195194,0.008333333333333333,0.05251106884775376,0.008478441715335206,0.0,0.0,0.31916666666666665,0.4663480881684169,15,0,0,6,0.3047619047619048,5,1200,0.0,15,2,0.7846196679264487,,4.98490297098729,3.3242220004399616,0.3583373633819627,452.369132098147,1.0004169270998005,1.1093334754522205e-09,,-0.2666397030382004,0.4470002230752668,0.0,0.0,0.005,0.0125,0.004166666666666667,0.3333333333333333,0.06103757619296562,0.11146767995434975,1.0008340280278079,2.2195919729173474e-09,2.1438625901225706e-13,1.144215599535987,0.012012737525913123
synth_grid_d15_k6_medoverlap,0.08801141789141288,0.029551217351916893,3.321928094887362,0.0,0.0125,1.0,0.0,0.984930056178085,0.008333993756501786,0.0,0.21231094536594877,0.04793443881028991,2.584962500721156,0.033891607327120044,350.9760416666667,4.263647439634889,0.721976643171483,0.017218836311090294,0.32536071834483465,0.21152642540434757,0.3256320786346432,0.2117028445006408,0.8399652488184598,1.0008340291540707,1.5021360092128018,1.9802726555218346,0.08999638155483106,0.06569819090568786,0.0021116425388052243,0.0005601294131206972,0.0,0.0,0.0,0.0,0.0,0.0,0.16666666666666666,0.0,,,4.6546275124754555,,,0.8387080296096999,0.3610271027813554,251.47604166666667,4.263647439634889,80.0,1.4808873410026233,0.4090924664935541,4.601533733000133,0.25329216874909843,-0.735465750845026,0.6426133242842317,0.0,0.0,0.0,0.0,0.0,0.0,202.08056945820726,0.8333333333333334,0.9604985704060272,0.2554713455981709,2.017028816541036,0.37036980590590574,-5.977684243892629e-11,6.2936558432675e-10,0.08833050678173701,0.2343323324389694,-2.2802015701929728,0.46078024458700206,1.3053568626083845,0.25329216874909843,0.008333333333333333,0.16772937405559224,0.02600844250997441,0.0,0.0,0.31666666666666665,0.46537013586859455,15,0,0,6,0.24761904761904763,5,1200,0.0,15,6,1.5448428625482795,,4.850713899622564,4.297230386734009,0.6562303943090861,61.66464579649242,1.0004169276626973,1.2841317368766494e-09,,-0.2499161582839312,0.539355298592289,0.0,0.0,0.005,0.0125,0.005,0.4,0.059439168194090876,0.12950905414974595,1.0008340291540705,2.569334246944864e-09,1.3578011560096766e-08,1.1039904284312818,0.05304538522620511
synth_grid_d2_k10_highoverlap,0.012456711745915268,6.928632529696211e-06,3.584956726082241,0.0,0.001,0.9999999999999998,0.0,0.8250573729115034,0.10822529993026858,0.0,0.11174277155539232,0.04767184140431375,3.321928094887362,0.1871818692871008,999.4755,0.34199156292890803,0.8759611862188639,0.014939392158283445,0.17755972725336164,,0.17764855142255662,,0.945559779889945,1.0005002495248725,0.2512329907577137,3.883340186487637,0.30348275483464443,0.15753028059408528,0.1666316559379804,0.1708182778019348,0.24125603469266932,0.20065550530638318,0.479,0.3585024090194196,0.4380000000000001,0.3617129386682207,0.1,0.0,,,0.8765567859711574,,,0.9119879689236547,0.268873027481731,899.9755,0.34199156292890803,1000.0,1.413113258779049,0.00479358235209866,6.051454203161189,0.3070204324915945,-0.44689446580431635,0.0511847453547374,0.06295587513022669,0.05791854263882756,0.10472222222222222,0.11106051562690104,0.07877777777777778,0.09864799424051544,5.617691878648598,0.99834875,0.9965012605581433,0.06900188564554162,2.8002530336380005,0.09228827983472848,-7.713206287007779e-10,1.1369668032742277e-10,-0.07457046397030354,0.16590111987270775,-2.836211919784546,0.21617084883758741,0.8554306178084143,0.3070204324915945,0.7385,0.5452417457786318,0.22850125297383375,0.585,0.4928452578894435,0.697,0.4596701516567745,2,0,0,10,0.0,2,2000,0.0,2,2,3.1908211507167987,,1.37315205273626,5.636464953422546,0.12388256900285892,4.343424547052305,1.0002500934890595,2.0191976233252896e-09,,0.16550866967907454,0.4684902464974901,0.0,0.0,0.724,0.001,0.001,1.0,-0.04309337175792583,0.11511640103832227,1.0005002495248725,4.039405287129253e-09,0.08228843555890121,0.279725939567176,0.05947529618732266
synth_grid_d2_k10_lowoverlap,0.1841472969413321,5.036475854913893e-05,3.584956726082241,0.0,0.001,0.9999999999999998,0.0,0.9962962467745484,0.0007224558948978884,0.0,0.38704179238871717,0.05289800201134009,3.321928094887362,0.008680172304135758,980.34775,30.349319152561097,0.767782652875979,0.028961305173464808,0.1278048374449487,,0.12786877192081214,,0.901719859929965,1.0005002508288547,0.18083375145440453,1.490252496489818,0.007280973380533131,0.000891380289854875,0.0088453287626214,0.0219861303322734,0.0124470933928463,0.04828644134334262,0.026,0.10295961255842905,0.02116666666666667,0.08236662773014546,0.1,0.0,,,2.2716109084678324,,,0.6665322644841473,0.3455800244696942,880.84775,30.349319152561097,1000.0,1.919372946023941,0.22734404159809818,4.67778062371986,0.14613873565252247,-1.4077245577632271,0.09414458850649662,0.0026960544063471532,0.011274232216196868,0.003277777777777777,0.013845969037444021,0.002055555555555556,0.009065558087307343,273.73342207424844,0.92814625,1.1277094351669774,0.5519414423792223,1.6398435235023499,0.17007593643928387,4.456378519535065e-10,1.3137962934255253e-10,-0.2918255617842078,0.2917325209551289,-1.4750970602035522,0.36913642918690365,2.2291041972497436,0.14613873565252247,0.069,0.09962164210253542,0.15259137595821184,0.0395,0.19483000119253285,0.3355,0.472283046104578,2,0,0,10,0.0,2,2000,0.0,2,0,0.6082499555226448,,1.9852129446166238,3.114940583705902,0.19906049274761975,155.84786196494764,1.0002500941408876,6.455224751488878e-10,,0.25232392094710787,0.49695216961850086,1.2512509381255796e-07,1.769536046629253e-07,0.069,0.001,0.001,1.0,-0.0586258734537599,0.16622873351595252,1.0005002508288547,1.2913679183165364e-09,5.362808495298957e-05,0.3408096896110954,0.03271096897292618
synth_grid_d2_k10_medoverlap,0.04326028021337899,8.570356703391013e-06,3.584956726082241,0.0,0.001,0.9999999999999998,0.0,0.9515446895191683,0.03390795011860882,0.0,0.19732184068082848,0.03996180815453846,3.321928094887362,0.08130312889634228,999.3855,1.0631109313830862,0.8385515739529207,0.019081076302892,0.16031531192425783,,0.16039550998832985,,0.9161860930465232,1.000500252053964,0.22683350556924523,2.3235709438051324,0.09175319178662437,0.06065995343010032,0.06452492564440288,0.13585147960759966,0.07791928880681516,0.158413261761981,0.1453888888888889,0.29084123458920635,0.1285,0.2749407994129249,0.1,0.0,,,1.9923818072969914,,,0.9018520254972527,0.2949457202461919,899.8855,1.0631109313830862,1000.0,1.8010116070508957,0.23618583928638034,5.477219803103914,0.23351722697334132,-1.213363058198599,0.3970438311430132,0.017786187623097763,0.042984077615881924,0.031722222222222214,0.08071030938116916,0.02233333333333333,0.07181771432529088,25.841396080855606,0.9893555,1.2603266780219973,0.22421523749494598,2.1342114210128784,0.5125574342224428,2.600845618871972e-10,2.0240211106479815e-10,-0.03191869705915451,0.28438025479640555,-2.1015015840530396,0.13409896508189964,1.4296650178656898,0.23351722697334132,0.4235,0.35480068096381995,0.2434985832336437,0.2885,0.4531781495368117,0.536,0.49882703836811365,2,0,0,10,0.0,2,2000,0.0,2,0,1.5075501472604618,,1.8120243413855066,4.235713005065918,0.6466563993043424,19.678961482828054,1.0002500947532893,1.494706353391024e-09,,0.12161478703138799,0.3657785544161423,1.2512509381255796e-07,1.769536046629253e-07,0.418,0.001,0.001,1.0,-0.032086168317646296,0.09380345845550167,1.000500252053964,2.9901603848108733e-09,0.006751660659134465,0.3430875122451543,0.04097262722591092
synth_grid_d2_k3_highoverlap,0.026387198095898637,2.2215299868541707e-17,3.0,0.0,0.0033333333333333335,0.9999999999999998,0.0,0.7456495635987084,0.18426969518798433,0.0,0.10136185309985887,0.031206973926600115,1.584962500721156,0.2928176515600691,299.49333333333334,0.07750634992924438,0.5844542042260426,0.04591613261094539,0.3315596749917765,,0.33211319799990513,,0.8585976627712855,1.0016694521375145,0.46967898885456705,2.540631585965813,0.37893823445323466,0.17252263560135955,0.09973963405456315,0.06915463030474761,0.22915814877733043,0.16128743953865343,0.39666666666666667,0.2836077102854105,0.35333333333333333,0.3089734346725189,0.3333333333333333,0.0,,,2.4070359826910837,,,0.8027142128659629,0.300132035171425,199.99333333333334,0.07750634992924438,300.0,1.598955161869526,0.1482088343428161,3.9611166391344836,0.21411520076375323,-0.7663538529308838,0.23857785561043982,0.04400642752459505,0.04822318001340166,0.06999999999999999,0.07378177281686857,0.04083333333333331,0.04303583777891784,3.9065142912556516,0.9530166666666666,1.0727326717548071,0.02846147093169128,2.3509788513183594,0.7154926553410631,3.170377264420191e-10,6.2726364385354e-10,0.07978912815451622,0.2436995950464403,-2.730742335319519,0.4139543763690241,0.6238458615866722,0.21411520076375323,0.23,0.2647651564922175,0.2182988973948153,0.16166666666666665,0.368451919410232,0.325,0.46876565082386373,2,0,0,3,0.0,2,600,0.0,2,0,3.8088801813478144,,1.145941863954561,5.081721186637878,0.301538278972039,3.297096973014788,1.0008343779754543,5.444706964710165e-10,,-0.06760948595052274,0.42260673591562514,0.0,0.0,0.23666666666666666,0.0033333333333333335,0.0033333333333333335,1.0,0.01918153128547905,0.10030788875209902,1.0016694521375145,1.0898498484386274e-09,0.14459596539194638,0.3025649390942556,0.04877088401484172
synth_grid_d2_k3_lowoverlap,0.12609508902310257,2.7755575615628914e-17,3.0,0.0,0.0033333333333333335,0.9999999999999998,0.0,0.9960827000366896,0.0034321326142814465,0.0,0.18792374302258466,0.07095310256596007,1.584962500721156,0.27851790705066803,266.165,23.589315937035888,0.18665302008592782,0.05886644519675576,0.5806418643079945,,0.5816112144016358,,0.8138953811908737,1.0016694457517223,0.8225224674350792,1.4320098904734733,0.005036655112745738,0.0010078536740831339,0.000966522518621898,0.000406293383464876,0.0,0.0,0.0,0.0,0.0,0.0,0.3333333333333333,0.0,,,3.0695420123111536,,,0.787829595460323,0.3101829444473881,166.665,23.589315937035888,300.0,2.1252509355545044,0.04484962053877639,3.478152756413377,0.35153796403166265,-1.4888308936843917,0.004815855961081604,0.0,0.0,0.0,0.0,0.0,0.0,412.7901915236071,0.6666666666666667,0.2914887114018202,0.18135087573398273,1.3505420684814453,0.44059860247324706,-6.953875223795572e-10,6.322027276634104e-10,-0.04805123805999756,0.8523327671564143,-1.225135862827301,0.43555050583970323,1.1068097443077793,0.35153796403166265,0.006666666666666667,0.007104012733356546,0.0064117975892492435,0.0,0.0,0.2833333333333333,0.4509928452496035,2,0,0,3,1.0,2,600,0.0,2,0,1.710492941924955,,1.9843732701590455,2.5756779313087463,0.005048096633543822,334.7270564320337,1.00083437478522,1.8191322029901712e-09,,0.021787736242613653,0.9590597328382592,0.0,0.0,0.005,0.0033333333333333335,0.0033333333333333335,1.0,-0.018630014111598328,0.28938159910164196,1.0016694457517223,3.641300022739948e-09,3.7673817173820774e-05,0.18625929545956793,0.04152881279804503
synth_grid_d2_k3_medoverlap,0.1360506400275508,2.7755575615628914e-17,3.0,0.0,0.0033333333333333335,0.9999999999999998,0.0,0.9067287784962292,0.10284626113352802,0.0,0.1946094561621769,0.061498076369812756,1.584962500721156,0.2775183312540832,297.71166666666664,4.635435181414007,0.440538422093853,0.08661344303993573,0.7190422714688001,,0.7202426759153265,,0.8161547022815804,1.0016694490632303,1.0185769604793447,1.3959164915924427,0.08146021066667081,0.0360137209972912,0.018548391571754436,0.013997715121302639,0.0,0.0,0.0,0.0,0.0,0.0,0.3333333333333333,0.0,,,1.2337482984172161,,,0.7842875064690227,0.3146764406102323,198.21166666666667,4.635435181414007,300.0,1.9515086263418198,0.13941648544454935,3.449534622142938,0.31106581041659415,-1.2679442582481353,0.10673028017490217,0.0,0.0,0.0,0.0,0.0008333333333333156,0.0014433756729740337,25.870718262452648,0.7260638888888888,1.1268663813097404,0.5607433105383519,1.984669268131256,0.2523951379020336,6.204451589534681e-10,1.4275324178250397e-10,-0.20227897632867098,0.3120321422428061,-1.7167545557022095,0.04404244516952,1.135427878578218,0.31106581041659415,0.006666666666666667,0.0514302136858916,0.05510983781118906,0.0016666666666666668,0.0408248290463863,0.25,0.43337399749274075,2,0,0,3,1.0,2,600,0.0,2,0,1.6421757441402602,,1.6548915089356737,3.7014238238334656,0.2964375830715536,23.585943135009778,1.0008343764395935,3.178522649977465e-09,,0.28786361930666476,0.3771483543175032,0.0,0.0,0.013333333333333334,0.0033333333333333335,0.0033333333333333335,1.0,-0.08072133076760414,0.10378161536977193,1.00166944906323,6.362349386298848e-09,0.012382475679834037,0.29442424681740154,0.03178698375257302
synth_grid_d2_k6_highoverlap,0.04790108620018349,3.469446951953614e-17,3.321928094887362,0.0,0.0016666666666666668,1.0,0.0,0.840312377656931,0.12945882331415848,0.0,0.15194893649784189,0.011490479832058838,2.584962500721156,0.187750033283673,599.4808333333333,0.17610408692043641,0.7800373523705234,0.02728136376351808,0.5012582224388223,,0.5016762867688901,,0.9015471226021685,1.0008340298699416,0.7094774086695382,2.580917654259721,0.20955922613131425,0.032820302601639574,0.10980178047599863,0.11659219250894885,0.16627963535538137,0.17424465472681494,0.3693333333333333,0.36434072880569723,0.31833333333333336,0.3688527903546088,0.16666666666666666,0.0,,,2.233971790566771,,,0.8605422449481827,0.3206084335291396,499.98083333333335,0.17610408692043641,600.0,1.5347492843866348,0.168162364149768,4.905323383088289,0.009107990584132173,-0.6824287638159132,0.3090111257115931,0.04236048209314636,0.05292494718252397,0.06566666666666666,0.09042788497445012,0.04699999999999998,0.07453546615058977,7.8720948551373695,0.9882861111111111,1.0470418176412581,0.019194106479883535,2.591593861579895,0.5750666053607081,-7.545531843788922e-10,1.077080412079549e-09,0.1001928299665451,0.2290212754345892,-2.6353724002838135,0.12929675316256836,1.0015672125202286,0.009107990584132173,0.49916666666666665,0.40710039982999774,0.24771828642366478,0.3616666666666667,0.4806833010609181,0.5341666666666667,0.49903924932399896,2,0,0,6,1.0,2,1200,0.0,2,1,2.3167300739891874,,1.429009371020776,5.2269662618637085,0.7043633585232764,6.595962391280606,1.0004169280204835,1.9371062811791198e-10,,-0.06858683099712534,0.4911211969972449,0.0,0.0,0.4925,0.0016666666666666668,0.0016666666666666668,1.0,0.0250673957424725,0.11245057634837886,1.0008340298699416,3.8758297575894115e-10,0.057838851566755806,0.2882033313194822,0.0545585982414326
synth_grid_d2_k6_lowoverlap,0.12263868239195458,3.1031676915590914e-17,3.321928094887362,0.0,0.0016666666666666668,1.0,0.0,0.982363958986297,0.01691141339213921,0.0,0.26852295617072086,0.04020685848927263,2.584962500721156,0.06232180650558106,599.3833333333333,0.7437768878756612,0.7004294440536264,0.07919062070504958,0.011575929596023977,,0.01158558426380609,,0.8554684459271615,1.0008340295871727,0.01638449039389101,1.5967650973677552,0.03480974103485885,0.0332352454343315,0.025790326593948046,0.06383270235494302,0.01904692914366372,0.06604699806100568,0.05583333333333333,0.2033945555763361,0.051333333333333335,0.19881314510531412,0.16666666666666666,0.0,,,0.9469463882581756,,,0.8369556705722662,0.3649977105319597,499.8833333333333,0.7437768878756612,600.0,1.3048754092305899,0.4448703462546861,4.288015969038566,0.1671792438826566,-0.5750337939702387,0.9270414439933428,0.008154228698782403,0.03158119195155082,0.013666666666666664,0.05293077239816803,0.008,0.03098386676965933,103.4609150045552,0.8985319444444444,0.9668840264707803,0.31751774254090653,2.2811203002929688,0.1507791704359651,7.366422020519773e-10,1.2082576761826693e-09,-0.09227478876709938,0.25931275810004334,-1.650420606136322,0.6487280854960469,1.618874626569951,0.1671792438826566,0.145,0.1542604102874072,0.20956099412714502,0.09916666666666667,0.2990102754805003,0.37416666666666665,0.48410874117628955,2,0,0,6,0.0,2,1200,0.0,2,1,1.0519983699576645,,1.930363891733382,3.9315409064292908,0.4979489150600818,87.31196692146368,1.0004169278791581,2.3458311799305854e-10,,0.4547973971884613,0.9781810158282892,3.4780165011013825e-07,4.918658106014993e-07,0.14416666666666667,0.0016666666666666668,0.0016666666666666668,1.0,-0.09516444331816779,0.24700599519878727,1.0008340295871727,4.693615554879773e-10,0.0006603025231064062,0.31293915269651146,0.05465966348701193
synth_grid_d2_k6_medoverlap,0.11569424334873821,3.1031676915590914e-17,3.321928094887362,0.0,0.0016666666666666668,1.0,0.0,0.9419965036013932,0.03726165591067462,0.0,0.24092574682719303,0.05798272899869704,2.584962500721156,0.12326197118449755,599.1379166666667,1.836504274343049,0.747182386398619,0.0565421826732036,0.437713750357173,,0.43807881587415337,,0.8744954128440368,1.000834027984459,0.6195370027975735,1.8622298681116474,0.09177894602807471,0.023482259380673245,0.04985958771611319,0.056540849179272205,0.0820093434436681,0.1325043316670319,0.14049999999999999,0.2311388729128629,0.1225,0.22465449663236847,0.16666666666666666,0.0,,,1.2544163524331151,,,0.839563950992363,0.35986141176753406,499.6379166666667,1.836504274343049,600.0,1.2271132431924343,0.5469761575650384,4.518789940052832,0.3480556574089861,-0.4553527557696502,0.7184575635104617,0.017317623640566052,0.03363346875785356,0.025166666666666657,0.04716485778123167,0.013833333333333335,0.03274450153769913,20.2376381775292,0.9621486111111112,0.8934623814851046,0.3898622838295013,2.365237593650818,0.4587052257683152,7.721367486131688e-10,2.459766634894829e-10,-0.08534981776028872,0.05386478797131909,-2.1924206018447876,0.1159495205887444,1.3881006555556858,0.3480556574089861,0.24416666666666667,0.2664378221945817,0.2257151616212897,0.1725,0.3779719597209288,0.4091666666666667,0.4918850793952438,2,0,0,6,0.0,2,1200,0.0,2,1,1.3931464059121308,,1.7761032565957047,4.5576581954956055,0.5746547463570596,15.049050707712663,1.0004169270781353,9.713339313428166e-10,,0.2829463748763337,0.4796130623293834,0.0,0.0,0.25583333333333336,0.0016666666666666668,0.0016666666666666668,1.0,-0.05026792995257791,0.09678789757731653,1.000834027984459,1.9434778733850743e-09,0.010068368844607765,0.3004695584699482,0.058497755256737186
synth_grid_d30_k10_highoverlap,0.02492414316157221,0.008422530750649767,3.5849567260822406,4.516810283266961e-16,0.015,0.9999999999999998,0.0,0.9469653171630349,0.02757986160328993,0.0,0.12377785940102153,0.016307697219830164,3.321928094887362,0.0,549.499875,1.902448327601724,0.8679849648948782,0.004180936379738614,0.20447638020479175,0.14228412847599278,0.20457866949963802,0.14235530607792504,0.9004502251125562,1.0005002499861044,1.3645975109859587,3.4143236260694594,0.24457728867119982,0.05461579098887625,0.004352291877684598,0.0009538423666807596,1.546491652097586e-11,1.005125422417109e-10,0.005166666666666667,0.008349605325457551,0.0,0.0,0.1,0.0,,,7.442121176449807,,,0.827568135292101,0.30308782327436273,450.062375,1.87403051057134,66.66666666666667,1.506451496978601,0.1329933632080272,5.9339459731335715,0.12652723162220822,-0.6022139997056128,0.32830466546182485,0.0,0.0,0.0,0.0,0.0,0.0,102.06861989969599,0.900548,1.0841435512719164,0.09624343607393086,2.717517121632894,0.3331690040615814,-9.198050368771268e-11,5.333520426115442e-10,-0.018964341618508723,0.11880041169514953,-2.6884024937947593,0.2722824970026091,0.9729388478360318,0.12652723162220822,0.0085,0.3173034917249755,0.027709449675305003,0.0,0.0,0.3435,0.47499532658768345,30,0,0,10,0.034482758620689655,9,2000,0.0,30,12,2.6846680899377646,,8.076774997315637,5.405919615427653,0.43918141484095385,21.453662041833397,1.0002500937196177,8.704875595347584e-10,,-0.0007447413576704753,0.3132220527137679,1.6683345841674394e-08,6.349050756055884e-08,0.087,0.015,0.0115,0.7666666666666667,-0.0026959844539407325,0.06841107644473102,1.0005002499861042,1.7414104990135282e-09,4.3261159956683804e-10,1.3833818755230844,0.06488372777948759
synth_grid_d30_k10_lowoverlap,0.21607589038824196,0.04853603463908609,3.5849567260822406,4.516810283266961e-16,0.015,0.9999999999999998,0.0,0.998397412246067,0.0005182134015727313,0.0,0.420619238387228,0.05752506559635265,3.321928094887362,0.0,337.138625,16.260611034643965,0.7772342639359516,0.013616679959784881,0.255421958979058,0.17693010612462864,0.255549733860083,0.17701861545089062,0.9004502251125562,1.000500250176673,1.7020800878853988,1.4556807590988878,0.009557940229095308,0.0033977393824317784,0.00012881987757618564,2.858888277986791e-05,0.0,0.0,0.0,0.0,0.0,0.0,0.1,0.0,,,7.878295018720779,,,0.8048208350384334,0.3474107994124118,237.638625,16.260611034643965,66.66666666666667,1.7095354745785396,0.2869787868392393,4.624840441305109,0.19144481695300666,-1.0623368140654081,0.5094809986419084,0.0,0.0,0.0,0.0,0.0,0.0,3023.778459987453,0.9,1.1576999957909258,0.21951875011118702,1.7872315009435018,0.2897013818581066,1.1687540488007168e-10,5.254052550624109e-10,0.10250281283127455,0.21435459115828817,-1.7784833788871766,0.29499585651694143,2.282044379664495,0.19144481695300658,0.009,0.06818080856157599,0.007606786944112003,0.0,0.0,0.3345,0.47193337512330874,30,0,0,10,0.1103448275862069,9,2000,0.0,30,1,0.5709408449844869,,8.971178683377824,3.5657148798306784,0.2924541112744924,440.3874166316913,1.0002500938148782,7.687844903414592e-10,,-0.054051826630595566,0.4200932505211612,0.0,0.0,0.005,0.015,0.0045,0.3,0.014739985197204078,0.09955028388829647,1.0005002501766729,1.5379535042285253e-09,2.4542130669700762e-23,1.8166426074047504,0.05378721689505873
synth_grid_d30_k10_medoverlap,0.08020289706098824,0.016526375489425586,3.5849567260822406,4.516810283266961e-16,0.015,0.9999999999999998,0.0,0.9840743580435267,0.01129968673206673,0.0,0.2379527394293784,0.034259616426903415,3.321928094887362,0.0,514.67375,31.740730454691786,0.8403185569743048,0.008302031921838652,0.2535947809651758,0.17359744044203804,0.2537216416707777,0.17368428249923382,0.9004502251125562,1.0005002496804642,1.6834923859427904,2.1102374926643312,0.07869262999034071,0.03147006943718853,0.001120563972682879,0.0003449635155986328,0.0,0.0,0.0,0.0,0.0,0.0,0.1,0.0,,,7.699172979717515,,,0.7613741160867893,0.32859684479860246,415.17375,31.74073045469179,66.66666666666667,1.5314151746531328,0.21811140484930736,5.332688501154821,0.17114970316637454,-0.6959155993016665,0.5414649018448621,0.0,0.0,0.0,0.0,0.0,0.0,392.28657931401824,0.9,1.0488707750972825,0.16176600815416942,2.2658908923467,0.3797569091997613,-1.4435499906539909e-11,4.974219588856458e-10,0.029429091528678935,0.18333459384915038,-2.317433214187622,0.32605658801052007,1.5741963198147815,0.17114970316637454,0.009,0.19641572568146629,0.030324715073213056,0.0,0.0,0.3415,0.4743313663701371,30,0,0,10,0.10344827586206896,9,2000,0.0,30,8,1.2773250584806624,,8.716642542790957,4.583324106534322,0.3961152937934513,78.88795630918429,1.0002500935668361,7.784420478630306e-10,,-0.05468681789059681,0.48310518934627394,8.341672920837197e-09,4.568922426072537e-08,0.005,0.015,0.005,0.3333333333333333,0.02035597354416839,0.10377984087547738,1.0005002496804647,1.5572734648951124e-09,5.652111367062662e-15,1.5534961408078451,0.08699629928930856
synth_grid_d30_k3_highoverlap,0.0669320569059905,0.024192972980194866,3.0,0.0,0.05,0.9999999999999998,0.0,0.9880917487968888,0.0036953490977566345,0.0,0.11259613688826765,0.05309901835860602,1.584962500721156,0.3656749840682334,181.17625,12.957068353013904,0.5662540975169772,0.013547552635179504,0.35191338135270006,0.25188481436323856,0.35250088306057326,0.2523053234166257,0.8090984974958264,1.0016694498835281,2.3734058351299105,2.389259723156931,0.3867463058340823,0.2741781077755953,0.003943260575033441,0.0009381007725549265,2.2379492853353462e-13,3.876241866963278e-13,0.004166666666666667,0.0072168783648703235,0.0,0.0,0.3333333333333333,0.0,,,7.846969983750931,,,0.7929786043568003,0.3009963905714082,91.17375,8.418265484078894,20.0,1.5720093871156375,0.18760237831117035,3.921592802835426,0.31466518392387066,-0.6493923153520934,0.4391031359763582,0.0,0.0,0.0,0.0,0.0,0.0,86.72622003910027,0.6668444444444445,1.0110176926810155,0.11971283269670577,2.4838690996170043,0.49862361223181,-1.2949021765962244e-10,8.153354820687959e-10,0.036245313686473914,0.2208014575374535,-2.558919894695282,0.4307947010209046,0.6633696978857301,0.31466518392387066,0.006666666666666667,0.2902058134755876,0.030049767637084498,0.0,0.0,0.27,0.4443298869241449,30,0,0,3,0.3333333333333333,2,600,8.0,30,9,3.5223651450488327,,1.952664263685942,5.0427889943122866,0.8418811639614447,53.04211215343964,1.0008343768494006,1.450587969649155e-09,,-0.04307136391251252,0.33112157350448435,0.0,0.0,0.023333333333333334,0.05,0.035,0.7,0.011576776713658614,0.08582746081955016,1.0016694498835281,2.9035966101943157e-09,0.0005335033577807997,1.4187957546960541,0.05944021869138718
synth_grid_d30_k3_lowoverlap,0.15954961918415433,0.040516351510240634,3.0,0.0,0.05,0.9999999999999998,0.0,0.9997370840563252,3.0843812636724225e-05,0.0,0.20711421592326598,0.04952862806837644,1.584962500721156,0.34094540059703404,124.50854166666667,0.0588341300208851,0.22219669500252262,0.013223584781908718,0.5963658583129913,0.3016721264547372,0.5973614611746679,0.30217575297166105,0.8104117974401781,1.0016694497705951,3.665819113818442,1.3296102593651045,0.03779435152321175,0.13925725123785057,8.297585299037256e-05,1.0261947240418838e-05,0.0,0.0,0.0,0.0,0.0,0.0,0.3333333333333333,0.0,,,9.278566966822465,,,0.7916838080818155,0.30366528826788153,25.008541666666666,0.0588341300208851,20.0,2.14876200457414,0.1628371859022021,3.39291205619617,0.26650857140766904,-1.4331804222185123,0.18847788891233494,0.0,0.0,0.0,0.0,0.0,0.0,3828.3515189824857,0.6666666666666667,0.8129418832762539,0.47194770656201657,1.5168127775192262,0.3398283596021236,2.0201069774985728e-10,1.1675179659852857e-09,-0.08527818806275415,0.4375518301812024,-1.4472304542859395,0.3150991820513728,1.192050444524987,0.26650857140766904,0.006666666666666667,0.05716302957109969,0.006134895024080107,0.0,0.0,0.2733333333333333,0.44604238801792906,30,0,0,3,0.5954022988505747,2,600,0.0,30,0,1.516672019861921,,1.9989484754262286,2.9640432318051655,0.4718139206339545,2073.026067622405,1.0008343767929815,1.0821950100444198e-09,,0.12248334832621839,0.5150020218383836,9.290200789109619e-08,5.088452535947634e-07,0.005,0.05,0.0033333333333333335,0.06666666666666667,-0.029219391666048162,0.14716421671517524,1.0016694497705954,2.166195948706083e-09,2.745243011144777e-07,1.0019922641557786,0.04722150273615802
synth_grid_d30_k3_medoverlap,0.09788846411091684,0.052270593409660095,3.0,0.0,0.05,0.9999999999999998,0.0,0.9965331082103436,0.0006403116185681249,0.0,0.16419485820150398,0.06748241211038529,1.584962500721156,0.3614310849751339,155.5125,7.182152598158766,0.4905906666585736,0.01757696573568895,0.47284438245646493,0.27552399187312804,0.47363377224364545,0.27598396532712693,0.8084140233722872,1.001669449261879,3.0016045830500735,1.675158256066641,0.22447080995099486,0.2398849293935794,0.001115649722743513,9.859273713905353e-05,0.0,0.0,0.0,0.0,0.0,0.0,0.3333333333333333,0.0,,,7.7341100367086435,,,0.7856981725805358,0.3110710982280053,56.4025,7.036874762803369,20.0,1.776600720981757,0.252509827730765,3.638805625702834,0.3772065032570601,-0.9767661867480041,0.4722642513756076,0.0,0.0,0.0,0.0,0.0,0.0,291.9486635066413,0.6666666666666667,1.059144103481425,0.2384888397770377,2.2016306002934773,0.556091585124874,-2.9496530057965877e-10,9.71539304133486e-10,0.007131666084145157,0.2642974288736815,-2.2333797852198285,0.5473656804221452,0.9461568750183227,0.3772065032570601,0.006666666666666667,0.19771379926501828,0.020518097177270073,0.0,0.0,0.2633333333333333,0.4408091916706416,30,0,0,3,0.45057471264367815,2,600,4.0,30,6,2.1707215570799545,,1.9861568815177058,4.435010385513306,1.0257585297754943,165.13610365112945,1.0008343765388352,1.6480758959079329e-09,,-0.022744655103137102,0.3574175820537485,0.0,0.0,0.005,0.05,0.021666666666666667,0.43333333333333335,0.0057766005116671425,0.09477682845085318,1.001669449261879,3.2989020359742197e-09,4.7093660223366197e-05,1.440545269201379,0.04445014011246983
synth_grid_d30_k6_highoverlap,0.0405292251175395,0.013206618869732258,3.3219280948873635,1.3550430849800884e-15,0.025,1.0,0.0,0.9703353108407828,0.013142676493292534,0.0,0.13464554951102542,0.028391099604861348,2.584962500721156,0.0364800441782549,348.99291666666664,1.2559291546195623,0.7809085367500469,0.006120377219331724,0.27326073585213007,0.18032428179171747,0.2734886431509308,0.18047467745083243,0.840364192382541,1.000834028568142,1.7940925646722927,2.912105519663384,0.26736313800437955,0.12096068301960676,0.004340984677381864,0.0008415606279764474,1.7894949366179318e-13,4.685187263062601e-13,0.004666666666666667,0.009722335600245935,0.0,0.0,0.16666666666666666,0.0,,,7.529368771124306,,,0.8391562965019016,0.35998393956672997,249.77,0.8927973767677091,40.0,1.4813822767386833,0.18892572462007096,5.019229594567608,0.1858590025948962,-0.5529252395333242,0.39694822806618607,0.0,0.0,0.0,0.0,0.0,0.0,95.1297667122268,0.8337229166666666,1.0470051029732963,0.1215172870636208,2.674560793240865,0.3969618141515682,-8.578172128181904e-11,7.92551202847837e-10,-0.02580309542051206,0.15349618041349,-2.6528695702552794,0.39411251165436867,0.8876610010409092,0.1858590025948962,0.008333333333333333,0.307788562365414,0.028305777649028446,0.0,0.0,0.3225,0.46762803592526336,30,0,0,6,0.12413793103448276,5,1200,1.0,30,15,2.742338675453725,,4.708443997104023,5.327430363496145,0.5199654259470686,29.26002341935335,1.0004169273698553,1.0924850746664455e-09,,0.05189185250037965,0.40961811820603894,0.0,0.0,0.06916666666666667,0.025,0.018333333333333333,0.7333333333333333,-0.012017784381659008,0.08959981168380814,1.000834028568142,2.1858811388432756e-09,4.5523502061265176e-07,1.3791436434884683,0.05719712482638918
synth_grid_d30_k6_lowoverlap,0.1996087871353967,0.037630453094010904,3.3219280948873635,1.3550430849800884e-15,0.025,1.0,0.0,0.9991760420845491,0.00014699635254807292,0.0,0.3424787858555401,0.041856747174769345,2.584962500721156,0.037295854045002796,224.48895833333333,0.08451715094913786,0.6164854083449953,0.02214039614608956,0.35708419452942325,0.23447190171881754,0.35738201276482434,0.23466745783893744,0.8404934667778705,1.0008340281056975,2.3409236884463884,1.3872290508017986,0.011358604896063577,0.005105407020487691,0.00012886262946880305,2.4098509994108663e-05,0.0,0.0,0.0,0.0,0.0,0.0,0.16666666666666666,0.0,,,9.727433801978373,,,0.8393036361653693,0.35966868337483127,124.98895833333333,0.08451715094913786,40.0,1.601981606769065,0.46567492992235715,4.043490676736371,0.154651145927863,-0.9308373866515621,0.6293231496727292,0.0,0.0,0.0,0.0,0.0,0.0,3103.7511878495798,0.8333333333333334,0.9852252788656856,0.35378075662484515,1.6713363965352377,0.34000520039620535,-1.346052158623873e-13,8.872420507377354e-10,0.009698920014003912,0.285581568001804,-1.6962206562360127,0.35773137487121237,1.8633999188721466,0.154651145927863,0.008333333333333333,0.06658606990190571,0.007896113804170126,0.0,0.0,0.3225,0.46762803592526336,30,0,0,6,0.29885057471264365,5,1200,0.0,30,5,0.7827241813437532,,4.991763901810433,3.3675570527712506,0.31938999423949266,763.1520037033632,1.0004169271387295,9.508165251042038e-10,,-0.037523783516273806,0.6452997288221688,2.3186776674009215e-08,1.2699920620189458e-07,0.005,0.025,0.004166666666666667,0.16666666666666666,0.005287653820847752,0.16113942103621426,1.0008340281056978,1.902425885737333e-09,1.1410715467566671e-14,1.643609133534566,0.017465455253206856
synth_grid_d30_k6_medoverlap,0.0878902993922753,0.030273356797647234,3.3219280948873635,1.3550430849800884e-15,0.025,1.0,0.0,0.9923103149778989,0.003348872616658873,0.0,0.22882297469737406,0.05718451363682423,2.584962500721156,0.03661313575374758,291.0154166666667,26.556850573408944,0.7261893340308319,0.013492343984969688,0.3333766631715179,0.22110005227493845,0.3336547088253382,0.22128445607035024,0.8403780928551571,1.0008340284500117,2.1921202601993537,1.8744322575320582,0.0952296194657134,0.06568016738180815,0.0011087879664366574,0.00022850710046055814,0.0,0.0,0.0,0.0,0.0,0.0,0.16666666666666666,0.0,,,7.3824708995125805,,,0.8392516589413028,0.3598086917982148,191.51541666666665,26.556850573408944,40.0,1.5778761846323808,0.3387146868074783,4.527826353444543,0.2832503838372744,-0.8549939443209448,0.5754462164519446,0.0,0.0,0.0,0.0,0.0,0.0,365.8165748054606,0.8333333333333334,1.0734789001867036,0.255359407387276,2.162279188632965,0.33686386130685486,2.0391730180967363e-11,9.597028875913174e-10,-0.001958025169248382,0.1985148247026364,-2.1740934292475385,0.44889819163695366,1.3790642421639747,0.2832503838372744,0.0075,0.18420181811739691,0.020226870430184937,0.0,0.0,0.3325,0.47130548201898836,30,0,0,6,0.26436781609195403,5,1200,0.0,30,8,1.408827662498682,,4.923443665848895,4.336372617880503,0.5561740148368168,99.37040243169278,1.0004169273108146,8.137058127832204e-10,,0.013065212951054953,0.5000969927133715,0.0,0.0,0.005,0.025,0.008333333333333333,0.3333333333333333,-0.0060984731401663335,0.1169079584037106,1.0008340284500117,1.628090143838022e-09,5.996915755498013e-10,1.56620084809525,0.05921237027966486
synth_grid_d5_k10_highoverlap,0.01650545755040169,0.006593958852965889,3.584956726082241,0.0,0.0025,0.9999999999999998,0.0,0.8537623829555532,0.06099971419755221,0.0,0.11832749715201593,0.01706944178183331,3.321928094887362,0.06364091346095335,996.54525,7.88707362731586,0.8692341496071228,0.009957634622545238,0.10823370016907871,0.08767840540760201,0.10828784413124888,0.08772226658114432,0.9098259129564782,1.0005002503674683,0.3053844596186395,3.4345840750347065,0.24863701300949043,0.055401273244997364,0.033581890926573904,0.019910305064845882,0.02164012692867103,0.043999202929508346,0.14288888888888887,0.21301338756713928,0.048,0.1412913254108816,0.1,0.0,,,2.914763321434153,,,0.9007898196433664,0.2977707123954705,897.04525,7.88707362731586,400.0,1.535662943124771,0.12418600315175413,5.93968529336631,0.13233558651018,-0.689409815959537,0.2288688663501777,0.004987158404906723,0.012157271128942188,0.005999999999999991,0.013509256086106298,0.002277777777777776,0.0065890366549598185,15.962041009542963,0.977662,1.1142237009152771,0.08050507234206529,2.792262554168701,0.36616003340840964,4.198809619992971e-11,5.229967946885775e-10,-0.009207169152796268,0.11035442830763227,-2.658250617980957,0.20059135352711302,0.9671995276032934,0.13233558651018,0.1445,0.33333193116306065,0.11927132491688121,0.092,0.2890982339870779,0.359,0.4798271741559967,5,0,0,10,0.0,5,2000,0.0,5,1,2.706532751278025,,3.659434893278455,5.450513172149658,0.47760869511318943,5.49846741386457,1.000250093910252,3.835331859448039e-10,1.0160772449632454,0.07001297740016639,0.24798901093047362,0.0,0.0,0.2865,0.0025,0.0025,1.0,-0.016089153219814762,0.05882534038068958,1.000500250367468,7.672583187756774e-10,0.0010334490740246606,0.5282614003214676,0.063280200143053
synth_grid_d5_k10_lowoverlap,0.169450091645492,0.020873333165247657,3.584956726082241,0.0,0.0025,0.9999999999999998,0.0,0.9895281591782024,0.014547348174879886,0.0,0.3788256126619162,0.03787672973942801,3.321928094887362,0.0,822.131,80.350937147928,0.7871966968474458,0.02608336813939493,0.22925278860714715,0.21980020214840132,0.22936747245236971,0.21991015727351146,0.9004502251125562,1.0005002507944019,0.6933032055458964,1.5345636235069717,0.008474326609859988,0.0015351917387566806,0.0010757795204204641,0.0011110674692503637,0.0,0.0,0.0,0.0,0.0,0.0,0.1,0.0,,,4.23969903440587,,,0.8804127257866655,0.29524432467360273,722.631,80.350937147928,400.0,1.3728406429290771,0.386730960397937,4.742146882443674,0.12778975112634597,-0.7825523661811713,0.9497193730782567,0.0,0.0,0.0,0.0,0.0,0.0,586.0477139751285,0.900066,1.0101881933429093,0.2827023361448649,1.9575648546218871,0.404984311567459,1.0886706149904061e-10,8.051792283711997e-10,-0.13390931589528918,0.2128609175249627,-1.6677311897277831,0.17381874933552427,2.1647379385259296,0.12778975112634597,0.009,0.05838112298286339,0.032445877068609255,0.0,0.0,0.32,0.46659281437588984,5,0,0,10,0.2,5,2000,0.0,5,2,0.6560696157630075,,4.896676390388692,3.6252960443496702,0.4094605807747766,231.31212427714374,1.0002500941236654,7.607567341714936e-10,1.0153954142447261,0.34102288659729985,0.5135408300710899,0.0,0.0,0.005,0.0025,0.002,0.8,-0.0793697615835581,0.1020156320109165,1.0005002507944019,1.521893977361299e-09,2.203241689688617e-10,0.6607287879964122,0.05304915728708029
synth_grid_d5_k10_medoverlap,0.0563586995809108,0.020428573114432254,3.584956726082241,0.0,0.0025,0.9999999999999998,0.0,0.9123821054900686,0.05631939769399953,0.0,0.20158347595969034,0.03664524688145701,3.321928094887362,0.025332551057663855,987.10775,21.478620020767124,0.8544053519183081,0.015022314866818012,0.2675861908656866,0.1972006406717265,0.26772005107504987,0.19729929046465558,0.9041610805402701,1.0005002508379548,0.7304393703918832,2.396121051892083,0.11500039339118821,0.03358183864314102,0.018081448128972274,0.01972395804986434,0.00663719861272911,0.019026966617032216,0.05433333333333335,0.13482880559502788,0.013833333333333335,0.07748460257601918,0.1,0.0,,,3.4479960619671486,,,0.8999999999997882,0.30007502813665304,887.60775,21.478620020767124,400.0,1.5108202308416367,0.1939418637658691,5.52050741225554,0.15579566281202478,-0.6807697100292583,0.47543576521985825,0.002491190847910153,0.011469260614343143,0.003555555555555546,0.013965144199944816,0.0014999999999999976,0.007526468446271955,41.527997040653474,0.948014,1.061267089588344,0.17444413122335115,2.2280893564224242,0.30466819218582075,2.2575468392460607e-10,8.020878549176126e-10,0.1404741456732154,0.13090860666625984,-2.7511369705200197,0.4347701625902901,1.3863774087140637,0.15579566281202475,0.0705,0.25527731212793137,0.1207333458382018,0.0395,0.19483000119253285,0.343,0.47483021372479345,5,0,0,10,0.1,5,2000,0.0,5,2,1.585844737189906,,4.174893030318913,4.9792263269424435,0.4876838750133914,21.82829072066516,1.0002500941454366,7.897158490479341e-10,1.0149149548329544,-0.38025271216200524,0.29128170529503594,1.0015017518770279e-07,2.2394259967821617e-07,0.15,0.0025,0.0025,1.0,0.0855696623114283,0.06264994546327733,1.0005002508379548,1.5798266136556109e-09,4.730723213861101e-05,0.5485359369229038,0.07541980613363049
synth_grid_d5_k3_highoverlap,0.0514233771269831,0.022425371587293682,3.0,0.0,0.008333333333333333,0.9999999999999998,0.0,0.8988848271806499,0.01853264317663618,0.0,0.11321899392434928,0.04615229246348017,1.584962500721156,0.340345131908945,296.6766666666667,5.346335448395175,0.5879242932263726,0.02783070904599639,0.3263961323627832,0.1534477963729646,0.32694103373267763,0.15370396964252522,0.8218920422927101,1.001669447951604,0.8004775412017352,2.440087014233223,0.42025322186596925,0.18181987223959914,0.038721154944978686,0.007512683721641253,0.012570008251540215,0.007096442006378693,0.25166666666666665,0.2028905698482148,0.020833333333333332,0.02126225137028846,0.3333333333333333,0.0,,,2.8051446384494887,,,0.7949666448772239,0.30195553112098705,197.17833333333334,5.344093729080503,120.0,1.47423996925354,0.11189562307534127,3.935410869375248,0.259685189831782,-0.5449554365668877,0.2650606349347133,0.003892860959882616,0.003474185290225257,0.004166666666666652,0.003818813079129846,0.0024999999999999467,0.0,8.585310252227892,0.8789277777777778,1.085685731627494,0.07275895259684582,2.5761550426483155,0.3222314615036909,1.4563556760549547e-10,1.5592736798388044e-09,0.019748594611883163,0.08751021580708258,-2.634088945388794,0.28017055561671994,0.649551631345908,0.259685189831782,0.03,0.2733345220160216,0.08885001826449829,0.013333333333333334,0.11479337126201317,0.205,0.4040384616148651,5,0,0,3,0.1,2,600,1.0,5,2,3.618570495749243,,1.6163313239342862,5.210243988037109,0.5295141529666145,4.942640613107998,1.0008343758842437,2.1657434137391174e-09,1.0125217041120782,-0.02117993430471553,0.16673660856552314,0.0,0.0,0.10666666666666667,0.008333333333333333,0.008333333333333333,1.0,0.00688877451188293,0.04181986514022711,1.0016694479516037,4.335100977287408e-09,0.03624538789356345,0.5334117129581091,0.06364288738516861
synth_grid_d5_k3_lowoverlap,0.1639465002910354,0.030796319897753513,3.0,0.0,0.008333333333333333,0.9999999999999998,0.0,0.9972142047987984,0.0013848986242781668,0.0,0.2108646914708036,0.03912752499276959,1.584962500721156,0.3010458954673537,203.31583333333333,6.977952350360052,0.2909571545007804,0.05396924163195714,0.6111931568027749,0.3284257333094286,0.6122135126710001,0.3289740234725155,0.8102225932109071,1.0016694492536824,1.5365658176672583,1.3076742724365449,0.038671744895901666,0.058605465071283794,0.0008842155552023677,0.00040665069399522234,0.0,0.0,0.0,0.0,0.0,0.0,0.3333333333333333,0.0,,,3.155221558229417,,,0.7915081006133889,0.3045059738726589,103.81583333333333,6.977952350360052,120.0,2.101361635327339,0.19468021743919625,3.3729156369651307,0.1987789503888166,-1.3976200601552164,0.15332139561214128,0.0,0.0,0.0,0.0,0.0,0.0,408.0751046065466,0.6666666666666667,0.8464559107446672,0.32017070697304373,1.6184106826782227,0.3609461290343159,-1.1335359886288643e-09,1.166198007065754e-09,-0.090481698513031,0.4438876418920166,-1.528692102432251,0.3387015379410151,1.212046863756025,0.19877895038881657,0.006666666666666667,0.04012365291418525,0.015324509513978873,0.0,0.0,0.22166666666666668,0.41571454934018215,5,0,0,3,0.8,2,600,0.0,5,0,1.4751518193803725,,1.988874258449199,3.147102785110474,0.5385677450280961,276.02485066638104,1.0008343765347405,1.9896100338507773e-09,1.0059563476659212,0.12858956502656974,0.5662872767895261,0.0,0.0,0.005,0.008333333333333333,0.0033333333333333335,0.4,-0.032585642803136985,0.1536912643957659,1.0016694492536826,3.982540222550197e-09,2.713098509473213e-05,0.44359710736153657,0.048060752715048144
synth_grid_d5_k3_medoverlap,0.136299528802662,0.046801887562177125,3.0,0.0,0.008333333333333333,0.9999999999999998,0.0,0.9843813137355512,0.004765786444457862,0.0,0.19562278932179594,0.05252162441838298,1.584962500721156,0.3249564853771243,250.83,23.64839340951979,0.43628401371806397,0.035668963627653504,0.4941833975553835,0.3167008668658929,0.4950084117854674,0.31722958266403833,0.8108402893711741,1.001669449700584,1.2953850297186758,1.4041718673650008,0.1040738364799787,0.10173154898563488,0.005339139786783219,0.0011959772745636678,0.0,0.0,0.0,0.0,0.0,0.0,0.3333333333333333,0.0,,,3.4996602294806385,,,0.7914529141306538,0.30382705651496666,151.33,23.64839340951979,120.0,1.9283421069383622,0.16966001136910056,3.456210004279664,0.2720012577829033,-1.237108321485734,0.22251721460204824,0.0,0.0,0.0,0.0,0.0,0.0,65.65595411116665,0.6669916666666666,1.0807849089565873,0.38153554506335347,1.999990200996399,0.4464547749948303,-1.4567558537237343e-10,9.103827003696755e-10,-0.04059247053228319,0.32535730205065444,-1.9021004438400269,0.23601468081696902,1.128752496441492,0.2720012577829033,0.006666666666666667,0.08574952528031926,0.033068147859346204,0.0,0.0,0.24333333333333335,0.42945268062622527,5,0,0,3,0.5,2,600,0.0,5,0,1.6578014307457196,,1.9380358543838934,3.902090644836426,0.6162481491321065,40.07197792288837,1.000834376758005,2.122277225517785e-09,1.0099082917714912,0.07144119407703417,0.4268304708947493,0.0,0.0,0.005,0.008333333333333333,0.005,0.6,-0.013986476405862045,0.11885393135103361,1.001669449700584,4.248096058058394e-09,0.0009158712847991509,0.5495122414957717,0.02642800765559066
synth_grid_d5_k6_highoverlap,0.03237486370822791,0.011265891630235274,3.3219280948873626,4.965068306494546e-16,0.004166666666666667,1.0,0.0,0.6940048976753196,0.2833591409959003,0.0,0.11898691484307773,0.029154672058360847,2.584962500721156,0.17934921256864134,597.9641666666666,4.86684320422739,0.7889930331738572,0.0131232207204702,0.29778776780541494,0.16137221336860635,0.2980361307657573,0.1615068021126621,0.8759466221851543,1.0008340269653986,0.7493381668433026,3.1161159504299634,0.3030078864395941,0.09467246259303835,0.04328956076697666,0.033056984982558525,0.01865846300108129,0.03625705279008187,0.18066666666666667,0.23588826551891856,0.08149999999999999,0.18031173402907374,0.16666666666666666,0.0,,,1.3819329875982633,,,0.862788096284451,0.31209178512776115,498.46416666666664,4.86684320422739,240.0,1.5186384588479995,0.10318231136789206,5.077344281593957,0.18001954846700494,-0.6005835159168033,0.25621794722675817,0.009518293884012279,0.02049001843920042,0.015333333333333332,0.033365758039100656,0.009333333333333327,0.021680856159513703,12.950850048752066,0.9795326388888889,1.0548766073044762,0.03378213696062945,2.587761402130127,0.3602283643285333,2.457284911846121e-10,8.2491294093043e-10,0.03491482120007276,0.14723010739755735,-2.9107673168182373,0.19448293545615697,0.8295463140145609,0.18001954846700494,0.18833333333333332,0.3620200006164012,0.1106325250220363,0.12583333333333332,0.3317997108130675,0.3825,0.4862003108650155,5,0,0,6,0.1,5,1200,0.0,5,3,3.00451191062619,,2.7293836011303916,5.498528718948364,0.4387999601878458,7.047022785558395,1.0004169265688172,1.0171228755147055e-09,1.0145196696474885,-0.05191784331125018,0.2867941250975394,0.0,0.0,0.31333333333333335,0.004166666666666667,0.004166666666666667,1.0,0.015864482567307686,0.06854711258605788,1.0008340269653984,2.0350938844321104e-09,0.005961348689195875,0.5108025784101747,0.05380646929271934
synth_grid_d5_k6_lowoverlap,0.20151670746215894,0.04968517746469716,3.3219280948873626,4.965068306494546e-16,0.004166666666666667,1.0,0.0,0.9106462283318695,0.18908961206364627,0.0,0.3345997771867308,0.06581252995253292,2.584962500721156,0.02966056466778566,465.69708333333335,38.093129863253615,0.6108524294544226,0.060913954902305646,0.42641456128647554,0.17603445231682516,0.4267702030911983,0.17618126986968677,0.8393049763691965,1.0008340283663237,1.0248625813105594,1.3873170269464512,0.00858675588859152,0.0020654237505125126,0.0008615367538143783,0.0004202030525089669,0.0,0.0,0.0,0.0,0.0,0.0,0.16666666666666666,0.0,,,2.66621561547208,,,0.838214767679239,0.36216323928451505,366.19708333333335,38.093129863253615,240.0,1.680188423395157,0.42226421957710963,4.043608843483859,0.22784904419468777,-0.9873902436093533,0.6873558025781643,0.0,0.0,0.0,0.0,0.0,0.0,589.637555123428,0.8333333333333334,1.0557508714583517,0.42982414868999097,1.386789035797119,0.215073690609855,2.1786157352228955e-10,5.295630046573396e-10,0.16518455892801284,0.25218252371875227,-1.835511064529419,0.35138120747775226,1.8632817521246587,0.22784904419468777,0.008333333333333333,0.041085120351140314,0.014847444476386534,0.0,0.0,0.2966666666666667,0.45697875246637787,5,0,0,6,0.30000000000000004,5,1200,0.0,5,1,0.7828372392416991,,4.289402291436819,3.222300100326538,0.2332010843906745,317.82616101790586,1.0004169272689882,1.1140562732985687e-09,1.0138859455930114,-0.45705410061049445,0.5575834170640026,0.0,0.0,0.005,0.004166666666666667,0.0033333333333333335,0.8,0.1189433447756811,0.14647573259794783,1.000834028366324,2.2290415862858857e-09,3.044055531621387e-09,0.6056328076543646,0.024265382895127342
synth_grid_d5_k6_medoverlap,0.1553670519982953,0.01986045452713348,3.3219280948873626,4.965068306494546e-16,0.004166666666666667,1.0,0.0,0.8484657624149436,0.194435090915625,0.0,0.2869664660822703,0.037196188424399916,2.584962500721156,0.031530784214820695,533.1879166666666,33.58513542865638,0.7049291642789471,0.020711992972432963,0.348316206343512,0.28159900422484835,0.34860671197904847,0.28183386594229903,0.8396844592716153,1.0008340281290622,0.982379597786993,1.5697753987240006,0.05716191252785886,0.019005628377134355,0.005732568467123152,0.0030797940985583666,0.0,0.0,0.0,0.0,0.0,0.0,0.16666666666666666,0.0,,,3.7438097317517576,,,0.8384038813363103,0.3617440603660599,433.6879166666667,33.58513542865638,240.0,1.8062307745218278,0.17902282089000826,4.260182090160952,0.13700127586043048,-1.279953515079387,0.2221938304226931,0.0,0.0,0.0,0.0,0.0,0.0,89.02006499917378,0.8364326388888889,1.2856283204028007,0.09835406912032922,2.025312304496765,0.22080751618911723,3.9663670274118584e-10,2.2421802033496748e-10,0.025804829597473145,0.126827360147841,-1.931375765800476,0.2118122841246446,1.646708505447566,0.1370012758604305,0.008333333333333333,0.12409270146975056,0.044875681675219437,0.0,0.0,0.29,0.4539512379526009,5,0,0,6,0.30000000000000004,5,1200,0.0,5,0,1.0173139835604852,,3.750690768269328,3.956688070297241,0.3599473540306298,42.60217206641453,1.0004169271504066,1.3944524506120167e-09,1.0120745616320868,0.03699485180000444,0.17779637541746268,0.0,0.0,0.01,0.004166666666666667,0.0025,0.6,-0.011316153888458049,0.05309209595092843,1.0008340281290622,2.790067688856484e-09,1.4121097548191332e-05,0.6180586836889063,0.031827090973661334
synth_imb_1_1_5_2d,0.07457427949413559,0.0001550142589166213,2.9999764456670635,0.0,0.002857142857142857,0.7248340915057598,0.47058823529411764,0.8432898945389236,0.1819240102054268,0.0,0.14840409466212814,0.03483713880023774,1.1488348542809166,0.2929143510137454,349.4035714285714,0.5811981007993552,0.2975688068343824,0.26416513956619697,0.09020510188961105,,0.09033415071420513,,0.825832822399346,1.0014306155848258,0.12775178108548435,1.6997543123660146,0.2706366653472046,0.30445455751731637,0.027971873210475867,0.028138995531149062,0.01831326940979928,0.03171951307046927,0.03333333333333333,0.05773502691896259,0.016666666666666666,0.028867513459481294,0.3333333333333333,0.329914439536929,,,2.3563295329863037,,,0.5159530820089415,0.3256732805557361,157.04642857142858,90.36910574609932,350.0,1.5326861068606377,0.5131076086461919,3.47292841150761,0.24678118313961533,-0.24305037547407005,0.9309859790907281,0.004250488101123458,0.007362061348112791,0.006666666666666672,0.011547005383792526,0.003333333333333336,0.005773502691896263,18.10975354733894,0.48437959183673474,0.6436208984702825,0.315274587172821,2.6521575450897217,0.5591686455150048,-1.1776241340807507e-09,2.2743304972117473e-10,-0.25386241683736444,0.34743054076162355,-2.2973556518554688,1.2780101208513495,0.6758828884403698,0.24678118313961533,0.02,0.05282316594050907,0.08754646883389171,0.012857142857142857,0.1127386085987944,0.11428571428571428,0.31838546305703297,2,0,0,3,0.0,2,700,0.0,2,1,3.4386039312071417,,1.455372037952162,4.94951319694519,1.8371787663663541,17.065913594308075,1.0007150521426296,1.838911756756925e-09,,0.46719249786970535,0.6042789767354347,0.0,0.0,0.02142857142857143,0.002857142857142857,0.002857142857142857,1.0,-0.13102264174820102,0.1810213435241849,1.0014306155848258,3.680453104363654e-09,0.027082776562416245,0.2768579432407296,0.11400245540728644
synth_imb_extreme_5d,0.09159851962828568,0.02636020343212692,3.584957782680173,0.0,0.002857142857142857,0.7409580392350423,0.2951954261259152,0.939075405228451,0.06180623333523414,0.0,0.14164710657585,0.031193578658508206,1.4819160784700847,0.38419207936712185,853.732,35.11158442419806,0.45198979388816696,0.19494124731155713,0.41446000478938905,0.23904479856276584,0.41469697464057226,0.23918147374105053,0.8215737972719105,1.0005717555463192,1.0570254973719655,1.4116156658558654,0.1386915182776181,0.08505645907129021,0.006063473040322963,0.0019799497285169576,0.0,0.0,0.0,0.0,0.0,0.0,0.25,0.23947220877486014,,,4.0269113096100435,,,0.7252461991924088,0.2547005175443498,484.9462857142857,141.3129648382089,350.0,1.4233346581459045,0.36459118016644926,4.017072478015566,0.2595392644218183,-0.2664080467905975,0.8344866195414388,0.0,0.0,0.0,0.0,0.0,0.0,41.516085663653136,0.5787180408163266,0.7867350756473466,0.14039404764341107,2.58790807723999,0.47311156205569616,-5.194385136876787e-10,6.834407779344102e-10,-0.18794460464268922,0.26961592383094757,-2.4783385753631593,0.6293823241233834,1.0498013831346906,0.25953926442181824,0.0034285714285714284,0.08597815221835103,0.03218569303259069,0.0,0.0,0.15714285714285714,0.36403943192517774,5,0,0,4,0.5,3,1750,0.0,5,3,2.414891464493545,,2.653227871073117,5.06624665260315,0.5331702489084347,21.201429215890577,1.0002858369217866,1.2625696102228071e-09,1.0197107370931389,0.016579432559447604,0.8336994205096983,0.0,0.0,0.002285714285714286,0.002857142857142857,0.002285714285714286,0.8,-0.03663407091020297,0.1620424790601255,1.000571755546319,2.5258610163083436e-09,0.0006090421238907718,0.46810467164271313,0.13763157969841264
synth_imb_extreme_d15,0.02857580623690985,0.019424624966942233,3.169909712625219,5.949413107129668e-06,0.015,0.30877156165600733,0.8535437080572287,0.9122883820007207,0.06806493150552265,0.0,0.06784881349066448,0.028588347004822334,0.6175431233120147,0.6139716661181929,453.09675,64.5179678567441,0.14665741616792538,0.2635441474728783,0.2675370636136469,0.16828488843075468,0.2678048686978472,0.16845334185656513,0.8082602602602602,1.0010010018665616,1.2236771843279541,2.467118157267173,0.48389190674595184,0.2061923905259761,0.003359086646142779,0.0015363066991857322,0.0,0.0,0.0,0.0,0.0,0.0,0.25,0.43351278335630816,,,9.657821582594611,,,0.685032335947038,0.1503836705966638,46.70425,64.8756062204429,66.66666666666667,1.0142293062992394,0.20592385222390042,3.537143331508768,0.10010828334445324,3.719125110032879,3.023918022298053,0.0,0.0,0.0,0.0,0.0,0.0,25.527227953582397,0.18623900000000004,0.7497060557984933,0.15211160629658518,3.4601597785949707,1.1277368046427927,-2.652901457622647e-10,5.896549846847199e-10,0.017524596427877744,0.13220211647923563,-3.5096849759419757,1.1497962033059015,0.2503095044284653,0.10010792336651309,0.006,0.194504241124972,0.03175455136499599,0.0,0.0,0.042,0.20068950215762726,15,0,0,4,0.10476190476190478,3,1000,0.0,15,15,11.663960642897328,,2.506075945602182,6.969844754536947,0.6232266935150561,17.079093554882917,1.0005003757453375,1.6801869058322385e-09,,-0.051804560125782294,1.592721077062469,0.0,0.0,0.004,0.015,0.013,0.8666666666666667,0.01096535129340191,0.12342698427323245,1.0010010018665616,3.3620551893183975e-09,0.0023220130596735226,0.6623470530544121,0.24375061748175608
synth_imb_extreme_d5,0.0362445529180578,0.01710446110109323,3.1699088461299887,5.812626705187956e-06,0.005,0.30877156165600733,0.8535437080572287,0.7711526069235769,0.207723188544328,0.0,0.0772396577617053,0.02526165477269232,0.6175431233120147,0.525487589602853,485.443,30.218682876571485,0.13545754788826306,0.26301833387500123,0.35269977211169135,0.19617272763569404,0.35305282562217716,0.19636909723826454,0.8168508508508509,1.0010010023094158,0.8926114434482606,2.1579983657815784,0.39869696290370304,0.2253854963288317,0.011480887115337996,0.008013212226508208,0.0,0.0,0.0,0.0,0.0,0.0,0.25,0.43351278335630816,,,6.985376435733537,,,0.620475114709774,0.1685907796270305,79.043,112.62229045045349,200.0,0.9174628177424893,0.26782825204992666,3.501287191421723,0.09017502264233733,3.697082744267923,2.3456485331161305,0.0,0.0,0.0,0.0,0.0,0.0,13.757735582827657,0.18840500000000004,0.6852856809059065,0.20028633341828941,2.9281157732009886,1.2526821176910392,-4.333182005211711e-10,1.1508494730948503e-09,0.06520285829901695,0.15075042306487513,-3.784975552558899,1.24781368854721,0.28616477802028106,0.09017962766929762,0.006,0.0974699539230769,0.05106974014501066,0.0,0.0,0.039,0.19369180807797864,5,0,0,4,0.2,3,1000,0.0,5,5,10.077215260591334,,1.8703268756131306,6.713091325759888,0.987237241674164,11.470346830916366,1.0005003759666538,1.7383804241433516e-09,1.037242349564082,-0.6581820766737103,1.680312365364102,0.0,0.0,0.005,0.005,0.005,1.0,0.05802322568298647,0.1517789388044881,1.0010010023094158,3.4785005220090416e-09,0.019629261786947377,0.35630393525997955,0.1740857485189213
synth_imb_many_small_3d,0.07351586603763811,0.015598486344934569,2.9999750765615154,0.0,0.005084745762711864,0.4289700670942543,0.7667476570635195,0.6736259135171365,0.4591765049719954,0.0,0.13406104865469254,0.02470547726599527,0.8579401341885086,0.45334098902706077,293.33389830508474,3.6715991237421357,0.18786806359871094,0.2927411469226054,0.4120577587486385,0.22601226600878768,0.4127573466827248,0.226395987582453,0.8252999913671549,1.0016977913259069,0.7833365611973934,1.751288354741531,0.15803332020867322,0.0502496120682403,0.011197427024174499,0.007222940758235074,0.0,0.0,0.0,0.0,0.0,0.0,0.25,0.3983050847457627,,,3.9087875954194087,,,0.5345104411322451,0.23946544387522403,79.68135593220339,83.09234507283638,196.66666666666666,0.6347204997825125,0.09312398615176819,3.368024364467813,0.08200222932500023,4.008029431752366,1.7613359063246061,0.0,0.0,0.0,0.0,0.0,0.0,17.72799517295512,0.27453030738293593,0.46966336378045376,0.06819163909543259,2.965264320373535,1.3735445871863345,-1.122750141947283e-09,7.988447667264289e-10,-0.08946657180786133,0.2805085272971239,-2.8555368979771933,1.4353213843373407,0.48989084628221047,0.08200222932500023,0.010169491525423728,0.048977436254244625,0.046716140995163254,0.0,0.0,0.0576271186440678,0.23323471992270411,3,0,0,4,0.3333333333333333,3,590,0.0,3,3,5.123762261182005,,1.783001739521984,5.820801218350728,0.9730764755373175,12.623074033120636,1.0008485356565733,2.5756833412928266e-09,,0.3305003897857895,2.3337002430968825,0.0,0.0,0.006779661016949152,0.005084745762711864,0.005084745762711864,1.0,-0.07922661937791864,0.26452763379547284,1.0016977913259069,5.155737771167472e-09,0.011815096072911584,0.2606229441816385,0.17471139727035717
synth_imb_many_small_d15,0.034319184467789296,0.01772666213881647,3.169909010230661,0.0,0.015789473684210527,0.38525489212579933,0.7816743572841134,0.9101410626353965,0.0656021835000557,0.0,0.09867876891796211,0.026831861219795895,0.9958694493645655,0.6079498617852341,408.08526315789476,68.54991263925531,0.2360224579284085,0.30925480208574296,0.26327190216636065,0.16901644408514047,0.26354932248406815,0.16919454357633082,0.8216538184238257,1.0010537408039866,1.211274552868914,2.5586594607215565,0.3429531112554033,0.15168740145354223,0.002802582081287265,0.001067902171982802,0.0,0.0,0.0,0.0,0.0,0.0,0.16666666666666666,0.33089598279702576,,,8.903121924474206,,,0.6707617940533533,0.17527155351806958,69.37473684210526,72.38138005958467,63.333333333333336,0.9011365718518695,0.21510865155909845,3.776563144055063,0.10977814491840221,4.798950611851333,4.092856650561318,0.0,0.0,0.0,0.0,0.0,0.0,42.61933330367128,0.28588365650969527,0.6655016216700523,0.161288955545138,3.6604835589726767,1.2389382942560456,-7.079710996007188e-11,7.83434588226771e-10,0.008425186946988105,0.1540254132317249,-3.44997345606486,1.0981956000115711,0.3892153155401636,0.10977814491840221,0.010526315789473684,0.19677042559767588,0.03739067805996353,0.0,0.0,0.05894736842105263,0.23565022786528794,15,0,0,6,0.09523809523809525,5,950,0.0,15,15,7.1443583632657806,,4.158998355395345,7.110457015037537,0.8781087185497956,22.416900992006784,1.0005267316788624,2.725081076104161e-09,,0.17385231982400945,1.8267520800567814,0.0,0.0,0.010526315789473684,0.015789473684210527,0.01263157894736842,0.8,0.0062599166100078,0.14643429443000275,1.0010537408039866,5.4530329938177785e-09,4.5454778871458284e-05,0.6386900392724842,0.264568541669087
synth_imb_many_small_d5,0.05295570903270759,0.019776922366413856,3.169909010230661,0.0,0.005263157894736842,0.38525489212579933,0.7816743572841134,0.7539496550798259,0.23287267078234575,0.0,0.12360878176487189,0.01844676259765513,0.9958694493645655,0.524644819493594,446.12684210526317,43.28934849200543,0.20324190893810581,0.3127764023445413,0.4804570454891498,0.20474751166176444,0.48096332034231076,0.20496326122919914,0.8269957295768399,1.001053736276301,1.1600315946624864,1.97983277396444,0.15435003674023548,0.052403272062687155,0.007128812242512941,0.004965862461246345,0.0,0.0,0.0,0.0,0.0,0.0,0.16666666666666666,0.33089598279702576,,,6.00389153835334,,,0.637179962393527,0.1923348816755024,107.41631578947369,118.01629378006217,190.0,0.6672290146350861,0.1026312709405998,3.662771608481016,0.08690401290993388,4.332293747559872,2.193351686405151,0.0,0.0,0.0,0.0,0.0,0.0,29.972409197399838,0.2861761772853185,0.48281242889285086,0.07185978903085904,2.7665545463562013,1.6709913158738023,4.17330547382957e-10,8.089994453279786e-10,0.0879264697432518,0.27105434785647586,-3.095363473892212,1.108142545895784,0.5030068511142105,0.08690401290993388,0.010526315789473684,0.08516971604036995,0.05852311811423982,0.0,0.0,0.06526315789473684,0.24711972885716488,5,0,0,6,0.6000000000000001,5,950,0.0,5,5,5.301920149216646,,3.059119135164154,5.861918020248413,1.0276539152130306,21.541136990161466,1.0005267294162115,1.7156023711926015e-09,1.0305890349109892,-0.14506755876004065,2.3038901573219994,0.0,0.0,0.010526315789473684,0.005263157894736842,0.004210526315789474,0.8,0.08356271591119208,0.2527203889442688,1.001053736276301,3.433012126091453e-09,0.0010350290674321892,0.3508007403158813,0.2299309774302778
synth_imb_mild_d15,0.07603212362788585,0.0379362449849375,3.169910579120448,6.342095681677517e-06,0.015,0.9372305632161295,0.1063829787234043,0.9916596630301485,0.004077627381100025,0.0,0.13810739711711897,0.05028597146398971,1.4854752972273346,0.3772160727241871,344.592,31.28940616147801,0.47299971290256543,0.127020012123604,0.4405664177498427,0.28145359786763335,0.44100742487772404,0.28173533293545344,0.809079079079079,1.0010010006885628,2.0240049264986846,1.7025394461475136,0.23089176356432572,0.23372747360775786,0.002470526197671528,0.0015198090825871702,0.0,0.0,0.0,0.0,0.0,0.0,0.3333333333333333,0.15275252316519466,,,6.240515436938511,,,0.7644984094457437,0.2499503210855536,155.099,31.20629394500061,66.66666666666667,1.4037500694394112,0.4575381771576538,3.782880219818854,0.29597967883787657,-0.6571940364417761,0.5772291333316167,0.0,0.0,0.0,0.0,0.0,0.0,134.67597910155206,0.6200049999999999,0.9749984500857443,0.3208477675097439,2.5116950352986653,0.46169328556459877,-1.5448895283043383e-10,8.164459123989899e-10,-0.07876878708557342,0.20085829566876473,-2.261728882789612,0.601831082038122,0.8725056565289285,0.29597795966481905,0.004,0.17705525791694396,0.027478162488770486,0.0,0.0,0.195,0.39639895576569334,15,0,0,3,0.44761904761904764,2,1000,1.0,15,6,2.6331117803078077,,1.9667944016071945,4.773423918088278,0.9120473818351793,90.87580023878964,1.0005003751566328,1.6762670365765607e-09,,0.22429265691764103,0.5815785670082051,0.0,0.0,0.003,0.015,0.008,0.5333333333333333,-0.06363190993917264,0.15924948186031027,1.0010010006885628,3.3542115698370643e-09,0.00024295123847719628,0.9474798493414489,0.15778760285386945
synth_imb_mild_d5,0.08406291462135815,0.024628941068715916,3.1699088461299887,5.812626705187956e-06,0.005,0.9372305632161295,0.1063829787234043,0.9391345732466723,0.057295243352911085,0.0,0.13755557363603704,0.030360758033522263,1.4854752972273346,0.3491837088104748,464.5075,32.71018610501972,0.47327987913355435,0.1436816096302887,0.5388155768860686,0.2548056402872875,0.5393549324944324,0.25506070127186176,0.8156476476476476,1.0010010023368623,1.3218436148161365,1.668154015130807,0.2082301874919854,0.12128178472225581,0.016969590174087328,0.01474697673151563,0.006138870495668514,0.010632835599583404,0.05285714285714285,0.0915512569714978,0.0033333333333333335,0.005773502691896258,0.3333333333333333,0.15275252316519466,,,2.7463979774179057,,,0.753658415460402,0.26187485809702427,275.0075,70.21264939371598,200.0,1.7120599508285523,0.16546262023561448,3.7648936468243326,0.16009572147372203,-0.863109437881605,0.2069429338995946,0.0003189617210460627,0.0005524579065213918,0.0014285714285714457,0.0024743582965269973,0.0,0.0,28.016020495520923,0.733744,0.951597124151329,0.21513417303353166,2.1817166805267334,0.4224867714048373,-1.778535079210997e-10,6.847623887804521e-10,0.12272441908717155,0.26269085285075955,-2.4245971918106077,0.3981324864355136,0.8904904965329908,0.16009314059415006,0.018,0.17928077001203827,0.08315494672689754,0.01,0.0995485304256668,0.208,0.40607991935196813,5,0,0,3,0.6000000000000001,2,1000,0.0,5,0,2.5597334934753566,,1.767230238245288,4.606313872337341,0.6250869284276718,23.820697250766347,1.0005003759803703,3.8228429941537596e-10,1.0045820082900137,-0.18979161359423485,0.4791130253724848,0.0,0.0,0.021,0.005,0.004,0.8,0.04909340256612631,0.12613102060993406,1.0010010023368623,7.649513501005952e-10,0.007754850840052112,0.5167601514842195,0.08276899537097851
synth_imb_moderate_d15,0.06408792360201136,0.029172012322365493,3.1699088461299896,5.38144663613771e-06,0.015,0.5578578164321782,0.6453147877013177,0.9765545033231786,0.02100939391556515,0.0,0.11172013415852014,0.03269733597652828,0.884183719779189,0.5417365109483331,415.665,67.76556216224554,0.23288047784784274,0.26819358208539706,0.54602439617529,0.23164391714924637,0.5465709671852127,0.2318757926620908,0.807961961961962,1.001001001295742,2.297805946767008,1.5960335286451506,0.2799735754679384,0.20526732875528386,0.002493696266505766,0.0005636964271769742,0.0,0.0,0.0,0.0,0.0,0.0,0.3333333333333333,0.4072263907623539,,,8.611970137561396,,,0.6938675965869368,0.18647379235479783,83.6705,67.64902143491139,66.66666666666667,0.9114777244627476,0.2664638879577994,3.500104379627303,0.16515242141191183,1.0628058519827188,1.9672534722617026,0.0,0.0,0.0,0.0,0.0,0.0,69.77016738365879,0.33499999999999996,0.653852623399971,0.20385884067134488,2.7260738531748454,0.6379711841421255,-1.3169095230599246e-10,5.823453744761143e-10,-0.03129374282434583,0.26540844612918585,-2.696871018409729,1.013559620047161,0.5539881862818756,0.165153842322971,0.004,0.149137034135247,0.031771324728217316,0.0,0.0,0.082,0.27450200609713465,15,0,0,3,0.6285714285714287,2,1000,1.0,15,15,4.7219791407557254,,1.9077587905542595,5.4229448715845745,0.8239296080437088,57.4609268519142,1.0005003754600708,2.4024014461766053e-09,,0.09392507545534975,1.2972328410269938,0.0,0.0,0.003,0.015,0.01,0.6666666666666666,-0.03512345110470132,0.2364229860121393,1.0010010012957422,4.8072071635032854e-09,0.0012852305185892994,0.7627076019635378,0.2967326599827555
synth_imb_moderate_d5,0.0668919776274846,0.03606879667829172,3.1699062466443007,0.0,0.005,0.5578578164321782,0.6453147877013177,0.9620537340442132,0.03964936391624394,0.0,0.11593562363942407,0.0482996907134972,0.884183719779189,0.44826158519183845,442.772,56.61965583104887,0.2036660731290137,0.25343063560151774,0.5795497732714352,0.2844573200301719,0.5801299022333941,0.2847420610950832,0.817023023023023,1.0010010000767973,1.4309453879976273,1.6074262793491902,0.2332967881278484,0.3171241399163938,0.0036192503363743846,0.0008282666474540262,0.0,0.0,0.0,0.0,0.0,0.0,0.3333333333333333,0.4072263907623539,,,3.741290413141525,,,0.6299083607358532,0.21579991495742826,110.772,101.45832115667957,200.0,0.7172455408610403,0.3905475855218921,3.5040282117175914,0.2242835184668649,0.8522681006672205,0.5827010505890838,0.0,0.0,0.0,0.0,0.0,0.0,56.54196316200513,0.33529200000000003,0.5162760915782488,0.2925714267897038,3.0327659845352173,1.1598901569166447,-2.3079628590494388e-10,8.388983208865192e-10,-0.1323154406622052,0.3110516977229769,-2.2287863969802855,0.7925807904771991,0.5500617547058982,0.22428351846686487,0.004,0.07477161024155075,0.030175882537770628,0.0,0.0,0.088,0.28343665312788385,5,0,0,3,0.6000000000000001,2,1000,0.0,5,5,4.762818846293278,,1.8526668464357905,5.261552381515503,1.400938450186033,49.705678605311476,1.000500374850903,1.8188690399340162e-09,1.0222979585843759,0.5300365041080429,1.3782735008537725,0.0,0.0,0.003,0.005,0.003,0.6,-0.12504185600938217,0.2947332115567143,1.001001000076797,3.639558281733948e-09,0.0025167101615039718,0.38183551940809557,0.19998753397467722
synth_imb_one_large_10d,0.05433772379355171,0.02424999073893462,3.4594227962891004,0.0,0.007142857142857143,0.6178266860002798,0.5547945205479452,0.950636607387025,0.03109063397486331,0.0,0.1350822269273911,0.03751343039825112,1.4345491399952024,0.5331580427867297,595.115,92.11989154054096,0.38016523256649815,0.3119074189145147,0.3437399065153825,0.23264206276877825,0.3439856105589754,0.23280835456681598,0.834360257326662,1.0007147962900969,1.3088979783935428,2.0424906709089568,0.1813699508794415,0.07438006159910378,0.00405150145795207,0.0016897931941427988,0.0,0.0,0.0,0.0,0.0,0.0,0.2,0.28749445424997294,,,6.280402312581029,,,0.715658708421289,0.20288083780054256,224.18642857142856,143.97684659967192,140.0,0.8454926183447242,0.18072270902068666,4.191619088152667,0.18389636981693336,1.6939189822316707,1.2590855842000341,0.0,0.0,0.0,0.0,0.0,0.0,57.705925694101936,0.4702505102040816,0.5776507269265316,0.10728908803973647,2.9504980087280273,0.8951302311074835,1.8138650505404387e-10,7.180221424944257e-10,-0.04256183988181874,0.26465511613085113,-2.628346872329712,0.8527730720676348,0.7023528481316362,0.18389636981693336,0.005714285714285714,0.17154948715975613,0.03682229993496513,0.0,0.0,0.11785714285714285,0.32255410684589536,10,0,0,5,0.26666666666666666,4,1400,0.0,10,10,3.9254769956321574,,3.617739719780128,5.578844881057739,0.741939596643569,30.80732698141856,1.0003573343011471,1.6633171534017736e-09,,0.15599300230597585,1.4320503342695272,0.0,0.0,0.004285714285714286,0.007142857142857143,0.005,0.7,-0.027103833404649946,0.22779270060919518,1.0007147962900969,3.32782300258895e-09,4.052078853024421e-05,0.6165301599398071,0.2629386047397415
synth_mixed_shapes_2d,0.17452479272606738,0.0,3.1699250014423126,0.0,0.0022222222222222222,0.9941181381188444,0.005681818181818232,0.9463252455610274,0.03858153312677354,0.0,0.2533081940817863,0.07148257898014267,2.3082708345352603,0.18347039072256477,448.9683333333333,1.9887678199331815,0.6400812124314237,0.09351231418196239,0.007541081706017678,,0.007549470008462403,,0.8810876282288963,1.0011123473755803,0.010676562874696607,1.588059060834931,0.10371449466693176,0.07300573001900694,0.12860778362391984,0.30808687034249943,0.04552002777309359,0.09848040637466345,0.11816666666666667,0.2540638225445054,0.07475000000000001,0.16845066043206836,0.19999999999999998,0.030429030972509225,,,2.6255700527637504,,,0.81673071314888,0.34689481734539246,357.8016666666667,12.132505474921446,450.0,1.4535376876592636,0.3064527068755305,4.02467884063253,0.3057349626023491,-0.9533595638007772,0.08675861195932384,0.02833222903671754,0.06707824015037422,0.06,0.15231546211727817,0.056666666666666664,0.1561575652512077,23.6341476437222,0.9105987654320987,0.8908833240889011,0.03988800052346231,1.7693018913269043,0.5796722443785846,3.9270768562952674e-10,5.004938260668666e-10,0.13844000175595284,0.4304584026279579,-1.867330551147461,0.43438396536661866,1.4535169953450433,0.3057349626023491,0.008888888888888889,0.06484304527282776,0.04937040410022099,0.0,0.0,0.25222222222222224,0.434529594343016,2,0,0,5,0.0,2,900,0.0,2,0,1.1808654536507979,,1.79255147547069,3.6366324424743652,0.1452882790119658,18.197408152214788,1.0005560191091651,1.6126608054236096e-10,,-0.03619883118483691,0.7788693295478157,0.0,0.0,0.03777777777777778,0.0022222222222222222,0.0022222222222222222,1.0,0.010732938396675454,0.21676617671675003,1.00111234737558,3.227114656435036e-10,0.008092663247966975,0.33719402299287177,0.026511569387599698
synth_moons_noise0.05,0.18415356535323701,1.6473951323885325e-06,3.1699062466443007,0.0,0.002,1.0,0.0,0.8143402078394867,,0.0,0.06763743819006725,0.011894280217028881,1.0,0.2282807736755088,499.367,0.7230724955589403,0.34461218493815976,0.10509514380656165,0.44302172083627206,,0.4434651850322287,,0.8477077077077078,1.0010009987661994,0.6271544791128718,1.9118357796864414,0.5375299100875701,0.19079254121383304,0.11287992279796678,,0.14530481429082912,,0.4,,0.202,,0.5,0.0,,,1.923476205171851,,,0.7526313329537764,0.30424818452005176,249.867,0.7230724955589403,500.0,1.5622755587100983,0.4359793710967258,3.646848769310129,0.08184266481371065,-1.078989605364578,0.2710182076242931,0.07493653404811684,,0.11399999999999999,,0.06999999999999995,,1.968680193330061,0.846125,1.1530443820328655,0.31387187434760216,1.7929065227508545,0.06134726681851692,-1.0412622941657901e-10,1.03588022129888e-09,-0.0010748678141681012,0.0035023765996939687,-1.8383472561836243,0.07447053103935398,0.5230574773341721,0.08184266481371065,0.002,0.036194547116848226,0.02564358722327504,0.0,0.0,0.336,0.47257520811753057,2,0,0,2,0.0,1,1000,0.0,2,0,5.060340180586128,,0.6631499741040584,3.6312537789344788,0.1358177978578709,1.968680193330061,1.0005003741959317,5.39356120286877e-10,,-0.0006461650378698778,0.0027496452580442724,0.0,0.0,0.015,0.002,0.002,1.0,0.0006355569017978269,0.0008382551983888905,1.0010009987661994,1.0792518813517693e-09,0.3368500258959416,0.35884996477092174,0.029442536041916552
synth_moons_noise0.15,0.08576887497250171,1.6583316529825988e-05,3.1699062466443007,0.0,0.002,1.0,0.0,0.7958607517439666,,0.0,0.0632386744879157,0.011362887815679545,1.0,0.24607491170058549,499.4785,0.16565080799739612,0.38836182166659733,0.08220170515233759,0.42865701272733736,,0.42908609855861474,,0.8511531531531531,1.0010010003768453,0.6068193800073515,2.1063464373809095,0.5579997859612992,0.15569446242020007,0.126629013257298,,0.22674047697934366,,0.585,,0.3,,0.5,0.0,,,1.8804259386281517,,,0.7201630372766501,0.3339850793216959,249.9785,0.16565080799739612,500.0,1.5073955804109573,0.22205189363825203,3.695150535877449,0.08461279878287206,-0.9401646227919,0.15101036491863506,0.08026525754791891,,0.12,,0.06599999999999995,,1.7277265428558386,0.899205,1.1099611261457203,0.16450758958121348,2.1190249919891357,0.06880658465536899,-7.444759830832481e-11,1.1022388702360763e-10,-0.0034556786995381117,0.01265194622137962,-2.0719486474990845,0.02960816107890306,0.47475571076685186,0.08461279878287206,0.022,0.09375531052179997,0.1028301387422337,0.017,0.1293357171384909,0.282,0.45019848809017415,2,0,0,2,0.0,1,1000,0.0,2,0,5.676920729450714,,0.6333943361664717,4.19097363948822,0.09841474573427204,1.7277265428558386,1.0005003750008519,4.5043958622217715e-10,,-0.00015891146740910607,0.00804395376206611,0.0,0.0,0.034,0.002,0.002,1.0,-2.2741928599619566e-05,0.0025402678560016174,1.0010010003768453,9.013299459892013e-10,0.36660566383352833,0.3401968175521232,0.0334095364663209
synth_moons_noise0.30,0.03659208373092149,7.674815536151108e-05,3.1699062466443007,0.0,0.002,1.0,0.0,0.7273988485555559,,0.0,0.04850337858746018,0.006796731552587959,1.0,0.29670644397980583,499.4705,0.26800480700274126,0.43595068109284296,0.05993024969481433,0.3582356951359027,,0.35859428984993136,,0.8617257257257257,1.0010010021862634,0.5071289080953219,2.8847330795864283,0.6433260600573749,0.0820777259456667,0.18229721624132203,,0.3144835468158167,,0.752,,0.521,,0.5,0.0,,,1.689198485394966,,,0.7410085294874327,0.33121937839099613,249.9705,0.26800480700274115,500.0,1.4811737686395645,0.05955027271198218,3.823253723720632,0.035446682699377716,-0.6931763595230085,0.036872317783313714,0.10157646560830036,,0.16600000000000004,,0.119,,1.1236340899570225,0.969752,1.098265132411639,0.05385918803391384,2.4063405990600586,0.06558386803083198,2.223532646894455e-10,7.431674772584987e-10,0.0018749855225905776,0.0076795998223194,-2.6123427152633667,0.43713952632226094,0.34665252292366877,0.035446682699377716,0.191,0.2500829151546835,0.20401331010912332,0.136,0.3429600875052688,0.327,0.4693519908248939,2,0,0,2,0.0,1,1000,0.0,2,0,8.14433340888247,,0.5291090848799486,5.018683314323425,0.37155565829142895,1.1236340899570225,1.0005003759051085,2.1485820344391749e-10,,0.0032710473171325243,0.054584460584798974,0.0,0.0,0.206,0.002,0.002,1.0,0.0024653859168756753,0.008587206603534969,1.0010010021862632,4.2993166656383443e-10,0.47089091512005143,0.30643490975717363,0.04726645911943354
synth_moons_plus_blob,0.081345903130659,0.0,3.0,0.0,0.0033333333333333335,0.9999999999999998,0.0,0.7228734110813575,0.24035387898610952,0.0,0.12268565896815929,0.07413171536124596,1.584962500721156,0.2471607905841492,299.1,1.9035048071697103,0.5534304338768637,0.058149762719321534,0.36676017045384696,,0.36737245884209413,,0.8595102949360045,1.0016694516950666,0.5195431137368411,2.151392562179301,0.39131425180920965,0.24964646752294437,0.07964930263982588,0.038011695046222496,0.08290907164549345,0.08116475662728048,0.20833333333333334,0.2166842941547295,0.13166666666666668,0.11446433214470493,0.3333333333333333,0.0,,,1.6730515921298137,,,0.7860889442030721,0.31865157479261064,199.60083333333333,1.9020350156846146,300.0,1.678070329129696,0.020435774047613573,3.8482478124842343,0.43398172975412475,-1.0424022215444264,0.08792443964004894,0.029137525279563037,0.04014074926596634,0.041666666666666664,0.05735488935856592,0.01999999999999998,0.032500000000000015,4.369944297466695,0.91335,1.1945119259789587,0.05169703597047094,2.2335402965545654,0.17022134306664646,4.435908825447162e-10,9.608575961785362e-10,-0.10181047301739454,0.10332763132652587,-2.099106729030609,0.3927807269078182,0.7367146882369218,0.43398172975412475,0.03333333333333333,0.11441048288331611,0.10891242213647255,0.015,0.12165387831953259,0.20833333333333334,0.40645528501926137,2,0,0,3,0.0,2,600,0.0,2,0,3.072132737273759,,1.1028619240404638,4.332647025585175,0.5630020699744647,3.929607745574941,1.0008343777544149,3.152240087265324e-10,,0.10684133664348913,0.05317850429645043,0.0,0.0,0.05333333333333334,0.0033333333333333335,0.0033333333333333335,1.0,-0.03399808837881816,0.004783171766907514,1.0016694516950668,6.309741554359893e-10,0.14083923407561427,0.33784596978694276,0.03968093749104221
synth_nested_rings_3,0.041024873827235214,0.0,3.1699250014423126,0.0,0.0022222222222222222,0.9999999999999998,0.0,0.05641365534561809,0.06138063006884391,0.0,0.08430411584506728,0.002963955324272726,1.584962500721156,0.2605423901831312,449.495,0.053804118834523344,0.6500573610518505,0.05322278212070284,0.016792237757370054,,0.016810916555668222,,0.9001087628228897,1.0011123471789798,0.02377422618894874,2.973014147210454,0.9950026421167044,0.0037754362811453068,0.9757411537236841,0.01717925638531701,0.24494580051624978,0.15584859193723788,0.6666666666666666,0.06584915421712806,0.5,0.0,0.3333333333333333,0.0,,,0.04496943983003387,,,0.7727731893308085,0.32636096847071117,300.0,0.0,450.0,1.2885793522000313,0.045615945075113594,4.22177113532468,0.013593170231078176,-0.5350518224427612,0.003330947209033835,0.2417116231794538,0.02228825139501948,0.3688888888888889,0.07874595815612334,0.3755555555555556,0.07219443910050853,0.01023287769404668,0.9290962962962963,0.9471005364149808,0.02254718572187921,2.2422386407852173,0.010536543540329464,-1.4034513798024916e-10,7.234843136310151e-10,0.022086669690907,0.013637960217763097,-2.1288158893585205,0.06952712717751124,0.5331163668387884,0.013593170231078176,0.0044444444444444444,0.06821528809092961,0.044542396395044044,0.0,0.0,0.0044444444444444444,0.06655533900758105,2,0,0,3,0.0,2,900,0.0,2,0,4.946028294420909,,0.010132582766556635,4.371054530143738,0.058990583637181765,0.010063563025188254,1.0005560190109195,1.8277774460861758e-09,,-0.009813365678166812,0.0671654256286249,0.0,0.0,0.04777777777777778,0.0022222222222222222,0.0022222222222222222,1.0,0.003957849893399893,0.014282897797108696,1.0011123471789798,3.6575873768601075e-09,0.989869103880161,0.34241348907234354,0.06255025618980277
synth_nested_rings_5,0.022212859945343964,3.339702597946135e-07,3.4594226478281156,0.0,0.0013333333333333333,1.0000000000000002,0.0,0.05771124572249976,0.0360773255178774,0.0,0.08815010480007435,0.0006257114372805003,2.3219280948873626,0.24925905740166843,749.4806666666667,0.16424841120269817,0.7892940689466313,0.03241498942138404,0.0325584783406823,,0.032580198413263914,,0.9350678229931065,1.0006671095729458,0.04607535846084431,3.398878307059841,0.9959299846212042,0.001585317338941191,0.9791797807637348,0.015082113266792789,0.2707420514393969,0.2076740480138283,0.6653333333333332,0.0815808316871398,0.5153333333333333,0.033598941782277736,0.2,0.0,,,0.05129876604221738,,,0.8506541624193726,0.3014026931860733,600.0,0.0,750.0,1.3760274201631546,0.04344406528778658,5.098205338520081,0.003714938759585367,-0.4294011402899982,0.02028605642096134,0.2557139450090974,0.030350610302490255,0.382,0.07213156703526524,0.39016666666666666,0.06385965514748382,0.008012127537770352,0.9701782222222223,1.0237770550121996,0.037383279487344434,2.244786500930786,0.057361860823326775,-8.755596354603767e-10,4.0562225788560613e-10,-0.001714250221994007,0.0017957123679821613,-2.27047061920166,0.0489186669548364,0.6831454041953973,0.003714938759585367,0.005333333333333333,0.08777248741738555,0.05915228056210231,0.0,0.0,0.03666666666666667,0.18800475015171458,2,0,0,5,0.0,2,1500,0.0,2,0,4.0639624106124135,,0.007962749182208382,4.515257120132446,0.10628052777816317,0.0069741646488027335,1.0003334991756228,1.5497585052698533e-09,,-0.03594764764944095,0.02736490262347792,0.0,0.0,0.078,0.0013333333333333333,0.0013333333333333333,1.0,0.0035084645593047347,0.004603537461930586,1.0006671095729458,3.100550759414504e-09,0.9920444321521269,0.33350928596235613,0.06707225856776872
synth_noisy_10pct,0.15974483954452884,4.389478951026185e-05,2.8073203201603487,0.0,0.004,0.9477309221191609,0.0454545454545453,0.7663556876794613,0.23528719068851314,0.0,0.2279715190271296,0.03189862385114191,1.8954618442383218,0.2625498432645105,249.324,0.8843574935243697,0.5742156510027876,0.12093046290726739,0.6680389155392351,,0.6693776715336206,,0.8353426853707415,1.0020040089929565,0.9466429814325691,1.6962623006434638,0.2148286152390976,0.01166444423553782,0.11450688435258177,0.1250276817267162,0.042868104578778515,0.04809799211635297,0.4008333333333334,0.4391402585355466,0.3875,0.42453209537089187,0.24999999999999997,0.09999999999999998,,,0.979074334104149,,,0.7988385735351087,0.3163976170111092,179.874,14.872744233734545,250.0,1.9267015233635902,0.023289705747680252,3.585347765532827,0.15862234626392127,-1.2458837536274658,0.024169744381177038,0.057678407982531966,0.06506729179584916,0.045833333333333316,0.05257534276318763,0.031666666666666676,0.04546060565661952,7.253757697174111,0.93142,1.0235044151745736,0.28561491397437716,2.1246842741966248,0.22397720382507819,1.2945383787155142e-10,2.788277446798833e-09,-0.09007379040122032,0.4567220321534154,-2.0773075222969055,0.16066808550207615,1.1174343988658435,0.15862234626392127,0.13,0.20134864397536206,0.17152939130378558,0.07,0.2554025468194154,0.276,0.4474644666314808,2,0,0,4,1.0,2,500,0.0,2,0,1.5122909434412255,,1.2299621421794127,4.20199179649353,0.06330911832300201,6.691308906808444,1.0010015029923562,4.389154215939307e-10,,0.0870436161287716,0.5160948205601735,0.0,0.0,0.132,0.004,0.004,1.0,-0.027766460461231567,0.1348014985256764,1.0020040089929565,8.78710251973928e-10,0.08321353152090201,0.29678607241208893,0.05588839475202659
synth_noisy_15pct_d10,0.10174056891107489,0.02309508521934385,3.1699114456156767,6.711843185878147e-06,0.01,0.9947926101685558,0.004648463050213714,0.7802370894048299,0.29089228510119725,0.0,0.20339084687810005,0.03351730898041993,2.3098369101367013,0.15343130004495475,374.984,38.774744597077216,0.699761847983551,0.07368512107201125,0.3427563799042018,0.23715882839943772,0.3430994795366322,0.23739622482081596,0.8483363363363363,1.0010010014372002,1.3146172194240149,1.9369624949090782,0.31807638679563405,0.11249784048754582,0.033965150571101284,0.044497017270217806,3.269913493264178e-07,4.530431087191241e-07,0.25654840722645844,0.33133153102871893,0.0,0.0,0.2,0.027955321496988726,,,2.7925819895587978,,,0.8215942372609525,0.3465008986153267,278.76,28.89795393694408,100.0,1.7784859105944633,0.15422795635955877,4.287243639627183,0.1575358174228364,-0.9424600606223095,0.5997445977627088,0.008582317084543167,0.014579519987280513,0.005243291782719206,0.009331749964066164,0.00220994475138121,0.004658972611666108,25.552972706505024,0.818471,1.1147760480099822,0.2515095111461782,2.2803201198577883,0.30372972870857684,9.699142538011076e-11,8.924844857847058e-10,0.05945521434769034,0.16938029997674584,-2.3153846502304076,0.4025751343754835,1.1925047161251956,0.15754012598558556,0.077,0.18868922126942989,0.11688110572592297,0.028,0.16505527329729047,0.244,0.42970763159228237,10,0,0,5,0.26666666666666666,4,1000,0.0,10,1,1.6581961502975575,,2.688934627325871,4.5957047700881954,0.6484028369171461,16.3161392095132,1.000500375530764,1.0244386446955856e-09,,-0.06910143049495618,0.37368849475333116,0.0,0.0,0.13,0.01,0.008,0.8,0.016988212707365162,0.10204408604308907,1.0010010014371997,2.049902543916845e-09,0.0017109035691842182,0.8045088746629665,0.13695169294164683
synth_noisy_15pct_d2,0.05292519334147139,7.719025319587492e-05,3.1699062466443007,0.0,0.002,0.9947926101685558,0.004648463050213714,0.7979986559975291,0.11718151113298962,0.0,0.17132599103740592,0.06518115470011511,2.3098369101367013,0.16176085329578593,499.3155,1.0961461062679037,0.7104293241435695,0.06946288171520379,0.33188292994614865,,0.3322151446178902,,0.8557877877877877,1.001000999574746,0.4698231631443595,2.142383909721547,0.31352074049531065,0.03886110336434136,0.14428124205915385,0.17203304278616863,0.027666016484216006,0.03251276869139211,0.2737253999487114,0.3511746642529087,0.24677241483186632,0.3171294537320824,0.2,0.027955321496988726,,,1.5393211509006497,,,0.8254705858052969,0.33958677575680757,398.3825,11.13361581657779,500.0,1.8086594641208649,0.07849064496429285,4.401581161792476,0.2597460012357345,-1.1044367608177241,0.5090435282096819,0.0678026020808181,0.08817856884346352,0.06573718023271675,0.08497148554405379,0.05766175060499519,0.07848219920379558,4.509288925657746,0.96835,1.141678610470891,0.3000487123952683,2.4050819873809814,0.3745610657650438,-6.794289220124483e-10,3.0231308819581706e-10,-0.08729689940810204,0.2184007806403821,-2.2126121520996094,0.021735298364462096,1.078161994988526,0.2597460012357345,0.149,0.22256430947830613,0.1894063651711581,0.094,0.29197474077263813,0.28,0.4492235543710968,2,0,0,5,0.0,2,1000,0.0,2,0,1.94010200821263,,1.2873352164991365,4.617694139480591,0.3528257674005817,3.462526442927877,1.0005003746000027,1.8763372656483473e-09,,0.2459264764711989,0.3689598753398969,0.0,0.0,0.147,0.002,0.002,1.0,-0.06193879901358742,0.09330375618062722,1.001000999574746,3.754552361877267e-09,0.10948427572353471,0.31009273429416884,0.052532048683149736
synth_noisy_20pct_5d,0.10896036610456172,0.022930878003266927,3.1699114456156767,7.118984746492739e-06,0.005,0.9978754314918026,0.001980198019801982,0.5981370353303286,0.3925156431837236,0.0,0.2461040713326903,0.03582710834125359,2.5794705707972527,0.022659659842945934,465.436,29.91652390239218,0.7443626242187136,0.0409319894441623,0.21202119729123323,0.18420994484760211,0.21223343073442041,0.1843943392521566,0.8681001001001001,1.0010010012599297,0.6149966432213978,1.9430533360539295,0.33093172701426726,0.08556709352430647,0.054548560974515214,0.07782951177143153,0.0002186705111020359,0.0003239829708269012,0.17944444444444446,0.26281275984474844,0.0,0.0,0.16666666666666666,0.016329931618554522,,,2.191821463903244,,,0.842351016837941,0.36149790067905413,385.472,28.549839041740835,200.0,1.5806359931826592,0.3658352301366393,4.421847397092702,0.1358148179942238,-1.0254870970059868,0.42401417948254705,0.024750852199040614,0.03903146379775499,0.017962962962962972,0.029319641665940695,0.011851851851851855,0.020235242043922578,11.45964152676968,0.882728,1.0459668514823912,0.13816386886322768,2.0495888233184814,0.3055145505508795,2.0931474864482875e-10,1.2372301758177538e-09,0.05783885568380356,0.3245169719902042,-2.0976322889328003,0.41321781119641443,1.3275346193202282,0.13581101813545696,0.092,0.21336346545516863,0.11814945464557455,0.036,0.1863833113203506,0.255,0.4360793106364542,5,0,0,6,0.1,5,1000,0.0,5,1,1.387818290749245,,2.405113685744503,4.147221112251282,0.5563759968421076,5.462149480796259,1.0005003754421733,9.212318701670735e-10,4.283600165183101,-0.005704378401897014,0.44723725422865723,0.0,0.0,0.098,0.005,0.005,1.0,-0.004688643086779243,0.1205258172754562,1.0010010012599295,1.84338560516903e-09,0.009327107620514412,0.6274897788216167,0.08362264740729206
synth_noisy_25pct_d10,0.0901860149987728,0.021021177519039626,3.169906246644301,4.681111291435602e-16,0.01,0.9954116504972641,0.005103517122643564,0.7356649950982506,0.30386425251857774,0.0,0.19907811595637265,0.03099233399879305,2.311274277267797,0.09746861745779323,366.76875,45.4488444809343,0.7302649288182834,0.03314324983441389,0.22589460336056655,0.16625755539923334,0.2261207238268493,0.16642397925071908,0.8653173173173173,1.0010009996464568,0.884375683964349,2.0377772676133104,0.4860472278540423,0.15146537802368312,0.046215426594710486,0.058700073467942426,4.2124620614570776e-07,6.136804099939771e-07,0.21005767844268206,0.27119991491022166,0.0,0.0,0.2,0.027955321496988726,,,2.468241484310284,,,0.829133374120091,0.3563364433533723,278.9825,39.64369516475875,100.0,1.664955598115921,0.24510244448156443,4.346967126794947,0.13098834150822633,-0.7471908282215607,0.6721092926187933,0.011846096123687777,0.016745059501634643,0.009146526232197527,0.013251141267115065,0.0045719569919438156,0.006001027452393975,12.824870662131136,0.857206,1.2093168270360817,0.23617512831836068,2.304255652427673,0.3659792688580025,2.0453007891774176e-10,7.712032602539349e-10,0.022904269793070853,0.1048459956825071,-2.3141833424568174,0.30885605763514795,1.1342133971171504,0.1309883415082263,0.094,0.2247451620227954,0.1296243630185814,0.033,0.17872588772459053,0.223,0.41646661864361284,10,0,0,5,0.044444444444444446,4,1000,0.0,10,1,1.794805858140369,,2.4418123919276584,4.618438994884491,0.6346400167948284,5.91454977978463,1.0005003746358403,1.4454335074831309e-09,,-0.06558360561480167,0.2005390832694688,1.0020030040050944e-07,3.1686117149869177e-07,0.191,0.01,0.009,0.9,0.020998152020717198,0.05313257778396719,1.001000999646457,2.892313488891918e-09,0.00745042887946418,0.84950472224068,0.14887274480295434
synth_noisy_25pct_d2,0.08431311529978741,4.180847866957072e-05,3.1699062466443007,0.0,0.002,0.9954116504972641,0.005103517122643564,0.5996408753743514,0.2903261711261741,0.0,0.18944765507000338,5.973607398678009e-05,2.311274277267797,0.138349918675573,498.68,2.836903774015436,0.7416270604009673,0.031054772626158748,0.38989027748199195,,0.39028055766101727,,0.8717677677677678,1.001001000028895,0.5519400577747454,2.086901021263945,0.5068499879367081,0.09760337097826324,0.20947609619376872,0.26369190708821333,0.032696490409899706,0.03500235666779281,0.2483027031545511,0.2781574068260851,0.19047408336206806,0.23818166548007016,0.2,0.027955321496988726,,,1.697893902367114,,,0.838233959065077,0.3409403636054784,398.161,13.795865500391955,500.0,1.6351253017783165,0.1798770069363861,4.373665479490892,0.0019220330391600327,-0.6315873080034791,0.6104872218565032,0.07992073161903569,0.10480230935279061,0.07784430164153684,0.1041234125392121,0.07631578947368421,0.10830947035407043,2.024382238011849,0.98096,1.085264885699004,0.22262160239187703,2.4833226203918457,0.2317702404084395,-3.739842213690281e-10,1.769838365203557e-11,-0.12620118260383606,0.11447007137560286,-2.1273072957992554,0.033344057730908705,1.1075150444212056,0.0019220330391600327,0.184,0.2536172550069398,0.19669088828537315,0.122,0.32744957355785825,0.301,0.4589222261011223,2,0,0,5,0.0,2,1000,0.0,2,0,1.8621789497233545,,0.8034276444802214,4.610629916191101,0.2651142981393482,1.8402337037491208,1.0005003748269639,1.6412473218096267e-09,,0.334195852619033,0.2756939523801075,0.0,0.0,0.198,0.002,0.002,1.0,-0.07636134552701454,0.03851783757186491,1.001001000028895,3.284137274349513e-09,0.2973306919550756,0.30705777295731296,0.07320450909627073
synth_noisy_30pct,0.10416205775790227,0.00017622466965157846,2.8073203201603487,0.0,0.004,0.9953781989393464,0.006177219295628977,0.7472459438238805,0.02158749015920708,0.0,0.21265077681535854,0.0018796831761683365,1.9907563978786929,0.19956745146880062,249.085,1.3029467911934711,0.6487332704797509,0.05167352420975533,0.03957431906773414,,0.03965362639990117,,0.8649058116232464,1.0020040100255747,0.056078696252016114,2.059389173847619,0.4406201850959947,0.01683982949295251,0.17083556563406832,0.1795563227833885,0.037581108594289085,0.041621576315392886,0.2799836670327504,0.30704055223252585,0.236872612242216,0.25948938317768977,0.25,0.03334666400106612,,,1.280914254423693,,,0.8198498422943312,0.33211329245602783,186.576,7.713395292208726,250.0,1.865939050912857,0.05694193069818849,3.83140348154761,0.0011626201078597132,-1.237964585482513,0.06812021708061113,0.08291722252514022,0.09197575657560969,0.0806252522692499,0.0894570351462767,0.07312053542094939,0.08508361866315135,2.5432714763152617,0.961532,1.0419414194047452,0.013560629666911453,2.1295493841171265,0.11064542399734541,5.415640771389008e-10,3.585774845965906e-10,-0.3304303288459778,0.01992081331579534,-1.858920931816101,0.11872750366779444,0.9666732364914314,0.0011626201078597132,0.162,0.2444177311577034,0.18413779336525962,0.1,0.3003004507513149,0.248,0.4322843271262074,2,0,0,4,0.0,2,500,0.0,2,0,1.9041047317598232,,1.1172190208538577,3.9884703159332275,0.22937292766513984,1.3890433996339502,1.001001503508149,8.11090923046534e-10,,0.31769311003931605,0.010222403889226107,0.0,0.0,0.164,0.004,0.004,1.0,-0.08304921338101848,0.00220943245318956,1.002004010025575,1.6238067347785675e-09,0.19430513535196137,0.3451062440311089,0.04330606305364854
synth_noisy_5pct_d10,0.10916316492534107,0.04507654554320999,3.1699101458728327,6.278354408827328e-06,0.01,0.9416286079983273,0.03737708746527424,0.8427027327363558,0.24711445162036128,0.0,0.20434940891487718,0.06171944081774877,2.1863939198609947,0.20534035126132566,350.02575,34.7836233900904,0.6350423131361946,0.0799001317694916,0.46192137122118604,0.25817572094419283,0.4623837546125671,0.2584341548697609,0.8288448448448449,1.0010010002660823,1.6706369038034934,1.7793676446338822,0.13611130885209963,0.06703560306908082,0.013397050316801287,0.016136554740371647,3.633298038032164e-07,4.948841236510307e-07,0.33739111498257846,0.4355824819651734,0.0,0.0,0.2,0.08385403985497657,,,2.890282717010933,,,0.8157294982029191,0.3332510015880626,236.994,35.923909047335606,100.0,1.8187106817960739,0.15292168599080455,4.127556355020643,0.2896603984632703,-1.072029537122324,0.4111598253714869,0.0004097171751234474,0.0012956394698801733,0.00034843205574912605,0.0011018389059820046,0.00173732094463801,0.00337508717098149,77.29242011384918,0.774307,1.0359904895650593,0.3562180959028662,2.318237376213074,0.6364551289986143,1.1411320883780714e-10,6.275961880263819e-10,0.01261375267058611,0.24376832435005527,-2.270965909957886,0.4590034350298738,1.228747710713185,0.28965890595179533,0.044,0.158798947419171,0.08323733423516948,0.019,0.13659303663678343,0.292,0.4549098184727858,10,0,0,5,0.4444444444444445,4,1000,0.0,10,1,1.579789258799893,,3.023788239644184,4.589203286170959,0.9483549002912017,47.124813299989285,1.0005003749454981,6.862973135376982e-10,,0.006210335683826571,0.5764259969740284,0.0,0.0,0.05,0.01,0.006,0.6,0.0011736207817496776,0.16619758624762657,1.0010010002660823,1.3732813913995253e-09,9.113398988668394e-05,0.7618521102640217,0.10111738919710116
synth_noisy_5pct_d2,0.11377777012644814,5.235368127304995e-07,3.1699062466443007,0.0,0.002,0.9416286079983273,0.03737708746527424,0.9145858315890758,0.06276890110637673,0.0,0.21335952803626373,0.030978686085223757,2.1863939198609947,0.18832622764140194,499.3105,1.5606971280570505,0.6385333901441302,0.0936075177322472,0.5631990046388787,,0.5637627691306233,,0.8361921921921922,1.0010010040626864,0.7972809540655394,1.7386971906674327,0.11666227973897703,0.017931793625918516,0.06895739415447329,0.07174010710151217,0.034402827402411205,0.04016797404559371,0.3825267513295434,0.4273905485725246,0.28923505155164336,0.3853469025673047,0.2,0.08385403985497657,,,1.6724426708432825,,,0.8129712071631823,0.3408364615155414,385.775,20.158546375966495,500.0,1.9534528255462646,0.09938652562038773,4.098810402562154,0.17451742736371595,-1.1557630681309825,0.5062762586248897,0.03425094932402604,0.0422306657287052,0.02262403977423232,0.025961713902577226,0.019765096175397845,0.024808391549398116,14.560961070845,0.920893,0.8562865789532661,0.6271899401422625,2.341107726097107,0.1280878129598819,7.896451279520988e-10,6.346722695683456e-10,-0.38749103248119354,0.09732362704659776,-1.9607082605361938,0.44016803026885976,1.2574897639431424,0.17451742736371592,0.073,0.1437050688877226,0.15101902640484344,0.043,0.20295859723646148,0.317,0.465540253606203,2,0,0,5,1.0,2,1000,0.0,2,0,1.5208207156329812,,1.6768744216330647,4.301815986633301,0.31208021730897784,11.4414850888397,1.0005003768428509,7.175799844292292e-10,,0.5207644426903159,0.6150163776942795,0.0,0.0,0.079,0.002,0.002,1.0,-0.154986182525948,0.16936953593681983,1.0010010040626867,1.4358782861583148e-09,0.019511281802104267,0.2847256791138015,0.05734206784382871
synth_s_curve_k3,0.04709502064041491,0.06353627792886583,3.459422647828115,5.438959822042073e-16,0.002,0.9999999999999998,0.0,0.4963947719233949,0.6615572047057694,0.0,0.05970802553999597,0.10023144010776198,1.584962500721156,0.32162551575226483,729.441,19.43784939216944,0.5699304618008404,0.04005595050813537,0.04160158832032581,0.0485446147258217,0.04162934124767058,0.04857699943848815,0.8735459195018902,1.0006671116438117,0.09959144494904575,3.2950072922463045,0.6912124850498733,0.5335677605153448,0.034213758512132694,0.020328419582283184,0.041439784449248486,0.03610151699897365,0.034333333333333334,0.029737742572921253,0.024666666666666667,0.021385353243127254,0.3333333333333333,0.0,,,1.1491639437844445,,,0.8065952658583339,0.3025618404019516,480.89,18.309076934646356,500.0,1.8456700692574184,0.1662622796356189,4.563365727302213,0.8103898777725276,-1.313247014319365,0.17353014629919677,0.0033311991199227453,0.0028851358806422883,0.011333333333333343,0.009865765724632504,0.0030000000000000027,0.002645751311064593,13.216537339976988,0.9428924444444444,1.368092583870748,0.11744221404410997,1.8064039945602417,0.17186681691381325,2.5639827880594463e-10,5.928071895287278e-10,-0.028964264240736764,0.045933152550415295,-1.8279072841008503,0.23441750444902865,0.4810194212470589,0.8103898777725277,0.05333333333333334,0.16881672178649781,0.12767986829765202,0.036,0.18635222411951383,0.2733333333333333,0.44581916218627315,3,0,0,3,0.0,2,1500,0.0,3,0,6.191856492736711,,0.9304734742838696,3.6343112786610923,0.39496225362605164,13.21571852780373,1.0003335002107105,8.59367743660509e-10,,0.011616045022804153,0.05328574867156897,0.0,0.0,0.09333333333333334,0.002,0.002,1.0,-0.004476207994588616,0.015898172954166605,1.0006671116438115,1.7193085957957723e-09,0.07028711603830282,0.5331384717729599,0.04043091466896659
synth_s_curve_k4,0.04298139417920822,0.05691640200201167,3.459422647828115,5.438959822042073e-16,0.002,1.0,0.0,0.5870364947479291,0.4980827679764997,0.0,0.08776210839634702,0.09336272303908245,2.0,0.28395123185538107,721.679,22.916029075570552,0.624960396401537,0.03826908571864709,0.04976296407110401,0.0392326237723455,0.04979616152616934,0.03925879631880734,0.8722161440960641,1.000667111661852,0.10257426229334636,2.8567338052936835,0.4948515734858078,0.45608263661361115,0.031127915689726022,0.015110882831629065,0.0576325082976493,0.08622076186613045,0.17155555555555557,0.2483863179866455,0.05444444444444444,0.07328442813727488,0.25,0.0,,,1.6147729257214152,,,0.8436590919481799,0.2854129336571335,534.7676666666666,22.751460184258494,500.0,1.8787343750397365,0.15645585446068103,4.759322415775031,0.6879315962570786,-1.364351179661706,0.18153605853199525,0.0039903930045814455,0.0048008100261144274,0.009111111111111106,0.011389403782398725,0.004444444444444455,0.005572418851078228,13.94942570148807,0.9492542222222222,1.396633401083946,0.11893769202061807,1.761116663614909,0.24332532614951144,-9.47512129793419e-10,3.8402085533603025e-10,-0.001883704533004978,0.006416659413959907,-1.7891877889633179,0.26943203724667936,0.7001002320530848,0.6879315962570787,0.06733333333333333,0.177326406604841,0.12713819467821239,0.04066666666666666,0.1975826784718496,0.31533333333333335,0.4648034535038959,3,0,0,4,0.0,3,1500,0.0,3,0,3.9413248124245808,,1.5300084260080695,3.5503044525782266,0.5087078731598013,12.423531890155518,1.0003335002197276,1.7491246966750926e-10,,-0.01178092858936385,0.019988566544821017,0.0,0.0,0.088,0.002,0.002,1.0,0.0036604513606590147,0.008121324689167665,1.0006671116618515,3.4994161530701123e-10,0.02948440871163468,0.5409853290209206,0.03667409699498968
synth_spirals_2arms_n0.10,0.09708071158376964,1.879042634304216e-05,3.169915958164528,0.0,0.0025,1.0,0.0,0.1619878009686516,,0.0,0.011295696749321071,0.00441997611910591,1.0,0.3089237145980406,399.365625,0.6238177178121189,0.4948082343764597,0.03513162370231987,0.1023126649959321,,0.10244071569752812,,0.8967428035043805,1.0012515625665808,0.14487304947865082,14.384478848807762,0.9869661039630845,0.01841911565291658,0.9029189684055614,,0.5855183438569986,,0.91875,,0.8925,,0.5,0.0,,,0.3229104645560354,,,0.8256788114229408,0.3118346192215494,199.949375,0.29376006892976797,400.0,1.3702722489833832,0.07889215691663189,4.1003965817233805,0.029443214337721513,-0.45939494356060195,0.06134685548873209,0.1603006333737652,,0.4275,,0.39125,,0.026947141951848438,0.9826546875,1.0300302245557307,0.009126276802726442,2.173688292503357,0.2115483510803066,-2.794513420667499e-10,7.618279532776651e-10,-0.0070655600720783696,0.008074879988558908,-2.1654048562049866,0.5092252200854746,0.06951937644114814,0.029443214337721513,0.685,0.45396359781934215,0.26826299354904637,0.53625,0.49899617631799037,0.34875,0.47687283118395596,2,0,0,2,0.0,1,800,0.0,2,1,44.59758905271585,,0.026240047662659482,4.3390931487083435,0.29767686900516793,0.026947141951848438,1.0006255856046162,1.4390195701412514e-10,,0.08595983775181172,0.17409705412441073,0.0,0.0,0.6675,0.0025,0.0025,1.0,-0.011596725291353019,0.03580217964339189,1.0012515625665808,2.879840036331328e-10,0.9737599523373405,0.34210922445396436,0.06402495506488734
synth_spirals_3arms_n0.05,0.08984646839493217,4.276634640392734e-05,3.169904586026478,0.0,0.002506265664160401,0.9999999999999998,0.0,0.10694934084556545,0.0005171945490642206,0.0,0.013488266588313303,0.0013866158725216215,1.584962500721156,0.32740508919104927,397.95989974937345,1.910962494709311,0.6639656183194574,0.023514713047957856,0.013103545716208708,,0.013119986842110416,,0.9308402750917444,1.0012547081727179,0.01855446333026996,19.559261426748584,0.9885627322334931,8.01375125808315e-06,0.9329943958872158,0.013122078513491094,0.6505480360252616,0.12104457125280318,0.9229323308270677,0.016060157416010377,0.8966165413533834,0.046539166929097514,0.3333333333333333,0.0,,,0.2626030244642531,,,0.869513779452334,0.28268586830739617,265.73370927318297,1.0640782443514696,399.0,1.4182125180959702,0.058198054297782915,4.673833224264789,0.0017892699655289042,-0.5498831869880281,0.06803860101775716,0.1618120898262445,0.0051219386874212505,0.45050125313283207,0.03971165884082909,0.42418546365914783,0.03130324811227267,0.02314130005054099,0.9952826929479086,1.0593737109407941,0.02204830190329544,2.048729360103607,0.17753609721310618,8.414398801786111e-10,5.1190901016043875e-11,-0.0007123209143173881,0.004041665792069115,-2.3002798557281494,0.12841841283960134,0.08103386248284483,0.0017892699655289042,0.8847117794486216,0.706160812418484,0.24094444231215528,0.8696741854636592,0.336872685347559,0.48872180451127817,0.500186284295152,2,0,0,3,0.0,2,798,0.0,2,0,38.11827091664992,,0.02287659050480345,4.349009215831757,0.04911768437350484,0.011650695998006007,1.0006271574231422,2.705290345551091e-09,,0.05133813573506414,0.21028895264346073,0.0,0.0,0.8872180451127819,0.002506265664160401,0.002506265664160401,1.0,-0.004081951669680468,0.03981616246888462,1.0012547081727179,5.413973974923889e-09,0.9772542379742855,0.3430607141149847,0.06093348926103194
synth_spirals_3arms_n0.20,0.08251047180337931,4.658477018999439e-05,3.169904586026478,0.0,0.002506265664160401,0.9999999999999998,0.0,0.1070123077544993,0.0003061856915749173,0.0,0.014081857801677752,0.0017014151516887214,1.584962500721156,0.32504492111272976,398.0576441102757,1.6828060194301993,0.6640227854645305,0.02322933081920738,0.01206655360848462,,0.012081693601108466,,0.9307270686125603,1.0012547072772464,0.01708609494712396,18.630713975874304,0.9885483966957109,6.674127639286787e-05,0.9328950138361071,0.013161166448435352,0.6594711348815534,0.11023004079233797,0.9254385964912281,0.015193428136569091,0.9028822055137845,0.040938336400801106,0.3333333333333333,0.0,,,0.26307591661533963,,,0.8701831002271602,0.28030990368336267,265.78007518796994,0.9313164381755334,399.0,1.3990429639816284,0.06455247142749765,4.669794528456331,0.0021328318878444507,-0.5412139069699966,0.06516276991290976,0.16215132719508754,0.005145276533719467,0.4530075187969924,0.03669026559387809,0.4348370927318295,0.020619652471058066,0.02316868657113914,0.9951884724342184,1.0621185259295975,0.023302472051488984,2.064487934112549,0.19620538093579476,2.802337810425158e-10,6.552306385718569e-10,-0.003939955640817061,0.0005678128386918603,-2.3033840656280518,0.15949345283407754,0.08507255829130278,0.0021328318878444507,0.8370927318295739,0.5701656551007499,0.23670410353083016,0.7180451127819549,0.4502336635449798,0.5476190476190477,0.4980394135543351,2,0,0,3,0.0,2,798,0.0,2,0,36.26118797523627,,0.022903361771565066,4.367871999740601,0.03671192810171722,0.011631760694241572,1.0006271569756873,1.1416037070895105e-09,,0.05003087581224501,0.2116629497792169,0.0,0.0,0.8195488721804511,0.002506265664160401,0.002506265664160401,1.0,-0.00399064617208751,0.03932815328014494,1.0012547072772466,2.2846393385013188e-09,0.9772277770763708,0.3421261872636157,0.0610431492803326
synth_subspace_2of20,0.01442279598244575,0.014548943972703524,2.807320320160349,4.556259157007654e-16,0.04,0.9999963566084923,5.993982041929691e-06,0.7680811572908215,0.31613801611265446,0.0,0.02351960579070754,0.06149398000073192,1.5849567260822413,0.46736767029385695,162.756,18.90083853681602,0.6457309163798791,0.00759454983711541,0.04056105532839724,0.06020498685672802,0.04064234001821971,0.060325638122730806,0.8681442885771543,1.0020040082711312,0.3247099882775762,13.94414449697449,0.9102023886243215,0.26397283695381124,0.03989352065115318,0.06250267609463964,0.007181799792900778,0.012439242131091786,0.2305389221556886,0.39930512629581905,0.13273453093812373,0.2299029515036534,0.3333333333333333,0.0011547005383792527,,,2.7500817784766927,,,0.8101467841825469,0.27929918550809824,99.332,12.52474608641062,25.0,1.376986675709486,0.1731272720880906,4.27861236595861,0.3013025470336368,-0.09337937132826267,0.4099842417684628,0.022130729344311744,0.038331547632903404,0.02395209580838324,0.041486246887877304,0.010978043912175642,0.019014529823610418,59.37043219137568,0.978852,0.966733224057218,0.11789199156356457,2.986969327926636,0.42806353156407384,2.3514949134550983e-10,1.0199389526975416e-09,-0.026613166302558965,0.13651389635823202,-2.925734692811966,0.5659514459253685,0.1136646802839812,0.3013025470336368,0.364,0.46993149409356877,0.039186555313554035,0.226,0.41865803360045106,0.316,0.4653785064961823,20,0,0,3,0.005263157894736842,2,500,16.0,20,17,23.698264343387113,,1.2798405736020602,5.912704020738602,0.8762682608126104,58.94892476136975,1.0010015026318047,1.6004346556611156e-09,1.0415818586731325,0.02621699446873162,0.21129041466265716,0.0,0.0,0.952,0.04,0.036,0.9,-0.005222901349747796,0.04974035082766835,1.002004008271131,3.204074962009146e-09,0.011734631819965301,1.0940322287077173,0.08927002067315966
synth_subspace_2of50,0.007799922577549999,0.001312872904574513,3.1699078063357136,4.266545252634245e-06,0.05,1.0,0.0,0.7140087047192919,0.43458114855203844,0.0,0.014374603624587758,0.05509630973757714,2.0,0.4937597249000173,247.763,3.344774808341889,0.7419627816597281,0.002636133855796278,0.025510317532337762,0.028848971529474608,0.02553585337958505,0.028877849382731854,0.8945465465465465,1.0010010007575076,0.2725187363706156,24.4339917305495,0.9583543761011115,0.19232604123722608,0.007650224931713943,0.007724944358371329,1.0886024240497072e-06,2.666520471678661e-06,0.001,0.0024494897427831783,0.0,0.0,0.25,0.0,,,2.9300939346732227,,,0.8709555165160778,0.231911219066963,185.538,3.232627550597328,20.0,1.3587473478913308,0.0838887051780062,5.088054623194155,0.31160684723672255,-0.044495338250605816,0.31611131457222347,0.0,0.0,0.0,0.0,0.0,0.0,96.52435909977221,0.996134,1.0020988018896262,0.038401445834361995,3.1463465309143066,0.4331893792570752,2.2775644538342022e-10,7.506259463542006e-10,0.0073303271642180335,0.04509414975372916,-3.2638165402412413,0.4504699179303138,0.08185318314155873,0.3116079343010381,0.335,0.4881008990021031,0.01613701341161379,0.22,0.4144535821678608,0.314,0.4643485970901814,50,0,0,4,0.0008163265306122449,3,1000,44.0,50,48,37.72675056330557,,1.9071468405983802,6.410163071155548,0.7633910894226219,89.62496974263931,1.000500375191088,1.381638130642691e-09,,-0.027063064869756213,0.09487967801391771,0.0,0.0,1.0,0.05,0.046,0.92,0.005471383470408031,0.026065306473225525,1.0010010007575076,2.7646589609284753e-09,0.0013413632105795245,1.6033702744803806,0.07829986079079707
synth_subspace_3of100,0.0078994871009853,0.001439561599165996,3.1699089761042734,5.320629655616201e-06,0.1,1.0,0.0,0.8800976406152999,0.16749923661502922,0.0,0.00953981937617267,0.0377101023135651,2.0,0.5296387503998977,132.74225,7.758927335069641,0.7460260255224409,0.0018648843032029443,0.025771663944909345,0.024992363741057504,0.025797461396748534,0.025017381102094685,0.903015015015015,1.0010010006265417,0.3593399412075137,35.65422104139595,0.9687754200546643,0.16085372357124014,0.008215593555417972,0.006990324340798975,3.291224409886228e-10,8.061820433213933e-10,0.004666666666666667,0.011430952132988165,0.0,0.0,0.25,0.0,,,2.560630088708283,,,0.8630312452380238,0.2452688992491183,97.62925,4.709757956361187,10.0,1.3508571308851243,0.056942272542444085,5.11381463603503,0.22285351163517805,-0.055884407394265485,0.21398916304691085,0.0,0.0,0.0,0.0,0.0,0.0,66.39530195216685,0.996517,0.9950604517448931,0.041396693545564855,3.2223104345798492,0.38435092669463217,1.5739242371637367e-11,7.102245637280379e-10,-0.0013653939494179214,0.048053430367560705,-3.1551852512359617,0.3427110169414333,0.05609434006924234,0.22285382733638062,0.385,0.4938529923270748,0.010705229742978165,0.283,0.45068183246511523,0.328,0.46971974265154814,100,0,0,4,0.00040404040404040404,3,1000,94.0,100,97,55.510317657563434,,2.379827559583088,6.377495685815811,0.6245430186391643,53.01523919060356,1.0005003751256378,1.3687650183634167e-09,1.167085509387437,0.010241281081652951,0.11624731187593229,0.0,0.0,1.0,0.1,0.09,0.9,-0.0013979455695489378,0.02671964337574782,1.0010010006265417,2.738899818989091e-09,0.0007242293350196554,2.2514197670077554,0.07898826798640522
synth_subspace_5of200,0.007735803320567477,0.0011578929550635174,3.169909106078558,5.397647716352438e-06,0.2,1.0,0.0,0.9939210997298816,0.003995547580373292,0.0,0.009483410951543788,0.040702557557562996,2.0,0.4341053983143417,70.55575,5.417400164011981,0.7446258076439703,0.001347101546288025,0.025609115888219607,0.02192054286756694,0.025634750644138792,0.021942485358279147,0.8744584584584585,1.0010010012100725,0.4771978435993298,36.411028624100595,0.9724396501560415,0.15292669137264386,0.0009973922036432918,0.0005485724757936393,0.0,0.0,0.0,0.0,0.0,0.0,0.25,0.0,,,3.0507071360442874,,,0.8459484192454843,0.27347306783616576,49.360375,2.8709804314925265,5.0,1.3577725558355451,0.07872161344088972,5.114980693573447,0.23388308603341826,-0.03655606884555805,0.2835311698427249,0.0,0.0,0.0,0.0,0.0,0.0,349.40234060102364,0.990573,1.0033010532450815,0.0559582792246865,3.2185764974355697,0.42634900853367796,-6.070112476663781e-11,8.470553435532342e-10,0.002376636131593841,0.04373684674841168,-3.218710685968399,0.4463911707238784,0.054928412505110956,0.23388346648795197,0.13,0.4890709696083664,0.0074300679862037596,0.065,0.2466492161670818,0.314,0.46434859709018134,200,0,0,4,0.00020100502512562814,3,1000,181.0,200,193,56.70982559861175,,2.963669386265706,6.437287183403969,0.7182708604295621,213.213293113262,1.0005003754172572,1.3309263097393556e-09,1.3911019187144358,-0.0020101674871035417,0.10531025296119088,1.5030045060076418e-08,1.2210156430632176e-07,1.0,0.2,0.174,0.87,0.0010086455157999313,0.02495746327708898,1.0010010012100725,2.6631845476887384e-09,1.0696048657175573e-06,3.2023633339728534,0.07735187761294283
synth_subspace_5of50,0.007904486138669717,0.0014644268413360403,3.1699078063357136,4.266545252634245e-06,0.05,1.0000000000000002,0.0,0.789819243897042,0.36937273859508213,0.0,0.028068124443232007,0.07325526899616473,2.3219280948873626,0.30862769159291914,239.18725,10.936657872628317,0.785787552978566,0.004863157090488364,0.02850524268632453,0.0527611174284061,0.02853377645408841,0.052813931348460186,0.8766606606606606,1.0010010006682162,0.4243354070990966,14.301507271600594,0.9011308284291292,0.2884809791601571,0.0051484319344409935,0.006699690157849674,1.0273941828090075e-06,3.248905672483873e-06,0.00625,0.01976423537605237,0.0,0.0,0.2,0.0,,,2.1593033103636317,,,0.8383090858158093,0.3257516586119307,189.4295,10.909348623423279,20.0,1.3579857976734637,0.16629971416309847,5.329480420028575,0.42132836530150664,-0.09156815066136137,0.38958034351422727,0.0,0.0,0.0,0.0,0.0,0.0,158.52775632017605,0.98197,0.9969450259916006,0.09262644584127783,3.117495424747467,0.6300360185338785,7.021668352535923e-11,8.744678546121202e-10,-0.020421950604068116,0.08064663885104698,-3.140159459114075,0.5645790576636154,0.16235548119450052,0.42132953220836483,0.147,0.4720259706070705,0.022863915921630718,0.084,0.2775266131761439,0.342,0.47461696267754827,50,0,0,5,0.004897959183673469,4,1000,42.0,50,47,18.52448899793035,,2.904566412172073,6.257654883861542,1.0340641465781122,117.15710221099975,1.0005003751464645,1.3977231131496165e-09,,0.015543466462016623,0.16584784059766644,2.004006008010189e-08,1.417046237802588e-07,1.0,0.05,0.044,0.88,-0.004884175133899801,0.045975075264138306,1.001001000668216,2.7968449813016075e-09,2.6391798826005915e-05,1.678328456238959,0.08682714242522624
synth_swiss_roll_k3,0.048110924216359534,0.06330058622778482,3.459422647828115,5.438959822042073e-16,0.002,0.9999999999999998,0.0,0.4715519924358119,0.5929442254001802,0.0,0.056814778258882016,0.0655493902651504,1.584962500721156,0.33808972118215763,736.5986666666666,15.732233906156099,0.6001610456022186,0.04221311369095744,0.0373174118731409,0.05353350452364417,0.037342306747115576,0.05356921735914093,0.8895779408494552,1.0006671103998073,0.0996125781040164,3.3733874401913977,0.7303168866084238,0.45300429993949365,0.1618683504797246,0.18241167891953664,0.1227096522254225,0.14961612681951098,0.25533333333333336,0.3795317290205567,0.008,0.013856406460551017,0.3333333333333333,0.0,,,1.541213367024939,,,0.8012701143904527,0.31561496185229804,489.1356666666667,13.372093571310195,500.0,1.5907048831383388,0.10262619237066778,4.574542140942879,0.5444486310623626,-1.0551720070625974,0.095754776225027,0.05562914666184752,0.09292790243920541,0.073,0.11007724560507495,0.06299999999999999,0.10825433016743484,3.847056687790543,0.9571697777777778,1.1533261055560782,0.1314354731932848,1.9356119235356648,0.17743756650067444,-8.537641002072229e-10,3.260906224676785e-10,0.04436436450729767,0.1136831464772325,-1.8406098286310832,0.09130815930981195,0.4698430076063926,0.5444486310623625,0.021333333333333333,0.1544129203088759,0.0941415541526917,0.012,0.10892157395506441,0.33066666666666666,0.4706101055755909,3,0,0,3,0.0,2,1500,0.0,3,0,6.362933132605477,,0.7963054175757879,3.776221752166748,0.0863151243934833,3.844316302393694,1.0003334995889157,1.191356638051864e-09,,-0.05721582372162822,0.17274710293365278,0.0,0.0,0.07533333333333334,0.002,0.002,1.0,0.023943702016560427,0.03793728846290392,1.0006671103998073,2.383508053008217e-09,0.2058633337586228,0.519802718580359,0.04801997891171563
synth_swiss_roll_k5,0.04640494240643731,0.06028430613742393,3.459422647828115,5.438959822042073e-16,0.002,1.0000000000000002,0.0,0.5834794822455802,0.4708435800782177,0.0,0.11244708730862878,0.0951532295074271,2.3219280948873626,0.2758959793378366,734.3226666666667,17.338773262865598,0.7261903135474373,0.02515247333724687,0.04521128315920256,0.05331545781093016,0.04524144411949891,0.05335102515934931,0.9006315321325328,1.0006671112252783,0.10877972499119616,2.99051608357574,0.5064712959236389,0.4242504667621015,0.042803530789735984,0.02449179489922522,0.04791144348389567,0.055331306635352115,0.1461666666666667,0.18147381881026323,0.010166666666666668,0.015702677290006125,0.2,0.0,,,1.3859375308272317,,,0.8629140238966341,0.2840721888450615,584.9436666666667,17.090795966252195,500.0,1.6238208562135696,0.08485232165208395,5.004920176887841,0.6551651608931416,-1.082927301363961,0.10210694307710119,0.0017521432169802843,0.0018087397805449242,0.0056666666666666645,0.005454638981614924,0.007666666666666666,0.010219806477837242,5.989890169269452,0.9720346666666667,1.1581558955319224,0.13019703361946552,1.9291536410649617,0.23456732674767988,6.525248560744028e-10,7.610792946354004e-10,0.04779944630960623,0.11469715341875526,-1.8010098139444988,0.04225126976311685,0.7764305658276376,0.6551651608931416,0.051333333333333335,0.1869593028652495,0.11598273999991732,0.028,0.16502774343748805,0.358,0.479572024014619,3,0,0,5,0.0,3,1500,0.0,3,0,3.4555467031885043,,1.464732272406457,3.7301634550094604,0.19241782115430706,4.032149753691506,1.0003335000015137,2.28795221134973e-10,,-0.05631019116462543,0.1812216517603989,0.0,0.0,0.09666666666666666,0.002,0.002,1.0,0.02350770215776181,0.036720652666338185,1.0006671112252785,4.5774297015360605e-10,0.0671093273428403,0.5245147381783086,0.04633368696996402
synth_uniform_noise_10d,0.012463220420887674,0.0026396037238480023,2.807320320160349,4.681111291435602e-16,0.02,0.9887466611496739,0.01990583046061878,0.7941328724948999,0.07128206570519284,0.0,0.027097185859708238,0.038736876228074375,1.567126380635481,0.544838754385837,140.2445,8.104007936772925,0.6197084864863607,0.05630150003841614,0.03132415840829514,0.027171669657595397,0.03138693225312287,0.027226121865251012,0.8974268537074148,1.0020040074556231,0.13076424379771034,11.519654190254483,0.863278531325026,0.20595880794098081,0.07182846120803697,0.016398528437101073,0.3975770558422132,0.18522806326217509,0.5514446061714562,0.37519786790933535,0.35107298309545504,0.34164305022764124,0.3333333333333333,0.06515622252197661,,,2.0315470451750812,,,0.7807176326469843,0.27758626229014144,88.809,9.157397138089479,50.0,1.7474540948867798,0.06654818028193377,4.238407341041327,0.21581048939996345,-1.2322662677104117,0.06440863121540168,0.0010535127695838382,0.0010262070602874913,0.003935114890171065,0.00424097947175724,0.024321880966592307,0.02037954331899554,3.7250683632936163,0.989912,1.2955786888131036,0.046996711822723955,1.684439754486084,0.040434934196330964,-1.6053381841629742e-10,6.31320237263455e-10,0.009393973601981997,0.03240988484765258,-1.7340341806411743,0.0731537131139525,0.13603935975450154,0.21581048939996345,0.352,0.4542631900536915,0.059888014436582565,0.224,0.4173396035477328,0.356,0.47929473906333214,10,0,0,3,0.0,2,500,0.0,10,0,19.636088887998863,,1.2663751712452016,3.4184739351272584,0.09019944573708531,2.487268126726078,1.0010015022244592,1.9506576169411747e-09,,-0.024556426599801288,0.06269771666393416,0.0,0.0,0.908,0.02,0.02,1.0,0.006406380922266787,0.01877817347127108,1.0020040074556233,3.9052224216368576e-09,0.12814254471762257,1.2212905011778725,0.07825946393905786
synth_uniform_noise_2d,0.012928572041747802,1.936534831307302e-06,2.8073203201603487,0.0,0.004,0.9948615027798153,0.008952484872532529,0.7786353361855185,0.07661057117717592,0.0,0.1209176311888626,0.030905587832944545,1.5768181753171038,0.29633796771770626,246.921,4.126720082253526,0.5107871284045229,0.0793197460409549,0.03699627513520205,,0.037070415925399045,,0.8579238476953908,1.0020040068878837,0.05242548496451076,2.322586786990836,0.39149517477348966,0.11616043629515274,0.07345694551730927,0.002230050066740656,0.06458801199637473,0.056644732274489004,0.14293846808297675,0.1417431811648884,0.04046242774566474,0.04046242774566474,0.3333333333333333,0.043878620458411566,,,1.9085542510042057,,,0.7573945093271186,0.3281583760878188,163.125,10.429185530118989,250.0,1.6784357130527496,0.0012129441532950193,3.7052324652920134,0.1596983421957907,-1.1496380806630366,0.004606408689505303,0.00015950060733264473,0.00021941158122040807,0.002045642219052642,0.001780526989742241,0.0028901734104046506,0.0028901734104046506,3.367951548032068,0.899004,1.2388300542673094,0.0001486583296918869,1.7484899163246155,0.03562496087862127,9.774230420589448e-10,7.395454824645937e-10,0.03470853017643094,0.022244729298046797,-1.8133315443992615,0.0020396545868362056,0.6789060301854397,0.1596983421957907,0.042,0.13795445254939662,0.1075594905737028,0.014,0.11760809209681664,0.26,0.4390735372830895,2,0,0,3,0.0,2,500,0.0,2,0,3.135064641263451,,1.218415153129564,3.561821460723877,0.033585306291785064,2.263364797870602,1.001001501940873,1.624657881901171e-10,,-0.0400328108814163,0.0014138093242889833,0.0,0.0,0.072,0.004,0.004,1.0,0.008417175352418173,0.0019588829296253267,1.0020040068878835,3.252570565468055e-10,0.1456020681030497,0.38898428521257195,0.03658902771083946
synth_varying_density_15d,0.08445204151138211,0.0300181072840412,3.4594211723539003,9.193520069792627e-16,0.01079136690647482,0.9593015494890959,0.037277063504833396,0.9822488150695542,0.014796102044018749,0.0,0.17780130947844655,0.04036504200615816,2.227429219227711,0.22102950678865063,426.61996402877696,21.572855943746053,0.6562553803828874,0.08460973885174113,0.35328006460543826,0.23339312101114015,0.35353440589974716,0.23356115065870747,0.8339968198227595,1.0007199423587034,1.6386786859432632,1.8242367556579657,0.13488275330815386,0.09822555682866017,0.0021554949835610937,0.0007835214611765543,0.0,0.0,0.0,0.0,0.0,0.0,0.2,0.0789386009985108,,,6.30441946106654,,,0.8112635718316027,0.3106284958325445,270.79694244604315,23.938556092347383,92.66666666666667,1.4094049089898666,0.43848266116729195,4.465830580244502,0.26507754707749237,-0.5736249974581995,0.7223091945233033,0.0,0.0,0.0,0.0,0.0,0.0,191.33624036128145,0.7750758242327002,0.9351806881328673,0.3286932731996659,2.249190624554952,0.5827678047929663,1.8357350112707295e-10,8.476311021694433e-10,-0.048038813595970474,0.2587358340201369,-2.4373847087224325,0.5472451857083737,1.2210198113371102,0.26507754707749237,0.005035971223021582,0.16109495135295626,0.0444400804141297,0.0,0.0,0.0,0.0,15,0,0,5,0.24761904761904763,4,1390,0.0,15,8,1.833222802966292,,3.8599077127292643,4.686575333277385,0.9149713253520798,87.39901727727063,1.0003599064130384,7.041858077722003e-10,,-0.10391424657467249,0.6108676747456876,0.0,0.0,0.0035971223021582736,0.01079136690647482,0.005035971223021582,0.4666666666666667,0.020488326675385502,0.14782012775039285,1.0007199423587034,1.4088785653532304e-09,4.914003598706075e-07,1.0137161621411248,0.13205375556778245
synth_varying_density_2d,0.1298140938409726,1.2940249013271213e-05,3.4594267386181423,0.0,0.001226993865030675,0.9786855655954867,0.01695358366878774,0.8696545132931153,0.1401310831798837,0.0,0.2081131869974301,0.04254322234561521,2.2724375108168893,0.17854790350792138,814.2383435582822,2.66590729606984,0.7064407420968023,0.0738459613915258,0.6676277136934167,,0.6680375540344048,,0.8548863204118602,1.00061387556655,0.9447477690900046,1.6161981526269082,0.12820549623536864,0.07177762039357202,0.07160827911776944,0.1219163715398554,0.1078325770306229,0.22142041559265402,0.2625116653285778,0.35779281603101337,0.17673592619584794,0.32816499834366,0.2,0.054540877933225235,,,1.4285036778569518,,,0.8193392124885153,0.3451589266755736,642.0407975460123,31.177037962417153,815.0,1.180132795125246,0.0809268961272605,4.325825325851711,0.2834768609873416,0.0013473226821758555,0.35894227662229083,0.02006969556277747,0.04544889043370402,0.0283408004382688,0.06940970423885927,0.02540043820746407,0.07386591439152172,16.711632030671513,0.9099525763107381,0.8202593966379761,0.022555105938685285,3.33596134185791,0.18408124990575694,-1.2898531976653023e-10,1.7741310249565128e-10,-0.2541962340474129,0.05684774302847877,-1.7982515096664429,0.44191763024424396,1.4060389235833206,0.2834768609873416,0.19079754601226995,0.2027290029520151,0.22474597439443786,0.1263803680981595,0.3323795231886296,0.1067484662576687,0.3088879506149317,2,0,0,5,1.0,2,1630,0.0,2,2,1.4604060958723095,,1.532234665455338,5.134212851524353,0.6259988801500009,15.249952336927372,1.0003068906923265,2.2285735349311634e-10,,0.8592620947259036,0.07080571787769997,0.0,0.0,0.19079754601226995,0.001226993865030675,0.001226993865030675,1.0,-0.18948179242845836,0.00287056526244848,1.00061387556655,4.458514620394117e-10,0.024998639016517422,0.260215631123085,0.08525815100330356
synth_varying_density_5d,0.12161314836088448,0.048380159286817166,3.1699070242463456,0.0,0.005580357142857143,0.9658657530842562,0.03543614584406618,0.8899986312335342,0.18063077842506114,0.0,0.24587085340168366,0.08403795125342328,2.2426708279758745,0.18182322616667512,425.1947544642857,26.616333464444022,0.6528737187624912,0.08468103230613308,0.2735850122859098,0.1631485200580109,0.2738906935158083,0.16333080850177784,0.8325144652833201,1.001117317408721,0.703652505501936,1.7153512354564109,0.14653999915960692,0.21468088674717095,0.005304705737752673,0.0037153376315437743,0.0,0.0,0.0,0.0,0.0,0.0,0.2,0.07506524187204537,,,3.1024923401014295,,,0.8073796661675094,0.30856747610248214,325.99776785714283,24.45306176430352,179.2,1.5397678151726724,0.5577069199211685,4.105165829763067,0.4020587026794566,-0.459375559565326,0.9511837112271,0.0,0.0,0.0,0.0,0.0,0.0,84.13831059124226,0.7807841398278061,0.9250242282845825,0.26538995309490215,2.546418786048889,1.2643927015260037,5.549233199937069e-10,5.596135171813581e-10,0.16638545282185077,0.2491412418503612,-2.281787395477295,0.4024929753163603,1.3074120224591539,0.4020587026794566,0.008928571428571428,0.1005536301354859,0.04881255017394348,0.0,0.0,0.0,0.0,5,0,0,5,0.1,4,896,0.0,5,2,1.424566219212184,,3.2662726887335882,4.828206181526184,1.5667419905469562,35.849172627172585,1.000558502741704,1.263096333740228e-09,1.5985640788077047,-0.17893651636293076,0.42859295483779436,0.0,0.0,0.008928571428571428,0.005580357142857143,0.004464285714285714,0.8,0.0546500473042205,0.07700357726177111,1.001117317408721,2.5276035533283963e-09,3.035111909337222e-05,0.5563562566041572,0.10060492393211638
text_20ng_all,0.021645318897960807,0.0031853552618815026,4.0833162926119835,0.006858193760563419,0.01,0.9981018881544904,0.0006007573748390005,0.5044782321263807,0.20622145038336434,0.0,0.017311779900392954,0.014236595167603505,4.3137245919750145,0.35455219935132876,2194.29805,312.07453950513,0.9489756857339137,0.004967573633791471,0.012030442838068214,0.011593108287734605,0.012032849404966461,0.011595427387011446,0.9771805561112222,1.0002000394454837,0.11813840247242219,23.779914555745314,0.8873198261767165,0.11800387398574716,0.12275092258511737,0.05135100205482526,1.373428333982945e-07,6.246917514836989e-07,0.7411847837588978,0.1488879508501006,0.04958174713691156,0.05997502481813575,0.049999999999999996,0.005357532817887058,,,3.1776325648417947,,,0.9633802034905994,0.15568697080760563,2080.36155,299.83392718240776,100.0,1.0141609049588443,0.12087986005790119,8.215638862226376,0.1443153892060713,4.4467444156913505,4.448559169130543,0.041640793786919365,0.03397142285548468,0.05062344066439384,0.04230488855573578,0.046766168535543655,0.043511148562288694,10.426938183282438,0.9993446,0.7514300560930173,0.08899448854822817,6.428825731277466,1.5094348835814708,-3.2753273444541265e-11,4.2120234166499415e-10,-0.00866558668887592,0.03104970692292998,-5.516058750152588,1.286080325011045,0.18140202236062294,0.14368666938896962,0.693,,,0.588,0.49224431016739895,0.6086,0.4881123751126861,50,0,0,20,0.0,19,5000,0.0,50,50,21.50976168553649,,5.600958605865743,11.944884481430053,2.023709040790009,1.9389519493668619,1.0001000147212695,1.0472880847297994e-09,,0.31551985255970555,0.6096435014339276,6.961888950010509e-06,1.5867536317482492e-08,0.894,0.01,0.0094,0.94,-0.01617006609375365,0.03247454389636183,1.0002000394454835,2.094785672480813e-09,0.0005962462724876328,0.8331634917994323,0.17112714967565354
text_20ng_comp,0.018602811425113486,0.004926941059917377,3.582406461639695,0.004010872100609754,0.025,0.9997477695703836,0.0002554326455349587,0.6506371414099255,0.08764339519919331,0.0,0.007853760393989355,0.00953024855831466,2.3213424339664503,0.5124429559395025,695.044,131.96181772455466,0.7991571519587574,0.006624985897099345,0.01698015436899428,0.014839019484054495,0.016988648697406628,0.014846442726993403,0.935016008004002,1.0005002501540352,0.1595072277481236,36.2656768539785,0.9643943730740445,0.06748431183591655,0.1587386749411192,0.04073983741997613,5.420351406277331e-06,1.4995454290152693e-05,0.8726344207444683,0.09551508259993417,0.4170995448363731,0.1213124398732261,0.2,0.006383572667401848,,,2.205816152390058,,,0.9028114589832705,0.20843563236469065,552.853375,105.72464630303723,40.0,1.096090208888054,0.0996333258329732,5.83973954474491,0.08287478950081244,5.877282058393631,25.18273771426586,0.07950399801148492,0.030115551921934748,0.09198013588479158,0.03824288700484266,0.07992332851230509,0.035985503653111386,3.2653953742638366,0.998382,0.8125263313896479,0.07575476801992335,5.276948909759522,2.2332906921939983,-7.631120297446613e-11,6.058487305117297e-10,-0.020704666162491777,0.0410888874415912,-4.080949282646179,0.742131649011087,0.06400935086123422,0.08292203158619904,0.5795,,,0.4535,0.49795755930142555,0.4805,0.49974455706006,50,0,0,5,0.0,4,2000,0.0,50,50,54.96692379221263,,1.7163588532944434,9.3578981924057,2.074909545943655,1.4280321222469683,1.0002500938035621,1.480887061041973e-09,,0.49127693750523416,1.4138044321323622,1.680961476171359e-05,3.7808962503838403e-08,0.875,0.025,0.0235,0.94,-0.02143221929473574,0.038545712848523296,1.0005002501540348,2.9625148432650854e-09,0.09912262414502199,1.0682605226300244,0.18299666010611754
text_20ng_politics,0.018241371771385757,0.0034788994165272456,3.583003104653478,0.0036524697603247834,0.025,0.9890110371890045,0.01277870790749669,0.6636417240010489,0.09440607688386178,0.0,0.007564372905649506,0.012226709658848624,1.978022074378009,0.5336983128848296,797.948875,140.09561521309416,0.7420924769935571,0.04058143002283657,0.015616643541815646,0.015575233884874596,0.015624455771933369,0.015583025414164453,0.9208739369684842,1.0005002501180358,0.15600578035768467,32.40859443417113,0.9733778024497842,0.07096217131376145,0.18114906375448125,0.04179115416526756,1.2634666453195274e-07,2.655140002571543e-07,0.8528081351989479,0.07635868614265333,0.3860203172473928,0.12989933294164446,0.25,0.04965883607174055,,,2.0147288456450094,,,0.8873514442920699,0.20313388759455725,590.34975,111.64144351009175,40.0,0.9911416313797236,0.16060983193195472,5.499991304872094,0.10104567227938445,5.495357566463382,5.507955080659742,0.07813694248839963,0.028013236202709985,0.10945848209285541,0.04520706546906433,0.0796033484754624,0.030228808123209595,2.6363527854578956,0.997457,0.7348153991260663,0.11996554541396455,6.049565124511719,1.5775729986138287,7.779846214361897e-11,6.173256916460034e-10,-0.01865452918369556,0.04011130667809469,-4.48999124288559,1.0679062743831869,0.061033874159393126,0.10089093319016372,0.4645,,,0.369,0.4826546153709394,0.429,0.495057108594943,50,0,0,4,0.0,3,2000,0.0,50,50,57.705156013794564,,1.3390860282104564,10.539556367397308,1.9075137448133266,1.4121985246154671,1.000250093785567,1.7119787208348618e-09,,0.5986578399921814,0.8437030130010663,1.5748276322215393e-05,5.270334669919358e-08,0.7685,0.025,0.0235,0.94,-0.025300563343093628,0.04189649167391546,1.0005002501180358,3.424813711359535e-09,0.1602554061912193,0.941899137277842,0.18774882223434697
text_20ng_rec,0.0232261856191349,0.002968657659565687,3.5790563678359875,0.007187493916667436,0.025,0.9999798365190038,2.4931244590908896e-05,0.7549805283505838,0.07372654547629776,0.0,0.007687970399159696,0.014167368608301667,1.9999596730380076,0.5020685304871565,776.466125,141.08915960914211,0.7484145410413103,0.0035077505195344394,0.01909352686250363,0.01694680548665856,0.0191030783974221,0.01695528311490496,0.9142811405702851,1.0005002500376319,0.18057886793402375,30.793749082109137,0.9643688288322155,0.10371192585116001,0.12252280536277611,0.03874402524078637,2.2924255557975518e-07,5.046508236556927e-07,0.6229534004793956,0.20578318845741783,0.2098949912386977,0.2222698888908662,0.25,0.0021602468994692888,,,2.212865159080615,,,0.8797461585299262,0.22678216692983524,576.782875,107.12013801670876,40.0,1.0313068679720163,0.13640147560652657,5.5140691041529974,0.12557307702173348,5.0101161870701105,8.233264838954504,0.04101166966860148,0.024898167318055046,0.056337868472802234,0.028140100989648198,0.04433891794704018,0.028682266007845496,4.355543475410946,0.99744375,0.7661455371079988,0.10153374758445395,5.697483382225037,2.0982443466644756,9.716912245494314e-11,5.424770866401314e-10,-0.011962159898985192,0.03561133781291049,-4.590316367149353,1.2872003038591429,0.0649469367209972,0.12630696812001124,0.422,,,0.333,0.4714044028809317,0.4625,0.49871646158366106,50,0,0,4,0.0,3,2000,0.0,50,50,54.107393027805216,,1.7208580015813175,10.28779974937439,2.2314386794438796,2.092426755760012,1.0002500937453753,1.4683412047955621e-09,,0.34019748756752066,0.9669774864083771,2.0041644147360482e-05,5.3584244063971234e-08,0.8125,0.025,0.0235,0.94,-0.018844183921294673,0.03552483045747072,1.000500250037632,2.9374168792836456e-09,0.07249822425034293,0.9735912117768256,0.19383594362308146
text_20ng_science,0.01844520489802172,0.003343365269493694,3.5815039997287728,0.005031797512813494,0.025,0.9992577431877532,0.0009434289783866179,0.7545627545418977,0.027184940847416524,0.0,0.009764190991243257,0.014804361367591124,1.9985154863755064,0.5025479229355229,781.665375,141.52033272739297,0.7483829187241705,0.012627450613047748,0.015948186674373876,0.01649548656539442,0.01595616475587385,0.016503738421950784,0.9160275137568784,1.0005002502675726,0.16228835910176806,25.586858123021088,0.9635115567650172,0.08315219102004115,0.1263155318833904,0.01164974540568755,1.0658977625442306e-08,1.5292305873605546e-08,0.7865050964786849,0.08923953309660777,0.27352828025628845,0.15311493487696037,0.25,0.013197221929886115,,,2.069450371313459,,,0.8820859279775464,0.21523825470781371,581.476,107.1149087614067,40.0,1.036787192504853,0.1868397479336875,5.501912378277023,0.11593771688175486,6.441462684915348,11.533271903815146,0.04846180430422455,0.011658441051561101,0.0623314547511332,0.010548070832987285,0.05157989677154575,0.012838779115236842,4.0178486556225845,0.99672475,0.7671095811216077,0.1389808360685627,5.767158885002136,1.9648547202736049,7.60344119044021e-11,5.865753375900107e-10,-0.02134051866723894,0.04223676794440682,-4.542555859088898,1.3573435038420238,0.0781071078272559,0.11672649299057021,0.3795,,,0.286,0.4520023817155593,0.422,0.49400204352766075,50,0,0,4,0.0,3,2000,0.0,50,50,44.853752614291366,,1.7095728936433239,10.309714744091034,2.223723582415132,1.5818234713336798,1.000250093860317,2.3124037141399883e-09,,0.5869500662630828,1.444884441344038,1.6286404294319204e-05,6.400423955188625e-08,0.737,0.025,0.0235,0.94,-0.023183731957429825,0.04119768636988115,1.0005002502675726,4.62596407282425e-09,0.07885281410487448,0.9718943554384863,0.1944204639621643
