gid,src,algo,nmi,n_clusters,entropy,gini,cluster_size_min,cluster_size_max,cluster_size_mean,cluster_size_std,size_ratio,imbalance,graph_n_nodes,graph_n_edges,graph_density,graph_avg_degree,graph_degree_std,within_edge_fraction,modularity,conductance_mean,conductance_min,conductance_max,cluster_density_mean,cluster_density_std,normalized_cut,coverage
dc_0_s0,dcsbm,Louv,0.48387620826000044,80,3.4035311010856653,0.9184722222222222,1.0,39.0,3.0,7.049822692805827,0.02564102564102498,2.349940897601159,240,1455,0.05073221757322176,12.125,9.20422231007777,0.3635738831615118,0.24626232566927647,0.9191105695367874,0.439728353140916,0.9999999999999656,0.3888975448840569,0.4685997025848208,0.6364261168384876,0.3635738831615118
dc_0_s0,dcsbm,Leid,1.0,3,1.0986122886651097,0.6666666666666667,80.0,80.0,80.0,0.0,0.9999999999999876,0.0,240,1455,0.05073221757322176,12.125,9.20422231007777,0.9278350515463911,0.5944244871931129,0.07217973147109503,0.07024793388429745,0.07450157397691493,0.1424050632911392,0.0023254649456802335,0.0721649484536082,0.9278350515463911
dc_0_s0,dcsbm,Louv,1.0,3,1.0986122886651097,0.6666666666666667,80.0,80.0,80.0,0.0,0.9999999999999876,0.0,240,1455,0.05073221757322176,12.125,9.20422231007777,0.9278350515463911,0.5944244871931129,0.07217973147109503,0.07024793388429745,0.07450157397691493,0.1424050632911392,0.0023254649456802335,0.0721649484536082,0.9278350515463911
dc_0_s0,dcsbm,Leid,1.0,3,1.0986122886651097,0.6666666666666667,80.0,80.0,80.0,0.0,0.9999999999999876,0.0,240,1455,0.05073221757322176,12.125,9.20422231007777,0.9278350515463911,0.5944244871931129,0.07217973147109503,0.07024793388429745,0.07450157397691493,0.1424050632911392,0.0023254649456802335,0.0721649484536082,0.9278350515463911
dc_0_s0,dcsbm,Louv,1.0,3,1.0986122886651097,0.6666666666666667,80.0,80.0,80.0,0.0,0.9999999999999876,0.0,240,1455,0.05073221757322176,12.125,9.20422231007777,0.9278350515463911,0.5944244871931129,0.07217973147109503,0.07024793388429745,0.07450157397691493,0.1424050632911392,0.0023254649456802335,0.0721649484536082,0.9278350515463911
dc_0_s0,dcsbm,Leid,1.0,3,1.0986122886651097,0.6666666666666667,80.0,80.0,80.0,0.0,0.9999999999999876,0.0,240,1455,0.05073221757322176,12.125,9.20422231007777,0.9278350515463911,0.5944244871931129,0.07217973147109503,0.07024793388429745,0.07450157397691493,0.14240506329113922,0.0023254649456802335,0.0721649484536082,0.9278350515463911
dc_0_s0,dcsbm,Louv,1.0,3,1.0986122886651097,0.6666666666666667,80.0,80.0,80.0,0.0,0.9999999999999876,0.0,240,1455,0.05073221757322176,12.125,9.20422231007777,0.9278350515463911,0.5944244871931129,0.07217973147109503,0.07024793388429745,0.07450157397691493,0.1424050632911392,0.0023254649456802335,0.0721649484536082,0.9278350515463911
dc_0_s0,dcsbm,Leid,1.0,3,1.0986122886651097,0.6666666666666667,80.0,80.0,80.0,0.0,0.9999999999999876,0.0,240,1455,0.05073221757322176,12.125,9.20422231007777,0.9278350515463911,0.5944244871931129,0.07217973147109503,0.07024793388429745,0.07450157397691493,0.1424050632911392,0.0023254649456802335,0.0721649484536082,0.9278350515463911
dc_0_s0,dcsbm,Louv,0.9691978911352443,4,1.1520237713938344,0.6747569444444445,3.0,80.0,60.0,32.91656118126558,0.037499999999999534,0.5486093530210838,240,1455,0.05073221757322176,12.125,9.20422231007777,0.9216494845360819,0.5923397220155644,0.22268320502463773,0.07024793388429745,0.6666666666666297,0.3586042122433694,0.370322925299065,0.07835051546391748,0.9216494845360819
dc_0_s0,dcsbm,Leid,0.9691978911352443,4,1.1520237713938342,0.6747569444444443,3.0,80.0,60.0,32.91656118126558,0.037499999999999534,0.5486093530210838,240,1455,0.05073221757322176,12.125,9.20422231007777,0.9216494845360819,0.5923397220155643,0.22268320502463773,0.07024793388429745,0.6666666666666297,0.35860421224336936,0.37032292529906496,0.07835051546391748,0.9216494845360819
dc_0_s0,dcsbm,Louv,0.7932953251794453,6,1.6711312199482322,0.7977083333333334,9.0,71.0,40.0,18.49324200890693,0.1267605633802799,0.46233105022266163,240,1455,0.05073221757322176,12.125,9.20422231007777,0.6982817869415803,0.48608259231704876,0.39950920018397645,0.10694597574421157,0.7377049180327747,0.19190039388813884,0.022050389572844834,0.30171821305841906,0.6982817869415803
dc_0_s0,dcsbm,Leid,0.7644401917192414,6,1.6955789296521673,0.7976041666666667,20.0,78.0,40.0,18.520259177452136,0.25641025641025317,0.4630064794362918,240,1455,0.05073221757322176,12.125,9.20422231007777,0.6790378006872848,0.47635195616490117,0.39474705452188513,0.0764331210191082,0.584745762711862,0.20398631704688094,0.03838338407028808,0.3209621993127146,0.6790378006872848
dc_0_s0,dcsbm,Louv,0.5335379325415348,20,2.9231415401066023,0.9431944444444444,4.0,19.0,12.0,4.427188724235731,0.21052631578946263,0.36893239368628017,240,1455,0.05073221757322176,12.125,9.20422231007777,0.3395189003436424,0.28315915022260013,0.6802208169950166,0.5481171548117132,0.8235294117646939,0.40709663874135726,0.16888181179601292,0.6604810996563569,0.3395189003436424
dc_0_s0,dcsbm,Leid,0.5291005195706231,21,2.996277517401311,0.9480208333333333,4.0,19.0,11.428571428571429,3.45820526768863,0.21052631578946263,0.30259296092272864,240,1455,0.05073221757322176,12.125,9.20422231007777,0.33470790378006854,0.2821312927339072,0.6770730564630096,0.5855855855855829,0.8181818181817996,0.4055567689800191,0.10673324342222529,0.6652920962199309,0.33470790378006854
dc_0_s0,dcsbm,Louv,0.4411710013098196,44,3.7362392962710493,0.9750347222222222,3.0,11.0,5.454545454545454,1.7116518530693392,0.27272727272724795,0.3138028397293213,240,1455,0.05073221757322176,12.125,9.20422231007777,0.22268041237113387,0.1980935510917443,0.7814314569209596,0.6629213483145994,0.9318181818181713,0.6487996851632265,0.2027501249910563,0.7773195876288654,0.22268041237113387
dc_0_s0,dcsbm,Leid,0.4395957019589364,42,3.6811673978367865,0.9735069444444444,2.0,11.0,5.714285714285714,1.9184035312841605,0.18181818181816528,0.33572061797466934,240,1455,0.05073221757322176,12.125,9.20422231007777,0.2384879725085909,0.21214274748763004,0.7720467850599252,0.6060606060606015,0.9599999999999808,0.6303975125402678,0.1897859806113586,0.7615120274914084,0.2384879725085909
dc_0_s0,dcsbm,GMod,1.0,3,1.0986122886651097,0.6666666666666667,80.0,80.0,80.0,0.0,0.9999999999999876,0.0,240,1455,0.05073221757322176,12.125,9.20422231007777,0.9278350515463911,0.5944244871931129,0.07217973147109503,0.07024793388429745,0.07450157397691493,0.14240506329113922,0.0023254649456802335,0.0721649484536082,0.9278350515463911
dc_1_s0,dcsbm,Louv,0.5217611712981576,38,2.203007976661354,0.8003125,1.0,79.0,6.315789473684211,16.210953514535028,0.012658227848101106,2.5667343064676396,240,1253,0.043688981868898184,10.441666666666666,7.243728130059978,0.5546687948922582,0.3150214425522402,0.889179819137449,0.2923777019340156,0.9999999999999333,0.21893149039441925,0.35379189306439285,0.4453312051077411,0.5546687948922582
dc_1_s0,dcsbm,Leid,0.0,1,-1.000088900581841e-12,0.0,240.0,240.0,240.0,0.0,0.9999999999999959,0.0,240,1253,0.043688981868898184,10.441666666666666,7.243728130059978,0.9999999999999992,0.0,0.0,0.0,0.0,0.043688981868898184,0.0,0.0,0.9999999999999992
dc_1_s0,dcsbm,Louv,0.4470886423618927,46,2.5671057638021675,0.826875,1.0,77.0,5.217391304347826,13.768131197550662,0.01298701298701282,2.638891812863371,240,1253,0.043688981868898184,10.441666666666666,7.243728130059978,0.47885075818036676,0.2788939426461887,0.8729333564847976,0.28087167070217883,0.9999999999999475,0.4267466135244362,0.4528844773666073,0.5211492418196325,0.47885075818036676
dc_1_s0,dcsbm,Leid,0.9236691595979708,3,1.0982456846436999,0.666423611111111,77.0,82.0,80.0,2.160246899469287,0.9390243902438911,0.02700308624336575,240,1253,0.043688981868898184,10.441666666666666,7.243728130059978,0.7821229050279324,0.448374818233526,0.2182326835347798,0.20410490307867707,0.23341523341523313,0.10356207063880717,0.006819344338005581,0.2178770949720669,0.7821229050279324
dc_1_s0,dcsbm,Louv,0.9277009001632197,4,1.1372106263387574,0.6718402777777778,2.0,81.0,60.0,33.54847239443251,0.024691358024691055,0.5591412065738658,240,1253,0.043688981868898184,10.441666666666666,7.243728130059978,0.7813248204309651,0.4488674905685254,0.31371567572209175,0.20410490307867707,0.59999999999988,0.32882066276778116,0.38754810202036155,0.21867517956903415,0.7813248204309651
dc_1_s0,dcsbm,Leid,0.9077012163798442,4,1.1368919955026604,0.6716319444444444,2.0,82.0,60.0,33.59315406448165,0.024390243902438727,0.5598859010746848,240,1253,0.043688981868898184,10.441666666666666,7.243728130059978,0.7813248204309651,0.4488649428124297,0.31369884287626926,0.20410490307867707,0.59999999999988,0.32895966088014256,0.3874903204499873,0.21867517956903415,0.7813248204309651
dc_1_s0,dcsbm,Louv,0.824436332249266,4,1.1352466939050294,0.6705208333333332,2.0,87.0,60.0,33.830459648074545,0.022988505747126173,0.5638409941345663,240,1253,0.043688981868898184,10.441666666666666,7.243728130059978,0.7797286512370306,0.4461206910278858,0.31541735158214285,0.20131291028446366,0.59999999999988,0.32883824100195014,0.38756155800715675,0.22027134876296872,0.7797286512370306
dc_1_s0,dcsbm,Leid,0.9077012163798442,4,1.1368919955026604,0.6716319444444444,2.0,82.0,60.0,33.59315406448165,0.024390243902438727,0.5598859010746848,240,1253,0.043688981868898184,10.441666666666666,7.243728130059978,0.7813248204309651,0.4488649428124297,0.31369884287626926,0.20410490307867707,0.59999999999988,0.32895966088014256,0.3874903204499873,0.21867517956903415,0.7813248204309651
dc_1_s0,dcsbm,Louv,0.619337202227191,8,1.8988426624712567,0.8307291666666667,4.0,68.0,30.0,17.853571071357123,0.058823529411763845,0.5951190357118843,240,1253,0.043688981868898184,10.441666666666666,7.243728130059978,0.5538707102952909,0.37698764784150923,0.5261518931869168,0.25304465493910655,0.666666666666639,0.23741321954655858,0.16944093607235194,0.4461292897047084,0.5538707102952909
dc_1_s0,dcsbm,Leid,0.6391385381462802,7,1.8735547706504745,0.8385763888888889,12.0,48.0,34.285714285714285,12.360239083613296,0.24999999999999478,0.36050697327204395,240,1253,0.043688981868898184,10.441666666666666,7.243728130059978,0.5642458100558655,0.39139361621493884,0.48677204135774516,0.368043087971274,0.7045454545454466,0.16279009317474818,0.019859533549753318,0.4357541899441338,0.5642458100558655
dc_1_s0,dcsbm,Louv,0.4320544719232244,15,2.581083323464474,0.9153819444444444,4.0,40.0,16.0,8.302610031389728,0.0999999999999975,0.5189131269618256,240,1253,0.043688981868898184,10.441666666666666,7.243728130059978,0.4197924980047882,0.326705770476475,0.6316913778197797,0.4215246636771291,0.8235294117646816,0.28000478824007247,0.08610444122253944,0.5802075019952111,0.4197924980047882
dc_1_s0,dcsbm,Leid,0.4491445581018829,16,2.721883845690515,0.9315277777777777,6.0,26.0,15.0,4.636809247747852,0.2307692307692219,0.30912061651650286,240,1253,0.043688981868898184,10.441666666666666,7.243728130059978,0.3886671987230644,0.31639468308780405,0.6308546661945813,0.5060975609756082,0.7288135593220215,0.2921401157536937,0.0789417500829533,0.6113328012769349,0.3886671987230644
dc_1_s0,dcsbm,Louv,0.3922265341676963,29,3.309302816007597,0.9615972222222222,4.0,13.0,8.275862068965518,2.790334941261229,0.307692307692284,0.3371654720690244,240,1253,0.043688981868898184,10.441666666666666,7.243728130059978,0.2905027932960892,0.2509284978621142,0.724026251020913,0.6153846153846095,0.8611111111110992,0.42928603963083917,0.13352383302174836,0.7094972067039101,0.2905027932960892
dc_1_s0,dcsbm,Leid,0.41452454306851066,25,3.1657984323675485,0.955625,5.0,18.0,9.6,3.1749015732775088,0.27777777777776236,0.33071891388303937,240,1253,0.043688981868898184,10.441666666666666,7.243728130059978,0.3200319233838785,0.2736716795890978,0.6951739556988464,0.5517241379310314,0.8571428571428418,0.3879616461969252,0.10782580649684258,0.6799680766161208,0.3200319233838785
dc_1_s0,dcsbm,Louv,0.36764542208342826,51,3.8753328187614335,0.9782291666666667,2.0,8.0,4.705882352941177,1.5629800300689909,0.24999999999996875,0.33213325638958996,240,1253,0.043688981868898184,10.441666666666666,7.243728130059978,0.2170790103750996,0.19548518511677332,0.7903688985072973,0.6666666666666445,0.9591836734693682,0.6485994397757368,0.22274024745445448,0.7829209896248996,0.2170790103750996
dc_1_s0,dcsbm,Leid,0.3692832078295584,49,3.8440834791566942,0.9776388888888888,2.0,8.0,4.8979591836734695,1.515160097409844,0.24999999999996875,0.30934518655444665,240,1253,0.043688981868898184,10.441666666666666,7.243728130059978,0.22984836392657604,0.20740040343717778,0.7764516646876222,0.6470588235294022,0.9591836734693682,0.6379494655003615,0.19279708969333503,0.7701516360734232,0.22984836392657604
dc_1_s0,dcsbm,GMod,0.9061913980128213,5,1.190511833271534,0.679861111111111,2.0,81.0,48.0,37.20215047547655,0.024691358024691055,0.775044801572412,240,1253,0.043688981868898184,10.441666666666666,7.243728130059978,0.7773343974461288,0.44846398969687445,0.39460284831122394,0.2054794520547943,0.7142857142856632,0.39752534228459147,0.371150215488093,0.22266560255387055,0.7773343974461288
dc_2_s0,dcsbm,Louv,0.2573607430174988,79,4.017763885237421,0.9646180555555556,1.0,37.0,3.037974683544304,4.070402704472159,0.027027027027026296,1.3398408902216445,240,1108,0.038633193863319384,9.233333333333333,5.315438729671229,0.22472924187725613,0.17725574750094494,0.8406069669252021,0.59999999999988,0.9999999999999413,0.7323031892647504,0.3683698706763076,0.775270758122743,0.22472924187725613
dc_2_s0,dcsbm,Leid,0.0,1,-1.000088900581841e-12,0.0,240.0,240.0,240.0,0.0,0.9999999999999959,0.0,240,1108,0.038633193863319384,9.233333333333333,5.315438729671229,0.9999999999999992,0.0,0.0,0.0,0.0,0.038633193863319384,0.0,0.0,0.9999999999999992
dc_2_s0,dcsbm,Louv,0.22231037007417948,64,3.32515573985199,0.8928472222222222,1.0,74.0,3.75,9.076067430335673,0.013513513513513332,2.420284648088867,240,1108,0.038633193863319384,9.233333333333333,5.315438729671229,0.3240072202166062,0.19729013801821993,0.8491434872230128,0.44565217391304285,0.9999999999999413,0.5671523406965269,0.42658731421968443,0.6759927797833929,0.3240072202166062
dc_2_s0,dcsbm,Leid,0.0,1,-1.000088900581841e-12,0.0,240.0,240.0,240.0,0.0,0.9999999999999959,0.0,240,1108,0.038633193863319384,9.233333333333333,5.315438729671229,0.9999999999999992,0.0,0.0,0.0,0.0,0.038633193863319384,0.0,0.0,0.9999999999999992
dc_2_s0,dcsbm,Louv,0.16268091827857287,7,1.8919099355495612,0.8444444444444444,12.0,43.0,34.285714285714285,10.222025039999039,0.27906976744185397,0.29814239699996326,240,1108,0.038633193863319384,9.233333333333333,5.315438729671229,0.4620938628158841,0.3065496748295951,0.5508961471543481,0.5077720207253873,0.6458333333333266,0.13998002711064364,0.05212310528171793,0.5379061371841151,0.4620938628158841
dc_2_s0,dcsbm,Leid,0.2673169336309988,5,1.576216519614201,0.7874305555555556,28.0,65.0,48.0,12.033287165193059,0.4307692307692242,0.25069348260818347,240,1108,0.038633193863319384,9.233333333333333,5.315438729671229,0.5397111913357396,0.3250938367501206,0.47506163884276303,0.4032258064516122,0.5624999999999978,0.10773063127847479,0.02078860929506716,0.46028880866425953,0.5397111913357396
dc_2_s0,dcsbm,Louv,0.18583203526656059,8,1.9991855340244489,0.8565625,12.0,42.0,30.0,11.521718621802913,0.2857142857142789,0.38405728739341766,240,1108,0.038633193863319384,9.233333333333333,5.315438729671229,0.4512635379061368,0.307472973061033,0.5698794773778626,0.5011990407673849,0.654676258992801,0.15918182657828034,0.06100278424053694,0.5487364620938624,0.4512635379061368
dc_2_s0,dcsbm,Leid,0.1889598970657252,7,1.9335761935063347,0.8535416666666666,27.0,44.0,34.285714285714285,5.443588252359328,0.6136363636363497,0.15877132402714245,240,1108,0.038633193863319384,9.233333333333333,5.315438729671229,0.4720216606498191,0.3252771116526998,0.5325517115089787,0.4772182254196631,0.570957095709569,0.13267553206371918,0.023385518009341095,0.5279783393501801,0.4720216606498191
dc_2_s0,dcsbm,Louv,0.1457394224576693,14,2.5772761082481854,0.9204513888888889,7.0,25.0,17.142857142857142,5.779979521183974,0.2799999999999888,0.3371654720690455,240,1108,0.038633193863319384,9.233333333333333,5.315438729671229,0.3808664259927795,0.29844077858436835,0.6325670504324805,0.5774647887323917,0.733333333333317,0.2238117026960425,0.05651001599391311,0.6191335740072197,0.3808664259927795
dc_2_s0,dcsbm,Leid,0.18947499655531566,16,2.707944451625319,0.9294791666666666,6.0,27.0,15.0,5.373546315051169,0.222222222222214,0.35823642100338743,240,1108,0.038633193863319384,9.233333333333333,5.315438729671229,0.3799638989169672,0.3043646307132897,0.6365696661705297,0.5190839694656468,0.7199999999999855,0.2540793906768837,0.07259560347808851,0.620036101083032,0.3799638989169672
dc_2_s0,dcsbm,Louv,0.2177341619308859,23,3.0776340609126946,0.9514583333333333,6.0,19.0,10.434782608695652,3.560973083381438,0.3157894736841939,0.34125992049068843,240,1108,0.038633193863319384,9.233333333333333,5.315438729671229,0.3258122743682308,0.27530293305008535,0.6887352758106253,0.5544041450777174,0.7777777777777634,0.3352514444619585,0.1140317318712765,0.6741877256317684,0.3258122743682308
dc_2_s0,dcsbm,Leid,0.16974011351248844,21,2.9964154338725617,0.9482638888888889,4.0,16.0,11.428571428571429,3.3604340503575907,0.2499999999999844,0.29403797940626347,240,1108,0.038633193863319384,9.233333333333333,5.315438729671229,0.34115523465703945,0.2871099095517992,0.6725419967153121,0.599999999999996,0.7999999999999734,0.30639334210761715,0.07823262737969984,0.6588447653429598,0.34115523465703945
dc_2_s0,dcsbm,Louv,0.18428151374840054,33,3.4393505277037844,0.9663541666666666,3.0,12.0,7.2727272727272725,2.415514591924804,0.24999999999997916,0.33213325638961494,240,1108,0.038633193863319384,9.233333333333333,5.315438729671229,0.2851985559566785,0.2510491469978756,0.724872977618575,0.638095238095232,0.8571428571428367,0.46593423411600093,0.20199768675803884,0.7148014440433207,0.2851985559566785
dc_2_s0,dcsbm,Leid,0.2067309188519852,34,3.4962947236353026,0.9688194444444445,4.0,11.0,7.0588235294117645,1.7310516434779013,0.36363636363633056,0.2452323161593346,240,1108,0.038633193863319384,9.233333333333333,5.315438729671229,0.2779783393501803,0.24593048260761896,0.7272189666113081,0.6249999999999936,0.8333333333333102,0.43366225277987175,0.1118027062034023,0.7220216606498189,0.2779783393501803
dc_2_s0,dcsbm,Louv,0.1919162222188423,52,3.8778903030102425,0.9778472222222222,2.0,9.0,4.615384615384615,1.799079317465615,0.22222222222219754,0.38980051878413213,240,1108,0.038633193863319384,9.233333333333333,5.315438729671229,0.23465703971119115,0.2126522403524091,0.7783556911108995,0.6338028169013996,0.91304347826083,0.6588217338215583,0.24066151851965825,0.765342960288808,0.23465703971119115
dc_2_s0,dcsbm,Leid,0.2185488193668075,49,3.848343464051447,0.9778472222222222,2.0,8.0,4.8979591836734695,1.4320656973754153,0.24999999999996875,0.29238007988075426,240,1108,0.038633193863319384,9.233333333333333,5.315438729671229,0.24097472924187704,0.21839241030119,0.7646045133760137,0.6818181818181663,0.9199999999999633,0.6111758989308743,0.20390309882478772,0.7590252707581221,0.24097472924187704
dc_2_s0,dcsbm,GMod,0.062474831147884116,7,1.779964948433272,0.8126736111111111,10.0,64.0,34.285714285714285,19.128992847166284,0.15624999999999759,0.5579289580423337,240,1108,0.038633193863319384,9.233333333333333,5.315438729671229,0.48826714801444004,0.2892794771207757,0.5725635832156455,0.42985074626865605,0.7264957264957204,0.15428707817384774,0.08031765279419036,0.5117328519855592,0.48826714801444004
dc_3_s0,dcsbm,Louv,0.9894489329632017,5,1.6093823543012424,0.7999777777777778,59.0,61.0,60.0,0.6324555320336759,0.9672131147540824,0.010540925533894421,300,1250,0.027870680044593088,8.333333333333334,6.02734509455771,0.8551999999999994,0.6546441599999999,0.1447264202339021,0.13692946058091257,0.15514018691588755,0.12093761677094206,0.008348470417589564,0.1447999999999999,0.8551999999999994
dc_3_s0,dcsbm,Leid,0.9894489329632018,5,1.6093823543012424,0.7999777777777778,59.0,61.0,60.0,0.6324555320336759,0.9672131147540824,0.010540925533894421,300,1250,0.027870680044593088,8.333333333333334,6.02734509455771,0.8551999999999994,0.6546441599999999,0.1447264202339021,0.13692946058091257,0.15514018691588755,0.12093761677094206,0.008348470417589564,0.1447999999999999,0.8551999999999994
dc_3_s0,dcsbm,Louv,0.9894489329632019,5,1.6093823543012424,0.7999777777777778,59.0,61.0,60.0,0.6324555320336759,0.9672131147540824,0.010540925533894421,300,1250,0.027870680044593088,8.333333333333334,6.02734509455771,0.8551999999999994,0.65464416,0.1447264202339021,0.13692946058091257,0.15514018691588755,0.12093761677094206,0.008348470417589564,0.1447999999999999,0.8551999999999994
dc_3_s0,dcsbm,Leid,0.9894489329632018,5,1.6093823543012424,0.7999777777777778,59.0,61.0,60.0,0.6324555320336759,0.9672131147540824,0.010540925533894421,300,1250,0.027870680044593088,8.333333333333334,6.02734509455771,0.8551999999999994,0.6546441599999999,0.1447264202339021,0.13692946058091257,0.15514018691588755,0.12093761677094206,0.008348470417589564,0.1447999999999999,0.8551999999999994
dc_3_s0,dcsbm,Louv,0.9894489329632017,5,1.6093823543012424,0.7999777777777778,59.0,61.0,60.0,0.6324555320336759,0.9672131147540824,0.010540925533894421,300,1250,0.027870680044593088,8.333333333333334,6.02734509455771,0.8551999999999994,0.6546441599999999,0.1447264202339021,0.13692946058091257,0.15514018691588755,0.12093761677094206,0.008348470417589564,0.1447999999999999,0.8551999999999994
dc_3_s0,dcsbm,Leid,0.9894489329632018,5,1.6093823543012424,0.7999777777777778,59.0,61.0,60.0,0.6324555320336759,0.9672131147540824,0.010540925533894421,300,1250,0.027870680044593088,8.333333333333334,6.02734509455771,0.8551999999999994,0.6546441599999999,0.1447264202339021,0.13692946058091257,0.15514018691588755,0.12093761677094206,0.008348470417589564,0.1447999999999999,0.8551999999999994
dc_3_s0,dcsbm,Louv,0.9894489329632018,5,1.6093823543012424,0.7999777777777778,59.0,61.0,60.0,0.6324555320336759,0.9672131147540824,0.010540925533894421,300,1250,0.027870680044593088,8.333333333333334,6.02734509455771,0.8551999999999994,0.6546441599999999,0.1447264202339021,0.13692946058091257,0.15514018691588755,0.12093761677094206,0.008348470417589564,0.1447999999999999,0.8551999999999994
dc_3_s0,dcsbm,Leid,0.9894489329632018,5,1.6093823543012424,0.7999777777777778,59.0,61.0,60.0,0.6324555320336759,0.9672131147540824,0.010540925533894421,300,1250,0.027870680044593088,8.333333333333334,6.02734509455771,0.8551999999999994,0.6546441599999999,0.1447264202339021,0.13692946058091257,0.15514018691588755,0.12093761677094206,0.008348470417589564,0.1447999999999999,0.8551999999999994
dc_3_s0,dcsbm,Louv,0.9290241446735141,5,1.6088912943286382,0.7997777777777778,59.0,64.0,60.0,2.0,0.9218749999999857,0.03333333333333278,300,1250,0.027870680044593088,8.333333333333334,6.02734509455771,0.8543999999999994,0.6535715200000001,0.14550557002931197,0.1374999999999997,0.1565377532228358,0.12078955729963907,0.007366726172697121,0.1455999999999999,0.8543999999999994
dc_3_s0,dcsbm,Leid,0.9894489329632018,5,1.6093823543012424,0.7999777777777778,59.0,61.0,60.0,0.6324555320336759,0.9672131147540824,0.010540925533894421,300,1250,0.027870680044593088,8.333333333333334,6.02734509455771,0.8551999999999994,0.6546441599999999,0.1447264202339021,0.13692946058091257,0.15514018691588755,0.12093761677094206,0.008348470417589564,0.1447999999999999,0.8551999999999994
dc_3_s0,dcsbm,Louv,0.9230793246685827,6,1.6737704476152064,0.8069333333333333,6.0,63.0,50.0,19.8997487421324,0.09523809523809372,0.39799497484264,300,1250,0.027870680044593088,8.333333333333334,6.02734509455771,0.8431999999999994,0.6484815999999999,0.22161804047578024,0.1374999999999997,0.5789473684210373,0.1922196346899605,0.1530132512928343,0.15679999999999988,0.8431999999999994
dc_3_s0,dcsbm,Leid,0.9734691879241029,6,1.649142877081491,0.8038000000000001,3.0,61.0,50.0,21.047565179849187,0.04918032786885165,0.4209513035969753,300,1250,0.027870680044593088,8.333333333333334,6.02734509455771,0.8503999999999994,0.65233888,0.2438798980585654,0.13692946058091257,0.7333333333332844,0.21335769368837462,0.2029381042292752,0.1495999999999999,0.8503999999999994
dc_3_s0,dcsbm,Louv,0.718592809457493,16,2.5825787167472187,0.9156888888888889,2.0,42.0,18.75,11.07643895843786,0.047619047619046485,0.5907434111166544,300,1250,0.027870680044593088,8.333333333333334,6.02734509455771,0.5663999999999996,0.47611072000000004,0.5221604641633046,0.2732095490716173,0.8333333333332986,0.3057533940610408,0.21304187375384945,0.4335999999999997,0.5663999999999996
dc_3_s0,dcsbm,Leid,0.7026514179933259,15,2.579790606065789,0.9158666666666666,8.0,39.0,20.0,10.237187113655782,0.20512820512819985,0.5118593556827635,300,1250,0.027870680044593088,8.333333333333334,6.02734509455771,0.5887999999999995,0.49557568,0.48392547415514264,0.26283987915407775,0.6615384615384514,0.24122314789878505,0.05703921299402471,0.4111999999999997,0.5887999999999995
dc_3_s0,dcsbm,Louv,0.572112846431965,39,3.6140089217473377,0.9718444444444444,4.0,12.0,7.6923076923076925,2.4088921398067784,0.33333333333330556,0.3131559781748405,300,1250,0.027870680044593088,8.333333333333334,6.02734509455771,0.35039999999999977,0.32070656000000003,0.6644673645451676,0.5604395604395543,0.8292682926829168,0.4413382913382626,0.12651827445454644,0.6495999999999995,0.35039999999999977
dc_3_s0,dcsbm,Leid,0.5816310466041665,40,3.639561832280008,0.9725777777777778,3.0,12.0,7.5,2.3345235059857505,0.24999999999997916,0.31126980079805855,300,1250,0.027870680044593088,8.333333333333334,6.02734509455771,0.35119999999999973,0.3219113599999999,0.664045455493097,0.5339805825242667,0.7948717948717745,0.44314754689751545,0.0991403499306433,0.6487999999999995,0.35119999999999973
dc_3_s0,dcsbm,GMod,0.9320528656981374,5,1.6089377038871542,0.7998,57.0,63.0,60.0,1.8973665961010275,0.9047619047618903,0.031622776601683264,300,1250,0.027870680044593088,8.333333333333334,6.02734509455771,0.8527999999999993,0.65182432,0.14730826233636657,0.13692946058091257,0.1622641509433959,0.1202886613289191,0.003092640607760587,0.1471999999999999,0.8527999999999993
dc_4_s0,dcsbm,Louv,0.34641580550863615,97,3.842596070807413,0.9269555555555555,1.0,76.0,3.0927835051546393,7.629409286866975,0.013157894736841933,2.466842336086191,300,1244,0.02773690078037904,8.293333333333333,6.5939837899574965,0.3110932475884242,0.182001581869501,0.837454509944046,0.0,0.9999999999999231,0.6080303852410099,0.42463806484213407,0.6889067524115751,0.3110932475884242
dc_4_s0,dcsbm,Leid,0.006602814519614369,2,0.022340379841483578,0.006644444444444453,1.0,299.0,150.0,149.0,0.0033444816053511592,0.9933333333333267,300,1244,0.02773690078037904,8.293333333333333,6.5939837899574965,0.9999999999999992,0.0,0.0,0.0,0.0,0.013961527238445827,0.013961527238445827,0.0,0.9999999999999992
dc_4_s0,dcsbm,Louv,0.33776560748061385,50,2.558697946505502,0.8240666666666666,1.0,96.0,6.0,16.753507095530775,0.010416666666666559,2.792251182587997,300,1244,0.02773690078037904,8.293333333333333,6.5939837899574965,0.47588424437299,0.2697730456674352,0.8154946667697499,0.0,0.9999999999998889,0.43246036682588307,0.42142922951999834,0.5241157556270093,0.47588424437299
dc_4_s0,dcsbm,Leid,0.006602814519614369,2,0.022340379841483578,0.006644444444444453,1.0,299.0,150.0,149.0,0.0033444816053511592,0.9933333333333267,300,1244,0.02773690078037904,8.293333333333333,6.5939837899574965,0.9999999999999992,0.0,0.0,0.0,0.0,0.013961527238445827,0.013961527238445827,0.0,0.9999999999999992
dc_4_s0,dcsbm,Louv,0.33340473194668746,6,1.4223437451115037,0.7294666666666667,1.0,99.0,50.0,39.4715087119811,0.01010101010101,0.7894301742396063,300,1244,0.02773690078037904,8.293333333333333,6.5939837899574965,0.6245980707395494,0.3495627888462692,0.38000189998866357,0.0,0.6209150326797346,0.09137028949559055,0.06534489782212849,0.3754019292604499,0.6245980707395494
dc_4_s0,dcsbm,Leid,0.4568216673468099,6,1.6002358313667824,0.791511111111111,1.0,73.0,50.0,25.046623192225603,0.013698630136986115,0.5009324638445021,300,1244,0.02773690078037904,8.293333333333333,6.5939837899574965,0.603697749196141,0.39012081140600285,0.3411701606557844,0.0,0.5071428571428553,0.07099353231015977,0.033008232811657406,0.3963022508038582,0.603697749196141
dc_4_s0,dcsbm,Louv,0.3889358844762537,7,1.7302115880469804,0.810711111111111,1.0,76.0,42.857142857142854,24.43316581691236,0.013157894736841933,0.5701072023946084,300,1244,0.02773690078037904,8.293333333333333,6.5939837899574965,0.5715434083601282,0.3705093128689737,0.4001696763789867,0.0,0.6075949367088569,0.08637614940901804,0.049068294589894576,0.42845659163987104,0.5715434083601282
dc_4_s0,dcsbm,Leid,0.43766564136074904,8,1.9058115951315993,0.8428888888888889,1.0,59.0,37.5,19.00657780874821,0.016949152542372593,0.5068420748999388,300,1244,0.02773690078037904,8.293333333333333,6.5939837899574965,0.5498392282958195,0.38393064846310526,0.4181873171547643,0.0,0.5888888888888857,0.09387264616658342,0.03854708940237493,0.45016077170417973,0.5498392282958195
dc_4_s0,dcsbm,Louv,0.3494391547410213,17,2.6617163482142625,0.9212222222222222,1.0,40.0,17.647058823529413,10.278138859166308,0.024999999999999373,0.5824278686860578,300,1244,0.02773690078037904,8.293333333333333,6.5939837899574965,0.43086816720257204,0.34381268028659756,0.5816403295135817,0.0,0.7241379310344578,0.19212523045639585,0.0836961032080438,0.5691318327974272,0.43086816720257204
dc_4_s0,dcsbm,Leid,0.4018855100847595,17,2.728523658796712,0.9305111111111111,1.0,35.0,17.647058823529413,7.514231019876166,0.028571428571427755,0.4258064244596253,300,1244,0.02773690078037904,8.293333333333333,6.5939837899574965,0.42845659163987104,0.35117470611346036,0.5628949459120025,0.0,0.7073170731707231,0.18209364121960053,0.05857448572482454,0.5715434083601282,0.42845659163987104
dc_4_s0,dcsbm,Louv,0.3588651496134177,23,2.9687086868983514,0.9418666666666666,1.0,32.0,13.043478260869565,7.572709932896431,0.03124999999999902,0.5805744281886819,300,1244,0.02773690078037904,8.293333333333333,6.5939837899574965,0.39710610932475854,0.33180423589499697,0.6188490497360011,0.0,0.7499999999999766,0.2587041590758135,0.1188683210999038,0.6028938906752407,0.39710610932475854
dc_4_s0,dcsbm,Leid,0.34598439012190013,23,3.017836389606427,0.9478666666666666,1.0,24.0,13.043478260869565,5.819594045826827,0.04166666666666494,0.4461688768466892,300,1244,0.02773690078037904,8.293333333333333,6.5939837899574965,0.38987138263665566,0.33246787150670487,0.6093403752136838,0.0,0.8181818181817438,0.2658949005978673,0.1711233936203816,0.6101286173633436,0.38987138263665566
dc_4_s0,dcsbm,Louv,0.35196959957015134,36,3.4872824323114493,0.9670888888888889,1.0,16.0,8.333333333333334,3.582364210034113,0.0624999999999961,0.4298837052040419,300,1244,0.02773690078037904,8.293333333333333,6.5939837899574965,0.3207395498392281,0.2857316404917236,0.675624090648811,0.0,0.9047619047618903,0.3794199627532642,0.1936560899004363,0.6792604501607712,0.3207395498392281
dc_4_s0,dcsbm,Leid,0.3261310791822271,34,3.474315319360799,0.9679555555555556,1.0,14.0,8.823529411764707,2.639859490860809,0.07142857142856633,0.29918407563085775,300,1244,0.02773690078037904,8.293333333333333,6.5939837899574965,0.3263665594855303,0.29255280652598725,0.6585701747463589,0.0,0.7872340425531832,0.33801949684301164,0.11479839529465516,0.6736334405144689,0.3263665594855303
dc_4_s0,dcsbm,Louv,0.3357131810637956,51,3.879664096679906,0.9784444444444444,1.0,10.0,5.882352941176471,1.8539524162467158,0.09999999999999,0.3151719107618881,300,1244,0.02773690078037904,8.293333333333333,6.5939837899574965,0.2644694533762056,0.24284313902875285,0.7212572832674627,0.0,0.9047619047618903,0.47731092436969275,0.19523323537720944,0.7355305466237937,0.2644694533762056
dc_4_s0,dcsbm,Leid,0.3488898863607802,51,3.879443232759101,0.9784222222222222,1.0,11.0,5.882352941176471,1.8644986586161831,0.09090909090908264,0.31696477196469725,300,1244,0.02773690078037904,8.293333333333333,6.5939837899574965,0.2749196141479098,0.2529546970151259,0.7148724266876317,0.0,0.8857142857142604,0.47955606485012986,0.1728021212503871,0.7250803858520894,0.2749196141479098
dc_4_s0,dcsbm,GMod,0.3182074979890593,7,1.705037454668068,0.8034888888888889,1.0,76.0,42.857142857142854,26.264743187282026,0.013157894736841933,0.612844007703233,300,1244,0.02773690078037904,8.293333333333333,6.5939837899574965,0.5643086816720253,0.3490991485820039,0.41265622204287894,0.0,0.6241610738254992,0.08259347490805144,0.04582312003906979,0.435691318327974,0.5643086816720253
dc_5_s0,dcsbm,Louv,0.29436320721366355,104,4.165312680205207,0.9612666666666666,1.0,51.0,2.8846153846153846,5.019783347124754,0.019607843137254517,1.740191560335978,300,1145,0.02552954292084727,7.633333333333334,7.0851174223783255,0.26375545851528365,0.1838897046204306,0.8045433973723717,0.0,0.9999999999999376,0.5911134453777448,0.40307748765462453,0.7362445414847155,0.26375545851528365
dc_5_s0,dcsbm,Leid,0.019240951825570334,4,0.06698765723752848,0.01986666666666681,1.0,297.0,75.0,128.17175976009693,0.0033670033670033556,1.7089567968012698,300,1145,0.02552954292084727,7.633333333333334,7.0851174223783255,0.9999999999999992,0.0,0.0,0.0,0.0,0.006512194012194012,0.011279450897865846,0.0,0.9999999999999992
dc_5_s0,dcsbm,Louv,0.31409350074440534,108,4.4176827086111565,0.9801111111111112,1.0,29.0,2.7777777777777777,2.9762433857730834,0.03448275862068847,1.0714476188779243,300,1145,0.02552954292084727,7.633333333333334,7.0851174223783255,0.22794759825327493,0.19216109532617615,0.7893867395018694,0.0,0.9999999999999376,0.6841041780692356,0.3612810958913001,0.7720524017467243,0.22794759825327493
dc_5_s0,dcsbm,Leid,0.019240951825570334,4,0.06698765723752848,0.01986666666666681,1.0,297.0,75.0,128.17175976009693,0.0033670033670033556,1.7089567968012698,300,1145,0.02552954292084727,7.633333333333334,7.0851174223783255,0.9999999999999992,0.0,0.0,0.0,0.0,0.006512194012194012,0.011279450897865846,0.0,0.9999999999999992
dc_5_s0,dcsbm,Louv,0.07924457634864306,12,2.0272637578359296,0.8496,1.0,68.0,25.0,22.427661492005804,0.014705882352940961,0.8971064596801963,300,1145,0.02552954292084727,7.633333333333334,7.0851174223783255,0.48034934497816556,0.31885166186762265,0.42606692891244613,0.0,0.6666666666666543,0.12036628031085456,0.11836707306129521,0.5196506550218336,0.48034934497816556
dc_5_s0,dcsbm,Leid,0.0696459882875565,9,1.8121053654314585,0.827,1.0,69.0,33.333333333333336,24.877477542727053,0.014492753623188196,0.7463243262817891,300,1145,0.02552954292084727,7.633333333333334,7.0851174223783255,0.5021834061135367,0.32120974047024275,0.33991833820621215,0.0,0.5666666666666643,0.05282557841513136,0.038095621134041836,0.4978165938864625,0.5021834061135367
dc_5_s0,dcsbm,Louv,0.10083985491274006,14,2.3244513647906415,0.8898,1.0,46.0,21.428571428571427,15.787491819766167,0.021739130434782136,0.7367496182557202,300,1145,0.02552954292084727,7.633333333333334,7.0851174223783255,0.45065502183406075,0.33036173986003314,0.45400164309578156,0.0,0.6504854368931976,0.11179388381151245,0.07249896663888408,0.5493449781659384,0.45065502183406075
dc_5_s0,dcsbm,Leid,0.10866326005264719,13,2.2963295873469245,0.8922666666666667,1.0,42.0,23.076923076923077,14.604854506222544,0.023809523809523243,0.6328770286029496,300,1145,0.02552954292084727,7.633333333333334,7.0851174223783255,0.44628820960698656,0.32956083980091905,0.4334447443684357,0.0,0.6373626373626339,0.09354632538151934,0.05600135485989504,0.5537117903930127,0.44628820960698656
dc_5_s0,dcsbm,Louv,0.11260969816505172,21,2.8368986840036956,0.9359999999999999,1.0,28.0,14.285714285714286,8.378787599208675,0.03571428571428444,0.5865151319445662,300,1145,0.02552954292084727,7.633333333333334,7.0851174223783255,0.37729257641921365,0.30963826013996687,0.5500018102005837,0.0,0.7704918032786758,0.1823983352525244,0.11536388154518483,0.6227074235807856,0.37729257641921365
dc_5_s0,dcsbm,Leid,0.13317223837756834,20,2.8370375029305,0.9381777777777778,1.0,30.0,15.0,7.293833011524188,0.03333333333333222,0.4862555341015801,300,1145,0.02552954292084727,7.633333333333334,7.0851174223783255,0.38253275109170276,0.3186605899963769,0.5272149626757583,0.0,0.6749999999999958,0.15696340811484244,0.07537589648373366,0.6174672489082964,0.38253275109170276
dc_5_s0,dcsbm,Louv,0.13932348829289407,28,3.1888601378168433,0.9556888888888889,1.0,21.0,10.714285714285714,5.2566769979926,0.047619047619045354,0.4906231864792636,300,1145,0.02552954292084727,7.633333333333334,7.0851174223783255,0.3441048034934495,0.29668579927919,0.5928572638485211,0.0,0.7966101694915119,0.2316235781516554,0.12074320940849656,0.6558951965065497,0.3441048034934495
dc_5_s0,dcsbm,Leid,0.1479292833213908,28,3.2072491651463837,0.9574444444444444,1.0,17.0,10.714285714285714,4.689327874905672,0.05882352941176125,0.4376706016578219,300,1145,0.02552954292084727,7.633333333333334,7.0851174223783255,0.34934497816593857,0.30370626036879533,0.5814906832852327,0.0,0.8412698412698278,0.22926220604791317,0.10580635226560975,0.6506550218340607,0.34934497816593857
dc_5_s0,dcsbm,Louv,0.18554621865730694,41,3.616645858849247,0.9715111111111111,1.0,14.0,7.317073170731708,2.9995042223694064,0.07142857142856633,0.4099322437237628,300,1145,0.02552954292084727,7.633333333333334,7.0851174223783255,0.2925764192139736,0.263251654240003,0.6541992004796349,0.0,0.8965517241379155,0.34485541558709415,0.18724224018500227,0.7074235807860256,0.2925764192139736
dc_5_s0,dcsbm,Leid,0.19405735198876278,37,3.526594087983776,0.9692888888888889,1.0,13.0,8.108108108108109,2.9935406477838677,0.076923076923071,0.3692033465599648,300,1145,0.02552954292084727,7.633333333333334,7.0851174223783255,0.31877729257641896,0.28572948647050966,0.6259978872386527,0.0,0.8082191780821808,0.29849609849608616,0.122916973985176,0.6812227074235803,0.31877729257641896
dc_5_s0,dcsbm,Louv,0.2299226345377317,55,3.9274183690476008,0.9792222222222222,1.0,10.0,5.454545454545454,2.0610516452281153,0.09999999999999,0.3778594682917519,300,1145,0.02552954292084727,7.633333333333334,7.0851174223783255,0.26113537117903907,0.24045079231898708,0.6977205177681974,0.0,0.9583333333333134,0.45984126984119,0.23389619069506795,0.7388646288209602,0.26113537117903907
dc_5_s0,dcsbm,Leid,0.21806665492043883,53,3.8983190761718665,0.9788444444444444,1.0,10.0,5.660377358490566,1.9709531859925427,0.09999999999999,0.3482017295252877,300,1145,0.02552954292084727,7.633333333333334,7.0851174223783255,0.2716157205240173,0.2498934040159417,0.6845017369321846,0.0,0.9999999999999772,0.4112758310871114,0.17359734783010056,0.7283842794759819,0.2716157205240173
dc_5_s0,dcsbm,GMod,0.08859347522642025,12,2.153127438686863,0.8722666666666667,1.0,57.0,25.0,18.24828759089466,0.017543859649122497,0.7299315036357572,300,1145,0.02552954292084727,7.633333333333334,7.0851174223783255,0.4602620087336241,0.31106119257832604,0.4279362049539852,0.0,0.6344086021505309,0.07951661750814763,0.05195217494953912,0.5397379912663751,0.4602620087336241
dc_6_s0,dcsbm,Louv,0.3645300223431774,109,4.217332758917446,0.9678189300411523,1.0,39.0,2.477064220183486,3.922637968115754,0.02564102564102498,1.5835834760164615,270,1849,0.05091559961448437,13.696296296296296,13.88619035512891,0.18983234180638173,0.11083154591331876,0.9072806058817701,0.59999999999996,0.99999999999996,0.46734184319860334,0.45360139228886176,0.8101676581936178,0.18983234180638173
dc_6_s0,dcsbm,Leid,0.8077322414778396,2,0.6861073255173912,0.4929766803840878,119.0,151.0,135.0,16.0,0.7880794701986703,0.11851851851851765,270,1849,0.05091559961448437,13.696296296296296,13.88619035512891,0.9567333693888583,0.3567086823713929,0.0782778864970645,0.0782778864970645,0.0782778864970645,0.09084907371861078,0.023764612815605525,0.04326663061114114,0.9567333693888583
dc_6_s0,dcsbm,Louv,0.6513800052233263,33,1.9405506081475168,0.6910562414266117,1.0,139.0,8.181818181818182,24.810133004974357,0.007194244604316495,3.032349589496495,270,1849,0.05091559961448437,13.696296296296296,13.88619035512891,0.7863710113574901,0.2919207640339406,0.8170312135447462,0.15816326530612232,0.9999999999999697,0.42410289972544457,0.40305516125166646,0.21362898864250937,0.7863710113574901
dc_6_s0,dcsbm,Leid,0.9602622033092835,3,0.9621704369319534,0.5774211248285324,38.0,151.0,90.0,46.56894530335282,0.2516556291390712,0.5174327255928034,270,1849,0.05091559961448437,13.696296296296296,13.88619035512891,0.9459167117360731,0.37091848867483085,0.13268387128652429,0.0782778864970645,0.23222748815165767,0.1146772336799833,0.00042002918626173183,0.05408328826392642,0.9459167117360731
dc_6_s0,dcsbm,Louv,0.8409842296095105,5,1.2891636680409488,0.6884499314128943,2.0,117.0,54.0,40.3286498658212,0.01709401709401695,0.7468268493670454,270,1849,0.05091559961448437,13.696296296296296,13.88619035512891,0.777717685235262,0.36920414496193255,0.38590566537254994,0.0875462392108507,0.7499999999999063,0.31061354739495645,0.3457459651117386,0.2222823147647376,0.777717685235262
dc_6_s0,dcsbm,Leid,0.9807565596615282,3,0.9672198114325523,0.5804938271604938,39.0,150.0,90.0,45.760244754590204,0.2599999999999983,0.5084471639398855,270,1849,0.05091559961448437,13.696296296296296,13.88619035512891,0.9453758788534338,0.37145785905643536,0.13340516308927872,0.07902439024390237,0.23364485981308303,0.11361065126087296,0.002207918092787265,0.05462412114656568,0.9453758788534338
dc_6_s0,dcsbm,Louv,0.9602622033092834,3,0.9621704369319535,0.5774211248285323,38.0,151.0,90.0,46.56894530335282,0.2516556291390712,0.5174327255928034,270,1849,0.05091559961448437,13.696296296296296,13.88619035512891,0.9459167117360731,0.37091848867483085,0.13268387128652429,0.0782778864970645,0.23222748815165767,0.1146772336799833,0.00042002918626173183,0.05408328826392642,0.9459167117360731
dc_6_s0,dcsbm,Leid,0.9807565596615282,3,0.9672198114325523,0.5804938271604938,39.0,150.0,90.0,45.760244754590204,0.2599999999999983,0.5084471639398855,270,1849,0.05091559961448437,13.696296296296296,13.88619035512891,0.9453758788534338,0.37145785905643536,0.13340516308927872,0.07902439024390237,0.23364485981308303,0.11361065126087296,0.002207918092787265,0.05462412114656568,0.9453758788534338
dc_6_s0,dcsbm,Louv,0.5730985696764391,12,2.19937947911836,0.8538271604938272,5.0,81.0,22.5,19.53842368257992,0.061728395061727635,0.8683743858924025,270,1849,0.05091559961448437,13.696296296296296,13.88619035512891,0.4445646295294752,0.32959508318852143,0.6479277941821383,0.0875462392108507,0.8701298701298645,0.3192002421401782,0.15089425913813426,0.5554353704705244,0.4445646295294752
dc_6_s0,dcsbm,Leid,0.6088023043528297,10,2.1006485050825168,0.8479286694101509,9.0,81.0,27.0,19.483326204732087,0.11111111111110974,0.7216046742493099,270,1849,0.05091559961448437,13.696296296296296,13.88619035512891,0.4591671173607353,0.33591352640882,0.6042320201337632,0.0875462392108507,0.7942386831275687,0.2592922162775641,0.08853499630469833,0.5408328826392642,0.4591671173607353
dc_6_s0,dcsbm,Louv,0.542463863375267,18,2.486554774769653,0.8688340192043895,5.0,81.0,15.0,17.499206331208917,0.061728395061727635,1.16661375541385,270,1849,0.05091559961448437,13.696296296296296,13.88619035512891,0.39643050297458066,0.3086431471150266,0.7235199123094155,0.0875462392108507,0.8497652582159585,0.42631767548919813,0.16654245909569634,0.6035694970254188,0.39643050297458066
dc_6_s0,dcsbm,Leid,0.5161958465049555,18,2.516531552513734,0.877201646090535,3.0,77.0,15.0,16.502525059315417,0.03896103896103846,1.1001683372876212,270,1849,0.05091559961448437,13.696296296296296,13.88619035512891,0.3926446727961058,0.3073380111916429,0.7171521433160177,0.10539845758354742,0.9491525423728734,0.4183860811053498,0.18592771453520335,0.6073553272038937,0.3926446727961058
dc_6_s0,dcsbm,Louv,0.43562873989567164,31,3.1428337112239153,0.9418655692729767,1.0,34.0,8.709677419354838,7.8007177022460725,0.029411764705881485,0.8956379584059277,270,1849,0.05091559961448437,13.696296296296296,13.88619035512891,0.2736614386154677,0.23243894570055407,0.7789497222016746,0.23232323232323115,0.9999999999999923,0.5171474328540322,0.23968251304204938,0.7263385613845318,0.2736614386154677
dc_6_s0,dcsbm,Leid,0.4452881288564592,28,3.016506072914394,0.932400548696845,2.0,36.0,9.642857142857142,9.111273573021995,0.05555555555555401,0.9448728149799608,270,1849,0.05091559961448437,13.696296296296296,13.88619035512891,0.29204975662520266,0.24605541533420636,0.7747257617407922,0.23232323232323115,0.9805825242718352,0.5355267981317505,0.2378959245602688,0.7079502433747968,0.29204975662520266
dc_6_s0,dcsbm,Louv,0.3885986843900535,52,3.691737366264463,0.9639231824417009,1.0,35.0,5.1923076923076925,4.859718500625879,0.028571428571427755,0.9359457853055446,270,1849,0.05091559961448437,13.696296296296296,13.88619035512891,0.20659816116819893,0.1832616171575943,0.8230430156706405,0.23762376237623645,0.9999999999999923,0.6998232976172164,0.2835421912632955,0.7934018388318006,0.20659816116819893
dc_6_s0,dcsbm,Leid,0.3736323124951178,52,3.72196863224773,0.9672976680384088,1.0,31.0,5.1923076923076925,4.34581346522791,0.03225806451612799,0.8369714821918807,270,1849,0.05091559961448437,13.696296296296296,13.88619035512891,0.20497566252028113,0.18231055273471616,0.821933381901857,0.24607329842931808,0.9999999999999923,0.6032565552725547,0.26833146198292546,0.7950243374797183,0.20497566252028113
dc_6_s0,dcsbm,GMod,0.6925927777062438,3,0.9307406575249668,0.5763511659807955,24.0,128.0,90.0,46.847269575362304,0.18749999999999856,0.5205252175040198,270,1849,0.05091559961448437,13.696296296296296,13.88619035512891,0.8691184424012975,0.35770157432386374,0.3164736855379007,0.07843137254901952,0.6892430278884435,0.11482642325867724,0.03314750390153266,0.13088155759870193,0.8691184424012975
dc_7_s0,dcsbm,Louv,0.27351624565789534,100,3.537980022791589,0.8683401920438958,1.0,96.0,2.7,9.417536832951598,0.010416666666666559,3.487976604795596,270,1523,0.041938592867960894,11.281481481481482,9.975267082177208,0.30334865397242267,0.09474186354212429,0.9154251311641763,0.4505813953488369,0.9999999999999737,0.45016228070140873,0.4635855102307277,0.6966513460275767,0.30334865397242267
dc_7_s0,dcsbm,Leid,0.0,1,-1.000088900581841e-12,0.0,270.0,270.0,270.0,0.0,0.9999999999999962,0.0,270,1523,0.041938592867960894,11.281481481481482,9.975267082177208,0.9999999999999994,0.0,0.0,0.0,0.0,0.041938592867960894,0.0,0.0,0.9999999999999994
dc_7_s0,dcsbm,Louv,0.2778793654280659,57,3.035865101923222,0.8832921810699589,1.0,73.0,4.7368421052631575,11.261682146311134,0.013698630136986115,2.3774662308874044,270,1523,0.041938592867960894,11.281481481481482,9.975267082177208,0.34340118187787244,0.1767744658506101,0.8550286309979582,0.4959016393442618,0.9999999999999231,0.5900491815432249,0.4212971203804036,0.656598818122127,0.34340118187787244
dc_7_s0,dcsbm,Leid,0.54027707157871,2,0.6571577614953406,0.46444444444444444,99.0,171.0,135.0,36.0,0.5789473684210492,0.2666666666666647,270,1523,0.041938592867960894,11.281481481481482,9.975267082177208,0.8489822718319102,0.24123431955366795,0.2818627450980389,0.2818627450980389,0.2818627450980389,0.06459968357358892,0.004199766030814237,0.1510177281680892,0.8489822718319102
dc_7_s0,dcsbm,Louv,0.4457109146168787,11,1.8125110844795227,0.7891083676268862,2.0,94.0,24.545454545454547,28.19852877001544,0.021276595744680625,1.148828949889471,270,1523,0.041938592867960894,11.281481481481482,9.975267082177208,0.491135915955351,0.29250076200814906,0.644430117456607,0.2871046228710459,0.8461538461537811,0.4499947832192342,0.35735851241818434,0.5088640840446484,0.491135915955351
dc_7_s0,dcsbm,Leid,0.6564264284296275,3,0.9024847415644996,0.5535528120713307,23.0,151.0,90.0,52.42772803266099,0.152317880794701,0.5825303114740046,270,1523,0.041938592867960894,11.281481481481482,9.975267082177208,0.8102429415627047,0.2749650898954055,0.3636103517340438,0.26166328600405653,0.5436241610738218,0.09317200870449978,0.029697886308952915,0.1897570584372947,0.8102429415627047
dc_7_s0,dcsbm,Louv,0.30633014498450295,7,1.7868071998576565,0.8083127572016461,12.0,86.0,38.57142857142857,22.550623322757577,0.13953488372092862,0.5846457898492553,270,1523,0.041938592867960894,11.281481481481482,9.975267082177208,0.4648719632304659,0.2788163027925066,0.5840285258828324,0.38242894056847493,0.7192982456140288,0.15142238496157207,0.05104057840836103,0.5351280367695335,0.4648719632304659
dc_7_s0,dcsbm,Leid,0.48823228172767474,6,1.6030533784413779,0.7795336076817558,5.0,85.0,45.0,25.566905692059542,0.05882352941176402,0.5681534598235327,270,1523,0.041938592867960894,11.281481481481482,9.975267082177208,0.5397242284963883,0.30795713267650454,0.5299653722637269,0.29581151832460695,0.7499999999999812,0.18066511934864468,0.14512589621386396,0.46027577150361104,0.5397242284963883
dc_7_s0,dcsbm,Louv,0.2305331369969788,17,2.737448823744604,0.9294101508916324,6.0,32.0,15.882352941176471,7.103291307896945,0.18749999999999414,0.4472442675342239,270,1523,0.041938592867960894,11.281481481481482,9.975267082177208,0.3112278397898882,0.24535606151076364,0.7030402554729995,0.5326086956521711,0.8124999999999873,0.2677550978433468,0.09081253396917872,0.6887721602101112,0.3112278397898882
dc_7_s0,dcsbm,Leid,0.3519918800327154,14,2.486300867262079,0.9034842249657065,6.0,53.0,19.285714285714285,11.429464250839779,0.11320754716980919,0.5926388870805505,270,1523,0.041938592867960894,11.281481481481482,9.975267082177208,0.3676953381483911,0.2790514798478484,0.6726575541379878,0.4132231404958669,0.812949640287764,0.25229642073130387,0.08893659262634158,0.6323046618516083,0.3676953381483911
dc_7_s0,dcsbm,Louv,0.2649050843945169,25,3.086967953374489,0.9473525377229081,3.0,27.0,10.8,6.072890580275591,0.111111111111107,0.5623046833587989,270,1523,0.041938592867960894,11.281481481481482,9.975267082177208,0.2803676953381482,0.23374723920244156,0.737785934214385,0.5409836065573741,0.8499999999999787,0.38843842083839514,0.18617702303088698,0.7196323046618511,0.2803676953381482
dc_7_s0,dcsbm,Leid,0.3077917802580529,22,3.005435502596329,0.9464746227709191,5.0,23.0,12.272727272727273,5.171440964846506,0.21739130434781664,0.421376671209681,270,1523,0.041938592867960894,11.281481481481482,9.975267082177208,0.30269205515430053,0.25042131398227824,0.7128097659037888,0.5617977528089856,0.8275862068965374,0.32497985626235076,0.10245017824970004,0.6973079448456989,0.30269205515430053
dc_7_s0,dcsbm,Louv,0.25432669665757535,39,3.562577972359751,0.968477366255144,3.0,17.0,6.923076923076923,3.3157326249618935,0.17647058823528375,0.47893915693887096,270,1523,0.041938592867960894,11.281481481481482,9.975267082177208,0.23834537097833208,0.20793424009788192,0.7739954392287447,0.5839999999999953,0.904761904761894,0.5037790096613062,0.17453848203447686,0.7616546290216673,0.23834537097833208
dc_7_s0,dcsbm,Leid,0.2639438586924603,34,3.4661998289766274,0.9670507544581619,3.0,14.0,7.9411764705882355,2.754047037816382,0.21428571428569898,0.3468059232805377,270,1523,0.041938592867960894,11.281481481481482,9.975267082177208,0.24753775443204187,0.21624929026539436,0.7561146706574325,0.6410256410256355,0.9516129032257988,0.452142302142262,0.19019324644923524,0.7524622455679575,0.24753775443204187
dc_7_s0,dcsbm,Louv,0.2435337615311535,62,4.0586889231605765,0.9817283950617284,1.0,9.0,4.354838709677419,1.5872147871151672,0.11111111111109877,0.3644715437078436,270,1523,0.041938592867960894,11.281481481481482,9.975267082177208,0.1851608667104398,0.1670513712051025,0.8159985805651975,0.6774193548386988,0.9999999999999909,0.6350486431129932,0.2534828467965507,0.8148391332895596,0.1851608667104398
dc_7_s0,dcsbm,Leid,0.2781758733748253,58,3.989657402259698,0.9804115226337449,1.0,9.0,4.655172413793103,1.717573711091348,0.11111111111109877,0.36896027867880293,270,1523,0.041938592867960894,11.281481481481482,9.975267082177208,0.19369665134602745,0.17477944875877824,0.8055166356608038,0.624999999999961,0.9999999999999909,0.606896551723999,0.24458546990105443,0.8063033486539719,0.19369665134602745
dc_7_s0,dcsbm,GMod,0.47879889412720944,5,1.4608233100410755,0.7413443072702333,21.0,94.0,54.0,29.243802762294784,0.22340425531914657,0.541551903005449,270,1523,0.041938592867960894,11.281481481481482,9.975267082177208,0.6001313197636241,0.2919400878367979,0.495439405601595,0.29810298102980987,0.6666666666666632,0.11005273092989845,0.02762299746335769,0.39986868023637534,0.6001313197636241
dc_8_s0,dcsbm,Louv,0.5973285114924684,70,2.4505589455182575,0.8148641975308641,1.0,132.0,6.428571428571429,22.231619328316675,0.007575757575757519,3.458251895515389,450,1773,0.01755011135857461,7.88,7.395422007341208,0.6959954878736601,0.4632098192827233,0.8435140977842563,0.0,0.9999999999999231,0.346251536644461,0.44174154859788084,0.3040045121263394,0.6959954878736601
dc_8_s0,dcsbm,Leid,0.9605210855500947,4,1.1119470171363646,0.6681283950617284,1.0,151.0,112.5,64.37973283573022,0.006622516556291347,0.5722642918731525,450,1773,0.01755011135857461,7.88,7.395422007341208,0.9272419627749572,0.5932690616183276,0.05457776548754134,0.0,0.07704785077047845,0.036967837209181266,0.021478407487803112,0.07275803722504226,0.9272419627749572
dc_8_s0,dcsbm,Louv,0.9334248757322291,6,1.1765056635842996,0.6767999999999998,1.0,149.0,75.0,72.6842486375143,0.00671140939597311,0.9691233151668445,450,1773,0.01755011135857461,7.88,7.395422007341208,0.9232938522278619,0.5924605753597311,0.22694376131797242,0.0,0.59999999999988,0.27511085199970176,0.365936535688078,0.07670614777213758,0.9232938522278619
dc_8_s0,dcsbm,Leid,0.9605210855500947,4,1.1119470171363646,0.6681283950617284,1.0,151.0,112.5,64.37973283573022,0.006622516556291347,0.5722642918731525,450,1773,0.01755011135857461,7.88,7.395422007341208,0.9272419627749572,0.5932690616183276,0.05457776548754134,0.0,0.07704785077047845,0.036967837209181266,0.021478407487803112,0.07275803722504226,0.9272419627749572
dc_8_s0,dcsbm,Louv,0.9605210855500947,4,1.1119470171363646,0.6681283950617284,1.0,151.0,112.5,64.37973283573022,0.006622516556291347,0.5722642918731525,450,1773,0.01755011135857461,7.88,7.395422007341208,0.9272419627749572,0.5932690616183277,0.05457776548754134,0.0,0.07704785077047845,0.036967837209181266,0.021478407487803112,0.07275803722504226,0.9272419627749572
dc_8_s0,dcsbm,Leid,0.9605210855500947,4,1.1119470171363646,0.6681283950617284,1.0,151.0,112.5,64.37973283573022,0.006622516556291347,0.5722642918731525,450,1773,0.01755011135857461,7.88,7.395422007341208,0.9272419627749572,0.5932690616183276,0.05457776548754134,0.0,0.07704785077047845,0.036967837209181266,0.021478407487803112,0.07275803722504226,0.9272419627749572
dc_8_s0,dcsbm,Louv,0.9605210855500947,4,1.1119470171363646,0.6681283950617284,1.0,151.0,112.5,64.37973283573022,0.006622516556291347,0.5722642918731525,450,1773,0.01755011135857461,7.88,7.395422007341208,0.9272419627749572,0.5932690616183277,0.05457776548754134,0.0,0.07704785077047845,0.036967837209181266,0.021478407487803112,0.07275803722504226,0.9272419627749572
dc_8_s0,dcsbm,Leid,0.9605210855500947,4,1.1119470171363646,0.6681283950617284,1.0,151.0,112.5,64.37973283573022,0.006622516556291347,0.5722642918731525,450,1773,0.01755011135857461,7.88,7.395422007341208,0.9272419627749572,0.5932690616183277,0.05457776548754134,0.0,0.07704785077047845,0.036967837209181266,0.021478407487803112,0.07275803722504226,0.9272419627749572
dc_8_s0,dcsbm,Louv,0.751565290341981,8,1.598785105997754,0.7688592592592592,1.0,139.0,56.25,51.83326634507997,0.007194244604316495,0.921480290579183,450,1773,0.01755011135857461,7.88,7.395422007341208,0.7952622673434853,0.5508248850257147,0.3038326620179316,0.0,0.5403726708074501,0.14000178732115975,0.15200945957753031,0.20473773265651427,0.7952622673434853
dc_8_s0,dcsbm,Leid,0.8666351178151976,8,1.352904285799632,0.7085432098765432,1.0,148.0,56.25,64.9109967570981,0.006756756756756711,1.1539732756817236,450,1773,0.01755011135857461,7.88,7.395422007341208,0.890580936266215,0.5825772563256136,0.3490343622859178,0.0,0.99999999999975,0.13398016018637687,0.15954265424890735,0.10941906373378449,0.890580936266215
dc_8_s0,dcsbm,Louv,0.5972775599774675,12,2.342009229445779,0.8993975308641975,1.0,62.0,37.5,17.07093045696885,0.016129032258064255,0.45522481218582383,450,1773,0.01755011135857461,7.88,7.395422007341208,0.5532994923857866,0.4467369316459304,0.4238087580224523,0.0,0.5599999999999963,0.10201061255586336,0.04365277139940858,0.446700507614213,0.5532994923857866
dc_8_s0,dcsbm,Leid,0.5717618546224794,15,2.5148551420449556,0.9078913580246913,1.0,81.0,30.0,18.532853710820323,0.012345679012345527,0.6177617903606569,450,1773,0.01755011135857461,7.88,7.395422007341208,0.5459672870840381,0.44567427244984853,0.4586574700643352,0.0,0.605263157894729,0.13422737307878008,0.05930753096620907,0.4540327129159614,0.5459672870840381
dc_8_s0,dcsbm,Louv,0.4412774229079279,30,3.315114506905454,0.961916049382716,1.0,23.0,15.0,5.66274374015518,0.04347826086956333,0.37751624934365346,450,1773,0.01755011135857461,7.88,7.395422007341208,0.4032712915961645,0.36122332575904353,0.5804882663183244,0.0,0.7073170731707145,0.22577446015593258,0.10343594308940224,0.596728708403835,0.4032712915961645
dc_8_s0,dcsbm,Leid,0.46816516011526305,28,3.2665175592492144,0.9605037037037037,1.0,26.0,16.071428571428573,5.229917859424423,0.038461538461536986,0.32541711125305495,450,1773,0.01755011135857461,7.88,7.395422007341208,0.4083474337281442,0.36718398335119534,0.5747206482375363,0.0,0.7101449275362216,0.2074122757790741,0.0714835378843427,0.5916525662718554,0.4083474337281442
dc_8_s0,dcsbm,Louv,0.3885126780623013,53,3.897483211942154,0.9785382716049382,1.0,16.0,8.49056603773585,3.1480610475094926,0.0624999999999961,0.37077163448440764,450,1773,0.01755011135857461,7.88,7.395422007341208,0.3254371122391425,0.3031626239172598,0.6684415652012934,0.0,0.8823529411764446,0.36029185698994254,0.15587881156614078,0.6745628877608569,0.3254371122391425
dc_8_s0,dcsbm,Leid,0.40013487092609906,54,3.9443268073041384,0.9799703703703704,1.0,14.0,8.333333333333334,2.3804761428476167,0.07142857142856633,0.2856571371416797,450,1773,0.01755011135857461,7.88,7.395422007341208,0.3254371122391425,0.3046280152020229,0.6610207845434357,0.0,0.8749999999999922,0.35225720781274683,0.11080071343016037,0.6745628877608569,0.3254371122391425
dc_8_s0,dcsbm,GMod,0.9364128298680494,4,1.1119618320609208,0.6681382716049382,1.0,150.0,112.5,64.37584950895794,0.006666666666666623,0.5722297734129544,450,1773,0.01755011135857461,7.88,7.395422007341208,0.9261139311900728,0.5921200345217111,0.05540832302691355,0.0,0.07879772542648247,0.036905193784388404,0.021406639152791788,0.07388606880992664,0.9261139311900728
dc_9_s0,dcsbm,Louv,0.26864565322651274,146,3.9078482959365277,0.8893530864197531,1.0,147.0,3.0821917808219177,11.998576884401391,0.006802721088435328,3.8928716113822994,450,1365,0.013511507052709724,6.066666666666666,6.394442031083626,0.4058608058608056,0.21012464946530876,0.7771639912076298,0.0,0.9999999999999667,0.5865096917601543,0.4234629662459293,0.5941391941391937,0.4058608058608056
dc_9_s0,dcsbm,Leid,0.02079199388474331,6,0.07892968150508345,0.0220740740740738,1.0,445.0,75.0,165.46903033498444,0.00224719101123595,2.2062537377997633,450,1365,0.013511507052709724,6.066666666666666,6.394442031083626,0.9999999999999993,0.0,0.0,0.0,0.0,0.002302864662415224,0.005149361928142547,0.0,0.9999999999999993
dc_9_s0,dcsbm,Louv,0.2886796963089023,153,4.317901562706723,0.9398716049382716,1.0,106.0,2.9411764705882355,8.422065086145047,0.009433962264150855,2.863502129288342,450,1365,0.013511507052709724,6.066666666666666,6.394442031083626,0.34358974358974337,0.24006091588509165,0.7539790472188402,0.0,0.9999999999999333,0.707854001138679,0.37252792485278724,0.656410256410256,0.34358974358974337
dc_9_s0,dcsbm,Leid,0.429999925904268,7,0.7396973430226387,0.48682469135802453,1.0,272.0,64.28571428571429,103.50253866550368,0.00367647058823528,1.6100394903522544,450,1365,0.013511507052709724,6.066666666666666,6.394442031083626,0.8490842490842485,0.3178800198580419,0.05747767857142853,0.0,0.20117187499999983,0.006834246038138732,0.010973126213700902,0.15091575091575082,0.8490842490842485
dc_9_s0,dcsbm,Louv,0.5271207464510479,15,1.5435069409970168,0.7300148148148149,1.0,136.0,30.0,52.390838893837156,0.007352941176470534,1.7463612964611803,450,1365,0.013511507052709724,6.066666666666666,6.394442031083626,0.7289377289377285,0.4364572179956796,0.30948232521701247,0.0,0.65217391304345,0.18391099851535944,0.18802076823882974,0.2710622710622709,0.7289377289377285
dc_9_s0,dcsbm,Leid,0.6218773296226029,8,1.1645840948301855,0.6735111111111112,1.0,156.0,56.25,71.41559703594166,0.006410256410256369,1.2696106139722736,450,1365,0.013511507052709724,6.066666666666666,6.394442031083626,0.7699633699633694,0.43641642850434065,0.08626777007938467,0.0,0.2375565610859726,0.012067765035480125,0.01564545888035994,0.23003663003662989,0.7699633699633694
dc_9_s0,dcsbm,Louv,0.39223296551261894,14,2.0761074987544546,0.8506271604938271,1.0,103.0,32.142857142857146,33.57689925030759,0.009708737864077575,1.0446146433428702,450,1365,0.013511507052709724,6.066666666666666,6.394442031083626,0.612454212454212,0.4407747319835232,0.2955016134627397,0.0,0.5578947368420994,0.05276287006197131,0.04963723022660354,0.3875457875457873,0.612454212454212
dc_9_s0,dcsbm,Leid,0.36191818941591175,14,2.1123113830211655,0.8597234567901234,1.0,98.0,32.142857142857146,31.556880940515615,0.010204081632652958,0.9817696292604551,450,1365,0.013511507052709724,6.066666666666666,6.394442031083626,0.6117216117216113,0.45185981295871414,0.2847466600675742,0.0,0.5483870967741877,0.05041568017050186,0.041965737562645405,0.388278388278388,0.6117216117216113
dc_9_s0,dcsbm,Louv,0.29290553973266575,24,2.892064810016304,0.9371950617283951,1.0,56.0,18.75,13.354930425377239,0.017857142857142537,0.7122629560200815,450,1365,0.013511507052709724,6.066666666666666,6.394442031083626,0.4717948717948715,0.40174214064323954,0.4367860230906005,0.0,0.6551724137930921,0.10644760914535462,0.06511007577242295,0.5282051282051279,0.4717948717948715
dc_9_s0,dcsbm,Leid,0.3279998575025444,22,2.799863867337434,0.9331851851851851,1.0,46.0,20.454545454545453,14.021824783099163,0.021739130434782136,0.68551143384037,450,1365,0.013511507052709724,6.066666666666666,6.394442031083626,0.49597069597069565,0.4212867474405936,0.41025656348245415,0.0,0.6712328767123196,0.09473236003926068,0.059272046987301596,0.5040293040293037,0.49597069597069565
dc_9_s0,dcsbm,Louv,0.23624255324469687,30,3.1992878573174712,0.9560987654320988,1.0,29.0,15.0,8.445906306213285,0.03448275862068847,0.5630604204141815,450,1365,0.013511507052709724,6.066666666666666,6.394442031083626,0.429304029304029,0.38087912087912085,0.4773012053072058,0.0,0.6399999999999871,0.14123023766162765,0.08596058662157834,0.5706959706959703,0.429304029304029
dc_9_s0,dcsbm,Leid,0.26684249968488233,29,3.1463971344713664,0.9532641975308642,1.0,35.0,15.517241379310345,9.249867434856874,0.028571428571427755,0.5961025680240712,450,1365,0.013511507052709724,6.066666666666666,6.394442031083626,0.45128205128205096,0.4004347301050597,0.464326602425766,0.0,0.6551724137930809,0.1418082432519994,0.08937104276173223,0.5487179487179483,0.45128205128205096
dc_9_s0,dcsbm,Louv,0.24495381989332496,44,3.648164489212849,0.9721876543209876,1.0,21.0,10.227272727272727,4.8376536215383865,0.047619047619045354,0.473015020772596,450,1365,0.013511507052709724,6.066666666666666,6.394442031083626,0.3853479853479851,0.35499899368031235,0.5508413348638574,0.0,0.7142857142856888,0.213312295172688,0.11034442711062965,0.6146520146520142,0.3853479853479851
dc_9_s0,dcsbm,Leid,0.255569152319061,38,3.503501880774527,0.968237037037037,1.0,26.0,11.842105263157896,5.387736150835982,0.038461538461536986,0.4549643860705556,450,1365,0.013511507052709724,6.066666666666666,6.394442031083626,0.4087912087912085,0.3745468207006668,0.5127009287732892,0.0,0.6869565217391245,0.1803326644116088,0.08481326727635398,0.5912087912087908,0.4087912087912085
dc_9_s0,dcsbm,Louv,0.24254668800109744,67,4.109222557007008,0.9825086419753086,1.0,13.0,6.7164179104477615,2.784852257123809,0.076923076923071,0.41463355828281645,450,1365,0.013511507052709724,6.066666666666666,6.394442031083626,0.3369963369963368,0.31830535764601686,0.6120030582432499,0.0,0.8873239436619594,0.33461637864620375,0.15596063553916809,0.6630036630036625,0.3369963369963368
dc_9_s0,dcsbm,Leid,0.25559053405526,63,4.062946950954386,0.982004938271605,1.0,14.0,7.142857142857143,2.6116779430099215,0.07142857142856633,0.3656349120213378,450,1365,0.013511507052709724,6.066666666666666,6.394442031083626,0.34505494505494483,0.32612781601792584,0.5967142097085607,0.0,0.8857142857142731,0.3120901144710487,0.14021236795874842,0.6549450549450545,0.34505494505494483
dc_9_s0,dcsbm,GMod,0.4172948205872201,13,1.8805211567511366,0.8171654320987654,1.0,121.0,34.61538461538461,40.61742419121372,0.008264462809917288,1.173392254412807,450,1365,0.013511507052709724,6.066666666666666,6.394442031083626,0.6549450549450545,0.44602423217807824,0.2742387298892167,0.0,0.624999999999987,0.05393857711462634,0.06013431661144166,0.34505494505494483,0.6549450549450545
dc_10_s0,dcsbm,Louv,0.4073238310932442,192,5.060366260684372,0.990304,1.0,32.0,2.6041666666666665,2.417295176891358,0.03124999999999902,0.9282413479259252,500,923,0.007398797595190381,3.692,4.511888296489619,0.3813651137594795,0.3611369022535917,0.5100061076972834,0.0,0.9999999999995,0.6557102321210581,0.3567140861687811,0.6186348862405193,0.3813651137594795
dc_10_s0,dcsbm,Leid,0.5340817231338559,39,1.785708478089259,0.773792,1.0,162.0,12.820512820512821,35.85646013022407,0.006172839506172802,2.796803890157259,500,923,0.007398797595190381,3.692,4.511888296489619,0.8591549295774639,0.5915393184173797,0.014844930846566403,0.0,0.16230366492146553,0.054420336958680635,0.22004371408482182,0.14084507042253505,0.8591549295774639
dc_10_s0,dcsbm,Louv,0.45910773592913773,55,2.5796161127636963,0.874776,1.0,102.0,9.090909090909092,22.05800017909209,0.009803921568627355,2.4263800196998626,500,923,0.007398797595190381,3.692,4.511888296489619,0.7486457204767055,0.5921203527524007,0.15049901128914636,0.0,0.7499999999999063,0.1839956770620032,0.3140558933487772,0.2513542795232933,0.7486457204767055
dc_10_s0,dcsbm,Leid,0.6006099396092425,40,2.014756201354639,0.827928,1.0,100.0,12.5,30.31831129861952,0.009999999999999901,2.4254649038893676,500,923,0.007398797595190381,3.692,4.511888296489619,0.8342361863488614,0.6349901224163046,0.02079640637273446,0.0,0.20555555555555496,0.0545486022223413,0.21723488582389658,0.1657638136511374,0.8342361863488614
dc_10_s0,dcsbm,Louv,0.4619096250007092,49,2.543181272738665,0.88104,1.0,95.0,10.204081632653061,22.423547746606836,0.010526315789473575,2.1975076791672548,500,923,0.007398797595190381,3.692,4.511888296489619,0.7562296858071498,0.6110027948338418,0.0968844010385259,0.0,0.5714285714285307,0.09903296744633058,0.2242704122992211,0.24377031419284914,0.7562296858071498
dc_10_s0,dcsbm,Leid,0.5535812376330561,42,2.14460958981744,0.842632,1.0,96.0,11.904761904761905,28.195583514182065,0.010416666666666559,2.3684290151910945,500,923,0.007398797595190381,3.692,4.511888296489619,0.8223185265438777,0.6360166164081748,0.04046516385271291,0.0,0.4999999999999688,0.06453006063609673,0.21856773339850188,0.17768147345612115,0.8223185265438777
dc_10_s0,dcsbm,Louv,0.4772988670511738,45,2.4159305930753474,0.874296,1.0,89.0,11.11111111111111,23.977046636983854,0.01123595505617965,2.157934197328353,500,923,0.007398797595190381,3.692,4.511888296489619,0.773564463705308,0.6182733537653959,0.0640478038146518,0.0,0.3953488372092931,0.06743046956361884,0.20895578605270007,0.226435536294691,0.773564463705308
dc_10_s0,dcsbm,Leid,0.5658650841091662,44,2.277295147922358,0.8568479999999999,1.0,87.0,11.363636363636363,26.157817282003435,0.011494252873563086,2.3018879208160996,500,923,0.007398797595190381,3.692,4.511888296489619,0.8114842903575289,0.6365436556332743,0.05086548857535298,0.0,0.39999999999999,0.070891507988077,0.21562647450347402,0.18851570964247,0.8114842903575289
dc_10_s0,dcsbm,Louv,0.45317224816593,49,2.7873058810980367,0.914632,1.0,69.0,10.204081632653061,18.20515691891492,0.014492753623188196,1.7841053780534872,500,923,0.007398797595190381,3.692,4.511888296489619,0.7237269772481032,0.6129108176855114,0.09346726626771223,0.0,0.49090909090908197,0.0724861973553585,0.20083492140328532,0.2762730227518957,0.7237269772481032
dc_10_s0,dcsbm,Leid,0.4472639801240416,50,2.8584710948514065,0.919824,1.0,67.0,10.0,17.345892885637223,0.014925373134328136,1.7345892885635488,500,923,0.007398797595190381,3.692,4.511888296489619,0.7248104008667381,0.6191918575374239,0.09944214833597034,0.0,0.49999999999998607,0.07232416921156284,0.1970490460363248,0.2751895991332608,0.7248104008667381
dc_10_s0,dcsbm,Louv,0.39489491954787226,56,3.1978403656776195,0.944696,1.0,56.0,8.928571428571429,12.92955797340942,0.017857142857142537,1.4481104930216928,500,923,0.007398797595190381,3.692,4.511888296489619,0.6663055254604543,0.5899658304858737,0.13669489981027086,0.0,0.5199999999999896,0.08754827681456025,0.19221579235751607,0.3336944745395446,0.6663055254604543
dc_10_s0,dcsbm,Leid,0.4224155060018852,57,3.2714056535099956,0.950736,1.0,43.0,8.771929824561404,11.795059244936697,0.02325581395348783,1.34463675392263,500,923,0.007398797595190381,3.692,4.511888296489619,0.6565547128927404,0.5898114748999035,0.14138741953676964,0.0,0.46341463414633016,0.09041760158088148,0.19189878348763736,0.3434452871072586,0.6565547128927404
dc_10_s0,dcsbm,Louv,0.3978157786473801,66,3.6424423833993447,0.96836,1.0,29.0,7.575757575757576,7.9029350245232655,0.03448275862068847,1.0431874232369334,500,923,0.007398797595190381,3.692,4.511888296489619,0.5817984832069333,0.5417757817846321,0.19949853708317009,0.0,0.5774647887323863,0.11394418810264549,0.18511895708127069,0.4182015167930656,0.5817984832069333
dc_10_s0,dcsbm,Leid,0.42080828548416604,68,3.6972016584975,0.969904,1.0,29.0,7.352941176470588,7.522055229715661,0.03448275862068847,1.0229995112411907,500,923,0.007398797595190381,3.692,4.511888296489619,0.5882990249187425,0.5483925303634457,0.20282929922631546,0.0,0.5555555555555453,0.11932318947917621,0.18261416209327197,0.4117009750812563,0.5882990249187425
dc_10_s0,dcsbm,Louv,0.3909828591949023,83,4.053414936260055,0.97968,1.0,19.0,6.024096385542169,4.99150097814337,0.052631578947365656,0.8285891623716618,500,923,0.007398797595190381,3.692,4.511888296489619,0.5243770314192844,0.49873698395054056,0.2741441777833982,0.0,0.6428571428571199,0.17182301774879585,0.18756119889862927,0.4756229685807145,0.5243770314192844
dc_10_s0,dcsbm,Leid,0.39697179102883434,87,4.148153657731063,0.982032,1.0,16.0,5.747126436781609,4.313087250183088,0.0624999999999961,0.7504771815317267,500,923,0.007398797595190381,3.692,4.511888296489619,0.5146262188515703,0.4922581576633733,0.2865538683340735,0.0,0.7142857142856939,0.18543496733148848,0.19286295219303304,0.4853737811484285,0.5146262188515703
dc_10_s0,dcsbm,GMod,0.568057276998347,44,2.274791755958169,0.8560719999999999,1.0,86.0,11.363636363636363,26.241960594966383,0.011627906976744052,2.3092925323568383,500,923,0.007398797595190381,3.692,4.511888296489619,0.8125677139761638,0.6373136728530193,0.051372935593106156,0.0,0.3913043478260784,0.06939860055819676,0.21273616461337225,0.1874322860238351,0.8125677139761638
dc_11_s0,dcsbm,Louv,0.9561630545483442,12,2.148017882372588,0.87875,1.0,41.0,26.666666666666668,17.987650084309387,0.02439024390243843,0.6745368781615767,320,1145,0.022433385579937303,7.15625,5.750594398625242,0.7947598253275103,0.6706214603077744,0.27331209724325284,0.0,0.999999999999875,0.18378993316404738,0.25466465662765303,0.20524017467248892,0.7947598253275103
dc_11_s0,dcsbm,Leid,0.7010255077284291,6,1.2569771754642294,0.66681640625,1.0,155.0,53.333333333333336,53.309369616314996,0.006451612903225765,0.9995506803058873,320,1145,0.022433385579937303,7.15625,5.750594398625242,0.8733624454148464,0.5399237238038939,0.09504671983027844,0.0,0.18382352941176403,0.07034714980393085,0.06245142103861984,0.12663755458515275,0.8733624454148464
dc_11_s0,dcsbm,Louv,0.9651264765034394,10,2.1085901208141626,0.87650390625,1.0,41.0,32.0,15.51128621359299,0.02439024390243843,0.4847276941747658,320,1145,0.022433385579937303,7.15625,5.750594398625242,0.8017467248908291,0.6759524036536297,0.1593571823927573,0.0,0.26086956521739035,0.11913383364602861,0.06086160938511714,0.19825327510917015,0.8017467248908291
dc_11_s0,dcsbm,Leid,0.958147849157793,10,2.1085901208141626,0.87650390625,1.0,41.0,32.0,15.51128621359299,0.02439024390243843,0.4847276941747658,320,1145,0.022433385579937303,7.15625,5.750594398625242,0.8017467248908291,0.6759531664155909,0.15930470002546185,0.0,0.26086956521739035,0.11920805766762106,0.0610537345336862,0.19825327510917015,0.8017467248908291
dc_11_s0,dcsbm,Louv,0.9651264765034394,10,2.1085901208141626,0.87650390625,1.0,41.0,32.0,15.51128621359299,0.02439024390243843,0.4847276941747658,320,1145,0.022433385579937303,7.15625,5.750594398625242,0.8017467248908291,0.6759524036536297,0.1593571823927573,0.0,0.26086956521739035,0.11913383364602861,0.06086160938511714,0.19825327510917015,0.8017467248908291
dc_11_s0,dcsbm,Leid,0.958147849157793,10,2.1085901208141626,0.87650390625,1.0,41.0,32.0,15.51128621359299,0.02439024390243843,0.4847276941747658,320,1145,0.022433385579937303,7.15625,5.750594398625242,0.8017467248908291,0.6759531664155909,0.15930470002546185,0.0,0.26086956521739035,0.11920805766762106,0.0610537345336862,0.19825327510917015,0.8017467248908291
dc_11_s0,dcsbm,Louv,0.9580884047991253,10,2.1081973534877974,0.87640625,1.0,42.0,32.0,15.543487382180357,0.023809523809523243,0.48573398069312096,320,1145,0.022433385579937303,7.15625,5.750594398625242,0.8017467248908291,0.6759154096985184,0.15915936865330046,0.0,0.265017667844522,0.11941246872569064,0.06135519835105345,0.19825327510917015,0.8017467248908291
dc_11_s0,dcsbm,Leid,0.958147849157793,10,2.1085901208141626,0.87650390625,1.0,41.0,32.0,15.51128621359299,0.02439024390243843,0.4847276941747658,320,1145,0.022433385579937303,7.15625,5.750594398625242,0.8017467248908291,0.6759531664155909,0.15930470002546185,0.0,0.26086956521739035,0.11920805766762106,0.0610537345336862,0.19825327510917015,0.8017467248908291
dc_11_s0,dcsbm,Louv,0.9651264765034394,10,2.1085901208141626,0.87650390625,1.0,41.0,32.0,15.51128621359299,0.02439024390243843,0.4847276941747658,320,1145,0.022433385579937303,7.15625,5.750594398625242,0.8017467248908291,0.6759524036536297,0.1593571823927573,0.0,0.26086956521739035,0.11913383364602861,0.06086160938511714,0.19825327510917015,0.8017467248908291
dc_11_s0,dcsbm,Leid,0.9651264765034394,10,2.1085901208141626,0.87650390625,1.0,41.0,32.0,15.51128621359299,0.02439024390243843,0.4847276941747658,320,1145,0.022433385579937303,7.15625,5.750594398625242,0.8017467248908291,0.6759524036536297,0.15935718239275737,0.0,0.26086956521739035,0.11913383364602861,0.06086160938511714,0.19825327510917015,0.8017467248908291
dc_11_s0,dcsbm,Louv,0.9511660771798089,10,2.1081151071512747,0.87638671875,1.0,42.0,32.0,15.549919613940132,0.023809523809523243,0.4859349879356139,320,1145,0.022433385579937303,7.15625,5.750594398625242,0.8017467248908291,0.6758993916973361,0.1591858132274089,0.0,0.265017667844522,0.1193857213305222,0.06125942881483264,0.19825327510917015,0.8017467248908291
dc_11_s0,dcsbm,Leid,0.9651264765034394,10,2.1085901208141626,0.87650390625,1.0,41.0,32.0,15.51128621359299,0.02439024390243843,0.4847276941747658,320,1145,0.022433385579937303,7.15625,5.750594398625242,0.8017467248908291,0.6759524036536297,0.15935718239275734,0.0,0.26086956521739035,0.11913383364602863,0.06086160938511713,0.19825327510917015,0.8017467248908291
dc_11_s0,dcsbm,Louv,0.9075390161541066,15,2.316632531586223,0.89150390625,1.0,40.0,21.333333333333332,16.89838914084877,0.024999999999999373,0.7921119909772492,320,1145,0.022433385579937303,7.15625,5.750594398625242,0.7685589519650649,0.6536946282488891,0.3408636640252382,0.0,0.79999999999992,0.29130580703322256,0.2971982623709423,0.23144104803493432,0.7685589519650649
dc_11_s0,dcsbm,Leid,0.9043999542460341,15,2.3347401399200143,0.8937890625,1.0,41.0,21.333333333333332,16.43032426811947,0.02439024390243843,0.7701714500680642,320,1145,0.022433385579937303,7.15625,5.750594398625242,0.7545851528384273,0.6460364981598368,0.3290240018568417,0.0,0.7499999999999533,0.3097326320767727,0.3105132699194543,0.24541484716157186,0.7545851528384273
dc_11_s0,dcsbm,Louv,0.6670902869525765,34,3.378641904414752,0.96259765625,1.0,19.0,9.411764705882353,4.90568485989843,0.052631578947365656,0.5212290163641528,320,1145,0.022433385579937303,7.15625,5.750594398625242,0.4768558951965062,0.43468660017924904,0.5438649528053932,0.0,0.8181818181817438,0.355216088975829,0.17028055078763052,0.523144104803493,0.4768558951965062
dc_11_s0,dcsbm,Leid,0.7039523199008715,34,3.363919336930031,0.96166015625,1.0,19.0,9.411764705882353,5.185486800330455,0.052631578947365656,0.5509579725350523,320,1145,0.022433385579937303,7.15625,5.750594398625242,0.489082969432314,0.4467367136400909,0.5371244579396934,0.0,0.7647058823528963,0.3671494125372888,0.1566212382605119,0.5109170305676852,0.489082969432314
dc_11_s0,dcsbm,GMod,0.8885343853694355,10,2.106404109619767,0.8759765625,1.0,42.0,32.0,15.684387141358123,0.023809523809523243,0.490137098167426,320,1145,0.022433385579937303,7.15625,5.750594398625242,0.7895196506550212,0.6633714078678896,0.1698067596869734,0.0,0.2762645914396876,0.1175072435976308,0.059905331977625646,0.210480349344978,0.7895196506550212
dc_12_s0,dcsbm,Louv,0.31819372535338813,86,2.6417324994371105,0.6946093749999999,1.0,176.0,3.7209302325581395,18.702475375767214,0.00568181818181815,5.026290257236088,320,1151,0.022550940438871472,7.19375,6.469637620261277,0.5473501303214592,0.10920960959419576,0.8210168564169633,0.0,0.9999999999999286,0.45197926104866176,0.46470442650543936,0.45264986967854004,0.5473501303214592
dc_12_s0,dcsbm,Leid,0.029880601778568328,6,0.10563230444378971,0.030957031250000044,1.0,315.0,53.333333333333336,117.02089082248901,0.003174603174603164,2.1941417029216277,320,1151,0.022550940438871472,7.19375,6.469637620261277,0.9999999999999992,0.0,0.0,0.0,0.0,0.003878947191049102,0.008673589600317656,0.0,0.9999999999999992
dc_12_s0,dcsbm,Louv,0.3865405665524546,102,3.778169856932081,0.90712890625,1.0,94.0,3.1372549019607843,9.13197272213239,0.010638297872340313,2.9108163051787717,320,1151,0.022550940438871472,7.19375,6.469637620261277,0.3605560382276279,0.20300445123456273,0.7745051065625373,0.0,0.9999999999999286,0.6721607654724667,0.4089552346578083,0.6394439617723714,0.3605560382276279
dc_12_s0,dcsbm,Leid,0.029880601778568328,6,0.10563230444378971,0.030957031250000044,1.0,315.0,53.333333333333336,117.02089082248901,0.003174603174603164,2.1941417029216277,320,1151,0.022550940438871472,7.19375,6.469637620261277,0.9999999999999992,0.0,0.0,0.0,0.0,0.003878947191049102,0.008673589600317656,0.0,0.9999999999999992
dc_12_s0,dcsbm,Louv,0.19445172676886918,18,2.3332458564337615,0.871796875,1.0,73.0,17.77777777777778,20.32938638073673,0.013698630136986115,1.1435279839163768,320,1151,0.022550940438871472,7.19375,6.469637620261277,0.49782797567332715,0.3368090754762413,0.41166837692654007,0.0,0.685714285714276,0.12797060005035485,0.10283147172836846,0.5021720243266721,0.49782797567332715
dc_12_s0,dcsbm,Leid,0.19844335225905477,10,1.6693279809748693,0.7979296875,1.0,85.0,32.0,32.3295530436163,0.011764705882352804,1.0102985326129779,320,1151,0.022550940438871472,7.19375,6.469637620261277,0.5768896611642046,0.36379463783617316,0.21586810581508087,0.0,0.4860681114551068,0.034144129020878065,0.034908489866248844,0.42311033883579463,0.5768896611642046
dc_12_s0,dcsbm,Louv,0.1879831566623791,14,2.209563437364625,0.87994140625,1.0,54.0,22.857142857142858,18.85984829077425,0.018518518518518174,0.8251183627213373,320,1151,0.022550940438871472,7.19375,6.469637620261277,0.4795829713292785,0.3447510229838293,0.34458512412161524,0.0,0.6202531645569542,0.06640816401169895,0.052610696335488136,0.5204170286707207,0.4795829713292785
dc_12_s0,dcsbm,Leid,0.25057599908471456,13,2.085024244445973,0.86298828125,1.0,61.0,24.615384615384617,21.75577186558674,0.01639344262295055,0.8838282320394255,320,1151,0.022550940438871472,7.19375,6.469637620261277,0.5256298870547346,0.37556282037830585,0.299244252081209,0.0,0.5463917525773168,0.06407578183825215,0.055802118196076125,0.4743701129452646,0.5256298870547346
dc_12_s0,dcsbm,Louv,0.26632327444396137,21,2.792478347392495,0.9342578125000001,1.0,30.0,15.238095238095237,9.400632004613723,0.03333333333333222,0.6169164753027351,320,1151,0.022550940438871472,7.19375,6.469637620261277,0.41702867072111177,0.34193814769161557,0.45017146014972265,0.0,0.679012345679004,0.12347996294371637,0.07425309317803883,0.5829713292788875,0.41702867072111177
dc_12_s0,dcsbm,Leid,0.28683965092692704,22,2.7962306557131837,0.93224609375,1.0,33.0,14.545454545454545,10.187904025350457,0.030303030303029384,0.7004184017427958,320,1151,0.022550940438871472,7.19375,6.469637620261277,0.4291920069504775,0.3550446444409386,0.4564170491845717,0.0,0.7499999999999766,0.1500496672894678,0.10496201334508701,0.5708079930495217,0.4291920069504775
dc_12_s0,dcsbm,Louv,0.2910224586634665,27,3.0839861705671225,0.95001953125,1.0,26.0,11.851851851851851,7.006365908037589,0.038461538461536986,0.5911621234906217,320,1151,0.022550940438871472,7.19375,6.469637620261277,0.3779322328410075,0.32460988480534053,0.5170603726742216,0.0,0.7669902912621285,0.18148547802059958,0.11105244481783225,0.6220677671589917,0.3779322328410075
dc_12_s0,dcsbm,Leid,0.31865427371447885,29,3.1864941275862595,0.9560546875,1.0,19.0,11.03448275862069,5.780363660082831,0.052631578947365656,0.5238454566949591,320,1151,0.022550940438871472,7.19375,6.469637620261277,0.38227628149435244,0.33513976816140695,0.5164589696520965,0.0,0.7543859649122674,0.2088351392744394,0.15350842051751182,0.6177237185056468,0.38227628149435244
dc_12_s0,dcsbm,Louv,0.3287425871325167,42,3.6269685448847717,0.971953125,1.0,14.0,7.619047619047619,3.2141975296545153,0.07142857142856633,0.4218634257670998,320,1151,0.022550940438871472,7.19375,6.469637620261277,0.3284100781928755,0.2968030670266704,0.5921335091409112,0.0,0.7954545454545364,0.28816725602438653,0.13641293531782334,0.6715899218071237,0.3284100781928755
dc_12_s0,dcsbm,Leid,0.3313566027850714,39,3.548365480781484,0.96974609375,1.0,16.0,8.205128205128204,3.4801966285408406,0.0624999999999961,0.4241489641033633,320,1151,0.022550940438871472,7.19375,6.469637620261277,0.34231103388357925,0.3085644560956702,0.5742293515994618,0.0,0.7954545454545364,0.2640220178681627,0.11801906287832968,0.65768896611642,0.34231103388357925
dc_12_s0,dcsbm,Louv,0.3395862827542301,55,3.8958230811029466,0.97822265625,1.0,11.0,5.818181818181818,2.5873180855923104,0.09090909090908264,0.4446952959611019,320,1151,0.022550940438871472,7.19375,6.469637620261277,0.2884448305821023,0.2664294486492689,0.651400329863145,0.0,0.9062499999999859,0.40732651187190994,0.2254955491906219,0.7115551694178969,0.2884448305821023
dc_12_s0,dcsbm,Leid,0.3618395655709389,56,3.932436800244049,0.979375,1.0,10.0,5.714285714285714,2.249716535431946,0.09999999999999,0.3937003937005217,320,1151,0.022550940438871472,7.19375,6.469637620261277,0.29105125977410923,0.26998922857093255,0.6456535046147207,0.0,0.9672131147540824,0.41050170068020764,0.2272527464358472,0.7089487402258899,0.29105125977410923
dc_12_s0,dcsbm,GMod,0.21170610582862975,14,2.0611764124321437,0.8507421875000001,1.0,72.0,22.857142857142858,23.85928134128203,0.013888888888888697,1.0438435586810433,320,1151,0.022550940438871472,7.19375,6.469637620261277,0.5160729800173758,0.34625992884969137,0.34660004418596996,0.0,0.6585365853658376,0.08382374890141808,0.08462947974133717,0.48392701998262344,0.5160729800173758
dc_0_s1,dcsbm,Louv,0.7996869581246943,20,1.6489935775983935,0.7417361111111112,1.0,77.0,12.0,24.49081460466352,0.01298701298701282,2.040901217055123,240,1503,0.05240585774058577,12.525,8.122974106405445,0.7957418496340647,0.5170614636772142,0.8453130845269113,0.07786885245901631,0.9999999999999475,0.12751735390706992,0.2739191584662156,0.20425815036593467,0.7957418496340647
dc_0_s1,dcsbm,Leid,1.0,3,1.0986122886651097,0.6666666666666667,80.0,80.0,80.0,0.0,0.9999999999999876,0.0,240,1503,0.05240585774058577,12.525,8.122974106405445,0.9427811044577505,0.6093413085118298,0.05729148652807315,0.051606621226874344,0.060851926977687563,0.1494725738396624,0.00332236619156617,0.0572188955422488,0.9427811044577505
dc_0_s1,dcsbm,Louv,1.0,3,1.0986122886651097,0.6666666666666667,80.0,80.0,80.0,0.0,0.9999999999999876,0.0,240,1503,0.05240585774058577,12.525,8.122974106405445,0.9427811044577505,0.6093413085118298,0.05729148652807315,0.051606621226874344,0.060851926977687563,0.14947257383966242,0.00332236619156617,0.0572188955422488,0.9427811044577505
dc_0_s1,dcsbm,Leid,1.0,3,1.0986122886651097,0.6666666666666667,80.0,80.0,80.0,0.0,0.9999999999999876,0.0,240,1503,0.05240585774058577,12.525,8.122974106405445,0.9427811044577505,0.6093413085118298,0.05729148652807315,0.051606621226874344,0.060851926977687563,0.1494725738396624,0.00332236619156617,0.0572188955422488,0.9427811044577505
dc_0_s1,dcsbm,Louv,1.0,3,1.0986122886651097,0.6666666666666667,80.0,80.0,80.0,0.0,0.9999999999999876,0.0,240,1503,0.05240585774058577,12.525,8.122974106405445,0.9427811044577505,0.6093413085118298,0.05729148652807315,0.051606621226874344,0.060851926977687563,0.14947257383966242,0.00332236619156617,0.0572188955422488,0.9427811044577505
dc_0_s1,dcsbm,Leid,1.0,3,1.0986122886651097,0.6666666666666667,80.0,80.0,80.0,0.0,0.9999999999999876,0.0,240,1503,0.05240585774058577,12.525,8.122974106405445,0.9427811044577505,0.6093413085118298,0.05729148652807315,0.051606621226874344,0.060851926977687563,0.1494725738396624,0.00332236619156617,0.0572188955422488,0.9427811044577505
dc_0_s1,dcsbm,Louv,1.0,3,1.0986122886651097,0.6666666666666667,80.0,80.0,80.0,0.0,0.9999999999999876,0.0,240,1503,0.05240585774058577,12.525,8.122974106405445,0.9427811044577505,0.6093413085118298,0.05729148652807315,0.051606621226874344,0.060851926977687563,0.14947257383966242,0.00332236619156617,0.0572188955422488,0.9427811044577505
dc_0_s1,dcsbm,Leid,1.0,3,1.0986122886651097,0.6666666666666667,80.0,80.0,80.0,0.0,0.9999999999999876,0.0,240,1503,0.05240585774058577,12.525,8.122974106405445,0.9427811044577505,0.6093413085118298,0.05729148652807315,0.051606621226874344,0.060851926977687563,0.14947257383966242,0.00332236619156617,0.0572188955422488,0.9427811044577505
dc_0_s1,dcsbm,Louv,1.0,3,1.0986122886651097,0.6666666666666667,80.0,80.0,80.0,0.0,0.9999999999999876,0.0,240,1503,0.05240585774058577,12.525,8.122974106405445,0.9427811044577505,0.6093413085118298,0.05729148652807315,0.051606621226874344,0.060851926977687563,0.1494725738396624,0.00332236619156617,0.0572188955422488,0.9427811044577505
dc_0_s1,dcsbm,Leid,1.0,3,1.0986122886651097,0.6666666666666667,80.0,80.0,80.0,0.0,0.9999999999999876,0.0,240,1503,0.05240585774058577,12.525,8.122974106405445,0.9427811044577505,0.6093413085118298,0.05729148652807315,0.051606621226874344,0.060851926977687563,0.1494725738396624,0.00332236619156617,0.0572188955422488,0.9427811044577505
dc_0_s1,dcsbm,Louv,0.7805825997782467,7,1.6840612774572337,0.7806944444444445,8.0,79.0,34.285714285714285,25.081092968405418,0.10126582278480885,0.7315318782451367,240,1503,0.05240585774058577,12.525,8.122974106405445,0.7604790419161672,0.5238493959076745,0.42283048623110914,0.0639593908629441,0.6744186046511471,0.24066384842761904,0.04950368936397295,0.2395209580838322,0.7604790419161672
dc_0_s1,dcsbm,Leid,0.7953897273760158,6,1.6638379941386263,0.7931597222222222,14.0,66.0,40.0,19.638397762207248,0.21212121212120894,0.4909599440551689,240,1503,0.05240585774058577,12.525,8.122974106405445,0.7312042581503655,0.5115262931666053,0.37746385071250343,0.13225058004640355,0.6451612903225755,0.20988664046634983,0.03716407290706754,0.2687957418496339,0.7312042581503655
dc_0_s1,dcsbm,Louv,0.5194586318259342,22,3.045030520534727,0.9505902777777777,5.0,17.0,10.909090909090908,3.217976367350519,0.2941176470588063,0.2949811670071039,240,1503,0.05240585774058577,12.525,8.122974106405445,0.3339986693280104,0.28238355845417173,0.6776927566496366,0.6068376068376017,0.7560975609756005,0.42110259022022417,0.09206759076114482,0.666001330671989,0.3339986693280104
dc_0_s1,dcsbm,Leid,0.5296184337070584,20,2.950751159859591,0.9456597222222222,6.0,18.0,12.0,3.5355339059327378,0.33333333333331483,0.2946278254943703,240,1503,0.05240585774058577,12.525,8.122974106405445,0.35129740518962055,0.29538107196562735,0.6638824775973351,0.585062240663898,0.772727272727264,0.3964521344668308,0.07248650517009675,0.6487025948103788,0.35129740518962055
dc_0_s1,dcsbm,Louv,0.4289945942811578,47,3.793245753752787,0.9763541666666666,2.0,9.0,5.1063829787234045,1.7039883446958235,0.22222222222219754,0.33369771750286675,240,1503,0.05240585774058577,12.525,8.122974106405445,0.2222222222222221,0.19905011445284185,0.7874000097077871,0.6483516483516413,0.9230769230768876,0.7162951705503419,0.20838838957059522,0.7777777777777773,0.2222222222222221
dc_0_s1,dcsbm,Leid,0.4534186893550591,42,3.701310007062762,0.9744444444444444,3.0,10.0,5.714285714285714,1.5474358865973257,0.29999999999997,0.27080128015448457,240,1503,0.05240585774058577,12.525,8.122974106405445,0.23885562208915487,0.2132441703419508,0.7687932382147297,0.6399999999999871,0.8846153846153676,0.6499811035524574,0.15523499681721367,0.7611443779108445,0.23885562208915487
dc_0_s1,dcsbm,GMod,0.9795873992225648,3,1.0985602039753548,0.6666319444444444,79.0,81.0,80.0,0.816496580927726,0.9753086419752967,0.010206207261596448,240,1503,0.05240585774058577,12.525,8.122974106405445,0.9407850964737187,0.6072943932494292,0.05929988691912295,0.05426356589147282,0.06422018348623847,0.14912656625033555,0.0011611400014417564,0.059214903526280734,0.9407850964737187
dc_1_s1,dcsbm,Louv,0.39727636203792804,41,2.273695096836046,0.7802777777777778,1.0,82.0,5.853658536585366,16.56555488253652,0.012195121951219363,2.8299489590995055,240,1182,0.041213389121338914,9.85,9.243601390511529,0.5329949238578676,0.264102899957341,0.8763851784689494,0.3111638954869355,0.9999999999999286,0.3858673778163214,0.45223471511029223,0.4670050761421316,0.5329949238578676
dc_1_s1,dcsbm,Leid,0.0,1,-1.000088900581841e-12,0.0,240.0,240.0,240.0,0.0,0.9999999999999959,0.0,240,1182,0.041213389121338914,9.85,9.243601390511529,0.9999999999999992,0.0,0.0,0.0,0.0,0.041213389121338914,0.0,0.0,0.9999999999999992
dc_1_s1,dcsbm,Louv,0.42865430070792093,47,2.5146568608753883,0.8233333333333333,1.0,74.0,5.1063829787234045,13.799836635716972,0.013513513513513332,2.7024680078273775,240,1182,0.041213389121338914,9.85,9.243601390511529,0.49746192893400976,0.28356251843071906,0.8851430052479183,0.3360323886639672,0.9999999999999286,0.3688463530330552,0.4475004157487987,0.5025380710659895,0.49746192893400976
dc_1_s1,dcsbm,Leid,0.8548791619292001,3,1.0984039336249602,0.6665277777777778,78.0,82.0,80.0,1.632993161855452,0.9512195121951104,0.020412414523192896,240,1182,0.041213389121338914,9.85,9.243601390511529,0.7580372250423006,0.42406579516206155,0.2425076295417787,0.22781774580335704,0.25965379494007956,0.09472551957715414,0.00790713031467615,0.24196277495769863,0.7580372250423006
dc_1_s1,dcsbm,Louv,0.8269534519745158,3,1.0986122886651097,0.6666666666666667,80.0,80.0,80.0,0.0,0.9999999999999876,0.0,240,1182,0.041213389121338914,9.85,9.243601390511529,0.7580372250423006,0.42399278804172,0.24259309091862116,0.22781774580335704,0.26174496644295264,0.09451476793248943,0.00607250547030559,0.24196277495769863,0.7580372250423006
dc_1_s1,dcsbm,Leid,0.8548791619292001,3,1.0984039336249602,0.6665277777777778,78.0,82.0,80.0,1.632993161855452,0.9512195121951104,0.020412414523192896,240,1182,0.041213389121338914,9.85,9.243601390511529,0.7580372250423006,0.42406579516206155,0.2425076295417787,0.22781774580335704,0.25965379494007956,0.09472551957715414,0.00790713031467615,0.24196277495769863,0.7580372250423006
dc_1_s1,dcsbm,Louv,0.849778206740994,4,1.1373728833364707,0.6719444444444445,2.0,82.0,60.0,33.52610922848042,0.024390243902438727,0.558768487141331,240,1182,0.041213389121338914,9.85,9.243601390511529,0.7546531302876475,0.42421180940274456,0.3904372346105868,0.22871046228710434,0.8333333333332639,0.32195973252858817,0.39154624816417566,0.24534686971235176,0.7546531302876475
dc_1_s1,dcsbm,Leid,0.7803176411855447,4,1.1371123784514943,0.6717708333333333,2.0,83.0,60.0,33.56337289367682,0.024096385542168385,0.5593895482279376,240,1182,0.041213389121338914,9.85,9.243601390511529,0.7512690355329944,0.4204938144359413,0.39322835749070634,0.2303921568627448,0.8333333333332639,0.3215363715113755,0.39177946355203563,0.24873096446700488,0.7512690355329944
dc_1_s1,dcsbm,Louv,0.5294217949224965,10,2.0597351396795918,0.8495138888888889,5.0,59.0,24.0,17.052858997833766,0.08474576271186297,0.7105357915763774,240,1182,0.041213389121338914,9.85,9.243601390511529,0.5262267343485614,0.3610463351857101,0.5772013193122791,0.320325203252032,0.7142857142856888,0.22394937037866924,0.08736098987543636,0.4737732656514379,0.5262267343485614
dc_1_s1,dcsbm,Leid,0.521173821082739,9,1.9522320341686177,0.8390624999999999,2.0,63.0,26.666666666666668,17.857460314638498,0.03174603174603124,0.6696547617989186,240,1182,0.041213389121338914,9.85,9.243601390511529,0.5414551607445004,0.37080101694624096,0.5582603914501427,0.30745341614906785,0.7499999999999766,0.28178761235551864,0.2664750708194456,0.4585448392554988,0.5414551607445004
dc_1_s1,dcsbm,Louv,0.4041236175828522,18,2.815986292827125,0.9367013888888889,5.0,21.0,13.333333333333334,4.977728174356026,0.23809523809522679,0.37332961307667395,240,1182,0.041213389121338914,9.85,9.243601390511529,0.35448392554991515,0.2860021730354642,0.6655327328365489,0.5885167464114804,0.7499999999999916,0.29085127978315917,0.10199662220611973,0.6455160744500841,0.35448392554991515
dc_1_s1,dcsbm,Leid,0.3998950289076802,18,2.814013722577558,0.9360763888888889,4.0,24.0,13.333333333333334,5.174724898753341,0.16666666666665975,0.3881043674064715,240,1182,0.041213389121338914,9.85,9.243601390511529,0.3604060913705581,0.2930792112940583,0.6507703801759394,0.5840707964601745,0.7260273972602641,0.30937796771128984,0.11664771608594068,0.6395939086294411,0.3604060913705581
dc_1_s1,dcsbm,Louv,0.321776347812154,33,3.4536233379304098,0.9670833333333333,3.0,13.0,7.2727272727272725,2.1358800226310417,0.23076923076921302,0.29368350311172786,240,1182,0.041213389121338914,9.85,9.243601390511529,0.2758037225042299,0.2398570205651037,0.7248297327054998,0.599999999999976,0.8809523809523705,0.437423687423653,0.13997329414436316,0.7241962774957693,0.2758037225042299
dc_1_s1,dcsbm,Leid,0.3335926886091519,30,3.3325075090154423,0.9618402777777778,4.0,17.0,8.0,3.0441200151549,0.235294117647045,0.3805150018943149,240,1182,0.041213389121338914,9.85,9.243601390511529,0.29187817258883225,0.251726045791211,0.7163811670895548,0.59701492537313,0.836734693877534,0.4305113459524942,0.15122599087729305,0.7081218274111669,0.29187817258883225
dc_1_s1,dcsbm,Louv,0.30426088053441297,50,3.873803591410304,0.9784722222222222,2.0,8.0,4.8,1.32664991614216,0.24999999999996875,0.2763853991962258,240,1182,0.041213389121338914,9.85,9.243601390511529,0.2199661590524533,0.1973700974287179,0.7736957022895242,0.6153846153845918,0.9692307692307544,0.6038571428570281,0.204691510601751,0.7800338409475459,0.2199661590524533
dc_1_s1,dcsbm,Leid,0.3139295928687679,53,3.9118352331172437,0.9789583333333334,1.0,8.0,4.528301886792453,1.5370122154276455,0.12499999999998437,0.33942353090686345,240,1182,0.041213389121338914,9.85,9.243601390511529,0.22335025380710644,0.20120762366117825,0.7767403468039813,0.6153846153845918,0.9999999999999868,0.6086253369270853,0.20015248241894926,0.7766497461928928,0.22335025380710644
dc_1_s1,dcsbm,GMod,0.7149845430043683,4,1.1520237713938342,0.6747569444444443,3.0,80.0,60.0,32.91656118126558,0.037499999999999534,0.5486093530210838,240,1182,0.041213389121338914,9.85,9.243601390511529,0.7368866328257185,0.40660635705921594,0.3551418417489699,0.2423469387755099,0.6363636363635785,0.23722277195372904,0.24795967496792506,0.2631133671742807,0.7368866328257185
dc_2_s1,dcsbm,Louv,0.2706930314952398,77,3.8692557626730633,0.9610069444444445,1.0,33.0,3.116883116883117,4.41065423769764,0.030303030303029384,1.4150849012608722,240,1116,0.03891213389121339,9.3,6.135416312959809,0.24731182795698906,0.18650759239989204,0.8495824020572023,0.617128463476069,0.9999999999999286,0.6323055117359281,0.4221166572385889,0.7526881720430101,0.24731182795698906
dc_2_s1,dcsbm,Leid,0.0,1,-1.000088900581841e-12,0.0,240.0,240.0,240.0,0.0,0.9999999999999959,0.0,240,1116,0.03891213389121339,9.3,6.135416312959809,0.9999999999999992,0.0,0.0,0.0,0.0,0.03891213389121339,0.0,0.0,0.9999999999999992
dc_2_s1,dcsbm,Louv,0.24071942825217207,48,3.178019012684935,0.9270138888888889,1.0,39.0,5.0,7.910962857537212,0.02564102564102498,1.582192571507126,240,1116,0.03891213389121339,9.3,6.135416312959809,0.3306451612903223,0.23452815675543737,0.8191068016473961,0.5602836879432611,0.999999999999875,0.5709881995114992,0.4027631167880365,0.6693548387096768,0.3306451612903223
dc_2_s1,dcsbm,Leid,0.0,1,-1.000088900581841e-12,0.0,240.0,240.0,240.0,0.0,0.9999999999999959,0.0,240,1116,0.03891213389121339,9.3,6.135416312959809,0.9999999999999992,0.0,0.0,0.0,0.0,0.03891213389121339,0.0,0.0,0.9999999999999992
dc_2_s1,dcsbm,Louv,0.31157096718352706,18,2.2772904933679246,0.8668402777777777,2.0,46.0,13.333333333333334,15.758595538097083,0.04347826086956427,1.1818946653571925,240,1116,0.03891213389121339,9.3,6.135416312959809,0.43189964157706057,0.295384582032605,0.705148276949942,0.4666666666666654,0.8518518518518361,0.5980049652310759,0.34815674101963723,0.5681003584229386,0.43189964157706057
dc_2_s1,dcsbm,Leid,0.10503992263696618,5,1.6032180831940193,0.7974652777777778,42.0,57.0,48.0,5.403702434442518,0.736842105263145,0.11257713405088345,240,1116,0.03891213389121339,9.3,6.135416312959809,0.5035842293906806,0.29886362906437486,0.49913171584269733,0.4595524956970732,0.5218390804597689,0.0998752719316499,0.0113255412941765,0.4964157706093186,0.5035842293906806
dc_2_s1,dcsbm,Louv,0.21915152388855658,8,1.973802262744868,0.8504166666666666,9.0,50.0,30.0,13.30413469565007,0.17999999999999639,0.44347115652165425,240,1116,0.03891213389121339,9.3,6.135416312959809,0.45430107526881686,0.30164614406289747,0.5754341381954077,0.4692144373673026,0.6708860759493587,0.16647990940591678,0.08132122682119736,0.5456989247311823,0.45430107526881686
dc_2_s1,dcsbm,Leid,0.2053121286987558,8,2.0083784405416822,0.85875,13.0,43.0,30.0,10.816653826391969,0.30232558139534177,0.36055512754638697,240,1116,0.03891213389121339,9.3,6.135416312959809,0.47043010752688136,0.3197949184876865,0.5573836106966721,0.44600938967136045,0.6511627906976669,0.14518025395721312,0.02337917600524207,0.5295698924731178,0.47043010752688136
dc_2_s1,dcsbm,Louv,0.21657373003467573,15,2.6648479269053142,0.9284722222222223,5.0,21.0,16.0,4.320493798938574,0.23809523809522679,0.270030862433644,240,1116,0.03891213389121339,9.3,6.135416312959809,0.36648745519713233,0.29137159401857626,0.6457092421197179,0.5900621118012386,0.7499999999999766,0.2321367950934467,0.06474020449288045,0.6335125448028669,0.36648745519713233
dc_2_s1,dcsbm,Leid,0.22788687637604324,14,2.5851278870031593,0.9211805555555556,8.0,26.0,17.142857142857142,5.514359733033937,0.3076923076922959,0.32167098442696096,240,1116,0.03891213389121339,9.3,6.135416312959809,0.38261648745519683,0.30145344355802206,0.6350005369016222,0.5219123505976075,0.7142857142857065,0.22261633778771928,0.05221188929998663,0.6173835125448024,0.38261648745519683
dc_2_s1,dcsbm,Louv,0.24644577700230597,23,3.0869803484892553,0.9521875,6.0,18.0,10.434782608695652,3.294608071386545,0.33333333333331483,0.31573327350784697,240,1116,0.03891213389121339,9.3,6.135416312959809,0.31720430107526854,0.2653405660256163,0.6911669861728366,0.6236559139784913,0.75824175824175,0.32007163055755394,0.10184241640874456,0.6827956989247306,0.31720430107526854
dc_2_s1,dcsbm,Leid,0.1969590603876713,20,2.954843741639248,0.9457291666666666,7.0,19.0,12.0,3.5071355833500366,0.3684210526315596,0.2922612986124787,240,1116,0.03891213389121339,9.3,6.135416312959809,0.33333333333333304,0.27816759484076514,0.6770849194494124,0.576086956521736,0.7555555555555472,0.2861228649231685,0.057337423263384146,0.6666666666666661,0.33333333333333304
dc_2_s1,dcsbm,Louv,0.20207021645712211,35,3.501898959492614,0.9685069444444444,3.0,11.0,6.857142857142857,2.192752440497131,0.27272727272724795,0.31977639757245163,240,1116,0.03891213389121339,9.3,6.135416312959809,0.2750896057347668,0.24269544648706978,0.7364231471292594,0.6470588235294055,0.8695652173912854,0.4754009482580388,0.2031023450459358,0.7249103942652324,0.2750896057347668
dc_2_s1,dcsbm,Leid,0.19028695029543768,36,3.538724486911111,0.9697916666666667,3.0,11.0,6.666666666666667,1.9720265943665387,0.27272727272724795,0.29580398915493644,240,1116,0.03891213389121339,9.3,6.135416312959809,0.27240143369175607,0.24149387854729515,0.7357229921668302,0.6533333333333247,0.8787878787878521,0.471751242584531,0.15043521168404014,0.7275985663082432,0.27240143369175607
dc_2_s1,dcsbm,Louv,0.2268565895369501,50,3.864364659436021,0.978125,2.0,8.0,4.8,1.469693845669907,0.24999999999996875,0.3061862178478335,240,1116,0.03891213389121339,9.3,6.135416312959809,0.2302867383512543,0.20853245718837116,0.77416542840982,0.6623376623376538,0.9259259259258917,0.613285714285577,0.21698934109674273,0.7697132616487449,0.2302867383512543
dc_2_s1,dcsbm,Leid,0.22582957940358223,53,3.9353777708013595,0.9798263888888888,2.0,7.0,4.528301886792453,1.1912221975595922,0.2857142857142449,0.2630615686276852,240,1116,0.03891213389121339,9.3,6.135416312959809,0.22580645161290305,0.20509556339204282,0.7761056460121756,0.6744186046511471,0.9090909090908954,0.6220125786162246,0.1922318602780808,0.7741935483870962,0.22580645161290305
dc_2_s1,dcsbm,GMod,0.2996038956642737,7,1.697072495813837,0.7888888888888889,8.0,63.0,34.285714285714285,23.698790118088823,0.12698412698412495,0.6912147117775705,240,1116,0.03891213389121339,9.3,6.135416312959809,0.5367383512544799,0.304003915031924,0.561149544301687,0.38390092879256904,0.6799999999999933,0.15667149156531446,0.07553458887274975,0.46326164874551934,0.5367383512544799
dc_3_s1,dcsbm,Louv,0.905825750408436,7,1.6551123246140984,0.8036888888888889,1.0,62.0,42.857142857142854,26.215745385596975,0.016129032258064255,0.6117007256639152,300,1172,0.02613154960981048,7.8133333333333335,7.319277438533275,0.8430034129692826,0.6432504309892951,0.19728528634682263,0.0,0.59999999999988,0.22425732587723454,0.31918221099240146,0.1569965870307166,0.8430034129692826
dc_3_s1,dcsbm,Leid,0.9138713775621923,6,1.6261133060504183,0.8012,1.0,62.0,50.0,21.95449840010015,0.016129032258064255,0.4390899680019942,300,1172,0.02613154960981048,7.8133333333333335,7.319277438533275,0.8447098976109209,0.6441706513762536,0.12951109776597647,0.0,0.18614718614718573,0.09390066973204869,0.04238775333086824,0.15529010238907837,0.8447098976109209
dc_3_s1,dcsbm,Louv,0.9138713775621924,6,1.626113306050418,0.8012,1.0,62.0,50.0,21.95449840010015,0.016129032258064255,0.4390899680019942,300,1172,0.02613154960981048,7.8133333333333335,7.319277438533275,0.8447098976109209,0.6441706513762536,0.12951109776597647,0.0,0.18614718614718573,0.09390066973204869,0.04238775333086825,0.15529010238907837,0.8447098976109209
dc_3_s1,dcsbm,Leid,0.9138713775621923,6,1.6261133060504183,0.8012,1.0,62.0,50.0,21.95449840010015,0.016129032258064255,0.4390899680019942,300,1172,0.02613154960981048,7.8133333333333335,7.319277438533275,0.8447098976109209,0.6441706513762536,0.12951109776597647,0.0,0.18614718614718573,0.09390066973204869,0.04238775333086824,0.15529010238907837,0.8447098976109209
dc_3_s1,dcsbm,Louv,0.9138713775621924,6,1.626113306050418,0.8012,1.0,62.0,50.0,21.95449840010015,0.016129032258064255,0.4390899680019942,300,1172,0.02613154960981048,7.8133333333333335,7.319277438533275,0.8447098976109209,0.6441706513762536,0.12951109776597647,0.0,0.18614718614718573,0.09390066973204869,0.04238775333086825,0.15529010238907837,0.8447098976109209
dc_3_s1,dcsbm,Leid,0.9138713775621923,6,1.6261133060504183,0.8012,1.0,62.0,50.0,21.95449840010015,0.016129032258064255,0.4390899680019942,300,1172,0.02613154960981048,7.8133333333333335,7.319277438533275,0.8447098976109209,0.6441706513762536,0.12951109776597647,0.0,0.18614718614718573,0.09390066973204869,0.04238775333086824,0.15529010238907837,0.8447098976109209
dc_3_s1,dcsbm,Louv,0.9138713775621923,6,1.626113306050418,0.8012,1.0,62.0,50.0,21.95449840010015,0.016129032258064255,0.4390899680019942,300,1172,0.02613154960981048,7.8133333333333335,7.319277438533275,0.8447098976109209,0.6441706513762536,0.12951109776597647,0.0,0.18614718614718573,0.09390066973204869,0.04238775333086825,0.15529010238907837,0.8447098976109209
dc_3_s1,dcsbm,Leid,0.9138713775621923,6,1.6261133060504183,0.8012,1.0,62.0,50.0,21.95449840010015,0.016129032258064255,0.4390899680019942,300,1172,0.02613154960981048,7.8133333333333335,7.319277438533275,0.8447098976109209,0.6441706513762536,0.12951109776597647,0.0,0.18614718614718573,0.09390066973204869,0.04238775333086824,0.15529010238907837,0.8447098976109209
dc_3_s1,dcsbm,Louv,0.9243524271235374,6,1.6262235114348682,0.8012444444444444,1.0,61.0,50.0,21.939310229205777,0.01639344262295055,0.4387862045841067,300,1172,0.02613154960981048,7.8133333333333335,7.319277438533275,0.8447098976109209,0.6441648271965894,0.12949007968858114,0.0,0.1853448275862065,0.09386034109876025,0.04231962763315585,0.15529010238907837,0.8447098976109209
dc_3_s1,dcsbm,Leid,0.9138713775621923,6,1.6261133060504183,0.8012,1.0,62.0,50.0,21.95449840010015,0.016129032258064255,0.4390899680019942,300,1172,0.02613154960981048,7.8133333333333335,7.319277438533275,0.8447098976109209,0.6441706513762537,0.12951109776597647,0.0,0.18614718614718573,0.09390066973204869,0.04238775333086824,0.15529010238907837,0.8447098976109209
dc_3_s1,dcsbm,Louv,0.8457153288539062,10,1.8095043443811925,0.8199333333333334,1.0,59.0,30.0,26.84399374161751,0.016949152542372593,0.8947997913872205,300,1172,0.02613154960981048,7.8133333333333335,7.319277438533275,0.8191126279863475,0.6296480593833358,0.3593015184777083,0.0,0.7777777777776913,0.30980946764408823,0.3028761220026107,0.18088737201365174,0.8191126279863475
dc_3_s1,dcsbm,Leid,0.9064377977652348,8,1.7412373679162605,0.8135777777777777,1.0,60.0,37.5,26.28687885618983,0.01666666666666639,0.7009834361650434,300,1172,0.02613154960981048,7.8133333333333335,7.319277438533275,0.8293515358361768,0.6369523087048188,0.2639768362831099,0.0,0.733333333333309,0.1736835265134839,0.13632928924049872,0.1706484641638224,0.8293515358361768
dc_3_s1,dcsbm,Louv,0.6593639122681278,17,2.575790061451209,0.9127333333333333,1.0,45.0,17.647058823529413,12.271157845895909,0.022222222222221727,0.6953656112673954,300,1172,0.02613154960981048,7.8133333333333335,7.319277438533275,0.587030716723549,0.48757629675360215,0.49106205333203573,0.0,0.7599999999999848,0.2674921048281303,0.2229325466129537,0.4129692832764502,0.587030716723549
dc_3_s1,dcsbm,Leid,0.6488214824447976,18,2.6960604312375085,0.9231777777777778,1.0,37.0,16.666666666666668,10.311805532172013,0.027027027027026296,0.6187083319302836,300,1172,0.02613154960981048,7.8133333333333335,7.319277438533275,0.5554607508532419,0.4703188883970692,0.4915279443133655,0.0,0.7083333333333186,0.24085923095726425,0.09508146749870257,0.44453924914675735,0.5554607508532419
dc_3_s1,dcsbm,Louv,0.5346908052139289,40,3.618308240978262,0.9717555555555556,1.0,13.0,7.5,2.701851217221259,0.076923076923071,0.36024682896278654,300,1172,0.02613154960981048,7.8133333333333335,7.319277438533275,0.3412969283276448,0.3122200753648849,0.6499327445948838,0.0,0.8734177215189763,0.42081168831165244,0.17260730361810397,0.6587030716723544,0.3412969283276448
dc_3_s1,dcsbm,Leid,0.5360423516024139,43,3.689213475805965,0.9734888888888888,1.0,14.0,6.976744186046512,2.6102514544559594,0.07142857142856633,0.3741360418053006,300,1172,0.02613154960981048,7.8133333333333335,7.319277438533275,0.3387372013651874,0.3109787970739321,0.6571074133367798,0.0,0.8823529411764532,0.4334657590471174,0.15053226885826618,0.6612627986348117,0.3387372013651874
dc_3_s1,dcsbm,GMod,0.8854105840547933,6,1.62605680616994,0.8011777777777778,1.0,62.0,50.0,21.96208854670551,0.016129032258064255,0.4392417709341014,300,1172,0.02613154960981048,7.8133333333333335,7.319277438533275,0.8421501706484635,0.6416192966720636,0.13159700702657015,0.0,0.18709677419354798,0.09368419241583108,0.0424267864795487,0.15784982935153571,0.8421501706484635
dc_4_s1,dcsbm,Louv,0.3771484001251205,96,4.113096182930818,0.9610666666666666,1.0,51.0,3.125,5.170529469986609,0.019607843137254517,1.6545694303951854,300,1249,0.027848383500557412,8.326666666666666,5.940254390362607,0.2802241793434746,0.20653544452856124,0.8202673295008728,0.5008156606851542,0.9999999999999413,0.707385010822001,0.36137333066061855,0.7197758206565247,0.2802241793434746
dc_4_s1,dcsbm,Leid,0.0,1,-1.000088900581841e-12,0.0,300.0,300.0,300.0,0.0,0.9999999999999966,0.0,300,1249,0.027848383500557412,8.326666666666666,5.940254390362607,0.9999999999999992,0.0,0.0,0.0,0.0,0.027848383500557412,0.0,0.0,0.9999999999999992
dc_4_s1,dcsbm,Louv,0.3476304422986739,73,3.4127118097803204,0.8988666666666667,1.0,89.0,4.109589041095891,10.38249533687128,0.01123595505617965,2.526407198638063,300,1249,0.027848383500557412,8.326666666666666,5.940254390362607,0.3714971977582063,0.23811234736388004,0.8184416004414622,0.37724550898203546,0.999999999999875,0.609627223268418,0.3966114029146098,0.628502802241793,0.3714971977582063
dc_4_s1,dcsbm,Leid,0.2461946979202412,2,0.6768585467329508,0.4838,123.0,177.0,150.0,27.0,0.6949152542372843,0.1799999999999988,300,1249,0.027848383500557412,8.326666666666666,5.940254390362607,0.7670136108887105,0.25233541516960567,0.2811594202898548,0.2811594202898548,0.2811594202898548,0.043601075235031816,0.005979092697795049,0.23298638911128886,0.7670136108887105
dc_4_s1,dcsbm,Louv,0.3870598420605029,9,1.8819792652697829,0.8220888888888889,5.0,70.0,33.333333333333336,25.84569596664017,0.07142857142857041,0.7753708789991818,300,1249,0.027848383500557412,8.326666666666666,5.940254390362607,0.5564451561248995,0.35730169403737566,0.5135370845868557,0.36806722689075566,0.6296296296296063,0.19574600582102158,0.13481292900035438,0.44355484387509975,0.5564451561248995
dc_4_s1,dcsbm,Leid,0.540728711034273,5,1.609160090908456,0.7998888888888889,58.0,62.0,60.0,1.4142135623730951,0.9354838709677268,0.023570226039551192,300,1249,0.027848383500557412,8.326666666666666,5.940254390362607,0.6036829463570852,0.4018442936895553,0.3959313221253987,0.3837209302325574,0.4102079395085058,0.08524967371711625,0.008118669343548098,0.39631705364291403,0.6036829463570852
dc_4_s1,dcsbm,Louv,0.3410553242376205,7,1.8324058760848807,0.8342222222222222,5.0,57.0,42.857142857142854,17.166650155199772,0.08771929824561249,0.4005551702879853,300,1249,0.027848383500557412,8.326666666666666,5.940254390362607,0.5340272217774216,0.36487733020683966,0.4925071443990224,0.3906249999999992,0.6153846153845918,0.15191442308949996,0.14282571571784572,0.4659727782225777,0.5340272217774216
dc_4_s1,dcsbm,Leid,0.4551758935243197,6,1.7627013624888965,0.8242444444444444,30.0,63.0,50.0,11.67618659209133,0.4761904761904686,0.23352373184182193,300,1249,0.027848383500557412,8.326666666666666,5.940254390362607,0.5788630904723775,0.39799301410704224,0.43759729979960854,0.3794392523364479,0.5720524017467224,0.09694946159935001,0.010871256729734408,0.4211369095276218,0.5788630904723775
dc_4_s1,dcsbm,Louv,0.3532999879192426,12,2.420037290671475,0.9058666666666667,11.0,42.0,25.0,9.0,0.26190476190475565,0.3599999999999856,300,1249,0.027848383500557412,8.326666666666666,5.940254390362607,0.451561248999199,0.35364464509958643,0.5685896425404241,0.4565217391304331,0.6448598130841061,0.1592679354249317,0.042005882379267015,0.5484387510008002,0.451561248999199
dc_4_s1,dcsbm,Leid,0.4652934466504915,11,2.3348996539025886,0.8976,14.0,47.0,27.272727272727273,9.696212091617006,0.2978723404255256,0.35552777669261054,300,1249,0.027848383500557412,8.326666666666666,5.940254390362607,0.48438751000800606,0.3765138612090633,0.5447102302323482,0.4005934718100878,0.6310679611650425,0.14824741970619656,0.02569809647330224,0.5156124899919933,0.48438751000800606
dc_4_s1,dcsbm,Louv,0.31854386475050084,23,3.065035079707568,0.9505111111111111,4.0,23.0,13.043478260869565,4.849726669748156,0.17391304347825332,0.3718123780139968,300,1249,0.027848383500557412,8.326666666666666,5.940254390362607,0.36429143314651696,0.31087800584743214,0.6514854959952769,0.5457875457875437,0.7872340425531748,0.27491406285745223,0.13607488924991684,0.6357085668534823,0.36429143314651696
dc_4_s1,dcsbm,Leid,0.3669876872909362,21,3.0042587430539873,0.9483111111111111,8.0,26.0,14.285714285714286,4.1763832284344184,0.3076923076922959,0.2923468259903888,300,1249,0.027848383500557412,8.326666666666666,5.940254390362607,0.3923138510808644,0.3342331190813339,0.6231948171765848,0.49019607843136775,0.7049180327868795,0.2360219223664568,0.044821085734362505,0.6076861489191349,0.3923138510808644
dc_4_s1,dcsbm,Louv,0.34409802671375345,33,3.462848677096008,0.9676222222222223,5.0,15.0,9.090909090909092,2.3787396250654984,0.3333333333333111,0.261661358757176,300,1249,0.027848383500557412,8.326666666666666,5.940254390362607,0.31865492393915107,0.28470943287856865,0.6862519191094478,0.46511627906976205,0.787878787878776,0.34419755328844837,0.1240277728280561,0.6813450760608482,0.31865492393915107
dc_4_s1,dcsbm,Leid,0.3618159338125201,34,3.479662324921885,0.9677555555555556,5.0,16.0,8.823529411764707,2.7382968970135018,0.3124999999999805,0.31034031499482834,300,1249,0.027848383500557412,8.326666666666666,5.940254390362607,0.32586068855084044,0.29304115830694977,0.6793815831482908,0.46835443037974095,0.799999999999984,0.3677757699816355,0.1236346384627688,0.6741393114491588,0.32586068855084044
dc_4_s1,dcsbm,Louv,0.37863063690084964,54,3.9360869695834313,0.9794666666666667,3.0,11.0,5.555555555555555,1.8324913891634047,0.27272727272724795,0.3298484500493535,300,1249,0.027848383500557412,8.326666666666666,5.940254390362607,0.26741393114491574,0.2466104188394751,0.7371669731461552,0.4782608695652105,0.8604651162790498,0.5432593127036762,0.20864031994239218,0.7325860688550835,0.26741393114491574
dc_4_s1,dcsbm,Leid,0.3422754035617456,50,3.8820359716033033,0.9787777777777777,3.0,11.0,6.0,1.4832396974191326,0.27272727272724795,0.2472066162364809,300,1249,0.027848383500557412,8.326666666666666,5.940254390362607,0.2786228983186547,0.2571325274791491,0.7251925975463906,0.4782608695652105,0.8604651162790498,0.47975180375175513,0.1506494976860958,0.7213771016813445,0.2786228983186547
dc_4_s1,dcsbm,GMod,0.2792501326216563,8,1.9525666273097757,0.8456,10.0,62.0,37.5,18.186533479473212,0.16129032258064255,0.4849742261192727,300,1249,0.027848383500557412,8.326666666666666,5.940254390362607,0.5196156925540428,0.3506619547038752,0.530574101425084,0.41446208112874705,0.6666666666666543,0.11841173605043034,0.03715471756039112,0.4803843074459564,0.5196156925540428
dc_5_s1,dcsbm,Louv,0.27204383781374575,90,4.003228375299444,0.9571111111111111,1.0,52.0,3.3333333333333335,5.637178175095921,0.01923076923076886,1.691153452528269,300,1146,0.025551839464882944,7.64,6.145762767956472,0.288830715532286,0.2093688799953706,0.7659340470847684,0.0,0.9999999999999231,0.67075642222656,0.36675693740214127,0.7111692844677132,0.288830715532286
dc_5_s1,dcsbm,Leid,0.019308357001797616,4,0.06698765723752848,0.01986666666666681,1.0,297.0,75.0,128.17175976009693,0.0033670033670033556,1.7089567968012698,300,1146,0.025551839464882944,7.64,6.145762767956472,0.9999999999999992,0.0,0.0,0.0,0.0,0.006517881517881518,0.011289301946684942,0.0,0.9999999999999992
dc_5_s1,dcsbm,Louv,0.27020316717384996,88,3.9462213347939494,0.953,1.0,56.0,3.409090909090909,6.037075533048724,0.017857142857142537,1.7708754896937728,300,1146,0.025551839464882944,7.64,6.145762767956472,0.2914485165794064,0.21503316795044,0.7694403105189225,0.0,0.9999999999999091,0.6337547553452374,0.369912912322485,0.7085514834205928,0.2914485165794064
dc_5_s1,dcsbm,Leid,0.03105315748381512,5,0.15158480856950513,0.052311111111111086,1.0,292.0,60.0,116.0103443663538,0.0034246575342465634,1.933505739439198,300,1146,0.025551839464882944,7.64,6.145762767956472,0.9938917975567182,0.00689514176329231,0.1866666666666542,0.0,0.46666666666663553,0.08534293649672034,0.1576683799693227,0.006108202443280973,0.9938917975567182
dc_5_s1,dcsbm,Louv,0.1301497889522959,15,2.2073780465200032,0.8673111111111111,1.0,63.0,20.0,19.903098586233586,0.01587301587301562,0.9951549293116296,300,1146,0.025551839464882944,7.64,6.145762767956472,0.46684118673647435,0.31684796347566013,0.46727605740006645,0.0,0.6999999999999651,0.18418096753148927,0.17689598159966696,0.5331588132635249,0.46684118673647435
dc_5_s1,dcsbm,Leid,0.06886096138803628,10,1.8039574862036576,0.8120444444444445,1.0,85.0,30.0,28.135386970859315,0.011764705882352804,0.937846232361946,300,1146,0.025551839464882944,7.64,6.145762767956472,0.5305410122164045,0.32193775146270975,0.34094698813535135,0.0,0.5499999999999932,0.08840065418910148,0.09422654834185895,0.46945898778359474,0.5305410122164045
dc_5_s1,dcsbm,Louv,0.06154481370547111,12,2.195992594345615,0.8806444444444445,1.0,54.0,25.0,16.436747447918847,0.018518518518518174,0.6574698979167276,300,1146,0.025551839464882944,7.64,6.145762767956472,0.44938917975567155,0.32235197012752453,0.4198779370692782,0.0,0.6119402985074581,0.08277929774536226,0.050881263707291,0.5506108202443276,0.44938917975567155
dc_5_s1,dcsbm,Leid,0.08115341353816462,14,2.407662403408817,0.9053777777777777,1.0,37.0,21.428571428571427,12.210734655061772,0.027027027027026296,0.5698342839028562,300,1146,0.025551839464882944,7.64,6.145762767956472,0.4301919720767885,0.3332362508337674,0.4520946823300758,0.0,0.6415094339622581,0.10480603707001694,0.06188185316929736,0.5698080279232107,0.4301919720767885
dc_5_s1,dcsbm,Louv,0.10625441452061551,20,2.8226467554079115,0.9364222222222223,1.0,30.0,15.0,7.816648898345122,0.03333333333333222,0.5211099265563067,300,1146,0.025551839464882944,7.64,6.145762767956472,0.3813263525305407,0.3151891852379777,0.531955995551081,0.0,0.7230769230769175,0.15705243598968743,0.07756373956071384,0.6186736474694585,0.3813263525305407
dc_5_s1,dcsbm,Leid,0.1330338430199162,22,2.9488202038965663,0.9450666666666666,1.0,23.0,13.636363636363637,6.227106832561348,0.04347826086956333,0.45665450105446537,300,1146,0.025551839464882944,7.64,6.145762767956472,0.37958115183246044,0.32163774750326646,0.5385446909959956,0.0,0.720430107526874,0.1773811114226111,0.08308132650525635,0.6204188481675388,0.37958115183246044
dc_5_s1,dcsbm,Louv,0.13450899094465277,30,3.2815036950980705,0.9601777777777778,1.0,18.0,10.0,4.412104562073146,0.05555555555555247,0.44121045620727045,300,1146,0.025551839464882944,7.64,6.145762767956472,0.3342059336823732,0.29310995982688093,0.6024547075002746,0.0,0.7435897435897341,0.25514506190975805,0.1314046740040977,0.6657940663176259,0.3342059336823732
dc_5_s1,dcsbm,Leid,0.16335097713285882,26,3.1513969726789695,0.9556888888888889,1.0,17.0,11.538461538461538,4.499835631449128,0.05882352941176125,0.38998575472555724,300,1146,0.025551839464882944,7.64,6.145762767956472,0.35514834205933654,0.30896258021679474,0.570583258037117,0.0,0.7623762376237548,0.2102158148538204,0.09497731825050369,0.6448516579406627,0.35514834205933654
dc_5_s1,dcsbm,Louv,0.1907760409510461,40,3.587196323900959,0.9704,1.0,15.0,7.5,3.2171415884290826,0.06666666666666222,0.42895221179048715,300,1146,0.025551839464882944,7.64,6.145762767956472,0.3097731239092493,0.2793204377316655,0.6441120074745823,0.0,0.8260869565217273,0.3383637196136992,0.1484284236746611,0.6902268760907498,0.3097731239092493
dc_5_s1,dcsbm,Leid,0.15601709552203813,38,3.5534820788756583,0.9701333333333333,1.0,13.0,7.894736842105263,2.899995223990718,0.076923076923071,0.3673327283721111,300,1146,0.025551839464882944,7.64,6.145762767956472,0.3115183246073296,0.2812434326544412,0.6328553775446044,0.0,0.7999999999999886,0.3273444391865278,0.1692249991442085,0.6884816753926696,0.3115183246073296
dc_5_s1,dcsbm,Louv,0.21165506750579924,57,3.951731451656071,0.9794,1.0,11.0,5.2631578947368425,2.1966986057588636,0.09090909090908264,0.4173727350941047,300,1146,0.025551839464882944,7.64,6.145762767956472,0.2705061082024431,0.24993642048067632,0.6947552348158456,0.0,0.8666666666666474,0.504816333763616,0.24479141762291284,0.7294938917975562,0.2705061082024431
dc_5_s1,dcsbm,Leid,0.24267796035395187,55,3.9357217918307295,0.9794222222222222,1.0,11.0,5.454545454545454,1.980065947645379,0.09090909090908264,0.3630120904015863,300,1146,0.025551839464882944,7.64,6.145762767956472,0.2731239092495635,0.2524552354498079,0.6849196323536696,0.0,0.8723404255318963,0.46783418601594406,0.20770833603417851,0.7268760907504357,0.2731239092495635
dc_5_s1,dcsbm,GMod,0.05872913355957314,11,2.0111058098738908,0.8504888888888888,1.0,67.0,27.272727272727273,21.896827952472144,0.014925373134328136,0.8028836915906159,300,1146,0.025551839464882944,7.64,6.145762767956472,0.4886561954624778,0.31950802396376804,0.3974512007524474,0.0,0.6571428571428478,0.07967229165744003,0.0615841169339803,0.5113438045375214,0.4886561954624778
dc_6_s1,dcsbm,Louv,0.6368802214839863,33,1.8466721970857978,0.7000548696844993,1.0,132.0,8.181818181818182,24.40622690719993,0.007575757575757519,2.9829832886574046,270,1008,0.02775712515489467,7.466666666666667,12.672396364919686,0.7311507936507929,0.41553435610355255,0.8111835286884812,0.14053426248548184,0.9999999999999376,0.3560534042635164,0.440061872922256,0.26884920634920606,0.7311507936507929
dc_6_s1,dcsbm,Leid,0.9150279900343083,3,0.975789263550374,0.5876268861454046,39.0,146.0,90.0,43.825411197918804,0.26712328767123106,0.48694901331020357,270,1008,0.02775712515489467,7.466666666666667,12.672396364919686,0.9097222222222213,0.5087317334341144,0.10208518245235039,0.07762557077625562,0.1393442622950814,0.09780359399029424,0.04349129713773654,0.09027777777777769,0.9097222222222213
dc_6_s1,dcsbm,Louv,0.6426488914117335,33,1.889749828175335,0.7086968449931413,1.0,130.0,8.181818181818182,24.011934590007964,0.007692307692307634,2.9347920054450594,270,1008,0.02775712515489467,7.466666666666667,12.672396364919686,0.7261904761904755,0.41939238079491065,0.7975497754167512,0.14049586776859488,0.9999999999999376,0.38646248914390163,0.4487834383433676,0.27380952380952356,0.7261904761904755
dc_6_s1,dcsbm,Leid,0.9150279900343083,3,0.975789263550374,0.5876268861454046,39.0,146.0,90.0,43.825411197918804,0.26712328767123106,0.48694901331020357,270,1008,0.02775712515489467,7.466666666666667,12.672396364919686,0.9097222222222213,0.5087317334341144,0.10208518245235039,0.07762557077625562,0.1393442622950814,0.09780359399029424,0.04349129713773654,0.09027777777777769,0.9097222222222213
dc_6_s1,dcsbm,Louv,0.9454430609095031,3,0.9769617635122889,0.5864746227709191,41.0,148.0,90.0,44.14370472294625,0.27702702702702514,0.49048560803273067,270,1008,0.02775712515489467,7.466666666666667,12.672396364919686,0.9077380952380943,0.5090835813492063,0.10610371330734321,0.0778164924506387,0.1507936507936502,0.09693378323846764,0.041952099114941514,0.09226190476190467,0.9077380952380943
dc_6_s1,dcsbm,Leid,0.9080451045333134,3,0.9786058255256973,0.5888614540466393,40.0,146.0,90.0,43.48179695765421,0.2739726027397242,0.4831310773072637,270,1008,0.02775712515489467,7.466666666666667,12.672396364919686,0.9087301587301578,0.509282387723608,0.10493438957294353,0.07692307692307683,0.14859437751003957,0.09658698780893742,0.04189286818138375,0.09126984126984118,0.9087301587301578
dc_6_s1,dcsbm,Louv,0.9807565596615282,3,0.9672198114325521,0.5804938271604938,39.0,150.0,90.0,45.760244754590204,0.2599999999999983,0.5084471639398855,270,1008,0.02775712515489467,7.466666666666667,12.672396364919686,0.9097222222222213,0.5084733835663895,0.10202467895109803,0.0778164924506387,0.1393442622950814,0.10045591146007167,0.045452407464539796,0.09027777777777769,0.9097222222222213
dc_6_s1,dcsbm,Leid,0.9080451045333134,3,0.9786058255256973,0.5888614540466393,40.0,146.0,90.0,43.48179695765421,0.2739726027397242,0.4831310773072637,270,1008,0.02775712515489467,7.466666666666667,12.672396364919686,0.9087301587301578,0.509282387723608,0.10493438957294353,0.07692307692307683,0.14859437751003957,0.09658698780893742,0.04189286818138375,0.09126984126984118,0.9087301587301578
dc_6_s1,dcsbm,Louv,0.6746334247236783,8,1.809855184807161,0.8111111111111111,5.0,71.0,33.75,24.128561913218117,0.07042253521126662,0.7149203529842193,270,1008,0.02775712515489467,7.466666666666667,12.672396364919686,0.7202380952380945,0.47275073223733943,0.4363676442846991,0.11028500619578673,0.666666666666639,0.17250707895284614,0.10345101976934958,0.2797619047619045,0.7202380952380945
dc_6_s1,dcsbm,Leid,0.6384379954865059,8,1.9344175778795252,0.8385185185185184,14.0,64.0,33.75,18.232868671714826,0.2187499999999966,0.5402331458285714,270,1008,0.02775712515489467,7.466666666666667,12.672396364919686,0.6865079365079358,0.4697164745527841,0.4159760751739623,0.13866666666666647,0.5897435897435848,0.13306107213105267,0.0353493235096013,0.31349206349206316,0.6865079365079358
dc_6_s1,dcsbm,Louv,0.47886601179799343,17,2.666463945619058,0.9194238683127572,4.0,37.0,15.882352941176471,9.658171504824761,0.10810810810810519,0.6081070947481874,270,1008,0.02775712515489467,7.466666666666667,12.672396364919686,0.46031746031745985,0.3728923571743511,0.5734484353450543,0.15254237288135528,0.7272727272727163,0.2526957073013528,0.11247502425213833,0.5396825396825391,0.46031746031745985
dc_6_s1,dcsbm,Leid,0.4845964524932056,15,2.6175015356036337,0.9204938271604939,8.0,34.0,18.0,7.899367063252599,0.23529411764705188,0.43885372573623116,270,1008,0.02775712515489467,7.466666666666667,12.672396364919686,0.47420634920634874,0.3830536265432098,0.5389197920586639,0.16299559471365568,0.6470588235294022,0.20478197578367824,0.06624171255889907,0.5257936507936503,0.47420634920634874
dc_6_s1,dcsbm,Louv,0.41612158714872427,28,3.195772427992442,0.9515775034293553,4.0,34.0,9.642857142857142,5.752106978653782,0.11764705882352594,0.5965147977862564,270,1008,0.02775712515489467,7.466666666666667,12.672396364919686,0.3670634920634917,0.31663556626354245,0.6442692654196971,0.16299559471365568,0.8989898989898945,0.35675987178085633,0.18331196704201894,0.6329365079365072,0.3670634920634917
dc_6_s1,dcsbm,Leid,0.3993114935224121,28,3.228213075042003,0.9537997256515776,4.0,34.0,9.642857142857142,5.2250378379647415,0.11764705882352594,0.54185577578888,270,1008,0.02775712515489467,7.466666666666667,12.672396364919686,0.3740079365079361,0.3235401510141093,0.6286101660924572,0.16299559471365568,0.9274611398963682,0.3317925655110368,0.14266473381731193,0.6259920634920628,0.3740079365079361
dc_6_s1,dcsbm,Louv,0.37797436332931966,41,3.611865809438548,0.9701783264746228,2.0,19.0,6.585365853658536,3.107627200513378,0.10526315789473131,0.4718989452630709,270,1008,0.02775712515489467,7.466666666666667,12.672396364919686,0.3075396825396822,0.27304628448601675,0.6886378668878831,0.31578947368420845,0.9354838709677118,0.4733497639144873,0.24255585337841465,0.6924603174603168,0.3075396825396822
dc_6_s1,dcsbm,Leid,0.39156497350048236,41,3.6366632974014865,0.9716323731138546,2.0,15.0,6.585365853658536,2.6593196430124895,0.13333333333332445,0.4038226124573908,270,1008,0.02775712515489467,7.466666666666667,12.672396364919686,0.30654761904761874,0.27305514219576726,0.6769790191171254,0.3846153846153817,0.9555555555555343,0.466209535721652,0.23814831103570544,0.6934523809523803,0.30654761904761874
dc_6_s1,dcsbm,GMod,0.8802874661640011,3,0.9853296379750133,0.5933882030178326,41.0,144.0,90.0,42.19794623754415,0.28472222222222027,0.46886606930604097,270,1008,0.02775712515489467,7.466666666666667,12.672396364919686,0.9057539682539674,0.5072766085600907,0.1076617371004539,0.07903780068728514,0.1507936507936502,0.09411046204446484,0.039481170501075136,0.09424603174603165,0.9057539682539674
dc_7_s1,dcsbm,Louv,0.23049300372658688,70,2.605752380440836,0.7114677640603567,1.0,144.0,3.857142857142857,16.899945658649507,0.006944444444444396,4.38146739298207,270,1510,0.04158061407132039,11.185185185185185,9.07922756151946,0.5192052980132447,0.0597289592561729,0.9152868478348068,0.6016343207354437,0.9999999999999166,0.4233882783879445,0.4582617934232231,0.48079470198675467,0.5192052980132447
dc_7_s1,dcsbm,Leid,0.0,1,-1.000088900581841e-12,0.0,270.0,270.0,270.0,0.0,0.9999999999999962,0.0,270,1510,0.04158061407132039,11.185185185185185,9.07922756151946,0.9999999999999994,0.0,0.0,0.0,0.0,0.04158061407132039,0.0,0.0,0.9999999999999994
dc_7_s1,dcsbm,Louv,0.29403518165336723,85,3.834674721000657,0.9454869684499314,1.0,55.0,3.176470588235294,6.054995935469049,0.01818181818181785,1.906202424128545,270,1510,0.04158061407132039,11.185185185185185,9.07922756151946,0.26754966887417203,0.1633542388491733,0.874767971267495,0.533180778032036,0.9999999999999445,0.5451600686891488,0.4266113749502588,0.7324503311258274,0.26754966887417203
dc_7_s1,dcsbm,Leid,0.6578175298926275,2,0.6730116670072565,0.48,108.0,162.0,135.0,27.0,0.6666666666666625,0.19999999999999854,270,1510,0.04158061407132039,11.185185185185185,9.07922756151946,0.840397350993377,0.26839853515196704,0.2572038420490926,0.2572038420490926,0.2572038420490926,0.06542593560066132,0.005197482848844085,0.1596026490066224,0.840397350993377
dc_7_s1,dcsbm,Louv,0.4275088202002391,10,1.7597175663529068,0.7795610425240055,2.0,88.0,27.0,29.631064780058107,0.02272727272727247,1.0974468437058154,270,1510,0.04158061407132039,11.185185185185185,9.07922756151946,0.5192052980132447,0.2997217227314592,0.6364940479538134,0.2736443883984864,0.8666666666666089,0.3971213971211863,0.32854424840789387,0.48079470198675467,0.5192052980132447
dc_7_s1,dcsbm,Leid,0.6564635503413434,3,0.9576231024476383,0.5805486968449931,33.0,145.0,90.0,45.745673748089736,0.22758620689655015,0.5082852638676582,270,1510,0.04158061407132039,11.185185185185185,9.07922756151946,0.7900662251655625,0.2856635673873953,0.3670348380169493,0.2640610104861771,0.5611814345991538,0.08328307679881886,0.01163334123531728,0.20993377483443695,0.7900662251655625
dc_7_s1,dcsbm,Louv,0.3425152166750745,7,1.7248267756483466,0.7949519890260631,8.0,88.0,38.57142857142857,25.449429647592403,0.09090909090908988,0.6598000279005267,270,1510,0.04158061407132039,11.185185185185185,9.07922756151946,0.5039735099337745,0.30662142011315296,0.5656836123595728,0.300248138957816,0.7096774193548272,0.17604413666928395,0.08155810045735226,0.49602649006622485,0.5039735099337745
dc_7_s1,dcsbm,Leid,0.47201685344788147,6,1.709419680552365,0.802880658436214,29.0,84.0,45.0,19.235384061671343,0.3452380952380911,0.42745297914824254,270,1510,0.04158061407132039,11.185185185185185,9.07922756151946,0.5052980132450328,0.31193083636682595,0.5312517371100652,0.28051948051948017,0.6373626373626355,0.1269061550712078,0.025053029720714035,0.49470198675496657,0.5052980132450328
dc_7_s1,dcsbm,Louv,0.35384702307805554,14,2.401852112995704,0.8803840877914952,5.0,73.0,19.285714285714285,15.840403004562061,0.06849315068493057,0.8213542298661385,270,1510,0.04158061407132039,11.185185185185185,9.07922756151946,0.39139072847682094,0.2834092802947239,0.6788172690398779,0.30835734870316955,0.799999999999984,0.25014841359207374,0.09300745190903614,0.6086092715231785,0.39139072847682094
dc_7_s1,dcsbm,Leid,0.3459174070912069,14,2.3981255888167565,0.8778600823045267,5.0,75.0,19.285714285714285,16.249960753484785,0.06666666666666578,0.8425905575880565,270,1510,0.04158061407132039,11.185185185185185,9.07922756151946,0.40331125827814546,0.2948605324327881,0.6691400766555422,0.2999999999999996,0.8181818181818076,0.2748507072003236,0.13656123382324212,0.5966887417218539,0.40331125827814546
dc_7_s1,dcsbm,Louv,0.2682270312465536,23,3.0276991112137663,0.9444444444444444,4.0,37.0,11.73913043478261,6.18706498728596,0.10810810810810519,0.527046276694685,270,1510,0.04158061407132039,11.185185185185185,9.07922756151946,0.29867549668874155,0.24560501732380158,0.7226037105141555,0.47368421052631443,0.8074074074074015,0.3469268295355106,0.15674200157023369,0.7013245033112578,0.29867549668874155
dc_7_s1,dcsbm,Leid,0.28670724868051384,21,2.9707651277998077,0.9452126200274349,5.0,25.0,12.857142857142858,4.988421969069638,0.19999999999999202,0.3879883753720527,270,1510,0.04158061407132039,11.185185185185185,9.07922756151946,0.3066225165562912,0.2540134204640147,0.7068956253360086,0.5643564356435615,0.8392857142857069,0.31191453893133697,0.09657032477807445,0.6933774834437082,0.3066225165562912
dc_7_s1,dcsbm,Louv,0.25305577442918686,33,3.4443735401185602,0.9662825788751714,4.0,16.0,8.181818181818182,2.7463975903932605,0.2499999999999844,0.3356708166035797,270,1510,0.04158061407132039,11.185185185185185,9.07922756151946,0.25364238410596013,0.22049230296916808,0.7510491823907943,0.6097560975609719,0.8627450980392073,0.4239960376323782,0.1350467406821646,0.7463576158940393,0.25364238410596013
dc_7_s1,dcsbm,Leid,0.2534157663716028,34,3.4712912016547475,0.9672153635116598,3.0,16.0,7.9411764705882355,2.689206929567638,0.18749999999998831,0.3386408726121784,270,1510,0.04158061407132039,11.185185185185185,9.07922756151946,0.2589403973509932,0.22594995833516082,0.7499860251314205,0.5999999999999964,0.8709677419354745,0.43368486089071223,0.14014573270855796,0.7410596026490062,0.2589403973509932
dc_7_s1,dcsbm,Louv,0.22755697111010265,59,3.997474125378123,0.9802194787379973,1.0,10.0,4.576271186440678,1.870406371421602,0.09999999999999,0.408718429310557,270,1510,0.04158061407132039,11.185185185185185,9.07922756151946,0.1933774834437085,0.17458137800973636,0.8115166952305684,0.6521739130434688,0.9999999999999862,0.6497847726659596,0.24325258382148976,0.8066225165562909,0.1933774834437085
dc_7_s1,dcsbm,Leid,0.2593847597887642,52,3.8826982372929693,0.9779972565157751,1.0,11.0,5.1923076923076925,1.9713180044214613,0.09090909090908264,0.379661245295912,270,1510,0.04158061407132039,11.185185185185185,9.07922756151946,0.20927152317880782,0.1880963554230077,0.7970366038291229,0.6363636363636219,0.9999999999999821,0.5732989232988351,0.20131170651394148,0.7907284768211916,0.20927152317880782
dc_7_s1,dcsbm,GMod,0.470541041556105,7,1.4340920908089272,0.7191769547325103,3.0,98.0,38.57142857142857,37.90536012928267,0.030612244897958874,0.982731558907303,270,1510,0.04158061407132039,11.185185185185185,9.07922756151946,0.621192052980132,0.3045344502434103,0.5699191588857683,0.26726057906458767,0.7777777777777346,0.25526135233633857,0.20046091398867238,0.3788079470198673,0.621192052980132
dc_8_s1,dcsbm,Louv,0.3991071816415613,136,4.225268586998274,0.9472691358024692,1.0,96.0,3.3088235294117645,8.219877902594662,0.010416666666666559,2.4842297661167474,450,1788,0.01769858945805494,7.946666666666666,7.507140304773553,0.35290827740492153,0.2741662037245568,0.8118300365691158,0.0,0.9999999999999286,0.6172785010191094,0.39676722233057743,0.647091722595078,0.35290827740492153
dc_8_s1,dcsbm,Leid,0.925370395224547,5,1.1249969305900054,0.6694024691358025,1.0,152.0,90.0,72.72688636261007,0.00657894736842101,0.808076515140103,450,1788,0.01769858945805494,7.946666666666666,7.507140304773553,0.9183445190156595,0.5849881949762024,0.049013667268390695,0.0,0.08907563025210077,0.029730760699739435,0.024407996024486556,0.08165548098434,0.9183445190156595
dc_8_s1,dcsbm,Louv,0.927567083551632,6,1.1486744267179854,0.6723753086419754,1.0,151.0,75.0,73.7043644117045,0.006622516556291347,0.9827248588227137,450,1788,0.01769858945805494,7.946666666666666,7.507140304773553,0.9172259507829973,0.5847967621578607,0.14105080737369105,0.0,0.59999999999988,0.19160805713769177,0.36221791978533885,0.0827740492170022,0.9172259507829973
dc_8_s1,dcsbm,Leid,0.925370395224547,5,1.1249969305900054,0.6694024691358025,1.0,152.0,90.0,72.72688636261007,0.00657894736842101,0.808076515140103,450,1788,0.01769858945805494,7.946666666666666,7.507140304773553,0.9183445190156595,0.5849881949762024,0.049013667268390695,0.0,0.08907563025210077,0.029730760699739435,0.024407996024486556,0.08165548098434,0.9183445190156595
dc_8_s1,dcsbm,Louv,0.9373705033961784,5,1.1249823106014984,0.6693925925925925,1.0,153.0,90.0,72.72963632522853,0.006535947712418258,0.808107070280308,450,1788,0.01769858945805494,7.946666666666666,7.507140304773553,0.9183445190156595,0.5849894461710934,0.049021726241674925,0.0,0.08798646362098132,0.02973184964467026,0.024409851016213933,0.08165548098434,0.9183445190156595
dc_8_s1,dcsbm,Leid,0.937377490069418,5,1.1249969305900054,0.6694024691358025,1.0,152.0,90.0,72.72688636261007,0.00657894736842101,0.808076515140103,450,1788,0.01769858945805494,7.946666666666666,7.507140304773553,0.9183445190156595,0.58499132296343,0.049019441499639424,0.0,0.08860759493670879,0.029730760699739435,0.024408244895645293,0.08165548098434,0.9183445190156595
dc_8_s1,dcsbm,Louv,0.9346057724933907,5,1.125222184957184,0.6695506172839506,1.0,152.0,90.0,72.68562443839909,0.00657894736842101,0.8076180493155365,450,1788,0.01769858945805494,7.946666666666666,7.507140304773553,0.9177852348993284,0.5843738582846618,0.049380873794591246,0.0,0.08858603066439516,0.029660527122139617,0.02427753330685502,0.0822147651006711,0.9177852348993284
dc_8_s1,dcsbm,Leid,0.9373705033961784,5,1.1249823106014984,0.6693925925925925,1.0,153.0,90.0,72.72963632522853,0.006535947712418258,0.808107070280308,450,1788,0.01769858945805494,7.946666666666666,7.507140304773553,0.9183445190156595,0.5849894461710934,0.049021726241674925,0.0,0.08798646362098132,0.02973184964467026,0.024409851016213933,0.08165548098434,0.9183445190156595
dc_8_s1,dcsbm,Louv,0.7169670688984934,9,1.6023860075321077,0.7593086419753087,1.0,138.0,50.0,53.99588461684423,0.007246376811594151,1.079917692336863,450,1788,0.01769858945805494,7.946666666666666,7.507140304773553,0.827740492170022,0.5562835945828265,0.28500709979107874,0.0,0.5789473684210483,0.08656891452324803,0.06830275978709593,0.17225950782997754,0.827740492170022
dc_8_s1,dcsbm,Leid,0.7785190635442418,10,1.5256719119071536,0.7486913580246914,1.0,141.0,45.0,55.35341001239219,0.007092198581560234,1.2300757780531324,450,1788,0.01769858945805494,7.946666666666666,7.507140304773553,0.8221476510067109,0.5547408712820745,0.33357575027167,0.0,0.7499999999999063,0.25852931610939195,0.31852213453100064,0.1778523489932885,0.8221476510067109
dc_8_s1,dcsbm,Louv,0.5399666018796377,17,2.5283698581315326,0.9084641975308642,1.0,61.0,26.470588235294116,19.73983028432563,0.01639344262295055,0.7457269218522735,450,1788,0.01769858945805494,7.946666666666666,7.507140304773553,0.5531319910514538,0.4447728831033637,0.4511858001768535,0.0,0.6190476190475896,0.14780162172276592,0.10684692379960901,0.4468680089485456,0.5531319910514538
dc_8_s1,dcsbm,Leid,0.5692686026908609,16,2.557922912954381,0.9161876543209877,1.0,55.0,28.125,16.423592024889075,0.01818181818181785,0.583949938662702,450,1788,0.01769858945805494,7.946666666666666,7.507140304773553,0.5212527964205814,0.4300413144553049,0.44507664503864414,0.0,0.6086956521738998,0.121332934596809,0.06279222634711347,0.4787472035794181,0.5212527964205814
dc_8_s1,dcsbm,Louv,0.4421744552003438,32,3.3238445612951057,0.9608888888888889,1.0,29.0,14.0625,7.053091077676511,0.03448275862068847,0.5015531433014051,450,1788,0.01769858945805494,7.946666666666666,7.507140304773553,0.40156599552572686,0.35820083179436374,0.5758336977624026,0.0,0.7499999999999766,0.23310230156182013,0.1238631193746688,0.5984340044742726,0.40156599552572686
dc_8_s1,dcsbm,Leid,0.4457463642100692,28,3.215429944956454,0.9573234567901234,1.0,29.0,16.071428571428573,7.095917193451918,0.03448275862068847,0.4415237364814252,450,1788,0.01769858945805494,7.946666666666666,7.507140304773553,0.41666666666666646,0.3708810664184296,0.5492461832227826,0.0,0.7021276595744607,0.19736058749378488,0.08102901158724696,0.583333333333333,0.41666666666666646
dc_8_s1,dcsbm,Louv,0.3915996924919582,55,3.9416345252884573,0.979762962962963,1.0,13.0,8.181818181818182,2.75080754484212,0.076923076923071,0.336209811036218,450,1788,0.01769858945805494,7.946666666666666,7.507140304773553,0.3182326621923936,0.29660012812235675,0.6586556477257577,0.0,0.8181818181818032,0.3462693871784564,0.14148694921169797,0.6817673378076059,0.3182326621923936
dc_8_s1,dcsbm,Leid,0.3874467315167009,56,3.9636707816993164,0.9801975308641975,1.0,16.0,8.035714285714286,2.652251642569046,0.0624999999999961,0.3300579821863291,450,1788,0.01769858945805494,7.946666666666666,7.507140304773553,0.32326621923937343,0.3019614982308103,0.6517794160354156,0.0,0.882352941176462,0.3550489193346131,0.13166958238253768,0.6767337807606261,0.32326621923937343
dc_8_s1,dcsbm,GMod,0.91342808455861,5,1.1251020556956526,0.6694716049382716,1.0,152.0,90.0,72.70763371201129,0.00657894736842101,0.8078625968001165,450,1788,0.01769858945805494,7.946666666666666,7.507140304773553,0.9183445190156595,0.5849781854170734,0.04901421295726817,0.0,0.08984047019311496,0.0297086960760354,0.024357851991959754,0.08165548098434,0.9183445190156595
dc_9_s1,dcsbm,Louv,0.29925393685258217,154,4.6146224014919355,0.9743111111111111,1.0,62.0,2.9220779220779223,5.024010489292947,0.016129032258064255,1.7193280341129977,450,1289,0.012759218015342737,5.728888888888889,7.451312254964736,0.33436772692009287,0.25714059587570665,0.6864333762636189,0.0,0.9999999999999,0.653425778765263,0.3747659281644735,0.6656322730799065,0.33436772692009287
dc_9_s1,dcsbm,Leid,0.04846686413528635,13,0.22409046948901626,0.06542222222222216,1.0,435.0,34.61538461538461,115.58382802873052,0.0022988505747126384,3.339088365274341,450,1289,0.012759218015342737,5.728888888888889,7.451312254964736,0.9984484096198597,0.004635511678756929,0.038461538461533655,0.0,0.24999999999996875,0.03950787810631441,0.13298168875743224,0.001551590380139642,0.9984484096198597
dc_9_s1,dcsbm,Louv,0.3245528140661102,122,4.162049586572902,0.9611555555555555,1.0,58.0,3.6885245901639343,7.1323345535540845,0.01724137931034453,1.9336551456296942,450,1289,0.012759218015342737,5.728888888888889,7.451312254964736,0.40418929402637677,0.32107298072067714,0.648576486872406,0.0,0.9999999999998571,0.5927860108717052,0.37322251664784906,0.5958107059736225,0.40418929402637677
dc_9_s1,dcsbm,Leid,0.5326582769060434,14,1.242681784079298,0.6810271604938274,1.0,161.0,32.142857142857146,59.83770567466773,0.006211180124223564,1.8616175098784935,450,1289,0.012759218015342737,5.728888888888889,7.451312254964736,0.7711404189294021,0.4377585357031298,0.04905404969864951,0.0,0.23943661971830957,0.006787325300741597,0.013176519016264336,0.2288595810705972,0.7711404189294021
dc_9_s1,dcsbm,Louv,0.36432644516604673,23,2.1071775196869353,0.8348641975308642,1.0,117.0,19.565217391304348,32.72789806738683,0.008547008547008475,1.6727592345552416,450,1289,0.012759218015342737,5.728888888888889,7.451312254964736,0.6384794414274627,0.43815215095084564,0.22428944254504687,0.0,0.5789473684210222,0.09449730540131994,0.12864069819136917,0.3615205585725366,0.6384794414274627
dc_9_s1,dcsbm,Leid,0.45535194981869515,16,1.5858180914441233,0.7560592592592592,1.0,130.0,28.125,47.92034406178654,0.007692307692307634,1.7038344555301275,450,1289,0.012759218015342737,5.728888888888889,7.451312254964736,0.7269200930954223,0.4532106425377711,0.1021820941674133,0.0,0.49382716049382414,0.016883016000122618,0.02785300350516336,0.273079906904577,0.7269200930954223
dc_9_s1,dcsbm,Louv,0.3086859429365556,21,2.189895432973774,0.8605925925925926,1.0,109.0,21.428571428571427,29.75066454411273,0.00917431192660542,1.3883643453918628,450,1289,0.012759218015342737,5.728888888888889,7.451312254964736,0.6043444530643906,0.4378418930606355,0.20264903064208772,0.0,0.5913978494623593,0.05356874886548669,0.08911968975178183,0.3956555469356087,0.6043444530643906
dc_9_s1,dcsbm,Leid,0.36071038176840575,19,1.9889449351835615,0.8323654320987655,1.0,110.0,23.68421052631579,35.0098521946683,0.009090909090909009,1.4781937593303769,450,1289,0.012759218015342737,5.728888888888889,7.451312254964736,0.6602017067494177,0.45791416419052183,0.16096691668081933,0.0,0.4778325123152686,0.03620403807765986,0.05420323329690755,0.3397982932505816,0.6602017067494177
dc_9_s1,dcsbm,Louv,0.27204289670401216,27,2.775165598370631,0.9270814814814815,1.0,63.0,16.666666666666668,16.404606399152375,0.01587301587301562,0.9842763839490835,450,1289,0.012759218015342737,5.728888888888889,7.451312254964736,0.5011636927851044,0.4128611675687517,0.3033526754453384,0.0,0.5999999999999914,0.06833823023573467,0.06384904323294499,0.4988363072148949,0.5011636927851044
dc_9_s1,dcsbm,Leid,0.2683433245722618,29,2.923420290780811,0.9389432098765432,1.0,52.0,15.517241379310345,13.62204270887541,0.01923076923076886,0.8778649745719143,450,1289,0.012759218015342737,5.728888888888889,7.451312254964736,0.4980605120248251,0.4225754594735788,0.3169729162065386,0.0,0.6326530612244768,0.07740892986829367,0.06652312971009423,0.5019394879751742,0.4980605120248251
dc_9_s1,dcsbm,Louv,0.2444811745587628,36,3.2468772376378356,0.9569283950617284,1.0,29.0,12.5,9.275116051984352,0.03448275862068847,0.7420092841586887,450,1289,0.012759218015342737,5.728888888888889,7.451312254964736,0.4391000775795187,0.3897143039419906,0.389727062154458,0.0,0.6595744680850995,0.11810543414517746,0.09413138530792395,0.5608999224204806,0.4391000775795187
dc_9_s1,dcsbm,Leid,0.25654205321200274,33,3.1426705028462276,0.9528395061728395,1.0,28.0,13.636363636363637,10.170719058689945,0.03571428571428444,0.7458527309705413,450,1289,0.012759218015342737,5.728888888888889,7.451312254964736,0.45539177657098495,0.4010331497465275,0.36283410049441756,0.0,0.6390977443608975,0.09522438120411986,0.07226175765003334,0.5446082234290144,0.45539177657098495
dc_9_s1,dcsbm,Louv,0.25562738570757243,50,3.7114655075477545,0.9737382716049383,1.0,18.0,9.0,5.035871324805669,0.05555555555555247,0.5595412583116788,450,1289,0.012759218015342737,5.728888888888889,7.451312254964736,0.3878975950349105,0.35754889646293975,0.46394134551470545,0.0,0.8703703703703624,0.18111984094336564,0.11179569384635546,0.6121024049650888,0.3878975950349105
dc_9_s1,dcsbm,Leid,0.2634747762767054,52,3.7641152221518466,0.9751901234567901,1.0,18.0,8.653846153846153,4.661151291359973,0.05555555555555247,0.5386219270015347,450,1289,0.012759218015342737,5.728888888888889,7.451312254964736,0.39100077579518977,0.3622957519044297,0.4678347640585056,0.0,0.7629629629629573,0.19544722497210631,0.11802691749273418,0.6089992242048095,0.39100077579518977
dc_9_s1,dcsbm,Louv,0.237697099450474,66,4.03137270883899,0.9808197530864198,1.0,15.0,6.818181818181818,3.5158045370440782,0.06666666666666222,0.5156513320997225,450,1289,0.012759218015342737,5.728888888888889,7.451312254964736,0.35221101629169876,0.33110475281383744,0.5281583108242142,0.0,0.8979591836734603,0.27642189460369254,0.17328292363544012,0.6477889837083005,0.35221101629169876
dc_9_s1,dcsbm,Leid,0.23447420159156887,65,4.038598522716269,0.9813432098765432,1.0,13.0,6.923076923076923,3.1928173828511843,0.076923076923071,0.46118473307843777,450,1289,0.012759218015342737,5.728888888888889,7.451312254964736,0.3584173778122573,0.33689733683775297,0.5182289987565838,0.0,0.8846153846153761,0.2591739884047455,0.14669045798327732,0.641582622187742,0.3584173778122573
dc_9_s1,dcsbm,GMod,0.363651530828217,24,1.9748238292787197,0.8071308641975309,1.0,121.0,18.75,35.71793433743521,0.008264462809917288,1.904956497996443,450,1289,0.012759218015342737,5.728888888888889,7.451312254964736,0.6795965865011632,0.4364317393520757,0.23690750695802562,0.0,0.59999999999988,0.18447007884777275,0.29448558144357134,0.32040341349883605,0.6795965865011632
dc_10_s1,dcsbm,Louv,0.41021207070003524,192,5.1204069593986254,0.992496,1.0,21.0,2.6041666666666665,1.7289156444302176,0.047619047619045354,0.6639036074609487,500,986,0.00790380761523046,3.944,3.643194202893939,0.36004056795131806,0.34670786549214383,0.5453929384263327,0.0,0.99999999999975,0.704588293650288,0.34058660810664965,0.6399594320486809,0.36004056795131806
dc_10_s1,dcsbm,Leid,0.5910188252292651,34,1.9567608257126023,0.824256,1.0,100.0,14.705882352941176,32.80201698583641,0.009999999999999901,2.2305371550367243,500,986,0.00790380761523046,3.944,3.643194202893939,0.8296146044624738,0.6298045867294251,0.025245862932365252,0.0,0.19174041297935046,0.09377231379624745,0.28222621742076776,0.17038539553752519,0.8296146044624738
dc_10_s1,dcsbm,Louv,0.48022499059261997,52,2.6997473102607494,0.883312,1.0,111.0,9.615384615384615,21.645885953183456,0.00900900900900893,2.2511721391308455,500,986,0.00790380761523046,3.944,3.643194202893939,0.7089249492900601,0.5715874165291772,0.18611907095483074,0.0,0.692307692307639,0.2223411640505535,0.32258382018147125,0.29107505070993883,0.7089249492900601
dc_10_s1,dcsbm,Leid,0.626732066242339,34,1.956774789427158,0.824264,1.0,97.0,14.705882352941176,32.8011203285755,0.010309278350515358,2.2304761823429824,500,986,0.00790380761523046,3.944,3.643194202893939,0.8296146044624738,0.6302972857325067,0.025187256838333005,0.0,0.18356164383561593,0.09380439197781013,0.2822227799172992,0.17038539553752519,0.8296146044624738
dc_10_s1,dcsbm,Louv,0.5018847939780351,38,2.269027143968489,0.863112,1.0,91.0,13.157894736842104,26.971257913983248,0.010989010989010868,2.049815601462571,500,986,0.00790380761523046,3.944,3.643194202893939,0.7768762677484778,0.6123338298038667,0.06212377020062423,0.0,0.399999999999992,0.10929291758221497,0.2756514912701357,0.22312373225152107,0.7768762677484778
dc_10_s1,dcsbm,Leid,0.5855355606614157,37,2.1486673800222613,0.8471759999999999,1.0,96.0,13.513513513513514,29.154408708027027,0.010416666666666559,2.1574262443938403,500,986,0.00790380761523046,3.944,3.643194202893939,0.8133874239350904,0.6328142679048258,0.04921765801044363,0.0,0.34065934065933695,0.11318168290774311,0.2824165079902181,0.18661257606490853,0.8133874239350904
dc_10_s1,dcsbm,Louv,0.4895511177377933,38,2.2634655936604915,0.859768,1.0,98.0,13.157894736842104,27.376061686491795,0.010204081632652958,2.0805806881732183,500,986,0.00790380761523046,3.944,3.643194202893939,0.7870182555780925,0.6185815411707105,0.06201248139098718,0.0,0.4374999999999932,0.10730969701397818,0.2746422043006069,0.21298174442190648,0.7870182555780925
dc_10_s1,dcsbm,Leid,0.5435328156052482,40,2.3670785804496446,0.8709279999999999,1.0,83.0,12.5,25.503921267130668,0.012048192771084192,2.04031370137029,500,986,0.00790380761523046,3.944,3.643194202893939,0.7941176470588227,0.633817666396488,0.07810005347419426,0.0,0.4999999999999375,0.12346296153891342,0.28173079153321,0.20588235294117627,0.7941176470588227
dc_10_s1,dcsbm,Louv,0.42467417459746826,46,2.912629757907573,0.926904,1.0,68.0,10.869565217391305,16.706687928793503,0.014705882352940961,1.537015289448861,500,986,0.00790380761523046,3.944,3.643194202893939,0.6805273833671392,0.5900903727231956,0.1311315075403626,0.0,0.4999999999999917,0.1155308069320698,0.24687701304536455,0.3194726166328597,0.6805273833671392
dc_10_s1,dcsbm,Leid,0.4698876412296349,44,2.869857764259871,0.927368,1.0,65.0,11.363636363636363,16.83893068982884,0.01538461538461515,1.4818259007048074,500,986,0.00790380761523046,3.944,3.643194202893939,0.6926977687626767,0.6032286699389836,0.11341480282735743,0.0,0.4202898550724577,0.10711840644414444,0.25160879857955293,0.3073022312373222,0.6926977687626767
dc_10_s1,dcsbm,Louv,0.40240009772913315,50,3.2263379047015026,0.951792,1.0,37.0,10.0,11.876026271442818,0.027027027027026296,1.187602627144163,500,986,0.00790380761523046,3.944,3.643194202893939,0.6267748478701819,0.5683823015112178,0.16398657273429434,0.0,0.5263157894736703,0.11573125591931835,0.2344109256514904,0.37322515212981705,0.6267748478701819
dc_10_s1,dcsbm,Leid,0.42017086553306765,50,3.2299958211668685,0.952384,1.0,38.0,10.0,11.750744657254705,0.026315789473683515,1.175074465725353,500,986,0.00790380761523046,3.944,3.643194202893939,0.6419878296146038,0.5815879719727299,0.15669969775259865,0.0,0.4999999999999583,0.11870140939556059,0.23902999644241396,0.3580121703853952,0.6419878296146038
dc_10_s1,dcsbm,Louv,0.3715379175843232,61,3.6344004060100468,0.968936,1.0,25.0,8.19672131147541,7.7540463728198645,0.039999999999998405,0.9459936574839082,500,986,0.00790380761523046,3.944,3.643194202893939,0.5699797160243402,0.5329012873947226,0.23080530021040424,0.0,0.5714285714285511,0.14913877141827814,0.2200231880352545,0.4300202839756588,0.5699797160243402
dc_10_s1,dcsbm,Leid,0.3862238835407517,61,3.6275587711347566,0.96884,1.0,24.0,8.19672131147541,7.779375153236391,0.04166666666666494,0.9490837686947239,500,986,0.00790380761523046,3.944,3.643194202893939,0.585192697768762,0.5471458430193088,0.21990080828350989,0.0,0.59999999999997,0.15496596586819222,0.22619210233688625,0.4148073022312369,0.585192697768762
dc_10_s1,dcsbm,Louv,0.37821973159947847,79,4.061670734401915,0.980432,1.0,16.0,6.329113924050633,4.676148796745009,0.0624999999999961,0.7388315098855947,500,986,0.00790380761523046,3.944,3.643194202893939,0.5253549695740359,0.5012194043176478,0.30248926171904733,0.0,0.6296296296296063,0.2150000140505992,0.21635190853223268,0.474645030425963,0.5253549695740359
dc_10_s1,dcsbm,Leid,0.3852138248471334,78,4.047092613362195,0.98008,1.0,20.0,6.410256410256411,4.770195656461111,0.049999999999997505,0.7441505224078172,500,986,0.00790380761523046,3.944,3.643194202893939,0.5283975659229203,0.5039035338553133,0.2972999968323382,0.0,0.6551724137930809,0.21049426656709536,0.21548410301191967,0.47160243407707864,0.5283975659229203
dc_10_s1,dcsbm,GMod,0.552062266639563,41,2.3489488458495402,0.8642799999999999,1.0,93.0,12.195121951219512,26.05455768583762,0.010752688172042895,2.1364737302385093,500,986,0.00790380761523046,3.944,3.643194202893939,0.8022312373225143,0.6333013096124651,0.08023994090934505,0.0,0.46666666666663553,0.12712885090476556,0.27157280209931006,0.19776876267748458,0.8022312373225143
dc_11_s1,dcsbm,Louv,0.8565800618673799,20,2.420731780707293,0.8951171875,1.0,41.0,16.0,16.76305461424021,0.02439024390243843,1.047690913389948,320,1125,0.02204153605015674,7.03125,5.469142843033084,0.746666666666666,0.6333621728395061,0.42680431812496733,0.0,0.7647058823528963,0.4829136919552407,0.3876735378437955,0.25333333333333313,0.746666666666666
dc_11_s1,dcsbm,Leid,0.7096694951288477,6,1.3625811253308042,0.7262500000000001,1.0,115.0,53.333333333333336,42.74991877835039,0.008695652173912969,0.8015609770940547,320,1125,0.02204153605015674,7.03125,5.469142843033084,0.8408888888888882,0.5675512098765432,0.11121596769654062,0.0,0.2129032258064509,0.058370653150573604,0.05100152153804213,0.15911111111111098,0.8408888888888882
dc_11_s1,dcsbm,Louv,0.9185537750172297,10,2.1083537175464016,0.8764453125,1.0,41.0,32.0,15.53061492665374,0.02439024390243843,0.4853317164579142,320,1125,0.02204153605015674,7.03125,5.469142843033084,0.7928888888888882,0.667538962962963,0.16598173139424663,0.0,0.22419928825622695,0.1163791425473067,0.05988368229001042,0.20711111111111094,0.7928888888888882
dc_11_s1,dcsbm,Leid,0.9254306294875014,10,2.1078024768125583,0.87630859375,1.0,42.0,32.0,15.57562197795003,0.023809523809523243,0.4867381868109232,320,1125,0.02204153605015674,7.03125,5.469142843033084,0.7928888888888882,0.6675800493827161,0.16603075661809524,0.0,0.22834645669291248,0.11676555450624755,0.06059761701315996,0.20711111111111094,0.7928888888888882
dc_11_s1,dcsbm,Louv,0.9185537750172297,10,2.1083537175464016,0.8764453125,1.0,41.0,32.0,15.53061492665374,0.02439024390243843,0.4853317164579142,320,1125,0.02204153605015674,7.03125,5.469142843033084,0.7928888888888882,0.667538962962963,0.16598173139424666,0.0,0.22419928825622695,0.1163791425473067,0.05988368229001042,0.20711111111111094,0.7928888888888882
dc_11_s1,dcsbm,Leid,0.9254306294875014,10,2.1078024768125583,0.87630859375,1.0,42.0,32.0,15.57562197795003,0.023809523809523243,0.4867381868109232,320,1125,0.02204153605015674,7.03125,5.469142843033084,0.7928888888888882,0.6675800493827161,0.16603075661809524,0.0,0.22834645669291248,0.11676555450624755,0.06059761701315996,0.20711111111111094,0.7928888888888882
dc_11_s1,dcsbm,Louv,0.9164826401081072,10,2.1081973534877974,0.8764062499999999,1.0,42.0,32.0,15.543487382180357,0.023809523809523243,0.48573398069312096,320,1125,0.02204153605015674,7.03125,5.469142843033084,0.7928888888888882,0.6674164938271605,0.1659092279675302,0.0,0.22419928825622695,0.11627619642382143,0.05960747643034658,0.20711111111111094,0.7928888888888882
dc_11_s1,dcsbm,Leid,0.9254306294875014,10,2.1078024768125583,0.87630859375,1.0,42.0,32.0,15.57562197795003,0.023809523809523243,0.4867381868109232,320,1125,0.02204153605015674,7.03125,5.469142843033084,0.7928888888888882,0.6675800493827161,0.16603075661809524,0.0,0.22834645669291248,0.11676555450624755,0.06059761701315996,0.20711111111111094,0.7928888888888882
dc_11_s1,dcsbm,Louv,0.9164826401081071,10,2.1081973534877974,0.87640625,1.0,42.0,32.0,15.543487382180357,0.023809523809523243,0.48573398069312096,320,1125,0.02204153605015674,7.03125,5.469142843033084,0.7928888888888882,0.6674164938271606,0.16590922796753016,0.0,0.22419928825622695,0.11627619642382143,0.05960747643034658,0.20711111111111094,0.7928888888888882
dc_11_s1,dcsbm,Leid,0.9184889661450625,10,2.1078024768125583,0.87630859375,1.0,42.0,32.0,15.57562197795003,0.023809523809523243,0.4867381868109232,320,1125,0.02204153605015674,7.03125,5.469142843033084,0.7928888888888882,0.6675840000000001,0.16601725310929974,0.0,0.22834645669291248,0.11678878330996416,0.06064250231537702,0.20711111111111094,0.7928888888888882
dc_11_s1,dcsbm,Louv,0.9094800156670736,10,2.1079607469402633,0.87634765625,1.0,42.0,32.0,15.56277610196844,0.023809523809523243,0.48633675318649855,320,1125,0.02204153605015674,7.03125,5.469142843033084,0.7919999999999994,0.6665833086419752,0.16662283916783097,0.0,0.23137254901960694,0.11638988619733148,0.06002343818549889,0.20799999999999982,0.7919999999999994
dc_11_s1,dcsbm,Leid,0.9184889661450625,10,2.1078024768125583,0.87630859375,1.0,42.0,32.0,15.57562197795003,0.023809523809523243,0.4867381868109232,320,1125,0.02204153605015674,7.03125,5.469142843033084,0.7928888888888882,0.6675840000000001,0.16601725310929974,0.0,0.22834645669291248,0.11678878330996416,0.06064250231537702,0.20711111111111094,0.7928888888888882
dc_11_s1,dcsbm,Louv,0.8390302719680904,14,2.355875904267327,0.89701171875,1.0,41.0,22.857142857142858,15.193312169960754,0.02439024390243843,0.664707407435754,320,1125,0.02204153605015674,7.03125,5.469142843033084,0.746666666666666,0.6373325432098764,0.3019864006223088,0.0,0.7894736842104848,0.20155822724166633,0.16122829001090472,0.25333333333333313,0.746666666666666
dc_11_s1,dcsbm,Leid,0.8956088700655557,13,2.2406861464315617,0.886640625,1.0,40.0,24.615384615384617,16.941248984645828,0.024999999999999373,0.6882382400012088,320,1125,0.02204153605015674,7.03125,5.469142843033084,0.7759999999999994,0.6581598024691357,0.2932564238281732,0.0,0.9999999999996666,0.1534299871999295,0.11788888364631443,0.2239999999999998,0.7759999999999994
dc_11_s1,dcsbm,Louv,0.6568411480492266,37,3.4786594476867227,0.9662890625,1.0,19.0,8.64864864864865,4.300950342601644,0.052631578947365656,0.4972973833632576,320,1125,0.02204153605015674,7.03125,5.469142843033084,0.45511111111111074,0.4170469135802469,0.5607879285876901,0.0,0.7894736842104848,0.35727008559823137,0.12942156917502817,0.5448888888888884,0.45511111111111074
dc_11_s1,dcsbm,Leid,0.7067807018553501,34,3.3968907364302052,0.9637109375,1.0,20.0,9.411764705882353,4.551132031502282,0.049999999999997505,0.48355777834706604,320,1125,0.02204153605015674,7.03125,5.469142843033084,0.47733333333333294,0.43677787654320976,0.5346818494709192,0.0,0.7931034482758348,0.3459426149236496,0.13889495286282538,0.5226666666666663,0.47733333333333294
dc_11_s1,dcsbm,GMod,0.8812259774082883,10,2.1034205183692194,0.87525390625,1.0,45.0,32.0,15.918542646863123,0.022222222222221727,0.497454457714457,320,1125,0.02204153605015674,7.03125,5.469142843033084,0.7759999999999994,0.6492163950617285,0.18261450249016808,0.0,0.3301435406698549,0.11381144887176778,0.058921475668249464,0.2239999999999998,0.7759999999999994
dc_12_s1,dcsbm,Louv,0.4333865802901988,118,4.5816338155474785,0.98494140625,1.0,26.0,2.711864406779661,2.3903112871362775,0.038461538461536986,0.8814272871311774,320,1133,0.022198275862068965,7.08125,7.0289329515581525,0.22683142100617812,0.19697683784779654,0.7602275937339473,0.0,0.9999999999999546,0.7041807909599924,0.3366586134427775,0.7731685789938211,0.22683142100617812
dc_12_s1,dcsbm,Leid,0.03584343263712248,7,0.12672912836429867,0.03708984375000013,1.0,314.0,45.714285714285715,109.52718421301924,0.003184713375796168,2.3959071546597435,320,1133,0.022198275862068965,7.08125,7.0289329515581525,0.9999999999999992,0.0,0.0,0.0,0.0,0.003293729123484318,0.008067955703481062,0.0,0.9999999999999992
dc_12_s1,dcsbm,Louv,0.38703279330217094,89,3.733305039303287,0.9323828125,1.0,73.0,3.595505617977528,8.054197176632865,0.013698630136986115,2.2400735897503927,320,1133,0.022198275862068965,7.08125,7.0289329515581525,0.35834068843777556,0.2497174159784808,0.740134738825799,0.0,0.999999999999875,0.5700008718976985,0.4098269162509402,0.6416593115622237,0.35834068843777556
dc_12_s1,dcsbm,Leid,0.03584343263712248,7,0.12672912836429867,0.03708984375000013,1.0,314.0,45.714285714285715,109.52718421301924,0.003184713375796168,2.3959071546597435,320,1133,0.022198275862068965,7.08125,7.0289329515581525,0.9999999999999992,0.0,0.0,0.0,0.0,0.003293729123484318,0.008067955703481062,0.0,0.9999999999999992
dc_12_s1,dcsbm,Louv,0.20556260727134074,17,2.203984146084122,0.86021484375,1.0,75.0,18.823529411764707,22.083358904035162,0.013333333333333157,1.1731784417768056,320,1133,0.022198275862068965,7.08125,7.0289329515581525,0.5127978817299201,0.3471783274609349,0.35062723780023275,0.0,0.6153846153845918,0.10565933341100002,0.10282424526915454,0.48720211827007903,0.5127978817299201
dc_12_s1,dcsbm,Leid,0.20115934723202378,13,1.931602647487133,0.83685546875,1.0,70.0,24.615384615384617,26.060693837916318,0.014285714285714082,1.0587156871653074,320,1133,0.022198275862068965,7.08125,7.0289329515581525,0.5401588702559572,0.35320587774764756,0.26333663385550443,0.0,0.5833333333333212,0.052640485734842396,0.06149868826452352,0.459841129744042,0.5401588702559572
dc_12_s1,dcsbm,Louv,0.21838993785668848,16,2.2428479685513336,0.8776171875,1.0,56.0,20.0,19.576771950451892,0.017857142857142537,0.9788385975225458,320,1133,0.022198275862068965,7.08125,7.0289329515581525,0.4933804060017648,0.35021800451667034,0.333125239271133,0.0,0.6039603960395981,0.07907644435778051,0.07315455294231171,0.5066195939982344,0.4933804060017648
dc_12_s1,dcsbm,Leid,0.25006225506258084,15,2.246822252625245,0.88548828125,1.0,51.0,21.333333333333332,18.07269272195547,0.019607843137254517,0.847157471341623,320,1133,0.022198275862068965,7.08125,7.0289329515581525,0.4951456310679608,0.37164959737132586,0.3093017263678638,0.0,0.5689655172413745,0.06340802963864675,0.05358429063781374,0.5048543689320384,0.4951456310679608
dc_12_s1,dcsbm,Louv,0.2577135432715138,24,2.902411758690095,0.94001953125,1.0,28.0,13.333333333333334,8.839620404117412,0.03571428571428444,0.6629715303087561,320,1133,0.022198275862068965,7.08125,7.0289329515581525,0.402471315092674,0.33663566486898305,0.45382745604546676,0.0,0.6896551724137872,0.14492110629881316,0.10656992880597867,0.5975286849073252,0.402471315092674
dc_12_s1,dcsbm,Leid,0.28452656157191225,21,2.739382765529862,0.92984375,1.0,35.0,15.238095238095237,10.483114594908201,0.028571428571427755,0.6879543952908056,320,1133,0.022198275862068965,7.08125,7.0289329515581525,0.4368932038834948,0.35996452411760177,0.4086397004046656,0.0,0.6226415094339594,0.1131356224887083,0.0761003805129719,0.5631067961165044,0.4368932038834948
dc_12_s1,dcsbm,Louv,0.3300014705247528,33,3.3019335745601976,0.96029296875,1.0,17.0,9.696969696969697,5.401934830056045,0.05882352941176125,0.5570745293494722,320,1133,0.022198275862068965,7.08125,7.0289329515581525,0.3618711385701674,0.31791423000430796,0.5268576375180646,0.0,0.7307692307692167,0.2201776288674601,0.14489220176522433,0.6381288614298318,0.3618711385701674
dc_12_s1,dcsbm,Leid,0.27718606346196034,29,3.168298699385567,0.95509765625,1.0,20.0,11.03448275862069,6.0656338817665025,0.049999999999997505,0.5496980705350394,320,1133,0.022198275862068965,7.08125,7.0289329515581525,0.37775816416593083,0.3304593246495063,0.49807071092942995,0.0,0.7288135593220215,0.1777944420145735,0.1050038087002472,0.6222418358340683,0.37775816416593083
dc_12_s1,dcsbm,Louv,0.339063285239016,44,3.6617783849535046,0.9727734375,1.0,15.0,7.2727272727272725,3.2359039510104886,0.06666666666666222,0.444936793263881,320,1133,0.022198275862068965,7.08125,7.0289329515581525,0.3221535745807588,0.29315278077478274,0.5836817844517602,0.0,0.8627450980392073,0.2913879050242547,0.14976614559341506,0.6778464254192405,0.3221535745807588
dc_12_s1,dcsbm,Leid,0.35202374033310346,43,3.61988533901106,0.9712890625,1.0,14.0,7.441860465116279,3.6042760494994184,0.07142857142856633,0.48432459415141926,320,1133,0.022198275862068965,7.08125,7.0289329515581525,0.3389232127096202,0.30788142610866015,0.5735138464632956,0.0,0.8181818181817996,0.2971950530089894,0.15950791288975816,0.661076787290379,0.3389232127096202
dc_12_s1,dcsbm,Louv,0.3638917121559532,55,3.9055464266831796,0.9787109375,1.0,11.0,5.818181818181818,2.4052284646041735,0.09090909090908264,0.4133986423537713,320,1133,0.022198275862068965,7.08125,7.0289329515581525,0.2956751985878197,0.2731935071500964,0.6236551739736335,0.0,0.9540229885057362,0.3800852682670467,0.19930057124334527,0.7043248014121795,0.2956751985878197
dc_12_s1,dcsbm,Leid,0.3602101635791995,55,3.904586245211692,0.97869140625,1.0,11.0,5.818181818181818,2.4127759123685286,0.09090909090908264,0.4146958599382696,320,1133,0.022198275862068965,7.08125,7.0289329515581525,0.3018534863195055,0.27956966212221185,0.6250514668493393,0.0,0.9540229885057362,0.3774852420306567,0.19022798725935813,0.6981465136804937,0.3018534863195055
dc_12_s1,dcsbm,GMod,0.2104551350385799,15,2.038940150421578,0.8470898437500001,1.0,75.0,21.333333333333332,24.264285597469293,0.013333333333333157,1.13738838738132,320,1133,0.022198275862068965,7.08125,7.0289329515581525,0.518976169461606,0.3479250036418478,0.3304103333148732,0.0,0.6799999999999864,0.09512235643699356,0.11734436121731477,0.48102383053839326,0.518976169461606
dc_0_s2,dcsbm,Louv,0.7740605955053146,17,1.6820830077720046,0.7589583333333333,1.0,80.0,14.117647058823529,24.84749331170918,0.012499999999999845,1.7600307762459422,240,1440,0.0502092050209205,12.0,7.776567366132695,0.736805555555555,0.48672791280864197,0.8042911025216831,0.08130081300813,0.9999999999999376,0.12487542819372577,0.24587093974460408,0.2631944444444443,0.736805555555555
dc_0_s2,dcsbm,Leid,1.0,3,1.0986122886651097,0.6666666666666667,80.0,80.0,80.0,0.0,0.9999999999999876,0.0,240,1440,0.0502092050209205,12.0,7.776567366132695,0.9374999999999994,0.6039978780864197,0.06241536188802086,0.05806451612903219,0.06938775510204075,0.14240506329113922,0.0026852156247590426,0.06249999999999996,0.9374999999999994
dc_0_s2,dcsbm,Louv,1.0,3,1.0986122886651097,0.6666666666666667,80.0,80.0,80.0,0.0,0.9999999999999876,0.0,240,1440,0.0502092050209205,12.0,7.776567366132695,0.9374999999999994,0.6039978780864197,0.06241536188802086,0.05806451612903219,0.06938775510204075,0.14240506329113922,0.0026852156247590426,0.06249999999999996,0.9374999999999994
dc_0_s2,dcsbm,Leid,1.0,3,1.0986122886651097,0.6666666666666667,80.0,80.0,80.0,0.0,0.9999999999999876,0.0,240,1440,0.0502092050209205,12.0,7.776567366132695,0.9374999999999994,0.6039978780864197,0.06241536188802086,0.05806451612903219,0.06938775510204075,0.14240506329113922,0.0026852156247590426,0.06249999999999996,0.9374999999999994
dc_0_s2,dcsbm,Louv,1.0,3,1.0986122886651097,0.6666666666666667,80.0,80.0,80.0,0.0,0.9999999999999876,0.0,240,1440,0.0502092050209205,12.0,7.776567366132695,0.9374999999999994,0.6039978780864197,0.06241536188802086,0.05806451612903219,0.06938775510204075,0.14240506329113922,0.0026852156247590426,0.06249999999999996,0.9374999999999994
dc_0_s2,dcsbm,Leid,1.0,3,1.0986122886651097,0.6666666666666667,80.0,80.0,80.0,0.0,0.9999999999999876,0.0,240,1440,0.0502092050209205,12.0,7.776567366132695,0.9374999999999994,0.6039978780864197,0.06241536188802086,0.05806451612903219,0.06938775510204075,0.14240506329113922,0.0026852156247590426,0.06249999999999996,0.9374999999999994
dc_0_s2,dcsbm,Louv,1.0,3,1.0986122886651097,0.6666666666666667,80.0,80.0,80.0,0.0,0.9999999999999876,0.0,240,1440,0.0502092050209205,12.0,7.776567366132695,0.9374999999999994,0.6039978780864197,0.06241536188802086,0.05806451612903219,0.06938775510204075,0.14240506329113922,0.0026852156247590426,0.06249999999999996,0.9374999999999994
dc_0_s2,dcsbm,Leid,1.0,3,1.0986122886651097,0.6666666666666667,80.0,80.0,80.0,0.0,0.9999999999999876,0.0,240,1440,0.0502092050209205,12.0,7.776567366132695,0.9374999999999994,0.6039978780864197,0.06241536188802086,0.05806451612903219,0.06938775510204075,0.14240506329113922,0.0026852156247590426,0.06249999999999996,0.9374999999999994
dc_0_s2,dcsbm,Louv,0.9825735343380854,4,1.1375812383766202,0.6720833333333334,2.0,80.0,60.0,33.49626844888845,0.02499999999999969,0.5582711408147982,240,1440,0.0502092050209205,12.0,7.776567366132695,0.9333333333333328,0.6026321373456789,0.2558764283705156,0.05806451612903219,0.8333333333332639,0.35810713548030315,0.37061710275162263,0.06666666666666662,0.9333333333333328
dc_0_s2,dcsbm,Leid,0.9825735343380854,4,1.1375812383766202,0.6720833333333334,2.0,80.0,60.0,33.49626844888845,0.02499999999999969,0.5582711408147982,240,1440,0.0502092050209205,12.0,7.776567366132695,0.9333333333333328,0.602632137345679,0.2558764283705156,0.05806451612903219,0.8333333333332639,0.35810713548030315,0.37061710275162263,0.06666666666666662,0.9333333333333328
dc_0_s2,dcsbm,Louv,0.7379839168269205,7,1.8398541596922078,0.8277083333333333,12.0,56.0,34.285714285714285,15.562907235881509,0.21428571428571044,0.45391812771319745,240,1440,0.0502092050209205,12.0,7.776567366132695,0.6409722222222218,0.4609777681327161,0.4425673143912206,0.22352941176470553,0.6992481203007467,0.2142891106548118,0.0398562683882094,0.35902777777777756,0.6409722222222218
dc_0_s2,dcsbm,Leid,0.753045214444287,7,1.7810832959132425,0.8171875,6.0,63.0,34.285714285714285,18.13216782969101,0.09523809523809372,0.528854895032639,240,1440,0.0502092050209205,12.0,7.776567366132695,0.6749999999999996,0.480042438271605,0.43577071597506667,0.1580217129071168,0.7209302325581227,0.23170597361434528,0.07471441460884871,0.3249999999999998,0.6749999999999996
dc_0_s2,dcsbm,Louv,0.5073843730567608,21,3.0086239941771367,0.9489236111111111,6.0,18.0,11.428571428571429,3.07944689794757,0.33333333333331483,0.2694516035703888,240,1440,0.0502092050209205,12.0,7.776567366132695,0.33680555555555536,0.2859172453703704,0.6729346025351459,0.5816326530612216,0.8043478260869478,0.3924782422681492,0.07317349518679771,0.663194444444444,0.33680555555555536
dc_0_s2,dcsbm,Leid,0.5228757853056718,22,3.048722585046451,0.9506944444444444,6.0,17.0,10.909090909090908,3.175318035740542,0.3529411764705675,0.29107081994285633,240,1440,0.0502092050209205,12.0,7.776567366132695,0.34027777777777757,0.2901220100308642,0.6712561061336512,0.58083832335329,0.7821782178217744,0.41751824378828567,0.08538060910474442,0.6597222222222218,0.34027777777777757
dc_0_s2,dcsbm,Louv,0.4430744821555409,42,3.6792170314245896,0.9733680555555555,2.0,12.0,5.714285714285714,1.9674217390584376,0.16666666666665278,0.3442988043351663,240,1440,0.0502092050209205,12.0,7.776567366132695,0.24583333333333318,0.21863835841049387,0.7680541691378356,0.6034482758620638,0.9090909090908679,0.6394197072767387,0.1780537838092242,0.7541666666666662,0.24583333333333318
dc_0_s2,dcsbm,Leid,0.4547312321742358,42,3.683765439107017,0.9736805555555555,2.0,10.0,5.714285714285714,1.8553104513122054,0.19999999999998,0.32467932897957913,240,1440,0.0502092050209205,12.0,7.776567366132695,0.2430555555555554,0.21728250385802478,0.766700621115974,0.6235294117646986,0.9374999999999707,0.6512093726378397,0.19034073651945693,0.756944444444444,0.2430555555555554
dc_0_s2,dcsbm,GMod,0.9795873992225645,3,1.0985602039753548,0.6666319444444444,79.0,81.0,80.0,0.816496580927726,0.9753086419752967,0.010206207261596448,240,1440,0.0502092050209205,12.0,7.776567366132695,0.936805555555555,0.6032940297067901,0.06309041520958987,0.05806451612903219,0.07019328585961336,0.1423372442008166,0.003685298945462583,0.0631944444444444,0.936805555555555
dc_1_s2,dcsbm,Louv,0.3211695406935084,96,3.9394968242025823,0.9344791666666666,1.0,58.0,2.5,5.75,0.01724137931034453,2.29999999999908,240,1182,0.041213389121338914,9.85,9.331979068414874,0.2631133671742807,0.14597201107417818,0.8858006807673959,0.473282442748091,0.9999999999999656,0.6176238909049507,0.46374373072187064,0.7368866328257185,0.2631133671742807
dc_1_s2,dcsbm,Leid,0.0,1,-1.000088900581841e-12,0.0,240.0,240.0,240.0,0.0,0.9999999999999959,0.0,240,1182,0.041213389121338914,9.85,9.331979068414874,0.9999999999999992,0.0,0.0,0.0,0.0,0.041213389121338914,0.0,0.0,0.9999999999999992
dc_1_s2,dcsbm,Louv,0.8089159224935162,10,1.4544494502461478,0.7173263888888889,2.0,80.0,24.0,32.43763246601083,0.02499999999999969,1.3515680194170618,240,1182,0.041213389121338914,9.85,9.331979068414874,0.6878172588832482,0.39023629971283874,0.6630831890223254,0.2399512789281361,0.9999999999998334,0.5165585942725134,0.3917683603696257,0.31218274111675104,0.6878172588832482
dc_1_s2,dcsbm,Leid,0.8902569484258238,3,1.0984039336249602,0.6665277777777778,78.0,82.0,80.0,1.632993161855452,0.9512195121951104,0.020412414523192896,240,1182,0.041213389121338914,9.85,9.331979068414874,0.7588832487309639,0.42490537704598874,0.2412324197900181,0.23739237392373894,0.24492557510148816,0.09473353990094407,0.005909010961716516,0.24111675126903534,0.7588832487309639
dc_1_s2,dcsbm,Louv,0.8635300044500732,4,1.1375812383766202,0.6720833333333334,2.0,80.0,60.0,33.49626844888845,0.02499999999999969,0.5582711408147982,240,1182,0.041213389121338914,9.85,9.331979068414874,0.756345177664974,0.4249569114838769,0.3757282853437807,0.23891625615763518,0.7777777777776913,0.32192680736959534,0.3915199792972775,0.2436548223350252,0.756345177664974
dc_1_s2,dcsbm,Leid,0.8689130060743656,3,1.0984039336249602,0.6665277777777778,78.0,82.0,80.0,1.632993161855452,0.9512195121951104,0.020412414523192896,240,1182,0.041213389121338914,9.85,9.331979068414874,0.7588832487309639,0.4251147356999092,0.24117509883911112,0.23891625615763518,0.24331550802139004,0.09487712894542845,0.007311331057575142,0.24111675126903534,0.7588832487309639
dc_1_s2,dcsbm,Louv,0.8789841487532183,4,1.1645168472459875,0.6770486111111111,4.0,81.0,60.0,32.41141774128371,0.04938271604938211,0.5401902956880528,240,1182,0.041213389121338914,9.85,9.331979068414874,0.750423011844331,0.42421359879294895,0.3805787928004123,0.23649459783913537,0.7931034482758348,0.19747665386903807,0.17475379996782586,0.24957698815566817,0.750423011844331
dc_1_s2,dcsbm,Leid,0.8689130060743656,3,1.0984039336249602,0.6665277777777778,78.0,82.0,80.0,1.632993161855452,0.9512195121951104,0.020412414523192896,240,1182,0.041213389121338914,9.85,9.331979068414874,0.7588832487309639,0.4251147356999092,0.24117509883911112,0.23891625615763518,0.24331550802139004,0.09487712894542845,0.007311331057575142,0.24111675126903534,0.7588832487309639
dc_1_s2,dcsbm,Louv,0.4535822511474422,13,2.423441601674205,0.9001041666666667,4.0,43.0,18.46153846153846,10.088953476378048,0.09302325581395132,0.5464849799704481,240,1182,0.041213389121338914,9.85,9.331979068414874,0.44331641285955975,0.32993528133508554,0.6221317530472548,0.38461538461538386,0.8124999999999746,0.2443742821551355,0.09262778397354404,0.5566835871404395,0.44331641285955975
dc_1_s2,dcsbm,Leid,0.5852094442689851,8,2.0257147784363907,0.8622916666666667,13.0,46.0,30.0,9.565563234854496,0.2826086956521678,0.31885210782847256,240,1182,0.041213389121338914,9.85,9.331979068414874,0.4999999999999996,0.36155702715005966,0.5230224170057081,0.43675417661097743,0.6734693877550952,0.1711146120759594,0.03148952562765189,0.4999999999999996,0.4999999999999996
dc_1_s2,dcsbm,Louv,0.4054931276466915,18,2.807512395154464,0.9349305555555556,6.0,25.0,13.333333333333334,5.517648452415616,0.23999999999999042,0.4138236339311402,240,1182,0.041213389121338914,9.85,9.331979068414874,0.3604060913705581,0.2904913951803848,0.6632652234605527,0.5338345864661633,0.7647058823529337,0.29251645002934257,0.09350264244838125,0.6395939086294411,0.3604060913705581
dc_1_s2,dcsbm,Leid,0.4500607020364621,17,2.7436542036020635,0.9301736111111111,5.0,31.0,14.117647058823529,6.1057576775211935,0.16129032258063997,0.43249116882438726,240,1182,0.041213389121338914,9.85,9.331979068414874,0.3815566835871401,0.30780589267667,0.6466190400444617,0.5322033898305066,0.7777777777777561,0.28592410547045294,0.07208305887642844,0.6184433164128591,0.3815566835871401
dc_1_s2,dcsbm,Louv,0.342358153808699,31,3.37819330685814,0.9640277777777778,4.0,13.0,7.741935483870968,2.627002976968043,0.307692307692284,0.33932121785832836,240,1182,0.041213389121338914,9.85,9.331979068414874,0.28257191201353615,0.2451117438394874,0.7229725431437851,0.6136363636363567,0.8571428571428418,0.4392684376555051,0.15419533332342977,0.7174280879864631,0.28257191201353615
dc_1_s2,dcsbm,Leid,0.37504948436990476,29,3.3194706572837203,0.9620486111111111,4.0,16.0,8.275862068965518,2.624769963308285,0.2499999999999844,0.3171597038997127,240,1182,0.041213389121338914,9.85,9.331979068414874,0.30626057529610806,0.2641719704192326,0.7042486768476393,0.5937499999999908,0.7837837837837626,0.4128184076459716,0.1191712177032531,0.6937394247038912,0.30626057529610806
dc_1_s2,dcsbm,Louv,0.3399441700402423,49,3.8294979000719875,0.976875,2.0,11.0,4.8979591836734695,1.7870840227746645,0.18181818181816528,0.36486298798308614,240,1182,0.041213389121338914,9.85,9.331979068414874,0.2335025380710658,0.20993877422476456,0.7683713872769948,0.5882352941176384,0.9830508474576188,0.631547250934867,0.21092927652272214,0.7664974619289334,0.2335025380710658
dc_1_s2,dcsbm,Leid,0.35173286745992577,46,3.786107872531594,0.9764236111111111,2.0,9.0,5.217391304347826,1.516762047174992,0.22222222222219754,0.29071272570848444,240,1182,0.041213389121338914,9.85,9.331979068414874,0.23942470389170878,0.21498020218677796,0.7591139165087482,0.5932203389830408,0.9830508474576188,0.5784679089025859,0.17452274079757002,0.7605752961082904,0.23942470389170878
dc_1_s2,dcsbm,GMod,0.8632195992487788,3,1.0979388861287134,0.6662152777777778,77.0,84.0,80.0,2.943920288775949,0.9166666666666559,0.0367990036096989,240,1182,0.041213389121338914,9.85,9.331979068414874,0.756345177664974,0.42228463615255335,0.24368488024895085,0.2426470588235291,0.24456521739130402,0.09459737148105542,0.007328994766296432,0.2436548223350252,0.756345177664974
dc_2_s2,dcsbm,Louv,0.22684852139855352,81,3.948101904127707,0.9554513888888889,1.0,44.0,2.962962962962963,4.785380112988806,0.02272727272727221,1.615065788133177,240,1159,0.04041143654114365,9.658333333333333,8.269921234342092,0.24331320103537513,0.15947333432096475,0.8466157786308668,0.5555555555554939,0.9999999999999333,0.6466602574694802,0.3854864957006553,0.7566867989646241,0.24331320103537513
dc_2_s2,dcsbm,Leid,0.0,1,-1.000088900581841e-12,0.0,240.0,240.0,240.0,0.0,0.9999999999999959,0.0,240,1159,0.04041143654114365,9.658333333333333,8.269921234342092,0.9999999999999992,0.0,0.0,0.0,0.0,0.04041143654114365,0.0,0.0,0.9999999999999992
dc_2_s2,dcsbm,Louv,0.2251794563071593,80,3.949130886186512,0.9566319444444444,1.0,43.0,3.0,4.714339826529267,0.02325581395348783,1.5714466088425652,240,1159,0.04041143654114365,9.658333333333333,8.269921234342092,0.24245038826574614,0.16404274310438388,0.8425105707485375,0.5555555555554939,0.9999999999999333,0.6675775193794031,0.3755627310896163,0.7575496117342531,0.24245038826574614
dc_2_s2,dcsbm,Leid,0.0,1,-1.000088900581841e-12,0.0,240.0,240.0,240.0,0.0,0.9999999999999959,0.0,240,1159,0.04041143654114365,9.658333333333333,8.269921234342092,0.9999999999999992,0.0,0.0,0.0,0.0,0.04041143654114365,0.0,0.0,0.9999999999999992
dc_2_s2,dcsbm,Louv,0.2977120235100956,5,1.4680884079336933,0.7483680555555555,19.0,78.0,48.0,24.38852189043034,0.24358974358974048,0.5080942060506215,240,1159,0.04041143654114365,9.658333333333333,8.269921234342092,0.5668679896462463,0.29581226861691634,0.4911645912480358,0.38842975206611513,0.6124031007751891,0.11362031656934816,0.027337910155313744,0.43313201035375287,0.5668679896462463
dc_2_s2,dcsbm,Leid,0.3770414184649557,5,1.3049110320173387,0.7056944444444444,3.0,85.0,48.0,32.960582519124266,0.035294117647058414,0.6866788024817412,240,1159,0.04041143654114365,9.658333333333333,8.269921234342092,0.6100086281276959,0.3036576114751865,0.4670228722897976,0.34939759036144535,0.6415094339622581,0.2256822461425593,0.22578252070840205,0.3899913718723034,0.6100086281276959
dc_2_s2,dcsbm,Louv,0.24312819766730573,8,1.7753291377108171,0.8054513888888888,3.0,66.0,30.0,22.377444000600246,0.04545454545454477,0.7459148000199833,240,1159,0.04041143654114365,9.658333333333333,8.269921234342092,0.5176876617773939,0.29422697112517776,0.5647405378394627,0.42383107088989375,0.7090909090908962,0.2279276693278945,0.185386197423481,0.48231233822260533,0.5176876617773939
dc_2_s2,dcsbm,Leid,0.2654977207781899,7,1.8216560061868448,0.8217708333333333,15.0,60.0,34.285714285714285,17.060516536429837,0.24999999999999584,0.49759839897918906,240,1159,0.04041143654114365,9.658333333333333,8.269921234342092,0.49956859361518513,0.30267568736548794,0.5526428255257877,0.4170854271356777,0.6610169491525368,0.13676047981743084,0.02973399881607879,0.5004314063848141,0.49956859361518513
dc_2_s2,dcsbm,Louv,0.14993041068791413,16,2.7204348081031244,0.9315625,6.0,23.0,15.0,4.623310502226732,0.26086956521738,0.3082207001484283,240,1159,0.04041143654114365,9.658333333333333,8.269921234342092,0.33477135461604807,0.2625656880429337,0.6747052750024873,0.5870445344129531,0.7523809523809453,0.2392035637538853,0.08034745324259983,0.6652286453839512,0.33477135461604807
dc_2_s2,dcsbm,Leid,0.13688816059772962,14,2.6077561476208615,0.9241666666666667,9.0,26.0,17.142857142857142,4.257046978786097,0.3461538461538329,0.24832774042917455,240,1159,0.04041143654114365,9.658333333333333,8.269921234342092,0.3563416738567728,0.2780899901063143,0.6527648397303712,0.5862068965517219,0.7499999999999922,0.21730457831519087,0.05952042879611873,0.6436583261432264,0.3563416738567728
dc_2_s2,dcsbm,Louv,0.1308599524954234,22,3.040484085576214,0.9501736111111111,4.0,17.0,10.909090909090908,3.3832352847142535,0.235294117647045,0.31012990109877814,240,1159,0.04041143654114365,9.658333333333333,8.269921234342092,0.2942191544434855,0.2419102927831184,0.7115540616712507,0.6451612903225772,0.8313253012048093,0.3007189483125198,0.09049981812776474,0.7057808455565137,0.2942191544434855
dc_2_s2,dcsbm,Leid,0.17657209804761512,24,3.14405830470274,0.9556944444444444,4.0,14.0,10.0,2.516611478423583,0.2857142857142653,0.2516611478423331,240,1159,0.04041143654114365,9.658333333333333,8.269921234342092,0.29163071613459857,0.24557073315263145,0.7111599151550342,0.642105263157888,0.7804878048780393,0.3223401598401482,0.08148728454437505,0.7083692838654007,0.29163071613459857
dc_2_s2,dcsbm,Louv,0.15298433656726296,38,3.5861122206003766,0.9707291666666666,4.0,14.0,6.315789473684211,2.116417817145589,0.2857142857142653,0.33509948771466525,240,1159,0.04041143654114365,9.658333333333333,8.269921234342092,0.2364106988783432,0.20770896037389044,0.7658455942760983,0.6590909090909016,0.8873239436619594,0.4744296639033021,0.162433627192104,0.763589301121656,0.2364106988783432
dc_2_s2,dcsbm,Leid,0.1589784495923618,34,3.5064817467709046,0.9694097222222222,5.0,10.0,7.0588235294117645,1.4129896646428606,0.49999999999995,0.20017353582437689,240,1159,0.04041143654114365,9.658333333333333,8.269921234342092,0.253666954270923,0.2218366819749554,0.7445660908914279,0.6551724137930809,0.8285714285714167,0.4142857142856904,0.10205816994107737,0.7463330457290762,0.253666954270923
dc_2_s2,dcsbm,Louv,0.18166322126132442,53,3.9187930327299645,0.9792708333333333,1.0,8.0,4.528301886792453,1.422246078871151,0.12499999999998437,0.31407934241730984,240,1159,0.04041143654114365,9.658333333333333,8.269921234342092,0.20621225194132858,0.18565810132057253,0.7931791832199804,0.6923076923076658,0.99999999999998,0.6048517520214232,0.2361275214007575,0.7937877480586707,0.20621225194132858
dc_2_s2,dcsbm,Leid,0.2031511031683318,50,3.8808622840936597,0.9788194444444445,2.0,7.0,4.8,1.1661903789690602,0.2857142857142449,0.24295632895183694,240,1159,0.04041143654114365,9.658333333333333,8.269921234342092,0.21484037963761846,0.19342564958485978,0.7806840183483381,0.6428571428571199,0.961538461538443,0.5885714285713166,0.20551136376091997,0.7851596203623807,0.21484037963761846
dc_2_s2,dcsbm,GMod,0.13139294115588146,7,1.8211236261951635,0.8238541666666667,13.0,58.0,34.285714285714285,16.550479369098007,0.22413793103447888,0.4827223149320111,240,1159,0.04041143654114365,9.658333333333333,8.269921234342092,0.47368421052631543,0.2730389248414888,0.5766115948967965,0.4428794992175267,0.702970297029696,0.12595354559223523,0.029410743826998847,0.5263157894736838,0.47368421052631543
dc_3_s2,dcsbm,Louv,0.9104640849337273,12,1.8150572572387818,0.819288888888889,1.0,61.0,25.0,27.024680078279065,0.01639344262295055,1.0809872031311194,300,1298,0.028940914158305464,8.653333333333334,5.697937248591712,0.8050847457627113,0.6205879140837747,0.6134236308648537,0.133079847908745,0.9999999999998889,0.12695787460548302,0.16454296969372842,0.194915254237288,0.8050847457627113
dc_3_s2,dcsbm,Leid,0.9578457629684372,5,1.609160090908456,0.7998888888888889,58.0,62.0,60.0,1.4142135623730951,0.9354838709677268,0.023570226039551192,300,1298,0.028940914158305464,8.653333333333334,5.697937248591712,0.8574730354391366,0.6570618896916198,0.1430549608602899,0.1284916201117316,0.1670190274841434,0.12623262981528977,0.012190152309822013,0.14252696456086278,0.8574730354391366
dc_3_s2,dcsbm,Louv,0.9578457629684372,5,1.6091600909084562,0.7998888888888889,58.0,62.0,60.0,1.4142135623730951,0.9354838709677268,0.023570226039551192,300,1298,0.028940914158305464,8.653333333333334,5.697937248591712,0.8574730354391366,0.6570618896916199,0.1430549608602899,0.1284916201117316,0.1670190274841434,0.12623262981528974,0.012190152309822015,0.14252696456086278,0.8574730354391366
dc_3_s2,dcsbm,Leid,0.9578457629684372,5,1.609160090908456,0.7998888888888889,58.0,62.0,60.0,1.4142135623730951,0.9354838709677268,0.023570226039551192,300,1298,0.028940914158305464,8.653333333333334,5.697937248591712,0.8574730354391366,0.6570618896916198,0.1430549608602899,0.1284916201117316,0.1670190274841434,0.12623262981528977,0.012190152309822013,0.14252696456086278,0.8574730354391366
dc_3_s2,dcsbm,Louv,0.9578457629684372,5,1.6091600909084562,0.7998888888888889,58.0,62.0,60.0,1.4142135623730951,0.9354838709677268,0.023570226039551192,300,1298,0.028940914158305464,8.653333333333334,5.697937248591712,0.8574730354391366,0.6570618896916199,0.1430549608602899,0.1284916201117316,0.1670190274841434,0.12623262981528974,0.012190152309822015,0.14252696456086278,0.8574730354391366
dc_3_s2,dcsbm,Leid,0.9578457629684372,5,1.609160090908456,0.7998888888888889,58.0,62.0,60.0,1.4142135623730951,0.9354838709677268,0.023570226039551192,300,1298,0.028940914158305464,8.653333333333334,5.697937248591712,0.8574730354391366,0.6570618896916198,0.1430549608602899,0.1284916201117316,0.1670190274841434,0.12623262981528977,0.012190152309822013,0.14252696456086278,0.8574730354391366
dc_3_s2,dcsbm,Louv,0.9578457629684372,5,1.6091600909084562,0.7998888888888889,58.0,62.0,60.0,1.4142135623730951,0.9354838709677268,0.023570226039551192,300,1298,0.028940914158305464,8.653333333333334,5.697937248591712,0.8574730354391366,0.6570618896916199,0.1430549608602899,0.1284916201117316,0.1670190274841434,0.12623262981528974,0.012190152309822015,0.14252696456086278,0.8574730354391366
dc_3_s2,dcsbm,Leid,0.9578457629684372,5,1.609160090908456,0.7998888888888889,58.0,62.0,60.0,1.4142135623730951,0.9354838709677268,0.023570226039551192,300,1298,0.028940914158305464,8.653333333333334,5.697937248591712,0.8574730354391366,0.6570618896916198,0.1430549608602899,0.1284916201117316,0.1670190274841434,0.12623262981528977,0.012190152309822013,0.14252696456086278,0.8574730354391366
dc_3_s2,dcsbm,Louv,0.9578457629684372,5,1.609160090908456,0.7998888888888889,58.0,62.0,60.0,1.4142135623730951,0.9354838709677268,0.023570226039551192,300,1298,0.028940914158305464,8.653333333333334,5.697937248591712,0.8574730354391366,0.6570503156450245,0.1430299785495877,0.1284916201117316,0.1670190274841434,0.1262289250824936,0.012156863267961516,0.14252696456086278,0.8574730354391366
dc_3_s2,dcsbm,Leid,0.9578457629684372,5,1.609160090908456,0.7998888888888889,58.0,62.0,60.0,1.4142135623730951,0.9354838709677268,0.023570226039551192,300,1298,0.028940914158305464,8.653333333333334,5.697937248591712,0.8574730354391366,0.6570618896916198,0.1430549608602899,0.1284916201117316,0.1670190274841434,0.12623262981528977,0.012190152309822013,0.14252696456086278,0.8574730354391366
dc_3_s2,dcsbm,Louv,0.9473657494410476,5,1.6093267961733846,0.7999555555555555,59.0,61.0,60.0,0.8944271909999159,0.9672131147540824,0.01490711984999835,300,1298,0.028940914158305464,8.653333333333334,5.697937248591712,0.8574730354391366,0.6570164838165151,0.1430689046591728,0.1284916201117316,0.1677282377919317,0.12599591840645383,0.010384356774891119,0.14252696456086278,0.8574730354391366
dc_3_s2,dcsbm,Leid,0.9385243106389524,8,1.692446304715432,0.8076444444444444,1.0,60.0,37.5,27.527259217001607,0.01666666666666639,0.7340602457866899,300,1298,0.028940914158305464,8.653333333333334,5.697937248591712,0.8489984591679501,0.6528198532292183,0.4295536207497077,0.1284916201117316,0.9999999999997999,0.14353257852403195,0.1457425753250392,0.1510015408320492,0.8489984591679501
dc_3_s2,dcsbm,Louv,0.7142405218129861,16,2.6082257533934805,0.9184444444444444,3.0,37.0,18.75,10.353139620424328,0.08108108108107888,0.5521674464226014,300,1298,0.028940914158305464,8.653333333333334,5.697937248591712,0.5570107858243447,0.4717584359961159,0.5156786498176245,0.29518072289156533,0.7142857142856803,0.2960484365991697,0.14000441347282017,0.44298921417565457,0.5570107858243447
dc_3_s2,dcsbm,Leid,0.6974460395291071,16,2.6415652844358157,0.9216,3.0,41.0,18.75,9.45714015968887,0.07317073170731528,0.5043808085167129,300,1298,0.028940914158305464,8.653333333333334,5.697937248591712,0.5446841294298918,0.4628128850596272,0.5218219276080838,0.2764705882352933,0.7499999999999533,0.276915407938115,0.12418298488705139,0.45531587057010753,0.5446841294298918
dc_3_s2,dcsbm,Louv,0.5753046337908893,38,3.5808788551559614,0.9706,3.0,17.0,7.894736842105263,2.702722542414266,0.17647058823528375,0.34234485537243037,300,1298,0.028940914158305464,8.653333333333334,5.697937248591712,0.3520801232665637,0.32171308947509625,0.6637225288445173,0.4959349593495895,0.7999999999999601,0.4484606681587787,0.11721993924827782,0.6479198767334357,0.3520801232665637
dc_3_s2,dcsbm,Leid,0.5889135996009591,35,3.469486175101563,0.9666888888888889,3.0,16.0,8.571428571428571,3.4910965472242124,0.18749999999998831,0.4072945971761106,300,1298,0.028940914158305464,8.653333333333334,5.697937248591712,0.3875192604006161,0.35180650093423343,0.6425449558740741,0.499999999999995,0.809523809523771,0.4491042291041903,0.14659737257640806,0.6124807395993832,0.3875192604006161
dc_3_s2,dcsbm,GMod,0.9368488176722085,5,1.609272148916792,0.7999333333333333,59.0,62.0,60.0,1.0954451150103321,0.9516129032257911,0.01825741858350523,300,1298,0.028940914158305464,8.653333333333334,5.697937248591712,0.8567026194144832,0.6562303389593092,0.14387826508749288,0.13257575757575732,0.1684434968017054,0.12579022125682127,0.009305320030439088,0.14329738058551608,0.8567026194144832
dc_4_s2,dcsbm,Louv,0.3470335107818598,118,4.184160132092668,0.9492222222222222,1.0,63.0,2.542372881355932,5.680242397245734,0.01587301587301562,2.23422867624911,300,1162,0.025908584169453734,7.746666666666667,7.736654459275161,0.2538726333907055,0.15400438735517422,0.839272939785249,0.0,0.9999999999999656,0.5667872981154635,0.441698589122585,0.7461273666092937,0.2538726333907055
dc_4_s2,dcsbm,Leid,0.013013883261145666,3,0.04466961139116604,0.013266666666666871,1.0,298.0,100.0,140.0071426749364,0.003355704697986566,1.4000714267493501,300,1162,0.025908584169453734,7.746666666666667,7.736654459275161,0.9999999999999992,0.0,0.0,0.0,0.0,0.008752702265006516,0.012378190250585923,0.0,0.9999999999999992
dc_4_s2,dcsbm,Louv,0.33911099249723653,69,3.479839708132384,0.9190222222222222,1.0,76.0,4.3478260869565215,9.312335728665362,0.013157894736841933,2.1418372175925406,300,1162,0.025908584169453734,7.746666666666667,7.736654459275161,0.3597246127366606,0.23986701662810567,0.7645626469431921,0.0,0.9999999999999546,0.5793689644682352,0.3533166400762262,0.6402753872633385,0.3597246127366606
dc_4_s2,dcsbm,Leid,0.2267006391055769,4,0.725929754609038,0.4994222222222223,1.0,167.0,75.0,75.08661665037252,0.005988023952095772,1.0011548886716204,300,1162,0.025908584169453734,7.746666666666667,7.736654459275161,0.766781411359724,0.25355380212761547,0.13926002055498443,0.0,0.27852004110996886,0.020044900541967656,0.020060864049721003,0.2332185886402752,0.766781411359724
dc_4_s2,dcsbm,Louv,0.2617345683651162,11,1.8817752060136181,0.8146666666666667,1.0,82.0,27.272727272727273,27.794999252942507,0.012195121951219363,1.0191499726078546,300,1162,0.025908584169453734,7.746666666666667,7.736654459275161,0.5464716006884678,0.3366676689546482,0.4414297275121312,0.0,0.692307692307679,0.13043788409784962,0.090742492471279,0.4535283993115315,0.5464716006884678
dc_4_s2,dcsbm,Leid,0.49745913730984026,7,1.640219463977677,0.8013777777777777,1.0,66.0,42.857142857142854,26.776474596868326,0.015151515151514923,0.6247844072602464,300,1162,0.025908584169453734,7.746666666666667,7.736654459275161,0.5886402753872628,0.3886164278456338,0.2938914055690277,0.0,0.43167028199566065,0.05718852036060251,0.038065585319678144,0.41135972461273634,0.5886402753872628
dc_4_s2,dcsbm,Louv,0.20010627743022646,12,2.173694951994198,0.8739555555555556,1.0,47.0,25.0,17.897858344878397,0.021276595744680396,0.7159143337951073,300,1162,0.025908584169453734,7.746666666666667,7.736654459275161,0.4819277108433731,0.34127868740760936,0.46060732070360694,0.0,0.6585365853658376,0.12593609362985417,0.09392496086430492,0.5180722891566261,0.4819277108433731
dc_4_s2,dcsbm,Leid,0.514077698271503,10,1.8724774528340702,0.8321777777777778,1.0,58.0,30.0,24.706274506691614,0.01724137931034453,0.8235424835563597,300,1162,0.025908584169453734,7.746666666666667,7.736654459275161,0.5679862306368326,0.38961180349625696,0.39637881041874073,0.0,0.6666666666665555,0.19075774870284629,0.28362751667982117,0.4320137693631666,0.5679862306368326
dc_4_s2,dcsbm,Louv,0.272591625417417,18,2.7123504754411183,0.9277555555555556,1.0,35.0,16.666666666666668,9.134793070696482,0.028571428571427755,0.5480875842417561,300,1162,0.025908584169453734,7.746666666666667,7.736654459275161,0.4216867469879515,0.3387465524749601,0.5367872319229083,0.0,0.6981132075471567,0.16559316129667298,0.08734471183738993,0.5783132530120477,0.4216867469879515
dc_4_s2,dcsbm,Leid,0.34635792573397134,17,2.604911728185996,0.9172222222222222,1.0,38.0,17.647058823529413,11.261288070045087,0.026315789473683515,0.6381396573025188,300,1162,0.025908584169453734,7.746666666666667,7.736654459275161,0.45783132530120446,0.3604911408604667,0.5149005168315336,0.0,0.7209302325581227,0.16676687219080344,0.0907368690067096,0.5421686746987947,0.45783132530120446
dc_4_s2,dcsbm,Louv,0.24514036213006613,23,3.027491332739826,0.9491111111111111,1.0,23.0,13.043478260869565,5.384989288831664,0.04347826086956333,0.41284917881039596,300,1162,0.025908584169453734,7.746666666666667,7.736654459275161,0.37091222030981036,0.3177373867241773,0.5792544541169389,0.0,0.7414965986394507,0.21343275493944916,0.10690796584068596,0.6290877796901888,0.37091222030981036
dc_4_s2,dcsbm,Leid,0.3121526611516757,24,3.0831213410446177,0.9522444444444444,1.0,21.0,12.5,4.7784237289438165,0.047619047619045354,0.38227389831547476,300,1162,0.025908584169453734,7.746666666666667,7.736654459275161,0.37779690189328713,0.32473871389171144,0.5757500579290599,0.0,0.7142857142857092,0.20791574982751138,0.07185187554381857,0.622203098106712,0.37779690189328713
dc_4_s2,dcsbm,Louv,0.2938823300570079,36,3.4822986143629038,0.9670888888888889,1.0,15.0,8.333333333333334,3.5823642100341133,0.06666666666666222,0.42988370520404195,300,1162,0.025908584169453734,7.746666666666667,7.736654459275161,0.32358003442340766,0.28802016524420776,0.648332848860268,0.0,0.8571428571428484,0.3258113799780251,0.14233832487483108,0.6764199655765916,0.32358003442340766
dc_4_s2,dcsbm,Leid,0.29921610840132973,36,3.51051103106305,0.9688444444444444,1.0,13.0,8.333333333333334,2.9059326290271157,0.076923076923071,0.348711915483212,300,1162,0.025908584169453734,7.746666666666667,7.736654459275161,0.32960413080894985,0.29456861130284606,0.6321524818562995,0.0,0.826923076923069,0.31732341732340297,0.11400008310332505,0.6703958691910494,0.32960413080894985
dc_4_s2,dcsbm,Louv,0.32193566067501994,55,3.938669834116297,0.9795111111111111,1.0,10.0,5.454545454545454,1.9429890919843704,0.09999999999999,0.356214666863736,300,1162,0.025908584169453734,7.746666666666667,7.736654459275161,0.2659208261617898,0.24430065973261125,0.7039617280833196,0.0,0.9518072289156513,0.47401154401146306,0.21282072134280786,0.7340791738382094,0.2659208261617898
dc_4_s2,dcsbm,Leid,0.33043418605525765,52,3.895538554156927,0.9788444444444444,1.0,9.0,5.769230769230769,1.825201618108411,0.11111111111109877,0.3163682804720697,300,1162,0.025908584169453734,7.746666666666667,7.736654459275161,0.27969018932874334,0.256875794300882,0.6873478859715487,0.0,0.8928571428571269,0.4421092796092335,0.1687996121014696,0.7203098106712559,0.27969018932874334
dc_4_s2,dcsbm,GMod,0.27110907157231834,9,1.77289328349249,0.8064888888888889,1.0,82.0,33.333333333333336,28.705400188814647,0.012195121951219363,0.8611620056644135,300,1162,0.025908584169453734,7.746666666666667,7.736654459275161,0.5602409638554212,0.34824372483788113,0.39131053910366115,0.0,0.6049382716049345,0.0980271846781591,0.09279755481132844,0.43975903614457795,0.5602409638554212
dc_5_s2,dcsbm,Louv,0.3189750434966658,107,4.437732491918723,0.9827555555555556,1.0,21.0,2.803738317757009,2.5775423066823473,0.047619047619045354,0.919323422716376,300,1222,0.027246376811594204,8.146666666666667,7.140389033908135,0.21767594108019625,0.18387727987442448,0.8165160365399626,0.0,0.9999999999999525,0.6811653010108989,0.35746418384869993,0.7823240589198031,0.21767594108019625
dc_5_s2,dcsbm,Leid,0.006602814519614369,2,0.022340379841483578,0.006644444444444453,1.0,299.0,150.0,149.0,0.0033444816053511592,0.9933333333333267,300,1222,0.027246376811594204,8.146666666666667,7.140389033908135,0.9999999999999992,0.0,0.0,0.0,0.0,0.01371461920046688,0.01371461920046688,0.0,0.9999999999999992
dc_5_s2,dcsbm,Louv,0.2732980988308344,79,3.700380258709811,0.9318444444444445,1.0,70.0,3.7974683544303796,7.9514026257857795,0.014285714285714082,2.093869358123037,300,1222,0.027246376811594204,8.146666666666667,7.140389033908135,0.3207855973813418,0.21283459810725888,0.7931432998618196,0.0,0.9999999999999091,0.5603122982316584,0.36140520211380806,0.6792144026186574,0.3207855973813418
dc_5_s2,dcsbm,Leid,0.02290294620893897,3,0.0931061161041131,0.03286666666666671,1.0,295.0,100.0,137.89126150702953,0.0033898305084745645,1.3789126150702815,300,1222,0.027246376811594204,8.146666666666667,7.140389033908135,0.995908346972176,0.004869468902097633,0.3030303030302755,0.0,0.45454545454541323,0.17599830892806323,0.22938868156396292,0.004091653027823237,0.995908346972176
dc_5_s2,dcsbm,Louv,0.06832510373962654,9,1.963319846677796,0.8428666666666667,1.0,73.0,33.333333333333336,21.452790546272116,0.013698630136986115,0.643583716388144,300,1222,0.027246376811594204,8.146666666666667,7.140389033908135,0.4869067103109653,0.31177994273025084,0.4748931985931908,0.0,0.5714285714285646,0.10095401631241245,0.04679094505326097,0.513093289689034,0.4869067103109653
dc_5_s2,dcsbm,Leid,0.06864569667345694,8,1.9114272134025634,0.8439777777777777,1.0,65.0,37.5,18.681541692269406,0.01538461538461515,0.49817444512717085,300,1222,0.027246376811594204,8.146666666666667,7.140389033908135,0.48199672667757737,0.3151004765335998,0.46834188227646856,0.0,0.6073619631901803,0.08284097082914355,0.03621658653359793,0.5180032733224219,0.48199672667757737
dc_5_s2,dcsbm,Louv,0.08806887460575769,12,2.3018651157929444,0.8907555555555555,1.0,45.0,25.0,13.940349110884323,0.022222222222221727,0.5576139644353507,300,1222,0.027246376811594204,8.146666666666667,7.140389033908135,0.43617021276595713,0.3103769945971429,0.529609962618991,0.0,0.6764705882352843,0.1300527574663742,0.06124032634032813,0.5638297872340421,0.43617021276595713
dc_5_s2,dcsbm,Leid,0.09419672284685017,12,2.3483220450750153,0.8981333333333333,1.0,43.0,25.0,11.789826122551595,0.02325581395348783,0.47159304490204496,300,1222,0.027246376811594204,8.146666666666667,7.140389033908135,0.4427168576104743,0.3281033614503336,0.5206699023878457,0.0,0.6181818181818126,0.12816267263186318,0.051802770866593476,0.5572831423895249,0.4427168576104743
dc_5_s2,dcsbm,Louv,0.13242061885748313,20,2.918615078033524,0.9438222222222222,1.0,22.0,15.0,5.272570530585627,0.045454545454543395,0.35150470203901835,300,1222,0.027246376811594204,8.146666666666667,7.140389033908135,0.36415711947626817,0.3018672268637446,0.6060725276086738,0.0,0.7142857142857015,0.19476526827145768,0.06994536407011981,0.6358428805237312,0.36415711947626817
dc_5_s2,dcsbm,Leid,0.11000624689036947,17,2.7587823956728212,0.9347333333333333,1.0,25.0,17.647058823529413,5.840438908472429,0.039999999999998405,0.33095820481341887,300,1222,0.027246376811594204,8.146666666666667,7.140389033908135,0.3813420621931257,0.31222192161705337,0.5804752689440347,0.0,0.7449664429530152,0.1687750368881138,0.05935669622017049,0.6186579378068735,0.3813420621931257
dc_5_s2,dcsbm,Louv,0.15339330138223764,25,3.148068526585481,0.9552888888888889,1.0,18.0,12.0,4.1182520563948,0.05555555555555247,0.3431876713662047,300,1222,0.027246376811594204,8.146666666666667,7.140389033908135,0.3355155482815055,0.28951960912994446,0.6391922472462368,0.0,0.8217821782178137,0.2555835798188675,0.12549275724717893,0.6644844517184938,0.3355155482815055
dc_5_s2,dcsbm,Leid,0.13902525872723068,23,3.064335190268766,0.9513555555555555,1.0,21.0,13.043478260869565,4.496165137667831,0.047619047619045354,0.3447059938878407,300,1222,0.027246376811594204,8.146666666666667,7.140389033908135,0.35106382978723377,0.30158161474977296,0.6247802569656695,0.0,0.779661016949146,0.23192783757125784,0.09432228468794844,0.6489361702127655,0.35106382978723377
dc_5_s2,dcsbm,Louv,0.19229127641390684,36,3.531218210800191,0.9697111111111111,1.0,13.0,8.333333333333334,2.5055493963954847,0.076923076923071,0.30066592756742205,300,1222,0.027246376811594204,8.146666666666667,7.140389033908135,0.3027823240589196,0.2710686647683897,0.6758453668877298,0.0,0.8199999999999918,0.34983303733301885,0.15817214583698838,0.6972176759410796,0.3027823240589196
dc_5_s2,dcsbm,Leid,0.17615951236272326,36,3.509360898451811,0.9684888888888888,1.0,15.0,8.333333333333334,3.0550504633038935,0.06666666666666222,0.3666060555964232,300,1222,0.027246376811594204,8.146666666666667,7.140389033908135,0.3036006546644842,0.27176277252016356,0.677678800719637,0.0,0.8765432098765324,0.36054377721041964,0.17221205422056488,0.6963993453355151,0.3036006546644842
dc_5_s2,dcsbm,Louv,0.23264896303975474,53,3.8922538491656256,0.9782888888888889,1.0,11.0,5.660377358490566,2.1972830240524885,0.09090909090908264,0.3881866675825377,300,1222,0.027246376811594204,8.146666666666667,7.140389033908135,0.25613747954173466,0.23483577136030392,0.7300700102103281,0.0,0.9655172413792936,0.5025892346646115,0.23848269983165937,0.7438625204582646,0.25613747954173466
dc_5_s2,dcsbm,Leid,0.2372699039957702,54,3.949279243694045,0.9801333333333333,1.0,9.0,5.555555555555555,1.4989708403591155,0.11111111111109877,0.26981475126459226,300,1222,0.027246376811594204,8.146666666666667,7.140389033908135,0.2536824877250407,0.2336551520005571,0.7280206048963122,0.0,0.8867924528301719,0.48058495002933477,0.1944801172427859,0.7463175122749586,0.2536824877250407
dc_5_s2,dcsbm,GMod,0.06274170271151092,9,1.964152368371082,0.8503111111111111,1.0,53.0,33.333333333333336,19.641226483541647,0.01886792452830153,0.5892367945062317,300,1222,0.027246376811594204,8.146666666666667,7.140389033908135,0.46890343698854303,0.3023604351215174,0.4970083282741343,0.0,0.666666666666639,0.11758286351215148,0.10621926374337501,0.5310965630114562,0.46890343698854303
dc_6_s2,dcsbm,Louv,0.6629681092475348,29,1.9249669914335188,0.7526200274348422,1.0,104.0,9.310344827586206,23.13394795872412,0.009615384615384524,2.4847573733441757,270,1496,0.041195098444169076,11.08148148148148,14.941888349028785,0.6804812834224595,0.31875643427035366,0.7513596751888596,0.0,0.9999999999999286,0.3952748883412336,0.42402597781915163,0.3195187165775399,0.6804812834224595
dc_6_s2,dcsbm,Leid,0.8023975094263329,3,0.7074958810472192,0.4962139917695473,1.0,151.0,90.0,64.35837163881635,0.006622516556291347,0.7150930182090627,270,1496,0.041195098444169076,11.08148148148148,14.941888349028785,0.9418449197860956,0.35568802904000685,0.06628571428571421,0.0,0.09942857142857131,0.04890045246987664,0.0370430851945905,0.058155080213903705,0.9418449197860956
dc_6_s2,dcsbm,Louv,0.6157815237255649,32,2.1364119742330994,0.7849108367626886,1.0,93.0,8.4375,20.46481355277883,0.010752688172042895,2.425459384032759,270,1496,0.041195098444169076,11.08148148148148,14.941888349028785,0.5975935828877001,0.3129150998026823,0.7607103645229555,0.0,0.9999999999999413,0.4190104265692616,0.41967091190888306,0.40240641711229924,0.5975935828877001
dc_6_s2,dcsbm,Leid,0.9518244481766243,4,0.9792975158263842,0.5784362139917696,1.0,151.0,67.5,55.91734972260399,0.006622516556291347,0.8284051810756025,270,1496,0.041195098444169076,11.08148148148148,14.941888349028785,0.9338235294117642,0.37526831801023763,0.10783838061473883,0.0,0.23163841807909474,0.07216010160270642,0.0418967522603094,0.06617647058823525,0.9338235294117642
dc_6_s2,dcsbm,Louv,0.6721531159659799,20,1.8387512731068945,0.7496570644718794,1.0,102.0,13.5,27.02313823374332,0.009803921568627355,2.0017139432400977,270,1496,0.041195098444169076,11.08148148148148,14.941888349028785,0.6951871657754006,0.33719575731362067,0.631588439389911,0.0,0.9999999999999286,0.5326482634032751,0.387961973796156,0.30481283422459876,0.6951871657754006
dc_6_s2,dcsbm,Leid,0.9318154161336786,4,0.9844443674665654,0.5815363511659808,1.0,150.0,67.5,55.40983667184014,0.006666666666666623,0.8208864692124345,270,1496,0.041195098444169076,11.08148148148148,14.941888349028785,0.9311497326203203,0.37604757964196867,0.1116468834597313,0.0,0.24324324324324192,0.07169441636384997,0.041530566641069695,0.0688502673796791,0.9311497326203203
dc_6_s2,dcsbm,Louv,0.8215930143714155,5,1.2975337321219025,0.6973936899862826,1.0,113.0,54.0,38.67815921162743,0.008849557522123816,0.7162622076227169,270,1496,0.041195098444169076,11.08148148148148,14.941888349028785,0.7520053475935824,0.37712353262889997,0.2289437833603912,0.0,0.5680933852140067,0.0901963822852551,0.04899911140240156,0.24799465240641697,0.7520053475935824
dc_6_s2,dcsbm,Leid,0.807944400960415,5,1.256119484809541,0.6775308641975308,1.0,121.0,54.0,42.25636046798162,0.008264462809917288,0.782525193851497,270,1496,0.041195098444169076,11.08148148148148,14.941888349028785,0.8201871657754005,0.38522445773399294,0.236807652101436,0.0,0.614035087719296,0.08956933609246198,0.048192024100058004,0.17981283422459882,0.8201871657754005
dc_6_s2,dcsbm,Louv,0.577860055489651,12,2.1507565517859972,0.852482853223594,1.0,79.0,22.5,19.746307671731106,0.012658227848101106,0.8776136742991213,270,1496,0.041195098444169076,11.08148148148148,14.941888349028785,0.4839572192513366,0.3545021572678657,0.5575964328325275,0.0,0.8333333333333102,0.26464822130545645,0.23721885937280693,0.5160427807486628,0.4839572192513366
dc_6_s2,dcsbm,Leid,0.6024290746869779,12,2.171350961921641,0.8532510288065843,1.0,80.0,22.5,19.62778642639052,0.012499999999999845,0.8723460633950956,270,1496,0.041195098444169076,11.08148148148148,14.941888349028785,0.4799465240641708,0.3549107781177614,0.5504797011925836,0.0,0.7586206896551593,0.23216001743788348,0.11974736220128354,0.5200534759358285,0.4799465240641708
dc_6_s2,dcsbm,Louv,0.5192000369189754,16,2.387726824662341,0.8664471879286695,1.0,79.0,16.875,17.99262001488388,0.012658227848101106,1.066229334215278,270,1496,0.041195098444169076,11.08148148148148,14.941888349028785,0.43516042780748637,0.33505234100203035,0.6324846823097978,0.0,0.9270833333333285,0.293094445111841,0.15339074556904356,0.564839572192513,0.43516042780748637
dc_6_s2,dcsbm,Leid,0.5374329587231943,17,2.451082871055805,0.8715775034293554,1.0,79.0,15.882352941176471,17.275900769709356,0.012658227848101106,1.087741900314965,270,1496,0.041195098444169076,11.08148148148148,14.941888349028785,0.4264705882352939,0.33121277953330086,0.6385536223623424,0.0,0.9106145251396598,0.3171671775729747,0.17908701886435824,0.5735294117647055,0.4264705882352939
dc_6_s2,dcsbm,Louv,0.44133405649881674,30,3.017428525309886,0.925843621399177,1.0,50.0,9.0,9.959919678390985,0.019999999999999598,1.10665774204332,270,1496,0.041195098444169076,11.08148148148148,14.941888349028785,0.33021390374331533,0.2740594794675283,0.7265753550244413,0.0,0.999999999999993,0.44689815387554777,0.23193950640876707,0.6697860962566841,0.33021390374331533
dc_6_s2,dcsbm,Leid,0.45756181319016154,27,3.0559579935320063,0.9403017832647462,1.0,35.0,10.0,7.822095958576907,0.028571428571427755,0.7822095958576124,270,1496,0.041195098444169076,11.08148148148148,14.941888349028785,0.3168449197860961,0.2680995131402099,0.6891949452911256,0.0,0.9999999999999939,0.36953748260932845,0.19766859231482697,0.6831550802139034,0.3168449197860961
dc_6_s2,dcsbm,Louv,0.36940783767746893,51,3.7000949501762426,0.9653223593964335,1.0,34.0,5.294117647058823,4.64122244565812,0.029411764705881485,0.8766753508463683,270,1496,0.041195098444169076,11.08148148148148,14.941888349028785,0.22393048128342233,0.19850684713603475,0.7755099497227663,0.0,0.9999999999999939,0.6076864056101248,0.28162194480012454,0.776069518716577,0.22393048128342233
dc_6_s2,dcsbm,Leid,0.3903475511776891,49,3.666728184523392,0.9651851851851851,1.0,33.0,5.510204081632653,4.629640304181934,0.030303030303029384,0.8401939811291614,270,1496,0.041195098444169076,11.08148148148148,14.941888349028785,0.23061497326203195,0.20463861741828482,0.7717067998353659,0.0,0.9999999999999939,0.5491154253908338,0.262019079171825,0.7693850267379675,0.23061497326203195
dc_6_s2,dcsbm,GMod,0.8729113731036141,4,1.008390925089656,0.5962139917695473,1.0,145.0,67.5,52.94100490168278,0.006896551724137884,0.7843111837286222,270,1496,0.041195098444169076,11.08148148148148,14.941888349028785,0.9070855614973257,0.3769698250593383,0.14290442913454754,0.0,0.33877551020408025,0.06969004269859652,0.04031908079784228,0.09291443850267374,0.9070855614973257
dc_7_s2,dcsbm,Louv,0.29491646009056427,70,2.8837646682524136,0.782962962962963,1.0,124.0,3.857142857142857,14.531036453335433,0.008064516129032194,3.7673057471600613,270,1367,0.037642847308274816,10.125925925925927,13.288217911133621,0.4791514264813457,0.10643370833777055,0.8687659072263758,0.473197781885397,0.9999999999999231,0.46505870535960403,0.4302969903609311,0.5208485735186537,0.4791514264813457
dc_7_s2,dcsbm,Leid,0.0,1,-1.000088900581841e-12,0.0,270.0,270.0,270.0,0.0,0.9999999999999962,0.0,270,1367,0.037642847308274816,10.125925925925927,13.288217911133621,0.9999999999999993,0.0,0.0,0.0,0.0,0.037642847308274816,0.0,0.0,0.9999999999999993
dc_7_s2,dcsbm,Louv,0.2884481327114177,74,3.3725727486287203,0.8778875171467764,1.0,91.0,3.6486486486486487,10.343338935566777,0.010989010989010868,2.8348410415990064,270,1367,0.037642847308274816,10.125925925925927,13.288217911133621,0.3935625457205557,0.15000355864458995,0.8420374600216393,0.3728170083523156,0.9999999999999286,0.554516054515695,0.3982445014169971,0.6064374542794436,0.3935625457205557
dc_7_s2,dcsbm,Leid,0.5805101268018856,2,0.6821327446102379,0.4890260631001372,115.0,155.0,135.0,20.0,0.741935483870963,0.14814814814814706,270,1367,0.037642847308274816,10.125925925925927,13.288217911133621,0.8244330651060712,0.22191172527905925,0.3208556149732616,0.3208556149732616,0.3208556149732616,0.05594762757972324,0.01719858105035635,0.1755669348939282,0.8244330651060712
dc_7_s2,dcsbm,Louv,0.29724248447152873,36,3.0502386491363227,0.9294101508916324,2.0,40.0,7.5,9.310985148975615,0.04999999999999875,1.2414646865299164,270,1367,0.037642847308274816,10.125925925925927,13.288217911133621,0.3328456474030722,0.228520101525722,0.7132252180409435,0.5555555555554939,0.8602150537634362,0.603387078870623,0.2845491830442394,0.6671543525969271,0.3328456474030722
dc_7_s2,dcsbm,Leid,0.44256664852844163,3,1.0737440402647955,0.649355281207133,75.0,119.0,90.0,20.51016008388688,0.6302521008403309,0.2278906675987406,270,1367,0.037642847308274816,10.125925925925927,13.288217911133621,0.6137527432333573,0.2763785199142287,0.3818963856082591,0.32467532467532423,0.42121524201853716,0.08095147554243946,0.031085137631488687,0.386247256766642,0.6137527432333573
dc_7_s2,dcsbm,Louv,0.31253532164202436,9,2.097223220700587,0.8601920438957475,21.0,72.0,30.0,15.246128834705695,0.29166666666666263,0.5082042944901729,270,1367,0.037642847308274816,10.125925925925927,13.288217911133621,0.3986832479882953,0.2740156334200073,0.6138350716099849,0.42797494780793227,0.670588235294115,0.15771622079456957,0.05002655496217032,0.6013167520117041,0.3986832479882953
dc_7_s2,dcsbm,Leid,0.2783263452314984,8,1.9916138660084346,0.8512482853223594,16.0,67.0,33.75,14.711814979804497,0.23880597014925017,0.4359056290312314,270,1367,0.037642847308274816,10.125925925925927,13.288217911133621,0.43013899049012405,0.28956396703785375,0.5899549577808494,0.4279835390946493,0.6830601092896138,0.14812645100723437,0.04720177312410562,0.5698610095098753,0.43013899049012405
dc_7_s2,dcsbm,Louv,0.2537790749965229,14,2.4619869307450197,0.8971467764060357,5.0,60.0,19.285714285714285,12.791897946013503,0.08333333333333194,0.6632835972006659,270,1367,0.037642847308274816,10.125925925925927,13.288217911133621,0.350402340892465,0.25921408003150875,0.681893723187126,0.46363636363636257,0.8222222222222039,0.22596462042060808,0.08636485320382754,0.6495976591075343,0.350402340892465
dc_7_s2,dcsbm,Leid,0.26438725283350395,15,2.593130316128888,0.9137722908093279,9.0,51.0,18.0,9.750213672872336,0.17647058823529066,0.5416785373817664,270,1367,0.037642847308274816,10.125925925925927,13.288217911133621,0.3430870519385513,0.2617792473761016,0.6721484857068696,0.49373433583959775,0.7636363636363568,0.22682421992638424,0.07797673218440128,0.656912948061448,0.3430870519385513
dc_7_s2,dcsbm,Louv,0.20116881786345978,23,3.0655470261320787,0.9492455418381345,6.0,29.0,11.73913043478261,4.80233087703794,0.2068965517241308,0.4090874450809748,270,1367,0.037642847308274816,10.125925925925927,13.288217911133621,0.2809070958302851,0.22983465948587486,0.7203622232026382,0.5873015873015827,0.8435754189944087,0.28822348732393,0.08703205965792382,0.7190929041697143,0.2809070958302851
dc_7_s2,dcsbm,Leid,0.22675007236548755,21,2.9619795248904817,0.9426063100137174,7.0,35.0,12.857142857142858,5.8251156889040105,0.19999999999999427,0.4530645535813878,270,1367,0.037642847308274816,10.125925925925927,13.288217911133621,0.30065837600585205,0.24570942516384486,0.7074040899602368,0.5894039735099318,0.8505747126436733,0.28408075740007876,0.09728077560607429,0.6993416239941473,0.30065837600585205
dc_7_s2,dcsbm,Louv,0.1932971506355172,37,3.5348370446791706,0.968477366255144,3.0,16.0,7.297297297297297,2.97616536216751,0.18749999999998831,0.4078448829636399,270,1367,0.037642847308274816,10.125925925925927,13.288217911133621,0.22823701536210664,0.1977351501507206,0.7655758382636263,0.5476190476190411,0.9285714285714219,0.439891264891223,0.20246600998578612,0.7717629846378927,0.22823701536210664
dc_7_s2,dcsbm,Leid,0.19949910822060757,34,3.4482295095402753,0.9660631001371742,1.0,16.0,7.9411764705882355,3.114871128205583,0.0624999999999961,0.3922430309591722,270,1367,0.037642847308274816,10.125925925925927,13.288217911133621,0.24579370885149948,0.21176557468899312,0.7483193120439052,0.5555555555555453,0.9999999999999918,0.37902081578549823,0.148928310747752,0.7542062911484999,0.24579370885149948
dc_7_s2,dcsbm,Louv,0.20170461213112706,53,3.8216589036427826,0.9752263374485597,1.0,14.0,5.09433962264151,2.850118507588408,0.07142857142856633,0.559467707045022,270,1367,0.037642847308274816,10.125925925925927,13.288217911133621,0.20117044623262606,0.1777641972527264,0.8052988453012163,0.5555555555555487,0.9999999999999918,0.5803914115232612,0.3011094164600403,0.7988295537673733,0.20117044623262606
dc_7_s2,dcsbm,Leid,0.22447519884563258,52,3.8968324489267907,0.9788477366255144,1.0,8.0,5.1923076923076925,1.6412760225655283,0.12499999999998437,0.3160976043458927,270,1367,0.037642847308274816,10.125925925925927,13.288217911133621,0.2019019751280174,0.1788716581517845,0.784569447407455,0.5714285714285511,0.9999999999999918,0.5170329670328614,0.2076718355317724,0.7980980248719819,0.2019019751280174
dc_7_s2,dcsbm,GMod,0.3175840698828787,7,1.6513522493341972,0.7740192043895747,7.0,85.0,38.57142857142857,29.422329435103453,0.08235294117646963,0.7628011335026623,270,1367,0.037642847308274816,10.125925925925927,13.288217911133621,0.5420629114850033,0.27031116467213107,0.5794975051556965,0.35522904062229876,0.7590361445783042,0.14326953704899742,0.06808954775427643,0.45793708851499604,0.5420629114850033
dc_8_s2,dcsbm,Louv,0.3808563490440063,142,4.195793818529962,0.9339259259259259,1.0,111.0,3.1690140845070425,9.175113178858997,0.00900900900900893,2.895257936439036,450,1608,0.01591685226429102,7.1466666666666665,10.56475482178571,0.3781094527363182,0.27858530729437403,0.7981723323853096,0.0,0.9999999999999091,0.6810953353201862,0.3798234191104428,0.6218905472636812,0.3781094527363182
dc_8_s2,dcsbm,Leid,0.9577268365618636,4,1.1119321027812967,0.6681185185185186,1.0,151.0,112.5,64.3836159282779,0.006622516556291347,0.572298808251354,450,1608,0.01591685226429102,7.1466666666666665,10.56475482178571,0.9210199004975119,0.5841153374916462,0.05984457216472244,0.0,0.08836206896551714,0.03332466338047538,0.019819178510899618,0.07898009950248752,0.9210199004975119
dc_8_s2,dcsbm,Louv,0.9577268365618636,4,1.1119321027812967,0.6681185185185186,1.0,151.0,112.5,64.3836159282779,0.006622516556291347,0.572298808251354,450,1608,0.01591685226429102,7.1466666666666665,10.56475482178571,0.9210199004975119,0.5841153374916462,0.05984457216472244,0.0,0.08836206896551714,0.03332466338047538,0.019819178510899618,0.07898009950248752,0.9210199004975119
dc_8_s2,dcsbm,Leid,0.9577268365618636,4,1.1119321027812967,0.6681185185185186,1.0,151.0,112.5,64.3836159282779,0.006622516556291347,0.572298808251354,450,1608,0.01591685226429102,7.1466666666666665,10.56475482178571,0.9210199004975119,0.5841153374916462,0.05984457216472244,0.0,0.08836206896551714,0.03332466338047538,0.019819178510899618,0.07898009950248752,0.9210199004975119
dc_8_s2,dcsbm,Louv,0.9577268365618636,4,1.1119321027812967,0.6681185185185186,1.0,151.0,112.5,64.3836159282779,0.006622516556291347,0.572298808251354,450,1608,0.01591685226429102,7.1466666666666665,10.56475482178571,0.9210199004975119,0.5841153374916462,0.05984457216472244,0.0,0.08836206896551714,0.03332466338047538,0.019819178510899618,0.07898009950248752,0.9210199004975119
dc_8_s2,dcsbm,Leid,0.9577268365618636,4,1.1119321027812967,0.6681185185185186,1.0,151.0,112.5,64.3836159282779,0.006622516556291347,0.572298808251354,450,1608,0.01591685226429102,7.1466666666666665,10.56475482178571,0.9210199004975119,0.5841153374916462,0.05984457216472244,0.0,0.08836206896551714,0.03332466338047538,0.019819178510899618,0.07898009950248752,0.9210199004975119
dc_8_s2,dcsbm,Louv,0.9161184439764772,4,1.1118127798779105,0.6680395061728395,1.0,152.0,112.5,64.41467224165625,0.00657894736842101,0.5725748643702727,450,1608,0.01591685226429102,7.1466666666666665,10.56475482178571,0.9179104477611935,0.5810058847553279,0.06217424518297125,0.0,0.09267241379310334,0.033317013581951695,0.020025817323509075,0.08208955223880593,0.9179104477611935
dc_8_s2,dcsbm,Leid,0.9577268365618636,4,1.1119321027812967,0.6681185185185186,1.0,151.0,112.5,64.3836159282779,0.006622516556291347,0.572298808251354,450,1608,0.01591685226429102,7.1466666666666665,10.56475482178571,0.9210199004975119,0.5841153374916462,0.05984457216472244,0.0,0.08836206896551714,0.03332466338047538,0.019819178510899618,0.07898009950248752,0.9210199004975119
dc_8_s2,dcsbm,Louv,0.7462798470746509,7,1.49658578034895,0.7497086419753086,1.0,151.0,64.28571428571429,55.74870731547897,0.006622516556291347,0.867202113796326,450,1608,0.01591685226429102,7.1466666666666665,10.56475482178571,0.7891791044776115,0.54058880040098,0.310163840494972,0.0,0.7999999999999601,0.14714517995428572,0.2150008224664056,0.21082089552238795,0.7891791044776115
dc_8_s2,dcsbm,Leid,0.7516670509690684,8,1.6727050279791287,0.7797827160493827,1.0,148.0,56.25,49.09366048686938,0.006756756756756711,0.8727761864332179,450,1608,0.01591685226429102,7.1466666666666665,10.56475482178571,0.7692786069651737,0.5419161190317072,0.30707515461519774,0.0,0.551020408163254,0.0922124917456962,0.06786872942249826,0.23072139303482575,0.7692786069651737
dc_8_s2,dcsbm,Louv,0.5220896529672107,15,2.517654115666291,0.9074666666666666,1.0,79.0,30.0,18.686893802876924,0.012658227848101106,0.6228964600958767,450,1608,0.01591685226429102,7.1466666666666665,10.56475482178571,0.5335820895522385,0.4368152629266602,0.4748059580866358,0.0,0.6176470588235203,0.118121181416058,0.045580087620092434,0.46641791044776093,0.5335820895522385
dc_8_s2,dcsbm,Leid,0.514881651467366,17,2.6554946924434635,0.9207407407407407,1.0,65.0,26.470588235294116,15.602102599852758,0.01538461538461515,0.5894127648833042,450,1608,0.01591685226429102,7.1466666666666665,10.56475482178571,0.5143034825870644,0.42935934444691976,0.4954367291885584,0.0,0.6486486486486399,0.13252099852782598,0.05285027367555954,0.48569651741293507,0.5143034825870644
dc_8_s2,dcsbm,Louv,0.4523102218131982,31,3.3092389759770433,0.9601185185185185,1.0,35.0,14.516129032258064,7.056778794258228,0.028571428571427755,0.48613365027108885,450,1608,0.01591685226429102,7.1466666666666665,10.56475482178571,0.40671641791044755,0.36089685280067324,0.5824238101528352,0.0,0.7575757575757346,0.21249554793273467,0.08215651598638733,0.5932835820895519,0.40671641791044755
dc_8_s2,dcsbm,Leid,0.43596693226911065,30,3.2977031797800658,0.9598320987654321,1.0,39.0,15.0,6.792152334373349,0.02564102564102498,0.45281015562485977,450,1608,0.01591685226429102,7.1466666666666665,10.56475482178571,0.4172885572139301,0.37219356420633154,0.5697121503046355,0.0,0.6962025316455609,0.2060351860042226,0.07142905892717022,0.5827114427860693,0.4172885572139301
dc_8_s2,dcsbm,Louv,0.3886207432833948,55,3.943525873568617,0.9796345679012346,1.0,15.0,8.181818181818182,2.835431082126244,0.06666666666666222,0.34655268781538745,450,1608,0.01591685226429102,7.1466666666666665,10.56475482178571,0.32649253731343264,0.3028840947625059,0.6481210617668227,0.0,0.899999999999995,0.33586766768582893,0.12963916821927501,0.6735074626865668,0.32649253731343264
dc_8_s2,dcsbm,Leid,0.3946675343984501,56,3.952979640685156,0.9796246913580247,1.0,16.0,8.035714285714286,3.0175929723769532,0.0624999999999961,0.375522681006863,450,1608,0.01591685226429102,7.1466666666666665,10.56475482178571,0.33519900497512417,0.31138249207940394,0.6463750568222072,0.0,0.8749999999999891,0.34878658048298633,0.12521480457413975,0.6648009950248752,0.33519900497512417
dc_8_s2,dcsbm,GMod,0.9456693843227789,4,1.1119470171363646,0.6681283950617284,1.0,151.0,112.5,64.37973283573022,0.006622516556291347,0.5722642918731525,450,1608,0.01591685226429102,7.1466666666666665,10.56475482178571,0.9210199004975119,0.5840101420756911,0.05986376410988033,0.0,0.08855291576673856,0.033280408058175955,0.019710710063459112,0.07898009950248752,0.9210199004975119
dc_9_s2,dcsbm,Louv,0.2663863707405006,156,4.458273783261897,0.9651259259259259,1.0,59.0,2.8846153846153846,6.078505149464876,0.016949152542372593,2.1072151184804264,450,1313,0.01299678297451126,5.835555555555556,7.342695707089705,0.36100533130236073,0.2735292803988933,0.6984461639096261,0.0,0.999999999999875,0.6234157951451045,0.40070747184702177,0.6389946686976385,0.36100533130236073
dc_9_s2,dcsbm,Leid,0.04884193390124544,14,0.204956902179759,0.056879012345678714,1.0,437.0,32.142857142857146,112.2871682930214,0.0022883295194507957,3.493378569116112,450,1313,0.01299678297451126,5.835555555555556,7.342695707089705,0.9999999999999993,0.0,0.0,0.0,0.0,0.0009844615527650397,0.003549526607217248,0.0,0.9999999999999993
dc_9_s2,dcsbm,Louv,0.27018704181175407,154,4.503386157832933,0.9684641975308642,1.0,58.0,2.9220779220779223,5.738378959674696,0.01724137931034453,1.963800799532446,450,1313,0.01299678297451126,5.835555555555556,7.342695707089705,0.3549124143183547,0.2746954846635874,0.687656026755856,0.0,0.99999999999995,0.6448196441760731,0.3891442448110937,0.6450875856816446,0.3549124143183547
dc_9_s2,dcsbm,Leid,0.25543503767989595,16,0.9091605075347603,0.5181135802469137,1.0,262.0,28.125,72.8550573055845,0.003816793893129756,2.5904020375318013,450,1313,0.01299678297451126,5.835555555555556,7.342695707089705,0.8316831683168311,0.306336714871323,0.048429346861401906,0.0,0.33333333333330556,0.027957615825014725,0.09638220949928697,0.1683168316831682,0.8316831683168311
dc_9_s2,dcsbm,Louv,0.358473499395894,26,1.94989877034784,0.7958222222222222,1.0,132.0,17.307692307692307,35.925959363850225,0.007575757575757519,2.0757220965778935,450,1313,0.01299678297451126,5.835555555555556,7.342695707089705,0.6740289413556736,0.4292495978755998,0.24445094743455323,0.0,0.7142857142856803,0.1390813312404315,0.19334903569104603,0.32597105864432574,0.6740289413556736
dc_9_s2,dcsbm,Leid,0.4541182252895434,21,1.5063362700672611,0.7220740740740741,1.0,146.0,21.428571428571427,47.12553794420402,0.006849315068493104,2.1991917707294184,450,1313,0.01299678297451126,5.835555555555556,7.342695707089705,0.7456207159177451,0.4344332757723603,0.15144357099634706,0.0,0.5151515151515074,0.17247691458862804,0.3486564344720003,0.2543792840822542,0.7456207159177451
dc_9_s2,dcsbm,Louv,0.31273927905022003,22,2.02411281751289,0.830804938271605,1.0,109.0,20.454545454545453,33.74870673983775,0.00917431192660542,1.649936773947543,450,1313,0.01299678297451126,5.835555555555556,7.342695707089705,0.6435643564356431,0.4330831934912983,0.18099830663628683,0.0,0.5769230769230658,0.07396371481648846,0.20677152021746054,0.3564356435643562,0.6435643564356431
dc_9_s2,dcsbm,Leid,0.3319347591054041,22,2.094578855784742,0.8410765432098766,1.0,108.0,20.454545454545453,32.31763840484196,0.009259259259259174,1.5799734331255297,450,1313,0.01299678297451126,5.835555555555556,7.342695707089705,0.6412795125666408,0.4471350702941874,0.1804934785773754,0.0,0.5555555555555431,0.037677724259031486,0.054317462319222076,0.3587204874333585,0.6412795125666408
dc_9_s2,dcsbm,Louv,0.20951142900455222,30,2.8294350677936255,0.9290864197530864,1.0,65.0,15.0,15.92691642053372,0.01538461538461515,1.0617944280355105,450,1313,0.01299678297451126,5.835555555555556,7.342695707089705,0.4950495049504947,0.40468622115594893,0.30473897936244504,0.0,0.6756756756756573,0.07601143236893727,0.08839198364702992,0.5049504950495046,0.4950495049504947
dc_9_s2,dcsbm,Leid,0.22925693284155868,30,2.86860576644562,0.9342024691358024,1.0,52.0,15.0,14.803152817333656,0.01923076923076886,0.9868768544888445,450,1313,0.01299678297451126,5.835555555555556,7.342695707089705,0.49428789032749393,0.41215039249545665,0.29670010032255983,0.0,0.6229508196721261,0.07014782292082276,0.06924921932333886,0.5057121096725053,0.49428789032749393
dc_9_s2,dcsbm,Louv,0.22772497034204103,40,3.365253052673094,0.9619851851851852,1.0,28.0,11.25,8.11711155522702,0.03571428571428444,0.7215210271312265,450,1313,0.01299678297451126,5.835555555555556,7.342695707089705,0.4188880426504186,0.37364389962928557,0.3884369608189801,0.0,0.7380952380952337,0.1124688110450481,0.08371181330945861,0.5811119573495807,0.4188880426504186
dc_9_s2,dcsbm,Leid,0.19736261530788934,39,3.3404276152619774,0.961441975308642,1.0,29.0,11.538461538461538,8.18956858024719,0.03448275862068847,0.7097626102880283,450,1313,0.01299678297451126,5.835555555555556,7.342695707089705,0.42345773038842316,0.37907932219198853,0.38044620982225114,0.0,0.7173913043478183,0.1090760165771054,0.08165958778352472,0.5765422696115762,0.42345773038842316
dc_9_s2,dcsbm,Louv,0.19524641424084013,53,3.7352179667943592,0.973916049382716,1.0,17.0,8.49056603773585,5.2507776297741975,0.05882352941176125,0.6184249208399992,450,1313,0.01299678297451126,5.835555555555556,7.342695707089705,0.37623762376237596,0.3465601759660412,0.4632522262578537,0.0,0.793103448275853,0.18981034072598235,0.13419857823332262,0.6237623762376233,0.37623762376237596
dc_9_s2,dcsbm,Leid,0.20229570439697594,49,3.6509983137162485,0.9719604938271605,1.0,19.0,9.183673469387756,5.615843002441542,0.052631578947365656,0.6115029047102346,450,1313,0.01299678297451126,5.835555555555556,7.342695707089705,0.39070830159939046,0.35964538805512153,0.4415580473633543,0.0,0.8793103448275786,0.1642243996464593,0.11547653745969842,0.6092916984006088,0.39070830159939046
dc_9_s2,dcsbm,Louv,0.21128067423147287,72,4.1129779237347,0.9822222222222222,1.0,15.0,6.25,3.307189138830738,0.06666666666666222,0.5291502622128335,450,1313,0.01299678297451126,5.835555555555556,7.342695707089705,0.33434881949733414,0.3151880921292668,0.5375447588707506,0.0,0.9607843137254808,0.28551386884716884,0.1861724987940083,0.6656511805026651,0.33434881949733414
dc_9_s2,dcsbm,Leid,0.23079076739135734,69,4.083703517714173,0.9820641975308642,1.0,12.0,6.521739130434782,3.1787733284989126,0.08333333333332639,0.48741191036975856,450,1313,0.01299678297451126,5.835555555555556,7.342695707089705,0.34958111195734937,0.32920371538003285,0.5155695609283799,0.0,0.8965517241379155,0.26679005374655795,0.16892135606188538,0.65041888804265,0.34958111195734937
dc_9_s2,dcsbm,GMod,0.34119957818105623,23,1.9636460632888448,0.81279012345679,1.0,114.0,19.565217391304348,35.57334870371665,0.008771929824561327,1.8181933781898691,450,1313,0.01299678297451126,5.835555555555556,7.342695707089705,0.6732673267326728,0.43807371246234705,0.1868535227356101,0.0,0.5492957746478835,0.10534382121413864,0.2367616734932761,0.3267326732673265,0.6732673267326728
dc_10_s2,dcsbm,Louv,0.40752316040952064,191,5.122758214999677,0.993096,1.0,14.0,2.6178010471204187,1.4777573861615185,0.07142857142856633,0.5645033215134845,500,934,0.0074869739478957914,3.736,3.9872677361822593,0.3640256959314771,0.3521171402500812,0.49811021609249034,0.0,0.8571428571427959,0.6140964910594504,0.3523069571640082,0.6359743040685217,0.3640256959314771
dc_10_s2,dcsbm,Leid,0.4412339754227995,42,1.5648676255382812,0.7039040000000001,1.0,179.0,11.904761904761905,40.258574670088855,0.005586592178770919,3.3817202722871795,500,934,0.0074869739478957914,3.736,3.9872677361822593,0.8650963597430398,0.512998706949915,0.01005554659177944,0.0,0.17156862745097995,0.04934851716943141,0.21266874330194674,0.13490364025695917,0.8650963597430398
dc_10_s2,dcsbm,Louv,0.39473385855600873,67,2.9531823674893194,0.896152,1.0,100.0,7.462686567164179,18.215401354724527,0.009999999999999901,2.4408637815327596,500,934,0.0074869739478957914,3.736,3.9872677361822593,0.6777301927194853,0.5463262704675614,0.19351597648184996,0.0,0.7142857142856123,0.19911443098319706,0.31668194012021356,0.3222698072805136,0.6777301927194853
dc_10_s2,dcsbm,Leid,0.5601799599188867,44,2.0595709977676178,0.8310960000000001,1.0,96.0,11.363636363636363,28.819257221116224,0.010416666666666559,2.5360946354580047,500,934,0.0074869739478957914,3.736,3.9872677361822593,0.8169164882226971,0.6172715038355902,0.020958557445035383,0.0,0.21022727272727212,0.049627132526427024,0.20771871110088672,0.18308351177730173,0.8169164882226971
dc_10_s2,dcsbm,Louv,0.4180704216623236,57,2.9772714370334556,0.92252,1.0,78.0,8.771929824561404,16.213506978950573,0.012820512820512657,1.8483397956001544,500,934,0.0074869739478957914,3.736,3.9872677361822593,0.682012847965738,0.5816633346936342,0.11456613569685498,0.0,0.4999999999999583,0.08499738979310176,0.19809679253841883,0.31798715203426087,0.682012847965738
dc_10_s2,dcsbm,Leid,0.5383752502913025,49,2.4260667117748014,0.872864,1.0,88.0,10.204081632653061,23.335161864847695,0.011363636363636236,2.2868458627548502,500,934,0.0074869739478957914,3.736,3.9872677361822593,0.783725910064239,0.6245512153295216,0.056517853491121844,0.0,0.4444444444444198,0.06989662602304143,0.21089246628347144,0.21627408993575994,0.783725910064239
dc_10_s2,dcsbm,Louv,0.4236574311227691,49,2.554625712858489,0.891064,1.0,83.0,10.204081632653061,21.252591286746647,0.012048192771084192,2.082753946100967,500,934,0.0074869739478957914,3.736,3.9872677361822593,0.7355460385438964,0.5988678933829767,0.05985957507795268,0.0,0.3749999999999961,0.05745920303125119,0.19823203976778223,0.2644539614561025,0.7355460385438964
dc_10_s2,dcsbm,Leid,0.5386270740283322,50,2.492504908921593,0.881504,1.0,84.0,10.0,22.191890410688316,0.011904761904761764,2.2191890410686095,500,934,0.0074869739478957914,3.736,3.9872677361822593,0.7783725910064231,0.6272737276983253,0.059957119715887616,0.0,0.38888888888887807,0.07689124203685964,0.21622053618321674,0.22162740899357578,0.7783725910064231
dc_10_s2,dcsbm,Louv,0.41499116983941486,54,2.9047020645058206,0.92316,1.0,69.0,9.25925925925926,16.431885427745726,0.014492753623188196,1.7746436261963467,500,934,0.0074869739478957914,3.736,3.9872677361822593,0.6862955032119907,0.5844569189642761,0.09569773069838315,0.0,0.44680851063828836,0.06835728623274424,0.19169137499221042,0.3137044967880082,0.6862955032119907
dc_10_s2,dcsbm,Leid,0.4505647302224485,55,3.037103624005617,0.9371039999999999,1.0,54.0,9.090909090909092,14.25644699747225,0.018518518518518174,1.5682091697217748,500,934,0.0074869739478957914,3.736,3.9872677361822593,0.6745182012847958,0.5960851991618102,0.09950731705634737,0.0,0.47826086956519664,0.06918029340000303,0.1899800156207858,0.32548179871520305,0.6745182012847958
dc_10_s2,dcsbm,Louv,0.3866803827187562,61,3.346664366238548,0.9552,1.0,40.0,8.19672131147541,10.789824702888088,0.024999999999999373,1.3163586137521863,500,934,0.0074869739478957914,3.736,3.9872677361822593,0.6209850107066375,0.5633411130318355,0.14167571364800832,0.0,0.4999999999999792,0.08140720927446501,0.18290954901076292,0.37901498929336147,0.6209850107066375
dc_10_s2,dcsbm,Leid,0.43559009771698004,60,3.274637031200859,0.950576,1.0,46.0,8.333333333333334,11.682845924212511,0.021739130434782136,1.401941510905333,500,934,0.0074869739478957914,3.736,3.9872677361822593,0.6531049250535325,0.5880408915626191,0.1297865471224697,0.0,0.5135135135134996,0.08195516837283694,0.18575427236528963,0.34689507494646643,0.6531049250535325
dc_10_s2,dcsbm,Louv,0.3709422959598548,73,3.7685825799228576,0.972192,1.0,22.0,6.8493150684931505,6.951241601673864,0.045454545454543395,1.014881273844236,500,934,0.0074869739478957914,3.736,3.9872677361822593,0.5578158458244106,0.5229585169357464,0.2070649015006477,0.0,0.599999999999976,0.1178181597113405,0.18121986367151657,0.4421841541755884,0.5578158458244106
dc_10_s2,dcsbm,Leid,0.4135837361503862,70,3.6926017472061385,0.97012,1.0,24.0,7.142857142857143,7.462833078062271,0.04166666666666494,1.0447966309285717,500,934,0.0074869739478957914,3.736,3.9872677361822593,0.5824411134903634,0.5449254662087497,0.1872744247821465,0.0,0.6428571428571199,0.10676511489413525,0.17870165292652507,0.4175588865096355,0.5824411134903634
dc_10_s2,dcsbm,Louv,0.382894529603953,92,4.178739323161504,0.982248,1.0,15.0,5.434782608695652,4.324611939931939,0.06666666666666222,0.7957285969473304,500,934,0.0074869739478957914,3.736,3.9872677361822593,0.5096359743040679,0.4878128883162379,0.28426292562818584,0.0,0.8749999999999726,0.18760798380360394,0.19888031214018598,0.49036402569593096,0.5096359743040679
dc_10_s2,dcsbm,Leid,0.384695091004513,86,4.079775699710055,0.980432,1.0,16.0,5.813953488372093,4.804338223447484,0.0624999999999961,0.8263461744328252,500,934,0.0074869739478957914,3.736,3.9872677361822593,0.5310492505353314,0.5063488988440501,0.25486706393701747,0.0,0.6874999999999893,0.16215057552264023,0.1856296409396641,0.4689507494646676,0.5310492505353314
dc_10_s2,dcsbm,GMod,0.5005321712618002,48,2.365506986337922,0.8661760000000001,1.0,90.0,10.416666666666666,24.258875809805275,0.011111111111110988,2.328852077741083,500,934,0.0074869739478957914,3.736,3.9872677361822593,0.7773019271948599,0.6073179986152443,0.05096815819803737,0.0,0.3809523809523719,0.06411126206283724,0.20961534417039301,0.22269807280513895,0.7773019271948599
dc_11_s2,dcsbm,Louv,0.8719552190418735,18,2.4527065147017146,0.8983203125,1.0,42.0,17.77777777777778,16.198612956929217,0.023809523809523243,0.9111719788272172,320,1124,0.022021943573667713,7.025,4.819167459219487,0.7535587188612094,0.6450981338888819,0.40783810364293405,0.0,0.7142857142856632,0.4017611025841891,0.2930693739374998,0.24644128113878983,0.7535587188612094
dc_11_s2,dcsbm,Leid,0.8120150562630662,6,1.5756769825270627,0.7824609375,1.0,84.0,53.333333333333336,29.465610840812754,0.011904761904761764,0.5524802032652287,320,1124,0.022021943573667713,7.025,4.819167459219487,0.8603202846975082,0.6371852085206622,0.1200164741968301,0.0,0.17562724014336853,0.08796166803486531,0.04990180055095297,0.139679715302491,0.8603202846975082
dc_11_s2,dcsbm,Louv,0.940470479584225,9,2.0934277310664937,0.87560546875,1.0,42.0,35.55555555555556,12.293730209709981,0.023809523809523243,0.34576116214808345,320,1124,0.022021943573667713,7.025,4.819167459219487,0.8256227758007111,0.6991121408036878,0.155361196478678,0.0,0.1934156378600815,0.13309657398232477,0.04928749787263087,0.1743772241992881,0.8256227758007111
dc_11_s2,dcsbm,Leid,0.9474552370676078,9,2.0933515039955384,0.8755859375,1.0,42.0,35.55555555555556,12.302764920592365,0.023809523809523243,0.3460152633916505,320,1124,0.022021943573667713,7.025,4.819167459219487,0.8256227758007111,0.699266489152873,0.15535904003526202,0.0,0.1934156378600815,0.1333536791174787,0.04976800880978414,0.1743772241992881,0.8256227758007111
dc_11_s2,dcsbm,Louv,0.9404704795842252,9,2.093427731066494,0.87560546875,1.0,42.0,35.55555555555556,12.293730209709981,0.023809523809523243,0.34576116214808345,320,1124,0.022021943573667713,7.025,4.819167459219487,0.8256227758007111,0.6991121408036878,0.15536119647867797,0.0,0.1934156378600815,0.13309657398232477,0.04928749787263087,0.1743772241992881,0.8256227758007111
dc_11_s2,dcsbm,Leid,0.9474552370676078,9,2.0933515039955384,0.8755859375,1.0,42.0,35.55555555555556,12.302764920592365,0.023809523809523243,0.3460152633916505,320,1124,0.022021943573667713,7.025,4.819167459219487,0.8256227758007111,0.699266489152873,0.15535904003526202,0.0,0.1934156378600815,0.1333536791174787,0.04976800880978414,0.1743772241992881,0.8256227758007111
dc_11_s2,dcsbm,Louv,0.940470479584225,9,2.0934277310664937,0.87560546875,1.0,42.0,35.55555555555556,12.293730209709981,0.023809523809523243,0.34576116214808345,320,1124,0.022021943573667713,7.025,4.819167459219487,0.8256227758007111,0.6991121408036878,0.15536119647867797,0.0,0.1934156378600815,0.13309657398232477,0.04928749787263087,0.1743772241992881,0.8256227758007111
dc_11_s2,dcsbm,Leid,0.9474552370676078,9,2.0933515039955384,0.8755859375,1.0,42.0,35.55555555555556,12.302764920592365,0.023809523809523243,0.3460152633916505,320,1124,0.022021943573667713,7.025,4.819167459219487,0.8256227758007111,0.6992664891528728,0.15535904003526202,0.0,0.1934156378600815,0.1333536791174787,0.04976800880978414,0.1743772241992881,0.8256227758007111
dc_11_s2,dcsbm,Louv,0.940470479584225,9,2.0934277310664937,0.87560546875,1.0,42.0,35.55555555555556,12.293730209709981,0.023809523809523243,0.34576116214808345,320,1124,0.022021943573667713,7.025,4.819167459219487,0.8256227758007111,0.6991121408036878,0.15536119647867797,0.0,0.1934156378600815,0.13309657398232477,0.04928749787263087,0.1743772241992881,0.8256227758007111
dc_11_s2,dcsbm,Leid,0.9474552370676078,9,2.0933515039955384,0.8755859375,1.0,42.0,35.55555555555556,12.302764920592365,0.023809523809523243,0.3460152633916505,320,1124,0.022021943573667713,7.025,4.819167459219487,0.8256227758007111,0.699266489152873,0.15535904003526202,0.0,0.1934156378600815,0.1333536791174787,0.04976800880978414,0.1743772241992881,0.8256227758007111
dc_11_s2,dcsbm,Louv,0.9474364671120116,9,2.093277092202111,0.87556640625,1.0,43.0,35.55555555555556,12.311793001572934,0.02325581395348783,0.346269178169229,320,1124,0.022021943573667713,7.025,4.819167459219487,0.8247330960854086,0.698506620356885,0.1561393118011144,0.0,0.19838056680161864,0.13350148513595966,0.05031818285985951,0.1752669039145906,0.8247330960854086
dc_11_s2,dcsbm,Leid,0.9467931514784425,10,2.118478539751489,0.8771484375,1.0,42.0,32.0,15.297058540778355,0.023809523809523243,0.4780330793993086,320,1124,0.022021943573667713,7.025,4.819167459219487,0.8247330960854086,0.6988477697850838,0.19980930333815256,0.0,0.59999999999988,0.22094388969218492,0.2638884573983387,0.1752669039145906,0.8247330960854086
dc_11_s2,dcsbm,Louv,0.8716592144454157,13,2.297083239201056,0.89115234375,1.0,41.0,24.615384615384617,15.857725423947212,0.02439024390243843,0.6442200953478293,320,1124,0.022021943573667713,7.025,4.819167459219487,0.7811387900355865,0.6675004115955979,0.30999132590270784,0.0,0.6666666666666111,0.24194251361765795,0.1712659844290127,0.21886120996441263,0.7811387900355865
dc_11_s2,dcsbm,Leid,0.9287440908826287,13,2.2150327914641794,0.8834960937499999,1.0,42.0,24.615384615384617,17.65715571458195,0.023809523809523243,0.7173219509048626,320,1124,0.022021943573667713,7.025,4.819167459219487,0.8158362989323836,0.6933569262040753,0.32348230309472636,0.0,0.7777777777776913,0.3579380057987608,0.3606835594711582,0.1841637010676155,0.8158362989323836
dc_11_s2,dcsbm,Louv,0.6782907764892228,33,3.38600238112863,0.96322265625,1.0,19.0,9.696969696969697,4.482185941843951,0.052631578947365656,0.46222542525260973,320,1124,0.022021943573667713,7.025,4.819167459219487,0.48309608540925225,0.4427541761122579,0.5416006838702295,0.0,0.7499999999999533,0.3629311013282081,0.13367876984948857,0.5169039145907469,0.48309608540925225
dc_11_s2,dcsbm,Leid,0.7053522391833764,33,3.36070073422719,0.96150390625,1.0,23.0,9.696969696969697,5.042154713076234,0.04347826086956333,0.519972204785933,320,1124,0.022021943573667713,7.025,4.819167459219487,0.49377224199288217,0.4515607388457593,0.5354070092355598,0.0,0.7857142857142577,0.38703494078403605,0.17422525420427482,0.5062277580071171,0.49377224199288217
dc_11_s2,dcsbm,GMod,0.8632202001673813,9,2.09126681551316,0.87505859375,1.0,45.0,35.55555555555556,12.544242691025953,0.022222222222221727,0.35280682568509497,320,1124,0.022021943573667713,7.025,4.819167459219487,0.8033807829181489,0.6770688219500767,0.1750647025678653,0.0,0.22794117647058737,0.1305033490831222,0.04906701872731902,0.19661921708185037,0.8033807829181489
dc_12_s2,dcsbm,Louv,0.4225610351970442,101,3.9306508789095194,0.94966796875,1.0,56.0,3.1683168316831685,6.4024582329266435,0.017857142857142537,2.020775879766834,320,1167,0.022864420062695925,7.29375,7.844661301643303,0.3290488431876604,0.2243648344321747,0.7608694227117209,0.0,0.9999999999998889,0.5892701482125314,0.4204302847062886,0.6709511568123389,0.3290488431876604
dc_12_s2,dcsbm,Leid,0.02980725232377439,6,0.10563230444378971,0.030957031250000044,1.0,315.0,53.333333333333336,117.02089082248901,0.003174603174603164,2.1941417029216277,320,1167,0.022864420062695925,7.29375,7.844661301643303,0.9999999999999992,0.0,0.0,0.0,0.0,0.003932868264078455,0.00879416078503102,0.0,0.9999999999999992
dc_12_s2,dcsbm,Louv,0.4230052792402278,101,3.9571920978358137,0.95212890625,1.0,55.0,3.1683168316831685,6.204548486346098,0.01818181818181785,1.9583106160023689,320,1167,0.022864420062695925,7.29375,7.844661301643303,0.32390745501285323,0.22858140421135642,0.7622870218448663,0.0,0.9999999999998889,0.5854209230442482,0.4183101999412367,0.676092544987146,0.32390745501285323
dc_12_s2,dcsbm,Leid,0.02980725232377439,6,0.10563230444378971,0.030957031250000044,1.0,315.0,53.333333333333336,117.02089082248901,0.003174603174603164,2.1941417029216277,320,1167,0.022864420062695925,7.29375,7.844661301643303,0.9999999999999992,0.0,0.0,0.0,0.0,0.003932868264078455,0.00879416078503102,0.0,0.9999999999999992
dc_12_s2,dcsbm,Louv,0.28268750587921243,18,2.206321136807473,0.85802734375,1.0,67.0,17.77777777777778,22.17244424844986,0.014925373134328136,1.2471999889752345,320,1167,0.022864420062695925,7.29375,7.844661301643303,0.5175664095972575,0.3428344747626274,0.3970740590954401,0.0,0.6086956521738998,0.16518520310892712,0.15893393360452637,0.4824335904027417,0.5175664095972575
dc_12_s2,dcsbm,Leid,0.24903980155412342,11,1.8379630845057378,0.8284375,1.0,71.0,29.09090909090909,27.400910885504732,0.014084507042253324,0.9419063116891929,320,1167,0.022864420062695925,7.29375,7.844661301643303,0.5304198800342755,0.34771299276225887,0.2642390310317614,0.0,0.5702479338842952,0.04156672784144815,0.03891863768472649,0.4695801199657237,0.5304198800342755
dc_12_s2,dcsbm,Louv,0.27132568280878444,15,2.2495156676389514,0.8828125,1.0,54.0,21.333333333333332,18.571184369578827,0.018518518518518174,0.8705242673239668,320,1167,0.022864420062695925,7.29375,7.844661301643303,0.48071979434447265,0.3485559395809791,0.35978251110346526,0.0,0.59999999999996,0.09591827264078147,0.11918390139172128,0.5192802056555266,0.48071979434447265
dc_12_s2,dcsbm,Leid,0.3346304499174218,14,2.2437595717173044,0.887265625,1.0,44.0,22.857142857142858,17.381669913434433,0.02272727272727221,0.7604480587127231,320,1167,0.022864420062695925,7.29375,7.844661301643303,0.4798628963153381,0.3612379569847469,0.339636063675758,0.0,0.5974842767295561,0.06759297348199939,0.05208021951776486,0.5201371036846612,0.4798628963153381
dc_12_s2,dcsbm,Louv,0.2998289040119376,21,2.728057802929806,0.9267578125,1.0,38.0,15.238095238095237,11.17780437552905,0.026315789473683515,0.7335434121440458,320,1167,0.022864420062695925,7.29375,7.844661301643303,0.4207369323050554,0.33882019753445397,0.4574969659177591,0.0,0.692307692307679,0.1389624361511245,0.10271681961729637,0.5792630676949438,0.4207369323050554
dc_12_s2,dcsbm,Leid,0.33540642799454323,21,2.787873011393421,0.9335546874999999,1.0,31.0,15.238095238095237,9.581255320402397,0.03225806451612799,0.628769880401366,320,1167,0.022864420062695925,7.29375,7.844661301643303,0.41216795201371004,0.3384673787658171,0.4587302919171369,0.0,0.6941176470588154,0.12362791666890008,0.07642353039863728,0.5878320479862892,0.41216795201371004
dc_12_s2,dcsbm,Louv,0.3363776289571035,29,3.161477327782255,0.95373046875,1.0,21.0,11.03448275862069,6.451317740937143,0.047619047619045354,0.5846506702723756,320,1167,0.022864420062695925,7.29375,7.844661301643303,0.37446443873179064,0.31989721629295775,0.5270495840667331,0.0,0.7272727272727108,0.2018758112224473,0.13735304182114294,0.6255355612682086,0.37446443873179064
dc_12_s2,dcsbm,Leid,0.33922087267917606,28,3.1406310771026456,0.95373046875,1.0,20.0,11.428571428571429,6.213054065137896,0.049999999999997505,0.5436422306995182,320,1167,0.022864420062695925,7.29375,7.844661301643303,0.3761782347900597,0.3239746411051121,0.5181007629951278,0.0,0.7352941176470481,0.19200672018285433,0.12721213142869267,0.6238217652099395,0.3761782347900597
dc_12_s2,dcsbm,Louv,0.3629784467871559,41,3.5649366960480773,0.9692578125,1.0,16.0,7.804878048780488,3.983009722376099,0.0624999999999961,0.5103231206793724,320,1167,0.022864420062695925,7.29375,7.844661301643303,0.3213367609254496,0.2861554796315999,0.5971680632299168,0.0,0.8235294117646816,0.28666922508384224,0.14789482147252345,0.6786632390745496,0.3213367609254496
dc_12_s2,dcsbm,Leid,0.378807673528788,41,3.5896652147399895,0.9707421875,1.0,14.0,7.804878048780488,3.4866960543431085,0.07142857142856633,0.44673293196265357,320,1167,0.022864420062695925,7.29375,7.844661301643303,0.3290488431876604,0.2963068208936264,0.5895021180688836,0.0,0.8571428571428266,0.28549783549781904,0.13985256488042344,0.6709511568123389,0.3290488431876604
dc_12_s2,dcsbm,Louv,0.3871000495180223,59,3.971657489483981,0.97982421875,1.0,11.0,5.423728813559322,2.366456192180358,0.09090909090908264,0.4363153604331731,320,1167,0.022864420062695925,7.29375,7.844661301643303,0.2759211653813194,0.2541440601987387,0.6605255592973888,0.0,0.9340659340659239,0.43255191136539456,0.22867533073335852,0.7240788346186798,0.2759211653813194
dc_12_s2,dcsbm,Leid,0.3844417672732869,57,3.96024968326788,0.9800390625,1.0,10.0,5.614035087719298,2.083808810007192,0.09999999999999,0.37117844428246494,320,1167,0.022864420062695925,7.29375,7.844661301643303,0.28534704370179925,0.2628727451356167,0.644535213407102,0.0,0.8999999999999849,0.40058479532159363,0.18582299716424136,0.7146529562981999,0.28534704370179925
dc_12_s2,dcsbm,GMod,0.22576189836696858,14,2.0133454111081415,0.8463281250000001,1.0,68.0,22.857142857142858,24.52653706514972,0.014705882352940961,1.0730359966002534,320,1167,0.022864420062695925,7.29375,7.844661301643303,0.5209940017137956,0.3403060014435831,0.3294267790638896,0.0,0.642857142857139,0.13856645219894492,0.2195512244039945,0.47900599828620355,0.5209940017137956
lfr200hi_s1,lfr,Louv,0.5120330719293659,75,4.147837381192433,0.97855,1.0,16.0,2.6666666666666665,2.080598204576965,0.0624999999999961,0.7802243267160692,200,556,0.027939698492462313,5.56,4.5745382280619316,0.31474820143884835,0.27396194555147246,0.716073262059711,0.4285714285713673,0.9999999999999166,0.8854102564095522,0.3195979565391328,0.6852517985611498,0.31474820143884835
lfr200hi_s1,lfr,Leid,0.0,1,-1.000088900581841e-12,0.0,200.0,200.0,200.0,0.0,0.999999999999995,0.0,200,556,0.027939698492462313,5.56,4.5745382280619316,0.9999999999999981,0.0,0.0,0.0,0.0,0.027562814070351757,0.0,0.0,0.9999999999999981
lfr200hi_s1,lfr,Louv,0.5087251329989756,70,4.137392695877544,0.9803,2.0,16.0,2.857142857142857,1.758942168185301,0.1249999999999922,0.6156297588646399,200,556,0.027939698492462313,5.56,4.5745382280619316,0.3093525179856109,0.27844217431809953,0.694212434558394,0.4285714285713673,0.8666666666666089,0.9100595238088617,0.2978964718901286,0.6906474820143872,0.3093525179856109
lfr200hi_s1,lfr,Leid,0.14679888322588625,3,0.9871453907833716,0.5928,32.0,108.0,66.66666666666667,31.382939455839523,0.29629629629629356,0.4707440918375858,200,556,0.027939698492462313,5.56,4.5745382280619316,0.7679856115107899,0.328172713627659,0.3028849167380527,0.2358078602620082,0.3636363636363613,0.0662890043668463,0.020009657531898702,0.23201438848920822,0.7679856115107899
lfr200hi_s1,lfr,Louv,0.2966635659115416,12,2.2271789307413745,0.8748,4.0,40.0,16.666666666666668,11.8133634311129,0.0999999999999975,0.7088018058667316,200,556,0.027939698492462313,5.56,4.5745382280619316,0.5557553956834522,0.41501636820040366,0.4807307061816035,0.39062499999999845,0.6190476190475896,0.2802721950793219,0.19004058359635248,0.44424460431654594,0.5557553956834522
lfr200hi_s1,lfr,Leid,0.2679423310876136,7,1.9208917425867247,0.8501,20.0,37.0,28.571428571428573,6.343886660335577,0.5405405405405259,0.22203603311173742,200,556,0.027939698492462313,5.56,4.5745382280619316,0.5845323741007183,0.4288322938771285,0.4206264578452576,0.3658536585365824,0.47643979057591374,0.11525625327040594,0.01608116117542431,0.4154676258992798,0.5845323741007183
lfr200hi_s1,lfr,Louv,0.2626296875510961,10,2.2377837431070584,0.8885,7.0,28.0,20.0,6.782329983125268,0.2499999999999911,0.3391164991562465,200,556,0.027939698492462313,5.56,4.5745382280619316,0.5359712230215817,0.4159577014647275,0.4673249166732079,0.40425531914893187,0.5476190476190411,0.16468406740455216,0.06320900132826429,0.46402877697841644,0.5359712230215817
lfr200hi_s1,lfr,Leid,0.2961820590201488,10,2.2597568462609168,0.8919,10.0,29.0,20.0,5.692099788303083,0.3448275862068847,0.28460498941513995,200,556,0.027939698492462313,5.56,4.5745382280619316,0.5467625899280566,0.4326138010454945,0.4618335859653045,0.38095238095237793,0.551020408163254,0.1608139230020497,0.04096306885069189,0.4532374100719416,0.5467625899280566
lfr200hi_s1,lfr,Louv,0.31751105335046026,17,2.7586444316085146,0.93255,6.0,20.0,11.764705882352942,4.505283326792143,0.299999999999985,0.38294908277729955,200,556,0.027939698492462313,5.56,4.5745382280619316,0.47302158273381206,0.40284696703069195,0.5389417973760118,0.4408602150537587,0.6774193548386879,0.2574783029754714,0.08232212265936473,0.5269784172661861,0.47302158273381206
lfr200hi_s1,lfr,Leid,0.3105020566031167,16,2.751241544498746,0.93485,9.0,17.0,12.5,2.57390753524675,0.5294117647058513,0.20591260281972354,200,556,0.027939698492462313,5.56,4.5745382280619316,0.4676258992805747,0.4001588297707158,0.530309804004854,0.4444444444444321,0.6565656565656499,0.22602694486885272,0.05662303970732768,0.5323741007194235,0.4676258992805747
lfr200hi_s1,lfr,Louv,0.3808456897858282,20,2.940487557875712,0.94485,4.0,16.0,10.0,3.2093613071762426,0.2499999999999844,0.32093613071759214,200,556,0.027939698492462313,5.56,4.5745382280619316,0.4532374100719416,0.39567374877076755,0.5481549445831637,0.43589743589743035,0.6774193548386879,0.3068449605949441,0.1438347047633304,0.5467625899280566,0.4532374100719416
lfr200hi_s1,lfr,Leid,0.34333423294896925,19,2.9138752438448847,0.944,6.0,18.0,10.526315789473685,2.6629706611944246,0.33333333333331483,0.2529822128134463,200,556,0.027939698492462313,5.56,4.5745382280619316,0.458633093525179,0.39934850680606593,0.5391554586525876,0.4285714285714163,0.6666666666666543,0.26604755753361864,0.06286189166753893,0.5413669064748191,0.458633093525179
lfr200hi_s1,lfr,Louv,0.39314127536652727,29,3.302678291226302,0.96135,2.0,10.0,6.896551724137931,2.39748183389913,0.19999999999998,0.3476348659153235,200,556,0.027939698492462313,5.56,4.5745382280619316,0.4118705035971215,0.36973694425754366,0.5955240059221523,0.4545454545454442,0.8333333333332639,0.41714559386965944,0.1907922021473485,0.5881294964028766,0.4118705035971215
lfr200hi_s1,lfr,Leid,0.35114705167054705,27,3.2576745917267633,0.96,4.0,13.0,7.407407407407407,2.0951312035156966,0.307692307692284,0.28284271247458087,200,556,0.027939698492462313,5.56,4.5745382280619316,0.4136690647482007,0.372127477873816,0.5880653052711425,0.4814814814814637,0.7419354838709558,0.365325518103273,0.10840059003740556,0.5863309352517975,0.4136690647482007
lfr200hi_s1,lfr,Louv,0.4523029008219064,43,3.711099887773408,0.9745,1.0,8.0,4.651162790697675,1.4448580992566575,0.12499999999998437,0.31064449134011457,200,556,0.027939698492462313,5.56,4.5745382280619316,0.3543165467625893,0.32767940323999795,0.635042182088759,0.4117647058823288,0.9999999999999687,0.5453765227019847,0.24025051762267066,0.6456834532374088,0.3543165467625893
lfr200hi_s1,lfr,Leid,0.44461843670285195,42,3.6973585879687882,0.9742,3.0,9.0,4.761904761904762,1.3768411709334247,0.3333333333332963,0.28913664589595844,200,556,0.027939698492462313,5.56,4.5745382280619316,0.35071942446043103,0.3241922648931215,0.6447360116598249,0.4285714285714082,0.8604651162790498,0.5403439153438161,0.19659850232743914,0.6492805755395672,0.35071942446043103
lfr200hi_s1,lfr,GMod,0.2338806843935408,9,2.1188991916649864,0.8716,9.0,38.0,22.22222222222222,8.765814632584897,0.23684210526315164,0.39446165846630266,200,556,0.027939698492462313,5.56,4.5745382280619316,0.5449640287769774,0.41068008902230735,0.4726703842187695,0.372727272727271,0.5312499999999918,0.14711276392301056,0.047661890536351434,0.45503597122302075,0.5449640287769774
lfr200lo_s2,lfr,Louv,0.9999999999999999,6,1.7015661727166882,0.80585,12.0,50.0,33.333333333333336,13.535960336164637,0.2399999999999952,0.40607881008492686,200,525,0.026381909547738693,5.25,4.27638866334668,0.9123809523809506,0.6952707482993197,0.1035252428300546,0.06470588235294099,0.1555555555555521,0.1579941072848865,0.06074972330745067,0.08761904761904744,0.9123809523809506
lfr200lo_s2,lfr,Leid,0.9749833622884926,6,1.6993025210846353,0.80585,11.0,50.0,33.333333333333336,13.535960336164635,0.2199999999999956,0.4060788100849268,200,525,0.026381909547738693,5.25,4.27638866334668,0.9123809523809506,0.695459410430839,0.1042235746670152,0.06470588235294099,0.1627906976744148,0.16246227951625136,0.07310232607514625,0.08761904761904744,0.9123809523809506
lfr200lo_s2,lfr,Louv,1.0000000000000002,6,1.7015661727166884,0.80585,12.0,50.0,33.333333333333336,13.535960336164635,0.2399999999999952,0.4060788100849268,200,525,0.026381909547738693,5.25,4.27638866334668,0.9123809523809506,0.6952707482993198,0.10352524283005458,0.06470588235294099,0.1555555555555521,0.15799410728488647,0.06074972330745066,0.08761904761904744,0.9123809523809506
lfr200lo_s2,lfr,Leid,0.9865084873049218,6,1.70401407400255,0.8067500000000001,12.0,50.0,33.333333333333336,13.312483698477237,0.2399999999999952,0.3993745109543051,200,525,0.026381909547738693,5.25,4.27638866334668,0.9123809523809506,0.6957351473922901,0.10331866447221573,0.06470588235294099,0.1555555555555521,0.15745531330238882,0.060707725862655604,0.08761904761904744,0.9123809523809506
lfr200lo_s2,lfr,Louv,0.9865084873049218,6,1.70401407400255,0.80675,12.0,50.0,33.333333333333336,13.312483698477237,0.2399999999999952,0.3993745109543051,200,525,0.026381909547738693,5.25,4.27638866334668,0.9123809523809506,0.6957351473922903,0.10331866447221572,0.06470588235294099,0.1555555555555521,0.15745531330238882,0.060707725862655604,0.08761904761904744,0.9123809523809506
lfr200lo_s2,lfr,Leid,0.9865084873049218,6,1.70401407400255,0.8067500000000001,12.0,50.0,33.333333333333336,13.312483698477237,0.2399999999999952,0.3993745109543051,200,525,0.026381909547738693,5.25,4.27638866334668,0.9123809523809506,0.6957351473922901,0.10331866447221573,0.06470588235294099,0.1555555555555521,0.15745531330238882,0.060707725862655604,0.08761904761904744,0.9123809523809506
lfr200lo_s2,lfr,Louv,1.0,6,1.7015661727166882,0.80585,12.0,50.0,33.333333333333336,13.535960336164637,0.2399999999999952,0.40607881008492686,200,525,0.026381909547738693,5.25,4.27638866334668,0.9123809523809506,0.6952707482993197,0.1035252428300546,0.06470588235294099,0.1555555555555521,0.15799410728488647,0.06074972330745067,0.08761904761904744,0.9123809523809506
lfr200lo_s2,lfr,Leid,0.9865084873049218,6,1.70401407400255,0.8067500000000001,12.0,50.0,33.333333333333336,13.312483698477237,0.2399999999999952,0.3993745109543051,200,525,0.026381909547738693,5.25,4.27638866334668,0.9123809523809506,0.6957351473922901,0.10331866447221573,0.06470588235294099,0.1555555555555521,0.15745531330238882,0.060707725862655604,0.08761904761904744,0.9123809523809506
lfr200lo_s2,lfr,Louv,1.0000000000000002,6,1.7015661727166882,0.80585,12.0,50.0,33.333333333333336,13.535960336164635,0.2399999999999952,0.4060788100849268,200,525,0.026381909547738693,5.25,4.27638866334668,0.9123809523809506,0.6952707482993198,0.10352524283005458,0.06470588235294099,0.1555555555555521,0.15799410728488647,0.06074972330745066,0.08761904761904744,0.9123809523809506
lfr200lo_s2,lfr,Leid,0.9865084873049218,6,1.70401407400255,0.8067500000000001,12.0,50.0,33.333333333333336,13.312483698477237,0.2399999999999952,0.3993745109543051,200,525,0.026381909547738693,5.25,4.27638866334668,0.9123809523809506,0.6957351473922901,0.10331866447221573,0.06470588235294099,0.1555555555555521,0.15745531330238882,0.060707725862655604,0.08761904761904744,0.9123809523809506
lfr200lo_s2,lfr,Louv,0.8667870861954918,10,2.2245794743862946,0.88625,6.0,28.0,20.0,7.416198487095663,0.21428571428570664,0.3708099243547646,200,525,0.026381909547738693,5.25,4.27638866334668,0.7428571428571414,0.6227083900226758,0.27510040292801186,0.11111111111111016,0.49999999999998607,0.2268744554428986,0.11173018696857905,0.2571428571428566,0.7428571428571414
lfr200lo_s2,lfr,Leid,0.8858814789452565,9,2.1399548730601214,0.8775999999999999,9.0,31.0,22.22222222222222,7.083278866892989,0.29032258064515193,0.3187475490101702,200,525,0.026381909547738693,5.25,4.27638866334668,0.7638095238095223,0.633536507936508,0.23950817101770422,0.11111111111111016,0.3720930232558097,0.1978457976175778,0.06728086658685216,0.23619047619047573,0.7638095238095223
lfr200lo_s2,lfr,Louv,0.7571390487113913,17,2.7242747962503433,0.92745,3.0,28.0,11.764705882352942,5.683095798477383,0.10714285714285332,0.4830631428705364,200,525,0.026381909547738693,5.25,4.27638866334668,0.634285714285713,0.5574004535147392,0.3932020148520297,0.11111111111111016,0.555555555555535,0.34286284893867275,0.18958049443842895,0.365714285714285,0.634285714285713
lfr200lo_s2,lfr,Leid,0.7671716799877348,16,2.680169496473609,0.92505,5.0,28.0,12.5,5.578978401105349,0.1785714285714222,0.4463182720883922,200,525,0.026381909547738693,5.25,4.27638866334668,0.636190476190475,0.560738321995465,0.39509574938783354,0.11111111111111016,0.6799999999999728,0.3011225357853554,0.08716562957751973,0.3638095238095231,0.636190476190475
lfr200lo_s2,lfr,Louv,0.6625036255590251,30,3.284766530347416,0.95885,3.0,12.0,6.666666666666667,3.228346670080867,0.24999999999997916,0.48425200051205736,200,525,0.026381909547738693,5.25,4.27638866334668,0.4990476190476181,0.4586920634920633,0.5296239318360064,0.14999999999999625,0.8823529411764532,0.533609908609813,0.26310776856386364,0.5009523809523799,0.4990476190476181
lfr200lo_s2,lfr,Leid,0.6572100398584642,30,3.333944530778443,0.9621,3.0,13.0,6.666666666666667,2.4675674031095665,0.23076923076921302,0.3701351104663794,200,525,0.026381909547738693,5.25,4.27638866334668,0.4914285714285705,0.4545995464852607,0.5222513283142026,0.14999999999999625,0.8823529411764532,0.4800239575238992,0.18062795117552724,0.5085714285714276,0.4914285714285705
lfr200lo_s2,lfr,GMod,1.0000000000000002,6,1.7015661727166884,0.80585,12.0,50.0,33.333333333333336,13.535960336164637,0.2399999999999952,0.40607881008492686,200,525,0.026381909547738693,5.25,4.27638866334668,0.9123809523809506,0.6952707482993197,0.1035252428300546,0.06470588235294099,0.1555555555555521,0.15799410728488647,0.06074972330745066,0.08761904761904744,0.9123809523809506
lfr200md_s2,lfr,Louv,0.39353959479858136,74,3.95301797500768,0.9601999999999999,1.0,34.0,2.7027027027027026,3.769470999267274,0.029411764705881485,1.3947042697283754,200,541,0.027185929648241205,5.41,4.33265507512426,0.34011090573012875,0.26831943310293455,0.7604026771953839,0.4200743494423776,0.9999999999999333,6756756757.475979,57729755035.84509,0.6598890942698694,0.34011090573012875
lfr200md_s2,lfr,Leid,0.0,1,-1.000088900581841e-12,0.0,200.0,200.0,200.0,0.0,0.999999999999995,0.0,200,541,0.027185929648241205,5.41,4.33265507512426,0.9999999999999981,0.0,0.0,0.0,0.0,0.027060301507537687,0.0,0.0,0.9999999999999981
lfr200md_s2,lfr,Louv,0.4119875741822706,59,3.393510613596791,0.90005,1.0,60.0,3.389830508474576,7.501450592266923,0.01666666666666639,2.2129279247180893,200,541,0.027185929648241205,5.41,4.33265507512426,0.45101663585951857,0.28851889941608777,0.7354911283386822,0.31442080378250514,0.9999999999998334,0.7273771904619785,0.37768550228150255,0.5489833641404795,0.45101663585951857
lfr200md_s2,lfr,Leid,0.2588898924145714,3,1.0982886948741797,0.66645,65.0,69.0,66.66666666666667,1.699673171197595,0.9420289855072328,0.025495097567963542,200,541,0.027185929648241205,5.41,4.33265507512426,0.7356746765249524,0.39827491364318146,0.2657947016965818,0.24700239808153415,0.27710843373493893,0.06063213037317894,0.010661915372836752,0.2643253234750457,0.7356746765249524
lfr200md_s2,lfr,Louv,0.2858034632501263,11,2.217017642620463,0.8727,8.0,40.0,18.181818181818183,11.503502880096859,0.199999999999995,0.6326926584052924,200,541,0.027185929648241205,5.41,4.33265507512426,0.5822550831792965,0.42799498430031335,0.4571774995778897,0.3454545454545439,0.5769230769230658,0.19169418062655064,0.06850454759326806,0.41774491682070164,0.5822550831792965
lfr200md_s2,lfr,Leid,0.22507789822169544,6,1.7059698826830894,0.808,12.0,47.0,33.333333333333336,12.995725793078618,0.25531914893616475,0.3898717737923468,200,541,0.027185929648241205,5.41,4.33265507512426,0.6469500924214405,0.43820234316542583,0.3891463715310422,0.31007751937984374,0.5185185185185089,0.11053297544210365,0.03936199156432263,0.35304990757855753,0.6469500924214405
lfr200md_s2,lfr,Louv,0.21507622198325047,9,2.1124740066150567,0.87015,8.0,40.0,22.22222222222222,9.126004088169365,0.199999999999995,0.410670183967603,200,541,0.027185929648241205,5.41,4.33265507512426,0.5822550831792965,0.4323051376754897,0.43662240626142246,0.338582677165353,0.48387096774193034,0.1471241985962108,0.04264503839292785,0.41774491682070164,0.5822550831792965
lfr200md_s2,lfr,Leid,0.21812052011822897,9,2.0974810151740355,0.8678,7.0,38.0,22.22222222222222,9.681342627018651,0.1842105263157846,0.43566041821581974,200,541,0.027185929648241205,5.41,4.33265507512426,0.587800369685766,0.44028994024210666,0.4420616136362109,0.3578947368421034,0.5384615384615178,0.1557883826668412,0.05576831496178539,0.4121996303142321,0.587800369685766
lfr200md_s2,lfr,Louv,0.3167465243788993,16,2.6861537724118447,0.9261,6.0,23.0,12.5,5.338539126015656,0.26086956521738,0.4270831300812183,200,541,0.027185929648241205,5.41,4.33265507512426,0.49537892791127447,0.4155804442379245,0.5162981115945651,0.42424242424242103,0.6043956043955978,0.24664100995622062,0.07105044753194449,0.5046210720887236,0.49537892791127447
lfr200md_s2,lfr,Leid,0.2797929257246784,14,2.5802257046013337,0.92035,6.0,23.0,14.285714285714286,4.846627272482107,0.26086956521738,0.3392639090737237,200,541,0.027185929648241205,5.41,4.33265507512426,0.5194085027726423,0.4329867671628838,0.4936543892750591,0.3888888888888835,0.6744186046511471,0.2240478296475016,0.08450538420873535,0.48059149722735583,0.5194085027726423
lfr200md_s2,lfr,Louv,0.32310137421945273,22,3.040249477259713,0.94995,4.0,15.0,9.090909090909092,2.8905660173790264,0.2666666666666489,0.3179622619116579,200,541,0.027185929648241205,5.41,4.33265507512426,0.4473197781885389,0.39229570761340843,0.5515024301315038,0.4444444444444383,0.6904761904761822,0.3163041503950436,0.11842021368957094,0.5526802218114593,0.4473197781885389
lfr200md_s2,lfr,Leid,0.32586850196030503,21,3.0004383797479868,0.94825,4.0,16.0,9.523809523809524,2.805081233337741,0.2499999999999844,0.2945335295004319,200,541,0.027185929648241205,5.41,4.33265507512426,0.467652495378927,0.4112959160314473,0.5388085024343524,0.4363636363636324,0.6470588235293737,0.30701745344601145,0.09721630363203224,0.532347504621071,0.467652495378927
lfr200md_s2,lfr,Louv,0.31128843112174764,30,3.3683973310072344,0.96445,4.0,11.0,6.666666666666667,1.7191729277636836,0.36363636363633056,0.25787593916451385,200,541,0.027185929648241205,5.41,4.33265507512426,0.39556377079482363,0.3593844492809578,0.6005593012481112,0.4736842105262909,0.7627118644067667,0.4116005291004957,0.164893556504231,0.6044362292051745,0.39556377079482363
lfr200md_s2,lfr,Leid,0.3414381815936186,26,3.236622606766288,0.9599,5.0,10.0,7.6923076923076925,1.5876744185038687,0.49999999999995,0.2063976744054761,200,541,0.027185929648241205,5.41,4.33265507512426,0.4232902033271711,0.38332006519042916,0.5698874438375278,0.46666666666665113,0.7627118644067667,0.3754731379731177,0.14969427740877203,0.576709796672827,0.4232902033271711
lfr200md_s2,lfr,Louv,0.36823862868323903,40,3.6597067623998454,0.9735,3.0,8.0,5.0,1.224744871391589,0.37499999999995315,0.24494897427826878,200,541,0.027185929648241205,5.41,4.33265507512426,0.3678373382624762,0.33928748364260064,0.6216742359056544,0.4814814814814637,0.7627118644067667,0.5344047619046817,0.20327739137881118,0.6321626617375219,0.3678373382624762
lfr200md_s2,lfr,Leid,0.34785635236582474,38,3.6089819032167765,0.9722,2.0,9.0,5.2631578947368425,1.249930746003991,0.22222222222219754,0.23748684174071316,200,541,0.027185929648241205,5.41,4.33265507512426,0.37707948243992534,0.34800345768942986,0.6169910531479216,0.4374999999999863,0.9047619047618618,0.5061403508771126,0.1805575692057182,0.6229205175600727,0.37707948243992534
lfr200md_s2,lfr,GMod,0.2324356295405463,7,1.8978151337846685,0.84335,16.0,42.0,28.571428571428573,8.87785596473677,0.3809523809523719,0.3107249587657761,200,541,0.027185929648241205,5.41,4.33265507512426,0.6062846580406643,0.43100167076099916,0.4157193183854034,0.32489451476793113,0.46666666666665885,0.11467940096808601,0.024557240962896434,0.39371534195933383,0.6062846580406643
lfr200hi_s2,lfr,Louv,0.354885164387817,69,4.181842394912036,0.9838,2.0,7.0,2.898550724637681,0.994840713143798,0.2857142857142449,0.34322004603449185,200,552,0.027738693467336685,5.52,4.319675913769458,0.2826086956521734,0.26078423650493593,0.71605734165614,0.4999999999999375,0.8749999999999454,0.804209799861474,0.18020173429888697,0.7173913043478247,0.2826086956521734
lfr200hi_s2,lfr,Leid,0.0,1,-1.000088900581841e-12,0.0,200.0,200.0,200.0,0.0,0.999999999999995,0.0,200,552,0.027738693467336685,5.52,4.319675913769458,0.9999999999999981,0.0,0.0,0.0,0.0,0.027663316582914575,0.0,0.0,0.9999999999999981
lfr200hi_s2,lfr,Louv,0.3521235831013321,73,4.235159546313002,0.98455,2.0,7.0,2.73972602739726,0.9796196810291027,0.2857142857142449,0.357561183575492,200,552,0.027738693467336685,5.52,4.319675913769458,0.2753623188405792,0.25404162728418406,0.7297763538475718,0.4999999999999583,0.8666666666666089,0.8459882583164319,0.17940807559538158,0.724637681159419,0.2753623188405792
lfr200hi_s2,lfr,Leid,0.03344319303299172,2,0.5623351446168083,0.375,50.0,150.0,100.0,50.0,0.33333333333333115,0.499999999999995,200,552,0.027738693467336685,5.52,4.319675913769458,0.8532608695652159,0.2006127257929008,0.32793522267206343,0.32793522267206343,0.32793522267206343,0.05117061589736563,0.016584486143450646,0.14673913043478234,0.8532608695652159
lfr200hi_s2,lfr,Louv,0.13595172358370353,12,2.3546512094897,0.8965,5.0,29.0,16.666666666666668,8.19891591749923,0.17241379310344235,0.4919349550499243,200,552,0.027738693467336685,5.52,4.319675913769458,0.4909420289855063,0.3859187933207309,0.5300714374645726,0.4507042253521095,0.6999999999999824,0.22907333760968354,0.1534601119757399,0.5090579710144918,0.4909420289855063
lfr200hi_s2,lfr,Leid,0.11323754470811939,7,1.8662914437702542,0.83755,9.0,42.0,28.571428571428573,10.581076678366403,0.21428571428570917,0.3703376837428111,200,552,0.027738693467336685,5.52,4.319675913769458,0.5778985507246366,0.4085670027305187,0.4327688503864338,0.3596059113300475,0.48717948717948306,0.13071921221052288,0.05877662383502426,0.42210144927536153,0.5778985507246366
lfr200hi_s2,lfr,Louv,0.08677260463268804,10,2.2643247353301366,0.8925,12.0,29.0,20.0,5.477225575051661,0.4137931034482616,0.2738612787525694,200,552,0.027738693467336685,5.52,4.319675913769458,0.5072463768115932,0.3937739576769586,0.4987924329542016,0.444444444444442,0.5599999999999887,0.14902776701687656,0.03049537588825079,0.4927536231884049,0.5072463768115932
lfr200hi_s2,lfr,Leid,0.12139838739436425,11,2.328285977303684,0.8977999999999999,5.0,27.0,18.181818181818183,6.407640067893126,0.18518518518517835,0.35242020373410254,200,552,0.027738693467336685,5.52,4.319675913769458,0.5090579710144918,0.4013239077924805,0.4988094627476423,0.4368932038834909,0.5652173913043232,0.1896479317869635,0.1058419667400123,0.4909420289855063,0.5090579710144918
lfr200hi_s2,lfr,Louv,0.1770362200646787,15,2.629507017928659,0.92385,5.0,21.0,13.333333333333334,5.028805910838963,0.23809523809522679,0.3771604433128939,200,552,0.027738693467336685,5.52,4.319675913769458,0.47282608695652084,0.39396922915353916,0.5327401008089926,0.44186046511627397,0.6190476190475896,0.24260230281127174,0.10497251708065365,0.5271739130434773,0.47282608695652084
lfr200hi_s2,lfr,Leid,0.1482275451325528,14,2.603157693175114,0.92325,8.0,24.0,14.285714285714286,3.899241161130337,0.3333333333333195,0.2729468812791045,200,552,0.027738693467336685,5.52,4.319675913769458,0.47282608695652084,0.39864753990758245,0.5310242088389734,0.43137254901960365,0.7317073170731618,0.21206915315079414,0.06852067513307558,0.5271739130434773,0.47282608695652084
lfr200hi_s2,lfr,Louv,0.1917301723150988,21,2.9988696952309475,0.94765,6.0,18.0,9.523809523809524,3.0018890499951403,0.33333333333331483,0.31519835024945664,200,552,0.027738693467336685,5.52,4.319675913769458,0.42210144927536153,0.3693502546733879,0.5781387575146261,0.4831460674157249,0.7333333333333236,0.29225903259515656,0.08721943189655641,0.5778985507246366,0.42210144927536153
lfr200hi_s2,lfr,Leid,0.18929719628950517,21,2.9887017870220225,0.9465,5.0,20.0,9.523809523809524,3.3469111220582053,0.2499999999999875,0.35142566781607465,200,552,0.027738693467336685,5.52,4.319675913769458,0.43840579710144845,0.3854872269481202,0.5650055679319241,0.4285714285714242,0.7746478873239329,0.3087902420609063,0.09691261964116754,0.5615942028985497,0.43840579710144845
lfr200hi_s2,lfr,Louv,0.24909978769392505,30,3.355741678114275,0.96355,3.0,12.0,6.666666666666667,2.0385179801894204,0.24999999999997916,0.30577769702836716,200,552,0.027738693467336685,5.52,4.319675913769458,0.38043478260869495,0.3434825273051879,0.620143671583254,0.45454545454544076,0.7966101694915119,0.4031902356901992,0.14001834929903054,0.6195652173913032,0.38043478260869495
lfr200hi_s2,lfr,Leid,0.26899152484142486,30,3.369692434367246,0.96485,2.0,9.0,6.666666666666667,1.5563490039905004,0.22222222222219754,0.23345235059854003,200,552,0.027738693467336685,5.52,4.319675913769458,0.38768115942028913,0.35222215658475114,0.6137306150763078,0.4814814814814637,0.8799999999999824,0.4078835978835341,0.1766978648385008,0.612318840579709,0.38768115942028913
lfr200hi_s2,lfr,Louv,0.2854532768969513,41,3.640408910318563,0.97215,1.0,10.0,4.878048780487805,1.8372184961235594,0.09999999999999,0.37662979170525246,200,552,0.027738693467336685,5.52,4.319675913769458,0.34601449275362256,0.3183843992858643,0.6579516333271097,0.4871794871794747,0.9999999999999445,0.5361401471156039,0.2642555777611692,0.6539855072463756,0.34601449275362256
lfr200hi_s2,lfr,Leid,0.28253899398454,37,3.560169648220476,0.97025,3.0,9.0,5.405405405405405,1.7157373241193383,0.3333333333332963,0.31741140496201886,200,552,0.027738693467336685,5.52,4.319675913769458,0.3677536231884051,0.33724204473850045,0.6324434508475425,0.47619047619046484,0.8799999999999824,0.49974259974251944,0.18804314933049346,0.632246376811593,0.3677536231884051
lfr200hi_s2,lfr,GMod,0.11504383682886117,9,2.076362258161633,0.8646,6.0,35.0,22.22222222222222,10.389928646720854,0.17142857142856652,0.4675467891024174,200,552,0.027738693467336685,5.52,4.319675913769458,0.5471014492753613,0.3984227315689981,0.4788936148418759,0.3926701570680608,0.5624999999999912,0.1646045090384079,0.08749263681161586,0.45289855072463686,0.5471014492753613
sbm_0_s0,sbm,Louv,0.6482586242119444,26,2.290813621385029,0.8427777777777778,1.0,55.0,9.23076923076923,16.22037581919656,0.01818181818181785,1.7572073804127704,240,3052,0.10641562064156207,25.433333333333334,4.1164979722520885,0.4724770642201833,0.312812301926073,0.8679710345271564,0.3420101229211856,0.9999999999999656,0.5022589939056246,0.39986225767946576,0.5275229357798163,0.4724770642201833
sbm_0_s0,sbm,Leid,1.0,3,1.0986122886651097,0.6666666666666667,80.0,80.0,80.0,0.0,0.9999999999999876,0.0,240,3052,0.10641562064156207,25.433333333333334,4.1164979722520885,0.9328309305373523,0.5993487823123527,0.06717345438262651,0.06414719045251116,0.07007007007007003,0.3003164556962024,0.006454455080497205,0.06716906946264742,0.9328309305373523
sbm_0_s0,sbm,Louv,1.0,3,1.0986122886651097,0.6666666666666667,80.0,80.0,80.0,0.0,0.9999999999999876,0.0,240,3052,0.10641562064156207,25.433333333333334,4.1164979722520885,0.9328309305373523,0.5993487823123527,0.06717345438262651,0.06414719045251116,0.07007007007007003,0.3003164556962024,0.006454455080497205,0.06716906946264742,0.9328309305373523
sbm_0_s0,sbm,Leid,1.0,3,1.0986122886651097,0.6666666666666667,80.0,80.0,80.0,0.0,0.9999999999999876,0.0,240,3052,0.10641562064156207,25.433333333333334,4.1164979722520885,0.9328309305373523,0.5993487823123527,0.06717345438262651,0.06414719045251116,0.07007007007007003,0.3003164556962024,0.006454455080497205,0.06716906946264742,0.9328309305373523
sbm_0_s0,sbm,Louv,1.0,3,1.0986122886651097,0.6666666666666667,80.0,80.0,80.0,0.0,0.9999999999999876,0.0,240,3052,0.10641562064156207,25.433333333333334,4.1164979722520885,0.9328309305373523,0.5993487823123527,0.06717345438262651,0.06414719045251116,0.07007007007007003,0.3003164556962024,0.006454455080497205,0.06716906946264742,0.9328309305373523
sbm_0_s0,sbm,Leid,1.0,3,1.0986122886651097,0.6666666666666667,80.0,80.0,80.0,0.0,0.9999999999999876,0.0,240,3052,0.10641562064156207,25.433333333333334,4.1164979722520885,0.9328309305373523,0.5993487823123527,0.06717345438262651,0.06414719045251116,0.07007007007007003,0.3003164556962024,0.006454455080497205,0.06716906946264742,0.9328309305373523
sbm_0_s0,sbm,Louv,1.0,3,1.0986122886651097,0.6666666666666667,80.0,80.0,80.0,0.0,0.9999999999999876,0.0,240,3052,0.10641562064156207,25.433333333333334,4.1164979722520885,0.9328309305373523,0.5993487823123527,0.06717345438262651,0.06414719045251116,0.07007007007007003,0.3003164556962024,0.006454455080497205,0.06716906946264742,0.9328309305373523
sbm_0_s0,sbm,Leid,1.0,3,1.0986122886651097,0.6666666666666667,80.0,80.0,80.0,0.0,0.9999999999999876,0.0,240,3052,0.10641562064156207,25.433333333333334,4.1164979722520885,0.9328309305373523,0.5993487823123527,0.06717345438262651,0.06414719045251116,0.07007007007007003,0.3003164556962024,0.006454455080497205,0.06716906946264742,0.9328309305373523
sbm_0_s0,sbm,Louv,1.0,3,1.0986122886651097,0.6666666666666667,80.0,80.0,80.0,0.0,0.9999999999999876,0.0,240,3052,0.10641562064156207,25.433333333333334,4.1164979722520885,0.9328309305373523,0.5993487823123527,0.06717345438262651,0.06414719045251116,0.07007007007007003,0.3003164556962024,0.006454455080497205,0.06716906946264742,0.9328309305373523
sbm_0_s0,sbm,Leid,1.0,3,1.0986122886651097,0.6666666666666667,80.0,80.0,80.0,0.0,0.9999999999999876,0.0,240,3052,0.10641562064156207,25.433333333333334,4.1164979722520885,0.9328309305373523,0.5993487823123527,0.06717345438262651,0.06414719045251116,0.07007007007007003,0.3003164556962024,0.006454455080497205,0.06716906946264742,0.9328309305373523
sbm_0_s0,sbm,Louv,1.0,3,1.0986122886651097,0.6666666666666667,80.0,80.0,80.0,0.0,0.9999999999999876,0.0,240,3052,0.10641562064156207,25.433333333333334,4.1164979722520885,0.9328309305373523,0.5993487823123526,0.0671734543826265,0.06414719045251116,0.07007007007007003,0.30031645569620247,0.006454455080497206,0.06716906946264742,0.9328309305373523
sbm_0_s0,sbm,Leid,1.0,3,1.0986122886651097,0.6666666666666667,80.0,80.0,80.0,0.0,0.9999999999999876,0.0,240,3052,0.10641562064156207,25.433333333333334,4.1164979722520885,0.9328309305373523,0.5993487823123527,0.06717345438262651,0.06414719045251116,0.07007007007007003,0.3003164556962024,0.006454455080497205,0.06716906946264742,0.9328309305373523
sbm_0_s0,sbm,Louv,0.5485470343526752,19,2.9069231344131206,0.9434722222222223,6.0,19.0,12.631578947368421,3.436805835224107,0.3157894736841939,0.27208046195522023,240,3052,0.10641562064156207,25.433333333333334,4.1164979722520885,0.28276539973787673,0.22598227490642753,0.730696787082627,0.6349206349206337,0.8146341463414595,0.6109236670667216,0.08951591611194772,0.7172346002621229,0.28276539973787673
sbm_0_s0,sbm,Leid,0.5431359651116897,20,2.9468288503172677,0.9450347222222222,6.0,23.0,12.0,3.7815340802378077,0.26086956521738,0.31512784001979105,240,3052,0.10641562064156207,25.433333333333334,4.1164979722520885,0.2785058977719527,0.2231401556077359,0.7380797980415224,0.5939597315436231,0.8399999999999944,0.6357481528133548,0.1018178303068856,0.721494102228047,0.2785058977719527
sbm_0_s0,sbm,Louv,0.4498634422751189,45,3.7599112518377025,0.9757986111111111,2.0,9.0,5.333333333333333,1.591644851508443,0.22222222222219754,0.2984334096577771,240,3052,0.10641562064156207,25.433333333333334,4.1164979722520885,0.16218872870249013,0.13819430010873132,0.8506929307415959,0.759615384615381,0.9672131147540824,0.8997707231039118,0.08522569975813209,0.8378112712975095,0.16218872870249013
sbm_0_s0,sbm,Leid,0.4499153931798004,46,3.785027192494173,0.9764583333333333,2.0,8.0,5.217391304347826,1.5023610907105216,0.24999999999996875,0.2879525423861281,240,3052,0.10641562064156207,25.433333333333334,4.1164979722520885,0.15891218872870244,0.135334788953036,0.8531971198507315,0.7853107344632724,0.964285714285697,0.9062111801240854,0.08628673328116833,0.8410878112712973,0.15891218872870244
sbm_0_s0,sbm,GMod,0.9795873992225645,3,1.0985602039753548,0.6666319444444444,79.0,81.0,80.0,0.816496580927726,0.9753086419752967,0.010206207261596448,240,3052,0.10641562064156207,25.433333333333334,4.1164979722520885,0.9285714285714283,0.5950876699892986,0.07148378281543315,0.0673031026252983,0.07600596125186286,0.2990301970259775,0.009132471439446824,0.07142857142857141,0.9285714285714283
sbm_1_s0,sbm,Louv,0.18159050176534342,21,0.9939917584573748,0.3369097222222224,1.0,195.0,11.428571428571429,41.0870984600269,0.005128205128205102,3.5951211152520393,240,2433,0.0848326359832636,20.275,4.21893055169198,0.6962597616111793,0.013478612765392438,0.9573144033905544,0.7983587338804211,0.9999999999999772,0.3216545195924508,0.4060953126198285,0.30374023838882025,0.6962597616111793
sbm_1_s0,sbm,Leid,0.0,1,-1.000088900581841e-12,0.0,240.0,240.0,240.0,0.0,0.9999999999999959,0.0,240,2433,0.0848326359832636,20.275,4.21893055169198,0.9999999999999997,0.0,0.0,0.0,0.0,0.0848326359832636,0.0,0.0,0.9999999999999997
sbm_1_s0,sbm,Louv,0.2951391555548457,23,2.285126589244184,0.8030902777777778,1.0,98.0,10.434782608695652,19.60218729356169,0.010204081632652958,1.8785429489661487,240,2433,0.0848326359832636,20.275,4.21893055169198,0.3497739416358404,0.13582076087986644,0.8553439425125129,0.4598470363288717,0.9999999999999286,0.5261244829296071,0.3162333441016844,0.6502260583641593,0.3497739416358404
sbm_1_s0,sbm,Leid,0.0,1,-1.000088900581841e-12,0.0,240.0,240.0,240.0,0.0,0.9999999999999959,0.0,240,2433,0.0848326359832636,20.275,4.21893055169198,0.9999999999999997,0.0,0.0,0.0,0.0,0.0848326359832636,0.0,0.0,0.9999999999999997
sbm_1_s0,sbm,Louv,0.5469139119640659,10,1.840204704293015,0.7984375,4.0,68.0,24.0,24.186773244895647,0.058823529411763845,1.0077822185372767,240,2433,0.0848326359832636,20.275,4.21893055169198,0.44060830250719263,0.23374999091982435,0.7203525317405031,0.4513148542999286,0.8933333333333214,0.4391183786879903,0.24504121883846733,0.559391697492807,0.44060830250719263
sbm_1_s0,sbm,Leid,0.9388576191375413,3,1.0985602039753548,0.6666319444444444,79.0,81.0,80.0,0.816496580927726,0.9753086419752967,0.010206207261596448,240,2433,0.0848326359832636,20.275,4.21893055169198,0.6124126592683927,0.27899393005038103,0.3875312866785651,0.382297551789077,0.39130434782608675,0.15719643694327234,0.002221846340566867,0.38758734073160694,0.6124126592683927
sbm_1_s0,sbm,Louv,0.7495019333108319,3,1.0963564724635675,0.6651736111111111,73.0,86.0,80.0,5.354126134736337,0.8488372093023158,0.06692657668420338,240,2433,0.0848326359832636,20.275,4.21893055169198,0.5967940813810109,0.2621744039054722,0.4032168656428025,0.396182764603817,0.4133333333333331,0.15397052673401035,0.011448172943049255,0.40320591861898875,0.5967940813810109
sbm_1_s0,sbm,Leid,0.8268603587539455,4,1.2563158439194522,0.7006597222222223,14.0,79.0,60.0,26.65520587052368,0.1772151898734155,0.44425343117538724,240,2433,0.0848326359832636,20.275,4.21893055169198,0.5762433210028769,0.2743325479614879,0.5035700883351323,0.3977695167286243,0.8076923076923045,0.19172500418165328,0.04808563357662886,0.4237566789971227,0.5762433210028769
sbm_1_s0,sbm,Louv,0.41067502117076277,14,2.5825993847969184,0.9197222222222222,10.0,32.0,17.142857142857142,6.033917737697965,0.31249999999999023,0.35197853469902746,240,2433,0.0848326359832636,20.275,4.21893055169198,0.27538018906699535,0.19580262755788547,0.7399086145410612,0.65273311897106,0.8341013824884754,0.3491647323205546,0.0750501777931166,0.7246198109330042,0.27538018906699535
sbm_1_s0,sbm,Leid,0.3359882186126298,14,2.589988813576753,0.9217708333333333,8.0,27.0,17.142857142857142,5.2895738804496055,0.29629629629628534,0.30855847635954237,240,2433,0.0848326359832636,20.275,4.21893055169198,0.27784628031237146,0.20011642896878426,0.7351176128750618,0.6407407407407395,0.8101265822784759,0.35775452296493915,0.0818521191481026,0.7221537196876282,0.27784628031237146
sbm_1_s0,sbm,Louv,0.3653910721258941,24,3.101312169716917,0.951875,4.0,19.0,10.0,3.9370039370059056,0.21052631578946263,0.3937003937005512,240,2433,0.0848326359832636,20.275,4.21893055169198,0.22112618166872167,0.17282082963580137,0.796590355870519,0.6992481203007501,0.8873239436619594,0.5085182232627807,0.14178789233566588,0.778873818331278,0.22112618166872167
sbm_1_s0,sbm,Leid,0.31686597259151766,24,3.099581227633416,0.9514236111111111,5.0,20.0,10.0,4.0722639076235385,0.2499999999999875,0.40722639076231315,240,2433,0.0848326359832636,20.275,4.21893055169198,0.22359227291409775,0.17538160810840256,0.7944006853799195,0.6731301939058153,0.8846153846153761,0.510855348355327,0.11673121368808503,0.7764077270859019,0.22359227291409775
sbm_1_s0,sbm,Louv,0.33655061204476033,42,3.6702282400906254,0.9731597222222222,2.0,10.0,5.714285714285714,2.038740440819776,0.19999999999998,0.35677957714339836,240,2433,0.0848326359832636,20.275,4.21893055169198,0.17098232634607474,0.1442977594856583,0.8450621307428461,0.7386934673366797,0.9649122807017374,0.7219576719575143,0.14991365804429369,0.8290176736539249,0.17098232634607474
sbm_1_s0,sbm,Leid,0.3260671613614334,39,3.60032559778946,0.9712152777777778,2.0,12.0,6.153846153846154,2.154761710169691,0.16666666666665278,0.3501487779025179,240,2433,0.0848326359832636,20.275,4.21893055169198,0.17920263049732835,0.15016726950586448,0.8358862725372516,0.719008264462807,0.9374999999999707,0.7006734006732944,0.16100910654662526,0.8207973695026712,0.17920263049732835
sbm_1_s0,sbm,Louv,0.28759958432728033,63,4.095189906293005,0.9826041666666667,1.0,7.0,3.8095238095238093,1.1799534946060826,0.14285714285712245,0.3097377923340154,240,2433,0.0848326359832636,20.275,4.21893055169198,0.12823674475955604,0.11112884912870015,0.8810121947819152,0.7983193277310857,0.9999999999999697,0.8765684051395811,0.16205653281089244,0.8717632552404436,0.12823674475955604
sbm_1_s0,sbm,Leid,0.29319867858819926,61,4.077600685950688,0.9825347222222223,2.0,6.0,3.9344262295081966,1.0060285896764758,0.33333333333327775,0.2556989332093726,240,2433,0.0848326359832636,20.275,4.21893055169198,0.12905877517468142,0.11178904125001328,0.8775259196059279,0.808695652173906,0.9649122807017374,0.8721311475407535,0.11861070822012353,0.8709412248253182,0.12905877517468142
sbm_1_s0,sbm,GMod,0.7943598721937669,3,1.0971685490833623,0.6656944444444445,76.0,86.0,80.0,4.320493798938574,0.8837209302325479,0.0540061724867315,240,2433,0.0848326359832636,20.275,4.21893055169198,0.6033703247020138,0.2694224957593468,0.39737053107145476,0.37682003494467076,0.4226804123711338,0.1550243243208899,0.006364434984061998,0.3966296752979859,0.6033703247020138
sbm_2_s0,sbm,Louv,0.9588376014048751,6,1.747622574290864,0.819911111111111,28.0,60.0,50.0,14.189197769195175,0.46666666666665885,0.28378395538389783,300,2533,0.05647714604236343,16.886666666666667,3.658846205507353,0.7982629293328066,0.6177592767182625,0.24498373251923455,0.12720156555772982,0.4672489082969422,0.2692203999737713,0.03207257224789556,0.20173707066719299,0.7982629293328066
sbm_2_s0,sbm,Leid,1.0,5,1.6094379124291003,0.7999999999999999,60.0,60.0,60.0,0.0,0.9999999999999833,0.0,300,2533,0.05647714604236343,16.886666666666667,3.658846205507353,0.858665613896565,0.6586386971876481,0.14139893387764987,0.12720156555772982,0.1542288557213929,0.24576271186440665,0.005091019356415278,0.1413343861034346,0.858665613896565
sbm_2_s0,sbm,Louv,1.0,5,1.6094379124291003,0.7999999999999999,60.0,60.0,60.0,0.0,0.9999999999999833,0.0,300,2533,0.05647714604236343,16.886666666666667,3.658846205507353,0.858665613896565,0.6586386971876481,0.14139893387764987,0.12720156555772982,0.1542288557213929,0.24576271186440665,0.005091019356415278,0.1413343861034346,0.858665613896565
sbm_2_s0,sbm,Leid,1.0,5,1.6094379124291003,0.7999999999999999,60.0,60.0,60.0,0.0,0.9999999999999833,0.0,300,2533,0.05647714604236343,16.886666666666667,3.658846205507353,0.858665613896565,0.6586386971876481,0.14139893387764987,0.12720156555772982,0.1542288557213929,0.24576271186440665,0.005091019356415278,0.1413343861034346,0.858665613896565
sbm_2_s0,sbm,Louv,1.0,5,1.6094379124291003,0.7999999999999999,60.0,60.0,60.0,0.0,0.9999999999999833,0.0,300,2533,0.05647714604236343,16.886666666666667,3.658846205507353,0.858665613896565,0.6586386971876481,0.14139893387764987,0.12720156555772982,0.1542288557213929,0.24576271186440665,0.005091019356415278,0.1413343861034346,0.858665613896565
sbm_2_s0,sbm,Leid,1.0,5,1.6094379124291003,0.7999999999999999,60.0,60.0,60.0,0.0,0.9999999999999833,0.0,300,2533,0.05647714604236343,16.886666666666667,3.658846205507353,0.858665613896565,0.6586386971876481,0.14139893387764987,0.12720156555772982,0.1542288557213929,0.24576271186440665,0.005091019356415278,0.1413343861034346,0.858665613896565
sbm_2_s0,sbm,Louv,1.0,5,1.6094379124291003,0.7999999999999999,60.0,60.0,60.0,0.0,0.9999999999999833,0.0,300,2533,0.05647714604236343,16.886666666666667,3.658846205507353,0.858665613896565,0.6586386971876481,0.14139893387764987,0.12720156555772982,0.1542288557213929,0.24576271186440665,0.005091019356415278,0.1413343861034346,0.858665613896565
sbm_2_s0,sbm,Leid,1.0,5,1.6094379124291003,0.7999999999999999,60.0,60.0,60.0,0.0,0.9999999999999833,0.0,300,2533,0.05647714604236343,16.886666666666667,3.658846205507353,0.858665613896565,0.6586386971876481,0.14139893387764987,0.12720156555772982,0.1542288557213929,0.24576271186440665,0.005091019356415278,0.1413343861034346,0.858665613896565
sbm_2_s0,sbm,Louv,1.0,5,1.6094379124291003,0.7999999999999999,60.0,60.0,60.0,0.0,0.9999999999999833,0.0,300,2533,0.05647714604236343,16.886666666666667,3.658846205507353,0.858665613896565,0.6586386971876481,0.14139893387764987,0.12720156555772982,0.1542288557213929,0.24576271186440665,0.005091019356415278,0.1413343861034346,0.858665613896565
sbm_2_s0,sbm,Leid,1.0,5,1.6094379124291003,0.7999999999999999,60.0,60.0,60.0,0.0,0.9999999999999833,0.0,300,2533,0.05647714604236343,16.886666666666667,3.658846205507353,0.858665613896565,0.6586386971876481,0.14139893387764987,0.12720156555772982,0.1542288557213929,0.24576271186440665,0.005091019356415278,0.1413343861034346,0.858665613896565
sbm_2_s0,sbm,Louv,1.0,5,1.6094379124291003,0.7999999999999999,60.0,60.0,60.0,0.0,0.9999999999999833,0.0,300,2533,0.05647714604236343,16.886666666666667,3.658846205507353,0.858665613896565,0.6586386971876481,0.14139893387764987,0.12720156555772982,0.1542288557213929,0.24576271186440665,0.005091019356415278,0.1413343861034346,0.858665613896565
sbm_2_s0,sbm,Leid,1.0,5,1.6094379124291003,0.7999999999999999,60.0,60.0,60.0,0.0,0.9999999999999833,0.0,300,2533,0.05647714604236343,16.886666666666667,3.658846205507353,0.858665613896565,0.6586386971876481,0.1413989338776499,0.12720156555772982,0.1542288557213929,0.24576271186440665,0.005091019356415278,0.1413343861034346,0.858665613896565
sbm_2_s0,sbm,Louv,0.972187326885117,6,1.681838341489289,0.8083777777777778,7.0,60.0,50.0,19.347695814575268,0.11666666666666471,0.3869539162914976,300,2533,0.05647714604236343,16.886666666666667,3.658846205507353,0.8333991314646662,0.6417302658987432,0.25537756238194853,0.12720156555772982,0.7647058823529348,0.31790203099304964,0.1560113607323973,0.16660086853533354,0.8333991314646662
sbm_2_s0,sbm,Leid,0.967808975611626,7,1.7165033693433234,0.8124222222222222,1.0,60.0,42.857142857142854,23.978732073167144,0.01666666666666639,0.5595037483738869,300,2533,0.05647714604236343,16.886666666666667,3.658846205507353,0.8286616660086851,0.6393526492540862,0.353891289428164,0.13069306930693056,0.9999999999999166,0.25069145946207766,0.13106086373583642,0.1713383339913146,0.8286616660086851
sbm_2_s0,sbm,Louv,0.6276767593486047,36,3.5188001127974116,0.9687111111111111,3.0,14.0,8.333333333333334,2.96273147243853,0.21428571428569898,0.3555277766925809,300,2533,0.05647714604236343,16.886666666666667,3.658846205507353,0.2846427161468613,0.2529497330850617,0.7397776654635685,0.6129032258064492,0.863636363636344,0.6390632515632091,0.12915465165311016,0.7153572838531383,0.2846427161468613
sbm_2_s0,sbm,Leid,0.6241914949221721,36,3.5474343792126763,0.9701555555555555,5.0,13.0,8.333333333333334,2.273030282830976,0.38461538461535505,0.27276363393968434,300,2533,0.05647714604236343,16.886666666666667,3.658846205507353,0.2779313067508882,0.2478142058191524,0.7343299812159891,0.6140350877192956,0.8024691358024593,0.6374996916663299,0.1020411651603326,0.7220686932491115,0.2779313067508882
sbm_2_s0,sbm,GMod,1.0,5,1.6094379124291003,0.7999999999999999,60.0,60.0,60.0,0.0,0.9999999999999833,0.0,300,2533,0.05647714604236343,16.886666666666667,3.658846205507353,0.858665613896565,0.6586386971876481,0.14139893387764987,0.12720156555772982,0.1542288557213929,0.24576271186440665,0.005091019356415278,0.1413343861034346,0.858665613896565
sbm_3_s0,sbm,Louv,0.2039895100691472,60,3.1972566820615373,0.8876444444444445,1.0,93.0,5.0,11.980539776376244,0.010752688172042895,2.3961079552747693,300,2657,0.05924191750278707,17.713333333333335,4.083848947037858,0.23522770041400068,0.11790876571908884,0.9064850766603744,0.5750741839762609,0.99999999999995,0.5642455493960395,0.40805555929229914,0.764772299585999,0.23522770041400068
sbm_3_s0,sbm,Leid,0.0,1,-1.000088900581841e-12,0.0,300.0,300.0,300.0,0.0,0.9999999999999966,0.0,300,2657,0.05924191750278707,17.713333333333335,4.083848947037858,0.9999999999999997,0.0,0.0,0.0,0.0,0.05924191750278707,0.0,0.0,0.9999999999999997
sbm_3_s0,sbm,Louv,0.23028153401211904,61,3.456129353408637,0.9309777777777778,1.0,67.0,4.918032786885246,8.81186808122388,0.014925373134328136,1.791746509848491,300,2657,0.05924191750278707,17.713333333333335,4.083848947037858,0.2085058336469702,0.1371997389671923,0.8951266294910291,0.6151940545004124,0.9999999999999546,0.5772993851763717,0.4036777405527711,0.7914941663530295,0.2085058336469702
sbm_3_s0,sbm,Leid,0.0,1,-1.000088900581841e-12,0.0,300.0,300.0,300.0,0.0,0.9999999999999966,0.0,300,2657,0.05924191750278707,17.713333333333335,4.083848947037858,0.9999999999999997,0.0,0.0,0.0,0.0,0.05924191750278707,0.0,0.0,0.9999999999999997
sbm_3_s0,sbm,Louv,0.15551403286412932,28,2.8036100489796723,0.9,2.0,67.0,10.714285714285714,14.374722712498649,0.029850746268656272,1.3416407864997488,300,2657,0.05924191750278707,17.713333333333335,4.083848947037858,0.2788859616108392,0.1774922520935531,0.8135805012855686,0.5719008264462806,0.9393939393939109,0.6040241606562825,0.24036839904233465,0.7211140383891604,0.2788859616108392
sbm_3_s0,sbm,Leid,0.024499170854467414,3,1.0630322522042195,0.6427777777777777,70.0,135.0,100.0,26.770630673681683,0.5185185185185147,0.26770630673681417,300,2657,0.05924191750278707,17.713333333333335,4.083848947037858,0.5393300715092207,0.17886073372769667,0.48203029990264,0.3824733824733823,0.5630114566284775,0.0953977384688622,0.011321223115759655,0.4606699284907789,0.5393300715092207
sbm_3_s0,sbm,Louv,0.07084405588273815,8,2.0637661289767575,0.8710888888888888,27.0,49.0,37.5,6.6332495807108,0.551020408163254,0.1768866554856166,300,2657,0.05924191750278707,17.713333333333335,4.083848947037858,0.33383515242754974,0.20429967552211162,0.6710628683251094,0.6238938053097338,0.7160751565761989,0.16255623842174904,0.019470479008176222,0.6661648475724499,0.33383515242754974
sbm_3_s0,sbm,Leid,0.0645448987856588,8,2.0157218201825655,0.8596222222222223,19.0,55.0,37.5,13.152946437965905,0.3454545454545392,0.3507452383457481,300,2657,0.05924191750278707,17.713333333333335,4.083848947037858,0.350018818216033,0.20953173450974688,0.6657094168635,0.6085192697768756,0.7289156626506001,0.17890721927426295,0.048068061251936633,0.6499811817839667,0.350018818216033
sbm_3_s0,sbm,Louv,0.13962787363612436,21,2.995622751732704,0.9476222222222223,7.0,25.0,14.285714285714286,4.516033416963303,0.2799999999999888,0.31612233918740906,300,2657,0.05924191750278707,17.713333333333335,4.083848947037858,0.2397440722619495,0.18693195653211653,0.7690516076895202,0.7142857142857127,0.8294573643410789,0.3333429962178246,0.08847802057126411,0.7602559277380502,0.2397440722619495
sbm_3_s0,sbm,Leid,0.12884573359373216,20,2.9676370498997877,0.9470888888888889,10.0,24.0,15.0,3.6193922141707713,0.4166666666666493,0.24129281427803534,300,2657,0.05924191750278707,17.713333333333335,4.083848947037858,0.2453895370718855,0.19305506548555035,0.7602216655087142,0.6919191919191902,0.8023255813953442,0.31726812308030794,0.054196916735242434,0.7546104629281142,0.2453895370718855
sbm_3_s0,sbm,Louv,0.16634261083755444,29,3.3120715536144174,0.9618444444444444,4.0,17.0,10.344827586206897,3.376142075668776,0.235294117647045,0.32636040064795013,300,2657,0.05924191750278707,17.713333333333335,4.083848947037858,0.21339856981558142,0.17572530872285574,0.7947414135841567,0.7448275862068939,0.8630136986301252,0.4386365662734638,0.14530921319309245,0.7866014301844182,0.21339856981558142
sbm_3_s0,sbm,Leid,0.15968972807847587,30,3.3596651737018566,0.9639555555555556,5.0,16.0,10.0,2.851899951494325,0.3124999999999805,0.28518999514940396,300,2657,0.05924191750278707,17.713333333333335,4.083848947037858,0.21377493413624382,0.1780010592594618,0.7934732303781277,0.7381818181818154,0.8679245283018786,0.43854497354495764,0.10835119207490757,0.7862250658637558,0.21377493413624382
sbm_3_s0,sbm,Louv,0.22543277963649097,47,3.8019173419387173,0.9768222222222223,2.0,10.0,6.382978723404255,1.908025508208116,0.19999999999998,0.29892399628589134,300,2657,0.05924191750278707,17.713333333333335,4.083848947037858,0.1772675950319909,0.15405489706357928,0.8318839172568254,0.7668711656441671,0.9459459459459203,0.6007092198580745,0.15983273211478072,0.8227324049680087,0.1772675950319909
sbm_3_s0,sbm,Leid,0.23599797867287686,46,3.794162954179805,0.9767333333333333,3.0,11.0,6.521739130434782,1.728773508875743,0.27272727272724795,0.26507860469423994,300,2657,0.05924191750278707,17.713333333333335,4.083848947037858,0.1802785095972901,0.1568731674903384,0.8256478858289577,0.7619047619047559,0.8867924528301719,0.5917341112992801,0.12975364209604875,0.8197214904027096,0.1802785095972901
sbm_3_s0,sbm,Louv,0.27195446226439085,72,4.233271593504723,0.9848666666666667,2.0,8.0,4.166666666666667,1.247219128924647,0.24999999999996875,0.29933259094184345,300,2657,0.05924191750278707,17.713333333333335,4.083848947037858,0.14264207753105002,0.12764834342330614,0.865454468210451,0.7872340425531832,0.9574468085106179,0.8020833333331366,0.16372254976766862,0.8573579224689496,0.14264207753105002
sbm_3_s0,sbm,Leid,0.24511483460571823,73,4.250303054281179,0.9852444444444445,2.0,6.0,4.109589041095891,1.141515981150666,0.33333333333327775,0.27776888874659444,300,2657,0.05924191750278707,17.713333333333335,4.083848947037858,0.1422657132103876,0.12748657900697324,0.8660279962865289,0.8072289156626409,0.9545454545454328,0.8022831050226117,0.146218573188413,0.857734286789612,0.1422657132103876
sbm_3_s0,sbm,GMod,0.015057551046552712,5,1.4565205191712352,0.7536888888888889,9.0,86.0,60.0,28.872131892189742,0.10465116279069646,0.48120219820315435,300,2657,0.05924191750278707,17.713333333333335,4.083848947037858,0.43996989085434685,0.1906322821432057,0.6234693563575863,0.5080906148867311,0.8450704225352054,0.14742011406262612,0.07922818938129284,0.5600301091456528,0.43996989085434685
sbm_4_s0,sbm,Louv,0.5184388732535505,55,2.712172271400717,0.8214814814814815,1.0,107.0,4.909090909090909,14.578031700626212,0.009345794392523277,2.969599050126957,270,4070,0.1120749001789894,30.14814814814815,11.419942607703302,0.41842751842751835,0.14853766095780835,0.9290035150174045,0.3286783042394014,0.9999999999999782,0.3851726762948676,0.4410333626702664,0.5815724815724814,0.41842751842751835
sbm_4_s0,sbm,Leid,0.8292539506401841,2,0.6869615765953234,0.49382716049382713,120.0,150.0,135.0,15.0,0.7999999999999947,0.11111111111111029,270,4070,0.1120749001789894,30.14814814814815,11.419942607703302,0.9520884520884518,0.35827052985529645,0.08452535760728215,0.08452535760728215,0.08452535760728215,0.20007933374692155,0.05218017408305603,0.0479115479115479,0.9520884520884518
sbm_4_s0,sbm,Louv,0.499357819296303,55,2.852866963571922,0.8529766803840878,1.0,95.0,4.909090909090909,13.068035572304213,0.010526315789473575,2.662007246209575,270,4070,0.1120749001789894,30.14814814814815,11.419942607703302,0.36093366093366086,0.14022254888348254,0.9257409289814379,0.38411493629709936,0.9999999999999782,0.3963708025977739,0.4375664076869467,0.6390663390663389,0.36093366093366086
sbm_4_s0,sbm,Leid,1.0,3,0.9698567625031291,0.5816186556927297,40.0,150.0,90.0,45.46060565661952,0.2666666666666649,0.5051178406291003,270,4070,0.1120749001789894,30.14814814814815,11.419942607703302,0.943243243243243,0.37519583577323135,0.12658312508690223,0.08452535760728215,0.2008639308855287,0.25122650044619277,0.011071736315060218,0.056756756756756746,0.943243243243243
sbm_4_s0,sbm,Louv,1.0,3,0.9698567625031291,0.5816186556927297,40.0,150.0,90.0,45.46060565661952,0.2666666666666649,0.5051178406291003,270,4070,0.1120749001789894,30.14814814814815,11.419942607703302,0.943243243243243,0.37519583577323135,0.12658312508690223,0.08452535760728215,0.2008639308855287,0.2512265004461927,0.011071736315060218,0.056756756756756746,0.943243243243243
sbm_4_s0,sbm,Leid,1.0,3,0.9698567625031291,0.5816186556927297,40.0,150.0,90.0,45.46060565661952,0.2666666666666649,0.5051178406291003,270,4070,0.1120749001789894,30.14814814814815,11.419942607703302,0.943243243243243,0.37519583577323135,0.12658312508690223,0.08452535760728215,0.2008639308855287,0.25122650044619277,0.011071736315060218,0.056756756756756746,0.943243243243243
sbm_4_s0,sbm,Louv,1.0,3,0.9698567625031291,0.5816186556927297,40.0,150.0,90.0,45.46060565661952,0.2666666666666649,0.5051178406291003,270,4070,0.1120749001789894,30.14814814814815,11.419942607703302,0.943243243243243,0.37519583577323135,0.12658312508690223,0.08452535760728215,0.2008639308855287,0.2512265004461927,0.011071736315060218,0.056756756756756746,0.943243243243243
sbm_4_s0,sbm,Leid,1.0,3,0.9698567625031291,0.5816186556927297,40.0,150.0,90.0,45.46060565661952,0.2666666666666649,0.5051178406291003,270,4070,0.1120749001789894,30.14814814814815,11.419942607703302,0.943243243243243,0.37519583577323135,0.12658312508690223,0.08452535760728215,0.2008639308855287,0.25122650044619277,0.011071736315060218,0.056756756756756746,0.943243243243243
sbm_4_s0,sbm,Louv,0.61668756928227,11,2.1755180133516125,0.854156378600823,11.0,80.0,24.545454545454547,19.080516651875005,0.1374999999999983,0.7773543821133945,270,4070,0.1120749001789894,30.14814814814815,11.419942607703302,0.41203931203931193,0.2972425731516641,0.6669447146083689,0.09436008676789583,0.8372093023255794,0.49904744375462207,0.13114205441968743,0.5879606879606878,0.41203931203931193
sbm_4_s0,sbm,Leid,0.6328585276142231,10,2.095146615608004,0.8479286694101509,9.0,80.0,27.0,19.483326204732087,0.1124999999999986,0.7216046742493099,270,4070,0.1120749001789894,30.14814814814815,11.419942607703302,0.42702702702702694,0.30190517298625413,0.6472303123337289,0.09436008676789583,0.8674033149171246,0.46425812085666623,0.12194892682266138,0.5729729729729729,0.42702702702702694
sbm_4_s0,sbm,Louv,0.5622207055013213,18,2.480235889760268,0.8689986282578875,4.0,80.0,15.0,17.480147469502526,0.04999999999999938,1.165343164633424,270,4070,0.1120749001789894,30.14814814814815,11.419942607703302,0.36363636363636354,0.2739104371291104,0.7752935365146634,0.09436008676789583,0.9277108433734884,0.665499116448451,0.18572449048725118,0.6363636363636362,0.36363636363636354
sbm_4_s0,sbm,Leid,0.5647463993006163,17,2.464806171874337,0.8689711934156379,7.0,80.0,15.882352941176471,17.5963978698221,0.08749999999999891,1.1079213473590994,270,4070,0.1120749001789894,30.14814814814815,11.419942607703302,0.36584766584766576,0.27587190384487686,0.7613998009658393,0.09436008676789583,0.8796992481202973,0.6362493240192265,0.15235681991468855,0.634152334152334,0.36584766584766576
sbm_4_s0,sbm,Louv,0.5117203477579835,31,2.8207166112026214,0.8788477366255144,3.0,80.0,8.709677419354838,14.458379752144845,0.037499999999999534,1.660036193764588,270,4070,0.1120749001789894,30.14814814814815,11.419942607703302,0.32604422604422595,0.2526953679164982,0.8530891543009644,0.09436008676789583,0.9577464788732327,0.8868353607735916,0.17706813090465445,0.6739557739557738,0.32604422604422595
sbm_4_s0,sbm,Leid,0.5130811714068801,30,2.810663032593985,0.8788203017832648,4.0,80.0,9.0,14.610498508492675,0.04999999999999938,1.6233887231656725,270,4070,0.1120749001789894,30.14814814814815,11.419942607703302,0.32702702702702696,0.2534383244088404,0.8469834186788888,0.09436008676789583,0.93377483443708,0.8838568569263898,0.18038655940649453,0.6729729729729729,0.32702702702702696
sbm_4_s0,sbm,Louv,0.3959876332008499,78,3.886486167635824,0.962880658436214,1.0,40.0,3.4615384615384617,4.765507231302628,0.024999999999999373,1.3767020890425836,270,4070,0.1120749001789894,30.14814814814815,11.419942607703302,0.13267813267813264,0.11420074977814539,0.9332327171508348,0.2008639308855287,0.9999999999999815,0.5178047024199663,0.4707697155179135,0.8673218673218671,0.13267813267813264
sbm_4_s0,sbm,Leid,0.4084672102627798,74,3.7789051362376003,0.9585733882030179,1.0,40.0,3.6486486486486487,5.243870121344082,0.024999999999999373,1.4372088480716878,270,4070,0.1120749001789894,30.14814814814815,11.419942607703302,0.1447174447174447,0.1240088983332227,0.9331768305927752,0.2008639308855287,0.9999999999999815,0.5613190863189005,0.4713357082606031,0.8552825552825551,0.1447174447174447
sbm_4_s0,sbm,GMod,0.9604131026316012,3,0.9771015741854874,0.5856515775034294,42.0,149.0,90.0,44.36965930302674,0.2818791946308706,0.4929962144780694,270,4070,0.1120749001789894,30.14814814814815,11.419942607703302,0.9341523341523339,0.37230396802878385,0.15068560967538194,0.0947907771135781,0.2578124999999995,0.24699205119046344,0.019539740248052502,0.06584766584766583,0.9341523341523339
sbm_5_s0,sbm,Louv,0.4537843356027929,55,2.842658647750407,0.8631802469135803,1.0,144.0,8.181818181818182,20.89983985070517,0.006944444444444396,2.554424870641431,450,4348,0.04303885176936402,19.324444444444445,4.198050105865582,0.3663753449862005,0.2278122352566799,0.9001764510704495,0.3335729690869877,0.9999999999999706,0.4332059528173572,0.38183400665864264,0.6336246550137993,0.3663753449862005
sbm_5_s0,sbm,Leid,0.0,1,-1.000088900581841e-12,0.0,450.0,450.0,450.0,0.0,0.9999999999999978,0.0,450,4348,0.04303885176936402,19.324444444444445,4.198050105865582,0.9999999999999998,0.0,0.0,0.0,0.0,0.04303885176936402,0.0,0.0,0.9999999999999998
sbm_5_s0,sbm,Louv,0.9503937928574525,3,1.0983021172552017,0.6664592592592593,146.0,155.0,150.0,3.7416573867739413,0.9419354838709617,0.024944382578492776,450,4348,0.04303885176936402,19.324444444444445,4.198050105865582,0.7660993560257588,0.43264768604288034,0.23395466889451352,0.2301341589267285,0.23903818953323897,0.09949513095235057,0.0045068357700294185,0.23390064397424098,0.7660993560257588
sbm_5_s0,sbm,Leid,0.9878418974031601,3,1.0985974737405535,0.6666567901234568,149.0,151.0,150.0,0.816496580927726,0.9867549668874107,0.0054433105395181374,450,4348,0.04303885176936402,19.324444444444445,4.198050105865582,0.7695492180312786,0.4361341519200318,0.23053087127150154,0.22462787550744243,0.2372583479789103,0.09982753988265342,0.002958036709426492,0.2304507819687212,0.7695492180312786
sbm_5_s0,sbm,Louv,0.9878418974031601,3,1.0985974737405535,0.6666567901234568,149.0,151.0,150.0,0.816496580927726,0.9867549668874107,0.0054433105395181374,450,4348,0.04303885176936402,19.324444444444445,4.198050105865582,0.7695492180312786,0.4361341519200318,0.23053087127150154,0.22462787550744243,0.2372583479789103,0.09982753988265342,0.002958036709426492,0.2304507819687212,0.7695492180312786
sbm_5_s0,sbm,Leid,0.9878418974031601,3,1.0985974737405535,0.6666567901234568,149.0,151.0,150.0,0.816496580927726,0.9867549668874107,0.0054433105395181374,450,4348,0.04303885176936402,19.324444444444445,4.198050105865582,0.7695492180312786,0.4361341519200318,0.23053087127150154,0.22462787550744243,0.2372583479789103,0.09982753988265342,0.002958036709426492,0.2304507819687212,0.7695492180312786
sbm_5_s0,sbm,Louv,0.9878418974031601,3,1.0985974737405535,0.6666567901234568,149.0,151.0,150.0,0.816496580927726,0.9867549668874107,0.0054433105395181374,450,4348,0.04303885176936402,19.324444444444445,4.198050105865582,0.7695492180312786,0.4361341519200318,0.23053087127150154,0.22462787550744243,0.2372583479789103,0.09982753988265343,0.002958036709426492,0.2304507819687212,0.7695492180312786
sbm_5_s0,sbm,Leid,0.9878418974031601,3,1.0985974737405535,0.6666567901234568,149.0,151.0,150.0,0.816496580927726,0.9867549668874107,0.0054433105395181374,450,4348,0.04303885176936402,19.324444444444445,4.198050105865582,0.7695492180312786,0.4361341519200318,0.23053087127150154,0.22462787550744243,0.2372583479789103,0.09982753988265342,0.002958036709426492,0.2304507819687212,0.7695492180312786
sbm_5_s0,sbm,Louv,0.9695595468311861,4,1.1313368369300887,0.6710518518518518,3.0,149.0,112.5,63.21985447626402,0.02013422818791933,0.5619542620112308,450,4348,0.04303885176936402,19.324444444444445,4.198050105865582,0.7647194112235509,0.4347646011362858,0.40209622797647465,0.22462787550744243,0.9130434782608496,0.24201130660856648,0.24518523908761108,0.2352805887764489,0.7647194112235509
sbm_5_s0,sbm,Leid,0.9194143511526178,6,1.2388823560951987,0.688958024691358,2.0,148.0,75.0,69.8044888718961,0.013513513513513422,0.9307265182919356,450,4348,0.04303885176936402,19.324444444444445,4.198050105865582,0.7417203311867524,0.42802047002756505,0.5727779804740797,0.228395061728395,0.9473684210526065,0.4276526365141758,0.4083964326687146,0.25827966881324743,0.7417203311867524
sbm_5_s0,sbm,Louv,0.537843433033479,16,2.68109450506586,0.9255308641975308,11.0,54.0,28.125,12.30789888648749,0.20370370370369992,0.43761418263065077,450,4348,0.04303885176936402,19.324444444444445,4.198050105865582,0.33532658693652245,0.2596179581979554,0.6933053120457566,0.5753968253968248,0.786324786324783,0.24199759421149383,0.06573456330038611,0.6646734130634773,0.33532658693652245
sbm_5_s0,sbm,Leid,0.521996770716416,18,2.751157551686755,0.9301135802469136,4.0,48.0,25.0,12.697331303160606,0.0833333333333316,0.507893252126404,450,4348,0.04303885176936402,19.324444444444445,4.198050105865582,0.327506899724011,0.25795615829460655,0.712666814132847,0.5949943117178605,0.9012345679012235,0.28811356463483306,0.12293694851719161,0.6724931002759889,0.327506899724011
sbm_5_s0,sbm,Louv,0.41872342563434484,39,3.6119914538686047,0.9717432098765432,5.0,20.0,11.538461538461538,3.685356705041251,0.2499999999999875,0.3193975811035474,450,4348,0.04303885176936402,19.324444444444445,4.198050105865582,0.22033118675252986,0.19201568528795185,0.7893366592627934,0.7253886010362675,0.8636363636363571,0.418349364949734,0.10225095071043874,0.77966881324747,0.22033118675252986
sbm_5_s0,sbm,Leid,0.43239577979112653,37,3.5484026458471725,0.9696493827160494,4.0,22.0,12.162162162162161,4.264964202590581,0.18181818181817358,0.3506748344351967,450,4348,0.04303885176936402,19.324444444444445,4.198050105865582,0.23091076356945717,0.2003796699557961,0.7826531965876583,0.6951501154734394,0.8876404494381923,0.4139623000303982,0.11720337338000401,0.7690892364305426,0.23091076356945717
sbm_5_s0,sbm,Louv,0.36604738759371636,74,4.2497834919483175,0.9850666666666666,2.0,12.0,6.081081081081081,1.971120937482684,0.16666666666665278,0.32413988749709916,450,4348,0.04303885176936402,19.324444444444445,4.198050105865582,0.16996320147194108,0.15496116815860944,0.8405547880073715,0.7641509433962228,0.9523809523809297,0.6573310323309361,0.15642830126807306,0.8300367985280587,0.16996320147194108
sbm_5_s0,sbm,Leid,0.3465960036082151,74,4.2645423925387895,0.9853925925925926,3.0,11.0,6.081081081081081,1.7301519754896455,0.27272727272724795,0.28451388041380604,450,4348,0.04303885176936402,19.324444444444445,4.198050105865582,0.16858325666973317,0.15395686265465663,0.8388854300347355,0.7592592592592557,0.9245283018867749,0.6485482235481592,0.13313847140353097,0.8314167433302666,0.16858325666973317
sbm_5_s0,sbm,GMod,0.9580533336662858,3,1.0985088759257986,0.6665975308641975,148.0,153.0,150.0,2.160246899469287,0.9673202614379022,0.014401645996461817,450,4348,0.04303885176936402,19.324444444444445,4.198050105865582,0.7642594296228149,0.4308430411173617,0.2357870080218795,0.23354926696215472,0.2399435426958362,0.09916575360386228,0.002982651749057039,0.23574057037718488,0.7642594296228149
sbm_0_s1,sbm,Louv,0.6328330301935783,34,2.3734324253105363,0.8425,1.0,71.0,7.0588235294117645,14.730802415088851,0.014084507042253324,2.086863675470625,240,2980,0.10390516039051603,24.833333333333332,3.9260525835613675,0.4842281879194629,0.326875534885816,0.9007266645295438,0.1594372801875732,0.9999999999999678,0.27792302935570273,0.36776884748547956,0.5157718120805368,0.4842281879194629
sbm_0_s1,sbm,Leid,1.0,3,1.0986122886651097,0.6666666666666667,80.0,80.0,80.0,0.0,0.9999999999999876,0.0,240,2980,0.10390516039051603,24.833333333333332,3.9260525835613675,0.9446308724832212,0.6107966420431512,0.055495038575046805,0.05062082139446034,0.05900461775269366,0.2969409282700421,0.012569130882810082,0.055369127516778506,0.9446308724832212
sbm_0_s1,sbm,Louv,1.0,3,1.0986122886651097,0.6666666666666667,80.0,80.0,80.0,0.0,0.9999999999999876,0.0,240,2980,0.10390516039051603,24.833333333333332,3.9260525835613675,0.9446308724832212,0.6107966420431512,0.055495038575046805,0.05062082139446034,0.05900461775269366,0.2969409282700421,0.012569130882810082,0.055369127516778506,0.9446308724832212
sbm_0_s1,sbm,Leid,1.0,3,1.0986122886651097,0.6666666666666667,80.0,80.0,80.0,0.0,0.9999999999999876,0.0,240,2980,0.10390516039051603,24.833333333333332,3.9260525835613675,0.9446308724832212,0.6107966420431512,0.055495038575046805,0.05062082139446034,0.05900461775269366,0.2969409282700421,0.012569130882810082,0.055369127516778506,0.9446308724832212
sbm_0_s1,sbm,Louv,1.0,3,1.0986122886651097,0.6666666666666667,80.0,80.0,80.0,0.0,0.9999999999999876,0.0,240,2980,0.10390516039051603,24.833333333333332,3.9260525835613675,0.9446308724832212,0.6107966420431512,0.055495038575046805,0.05062082139446034,0.05900461775269366,0.2969409282700421,0.012569130882810082,0.055369127516778506,0.9446308724832212
sbm_0_s1,sbm,Leid,1.0,3,1.0986122886651097,0.6666666666666667,80.0,80.0,80.0,0.0,0.9999999999999876,0.0,240,2980,0.10390516039051603,24.833333333333332,3.9260525835613675,0.9446308724832212,0.6107966420431512,0.055495038575046805,0.05062082139446034,0.05900461775269366,0.2969409282700421,0.012569130882810082,0.055369127516778506,0.9446308724832212
sbm_0_s1,sbm,Louv,1.0,3,1.0986122886651097,0.6666666666666667,80.0,80.0,80.0,0.0,0.9999999999999876,0.0,240,2980,0.10390516039051603,24.833333333333332,3.9260525835613675,0.9446308724832212,0.6107966420431512,0.055495038575046805,0.05062082139446034,0.05900461775269366,0.2969409282700421,0.012569130882810082,0.055369127516778506,0.9446308724832212
sbm_0_s1,sbm,Leid,1.0,3,1.0986122886651097,0.6666666666666667,80.0,80.0,80.0,0.0,0.9999999999999876,0.0,240,2980,0.10390516039051603,24.833333333333332,3.9260525835613675,0.9446308724832212,0.6107966420431512,0.055495038575046805,0.05062082139446034,0.05900461775269366,0.29694092827004215,0.012569130882810082,0.055369127516778506,0.9446308724832212
sbm_0_s1,sbm,Louv,1.0,3,1.0986122886651097,0.6666666666666667,80.0,80.0,80.0,0.0,0.9999999999999876,0.0,240,2980,0.10390516039051603,24.833333333333332,3.9260525835613675,0.9446308724832212,0.6107966420431512,0.055495038575046805,0.05062082139446034,0.05900461775269366,0.2969409282700421,0.012569130882810082,0.055369127516778506,0.9446308724832212
sbm_0_s1,sbm,Leid,1.0,3,1.0986122886651097,0.6666666666666667,80.0,80.0,80.0,0.0,0.9999999999999876,0.0,240,2980,0.10390516039051603,24.833333333333332,3.9260525835613675,0.9446308724832212,0.6107966420431512,0.055495038575046805,0.05062082139446034,0.05900461775269366,0.29694092827004215,0.012569130882810082,0.055369127516778506,0.9446308724832212
sbm_0_s1,sbm,Louv,1.0,3,1.0986122886651097,0.6666666666666667,80.0,80.0,80.0,0.0,0.9999999999999876,0.0,240,2980,0.10390516039051603,24.833333333333332,3.9260525835613675,0.9446308724832212,0.6107966420431512,0.055495038575046805,0.05062082139446034,0.05900461775269366,0.29694092827004215,0.012569130882810082,0.055369127516778506,0.9446308724832212
sbm_0_s1,sbm,Leid,1.0,3,1.0986122886651097,0.6666666666666667,80.0,80.0,80.0,0.0,0.9999999999999876,0.0,240,2980,0.10390516039051603,24.833333333333332,3.9260525835613675,0.9446308724832212,0.6107966420431512,0.055495038575046805,0.05062082139446034,0.05900461775269366,0.2969409282700421,0.012569130882810082,0.055369127516778506,0.9446308724832212
sbm_0_s1,sbm,Louv,0.5519870776968052,19,2.8819602031622518,0.9410416666666667,4.0,23.0,12.631578947368421,4.379504013203099,0.17391304347825332,0.3467107343785512,240,2980,0.10390516039051603,24.833333333333332,3.9260525835613675,0.2872483221476509,0.2285407751903068,0.7337850576834051,0.5978260869565206,0.8762886597938054,0.6104210748644529,0.12555326096717204,0.7127516778523488,0.2872483221476509
sbm_0_s1,sbm,Leid,0.5531188828352851,19,2.8738150601556107,0.9398263888888889,5.0,25.0,12.631578947368421,4.78165932788795,0.19999999999999202,0.3785480301244327,240,2980,0.10390516039051603,24.833333333333332,3.9260525835613675,0.295973154362416,0.23575767983424167,0.7305713816709336,0.571917808219177,0.8759689922480552,0.6136303926551442,0.10999084102812241,0.7040268456375837,0.295973154362416
sbm_0_s1,sbm,Louv,0.43842307988385787,49,3.8391342001757875,0.9775694444444445,1.0,9.0,4.8979591836734695,1.5418634095938044,0.11111111111109877,0.3147971127920041,240,2980,0.10390516039051603,24.833333333333332,3.9260525835613675,0.1543624161073825,0.13215953110220258,0.8588639756576703,0.7746478873239401,0.9999999999999706,0.9038872691932452,0.1592757262455441,0.8456375838926172,0.1543624161073825
sbm_0_s1,sbm,Leid,0.45137931646589535,45,3.769188465959342,0.9761111111111112,3.0,9.0,5.333333333333333,1.4605934866804429,0.3333333333332963,0.2738612787525317,240,2980,0.10390516039051603,24.833333333333332,3.9260525835613675,0.16241610738255027,0.13858176433493985,0.8477518543582557,0.754189944134074,0.9240506329113808,0.8968959435624982,0.09516043603618006,0.8375838926174494,0.16241610738255027
sbm_0_s1,sbm,GMod,1.0,3,1.0986122886651097,0.6666666666666667,80.0,80.0,80.0,0.0,0.9999999999999876,0.0,240,2980,0.10390516039051603,24.833333333333332,3.9260525835613675,0.9446308724832212,0.6107966420431512,0.055495038575046805,0.05062082139446034,0.05900461775269366,0.2969409282700421,0.012569130882810082,0.055369127516778506,0.9446308724832212
sbm_1_s1,sbm,Louv,0.22794329310332068,17,1.8641592898573216,0.6979861111111111,1.0,127.0,14.117647058823529,28.70515910371427,0.007874015748031435,2.0332821031796167,240,2276,0.0793584379358438,18.966666666666665,3.973733201355566,0.4178383128295253,0.10722290130682814,0.8417434903650661,0.45480494766888657,0.99999999999995,0.45946597932093447,0.3144488019953555,0.5821616871704742,0.4178383128295253
sbm_1_s1,sbm,Leid,0.0,1,-1.000088900581841e-12,0.0,240.0,240.0,240.0,0.0,0.9999999999999959,0.0,240,2276,0.0793584379358438,18.966666666666665,3.973733201355566,0.9999999999999996,0.0,0.0,0.0,0.0,0.0793584379358438,0.0,0.0,0.9999999999999996
sbm_1_s1,sbm,Louv,0.2964604545535774,20,2.5676327228546874,0.8970486111111111,1.0,56.0,12.0,12.349089035228468,0.017857142857142537,1.02909075293562,240,2276,0.0793584379358438,18.966666666666665,3.973733201355566,0.2789982425307556,0.17541006328742498,0.8164474444446921,0.595126522961574,0.99999999999995,0.4869910206750824,0.3226772405115373,0.721001757469244,0.2789982425307556
sbm_1_s1,sbm,Leid,0.0,1,-1.000088900581841e-12,0.0,240.0,240.0,240.0,0.0,0.9999999999999959,0.0,240,2276,0.0793584379358438,18.966666666666665,3.973733201355566,0.9999999999999996,0.0,0.0,0.0,0.0,0.0793584379358438,0.0,0.0,0.9999999999999996
sbm_1_s1,sbm,Louv,0.4849966703911905,11,2.0463944406289127,0.8384027777777778,3.0,69.0,21.818181818181817,19.239250513743475,0.04347826086956459,0.8817989818798689,240,2276,0.0793584379358438,18.966666666666665,3.973733201355566,0.3949912126537784,0.2298998142148066,0.7155579202555675,0.44182509505703393,0.9259259259259087,0.4132105152122838,0.21661022580449388,0.6050087873462212,0.3949912126537784
sbm_1_s1,sbm,Leid,0.898127839052518,3,1.0985602039753548,0.6666319444444444,79.0,81.0,80.0,0.816496580927726,0.9753086419752967,0.010206207261596448,240,2276,0.0793584379358438,18.966666666666665,3.973733201355566,0.6089630931458697,0.27558243194825804,0.3911033919083234,0.3844138834315649,0.39946380697050915,0.14619531898012908,0.0018377777420866513,0.3910369068541299,0.6089630931458697
sbm_1_s1,sbm,Louv,0.5909166174544634,4,1.2841888975220515,0.7085763888888889,19.0,80.0,60.0,24.423349483639626,0.23749999999999705,0.4070558247273203,240,2276,0.0793584379358438,18.966666666666665,3.973733201355566,0.5439367311072054,0.2512969636552889,0.5063802837461627,0.40985820391627253,0.7109826589595355,0.1839483544159589,0.06292407719556432,0.4560632688927942,0.5439367311072054
sbm_1_s1,sbm,Leid,0.8749505375383504,3,1.097778607761866,0.6661111111111111,76.0,84.0,80.0,3.265986323710904,0.904761904761894,0.04082482904638579,240,2276,0.0793584379358438,18.966666666666665,3.973733201355566,0.6080843585237256,0.2742488865243189,0.39232462683125197,0.3839342188488296,0.40792216817234167,0.14607532697332265,0.004510168496800781,0.391915641476274,0.6080843585237256
sbm_1_s1,sbm,Louv,0.3161680211457768,14,2.5914195028643756,0.921875,10.0,25.0,17.142857142857142,5.248906591678239,0.39999999999998403,0.3061862178478794,240,2276,0.0793584379358438,18.966666666666665,3.973733201355566,0.28558875219683644,0.2072507768075834,0.7278142436731357,0.6553287981859395,0.7961165048543651,0.33919570312749164,0.0659650661344251,0.7144112478031631,0.28558875219683644
sbm_1_s1,sbm,Leid,0.35850178250213816,15,2.6597912401725363,0.9265625,9.0,30.0,16.0,5.0990195135927845,0.29999999999999,0.31868871959952916,240,2276,0.0793584379358438,18.966666666666665,3.973733201355566,0.28822495606326876,0.2147816020150666,0.7253098128481054,0.6225749559082882,0.8029556650246266,0.3695573455918237,0.07475725688389821,0.7117750439367309,0.28822495606326876
sbm_1_s1,sbm,Louv,0.3113574178077958,22,3.031703894826894,0.9492361111111112,4.0,19.0,10.909090909090908,3.728381209892705,0.21052631578946263,0.3417682775734667,240,2276,0.0793584379358438,18.966666666666665,3.973733201355566,0.24253075571177496,0.19156385806196546,0.7750603799110511,0.6815286624203799,0.9178082191780697,0.4552261667094049,0.08733889049246503,0.7574692442882247,0.24253075571177496
sbm_1_s1,sbm,Leid,0.33364217294229465,22,3.031006564469629,0.9489930555555556,5.0,18.0,10.909090909090908,3.81276672282014,0.27777777777776236,0.3495036162584808,240,2276,0.0793584379358438,18.966666666666665,3.973733201355566,0.24736379613356757,0.1959100424387125,0.7681595822635696,0.6758409785932701,0.8461538461538369,0.4777670042375774,0.10206769980903403,0.752636203866432,0.24736379613356757
sbm_1_s1,sbm,Louv,0.3000303649113007,39,3.6023800110701933,0.9711805555555556,3.0,12.0,6.153846153846154,2.1666287358233443,0.24999999999997916,0.3520771695712362,240,2276,0.0793584379358438,18.966666666666665,3.973733201355566,0.1849736379613356,0.1562715243651953,0.8289056500509091,0.7512437810945236,0.9354838709677268,0.6868964368963524,0.16669325380997746,0.815026362038664,0.1849736379613356
sbm_1_s1,sbm,Leid,0.2645621930525527,39,3.6089787670868683,0.9715972222222222,3.0,10.0,6.153846153846154,2.0196275556425864,0.29999999999997,0.32818947779186697,240,2276,0.0793584379358438,18.966666666666665,3.973733201355566,0.18453427065026354,0.15592694147843622,0.8296614773307025,0.7499999999999953,0.9272727272727104,0.6668091168090401,0.13093392548806318,0.815465729349736,0.18453427065026354
sbm_1_s1,sbm,Louv,0.3099053257074494,60,4.04140712823134,0.9815277777777778,2.0,7.0,4.0,1.3165611772087666,0.2857142857142449,0.3291402943021094,240,2276,0.0793584379358438,18.966666666666665,3.973733201355566,0.1449912126537785,0.1264948333801786,0.8677258018251386,0.7666666666666603,0.964285714285697,0.8765873015870418,0.1256315614866779,0.8550087873462211,0.1449912126537785
sbm_1_s1,sbm,Leid,0.2778982869949458,63,4.095935917828569,0.9826736111111111,1.0,7.0,3.8095238095238093,1.1527350892295432,0.14285714285712245,0.3025929609226757,240,2276,0.0793584379358438,18.966666666666665,3.973733201355566,0.1348857644991212,0.11760005837639495,0.8755418917072244,0.7741935483870905,0.9999999999999697,0.8597883597881028,0.16736981096085274,0.8651142355008784,0.1348857644991212
sbm_1_s1,sbm,GMod,0.7638241808771667,3,1.0984039336249602,0.6665277777777778,78.0,82.0,80.0,1.632993161855452,0.9512195121951104,0.020412414523192896,240,2276,0.0793584379358438,18.966666666666665,3.973733201355566,0.5949033391915639,0.2613711387412319,0.40535953780247014,0.388708630759247,0.42116040955631373,0.14281805207245155,0.0045720184533162185,0.4050966608084357,0.5949033391915639
sbm_2_s1,sbm,Louv,1.0,5,1.6094379124291003,0.7999999999999999,60.0,60.0,60.0,0.0,0.9999999999999833,0.0,300,2628,0.05859531772575251,17.52,3.8370474760332756,0.8649162861491626,0.6647883320707335,0.13503745193784633,0.12557286892758926,0.15225563909774423,0.25683615819209027,0.006832188229528122,0.1350837138508371,0.8649162861491626
sbm_2_s1,sbm,Leid,1.0,5,1.6094379124291003,0.7999999999999999,60.0,60.0,60.0,0.0,0.9999999999999833,0.0,300,2628,0.05859531772575251,17.52,3.8370474760332756,0.8649162861491626,0.6647883320707334,0.1350374519378463,0.12557286892758926,0.15225563909774423,0.25683615819209027,0.006832188229528122,0.1350837138508371,0.8649162861491626
sbm_2_s1,sbm,Louv,1.0,5,1.6094379124291003,0.7999999999999999,60.0,60.0,60.0,0.0,0.9999999999999833,0.0,300,2628,0.05859531772575251,17.52,3.8370474760332756,0.8649162861491626,0.6647883320707335,0.13503745193784633,0.12557286892758926,0.15225563909774423,0.25683615819209027,0.006832188229528122,0.1350837138508371,0.8649162861491626
sbm_2_s1,sbm,Leid,1.0,5,1.6094379124291003,0.7999999999999999,60.0,60.0,60.0,0.0,0.9999999999999833,0.0,300,2628,0.05859531772575251,17.52,3.8370474760332756,0.8649162861491626,0.6647883320707335,0.13503745193784633,0.12557286892758926,0.15225563909774423,0.25683615819209027,0.006832188229528122,0.1350837138508371,0.8649162861491626
sbm_2_s1,sbm,Louv,1.0,5,1.6094379124291003,0.7999999999999999,60.0,60.0,60.0,0.0,0.9999999999999833,0.0,300,2628,0.05859531772575251,17.52,3.8370474760332756,0.8649162861491626,0.6647883320707335,0.13503745193784633,0.12557286892758926,0.15225563909774423,0.25683615819209027,0.006832188229528122,0.1350837138508371,0.8649162861491626
sbm_2_s1,sbm,Leid,1.0,5,1.6094379124291003,0.7999999999999999,60.0,60.0,60.0,0.0,0.9999999999999833,0.0,300,2628,0.05859531772575251,17.52,3.8370474760332756,0.8649162861491626,0.6647883320707335,0.13503745193784633,0.12557286892758926,0.15225563909774423,0.25683615819209027,0.006832188229528122,0.1350837138508371,0.8649162861491626
sbm_2_s1,sbm,Louv,1.0,5,1.6094379124291003,0.7999999999999999,60.0,60.0,60.0,0.0,0.9999999999999833,0.0,300,2628,0.05859531772575251,17.52,3.8370474760332756,0.8649162861491626,0.6647883320707335,0.13503745193784633,0.12557286892758926,0.15225563909774423,0.25683615819209027,0.006832188229528122,0.1350837138508371,0.8649162861491626
sbm_2_s1,sbm,Leid,1.0,5,1.6094379124291003,0.7999999999999999,60.0,60.0,60.0,0.0,0.9999999999999833,0.0,300,2628,0.05859531772575251,17.52,3.8370474760332756,0.8649162861491626,0.6647883320707335,0.13503745193784633,0.12557286892758926,0.15225563909774423,0.25683615819209027,0.006832188229528122,0.1350837138508371,0.8649162861491626
sbm_2_s1,sbm,Louv,1.0,5,1.6094379124291003,0.7999999999999999,60.0,60.0,60.0,0.0,0.9999999999999833,0.0,300,2628,0.05859531772575251,17.52,3.8370474760332756,0.8649162861491626,0.6647883320707335,0.13503745193784633,0.12557286892758926,0.15225563909774423,0.25683615819209027,0.006832188229528122,0.1350837138508371,0.8649162861491626
sbm_2_s1,sbm,Leid,1.0,5,1.6094379124291003,0.7999999999999999,60.0,60.0,60.0,0.0,0.9999999999999833,0.0,300,2628,0.05859531772575251,17.52,3.8370474760332756,0.8649162861491626,0.6647883320707335,0.13503745193784633,0.12557286892758926,0.15225563909774423,0.25683615819209027,0.006832188229528122,0.1350837138508371,0.8649162861491626
sbm_2_s1,sbm,Louv,1.0,5,1.6094379124291003,0.7999999999999999,60.0,60.0,60.0,0.0,0.9999999999999833,0.0,300,2628,0.05859531772575251,17.52,3.8370474760332756,0.8649162861491626,0.6647883320707335,0.13503745193784633,0.12557286892758926,0.15225563909774423,0.25683615819209027,0.006832188229528122,0.1350837138508371,0.8649162861491626
sbm_2_s1,sbm,Leid,1.0,5,1.6094379124291003,0.7999999999999999,60.0,60.0,60.0,0.0,0.9999999999999833,0.0,300,2628,0.05859531772575251,17.52,3.8370474760332756,0.8649162861491626,0.6647883320707335,0.13503745193784633,0.12557286892758926,0.15225563909774423,0.2568361581920902,0.006832188229528122,0.1350837138508371,0.8649162861491626
sbm_2_s1,sbm,Louv,1.0,5,1.6094379124291003,0.7999999999999999,60.0,60.0,60.0,0.0,0.9999999999999833,0.0,300,2628,0.05859531772575251,17.52,3.8370474760332756,0.8649162861491626,0.6647883320707335,0.13503745193784633,0.12557286892758926,0.15225563909774423,0.25683615819209027,0.006832188229528122,0.1350837138508371,0.8649162861491626
sbm_2_s1,sbm,Leid,0.923661182700242,7,1.8754717981284197,0.8377777777777777,22.0,60.0,42.857142857142854,15.779087167410372,0.36666666666666053,0.3681787005729001,300,2628,0.05859531772575251,17.52,3.8370474760332756,0.75076103500761,0.5891997896439005,0.3090175178278684,0.12557286892758926,0.5175879396984912,0.3110067607405271,0.061224255504311605,0.24923896499238957,0.75076103500761
sbm_2_s1,sbm,Louv,0.622813850626681,35,3.4999667990408243,0.9684666666666667,3.0,14.0,8.571428571428571,2.7597692893813144,0.21428571428569898,0.3219730837611158,300,2628,0.05859531772575251,17.52,3.8370474760332756,0.2834855403348553,0.2524284777678159,0.7354421799254912,0.6125654450261748,0.8947368421052474,0.6613483342054335,0.148094494105334,0.7165144596651444,0.2834855403348553
sbm_2_s1,sbm,Leid,0.6275019714115863,36,3.520228561130346,0.9688,1.0,18.0,8.333333333333334,2.9249881291307074,0.05555555555555247,0.35099857549564273,300,2628,0.05859531772575251,17.52,3.8370474760332756,0.28310502283105016,0.2520891540348755,0.7391261943499399,0.5576323987538923,0.9999999999999475,0.6408933568247006,0.1612344412983765,0.7168949771689496,0.28310502283105016
sbm_2_s1,sbm,GMod,1.0,5,1.6094379124291003,0.7999999999999999,60.0,60.0,60.0,0.0,0.9999999999999833,0.0,300,2628,0.05859531772575251,17.52,3.8370474760332756,0.8649162861491626,0.6647883320707335,0.13503745193784633,0.12557286892758926,0.15225563909774423,0.25683615819209027,0.006832188229528122,0.1350837138508371,0.8649162861491626
sbm_3_s1,sbm,Louv,0.20168103018657263,45,2.788266513690649,0.8568222222222222,1.0,97.0,6.666666666666667,15.553491926609636,0.010309278350515358,2.3330237889910954,300,2713,0.06049052396878484,18.086666666666666,3.7619793844316702,0.2838186509399188,0.13326532949638803,0.8938348858299583,0.5445983379501382,0.9999999999999744,0.5542449547208792,0.4052345131275135,0.7161813490600808,0.2838186509399188
sbm_3_s1,sbm,Leid,0.0,1,-1.000088900581841e-12,0.0,300.0,300.0,300.0,0.0,0.9999999999999966,0.0,300,2713,0.06049052396878484,18.086666666666666,3.7619793844316702,0.9999999999999997,0.0,0.0,0.0,0.0,0.06049052396878484,0.0,0.0,0.9999999999999997
sbm_3_s1,sbm,Louv,0.1522220847775991,28,2.683794403493368,0.9003333333333333,1.0,51.0,10.714285714285714,14.337406477107216,0.019607843137254517,1.3381579378632154,300,2713,0.06049052396878484,18.086666666666666,3.7619793844316702,0.2742351640250644,0.17264331448599926,0.8501017878852183,0.6399999999999993,0.99999999999995,0.4756401919164081,0.35881302776208207,0.7257648359749352,0.2742351640250644
sbm_3_s1,sbm,Leid,0.0,1,-1.000088900581841e-12,0.0,300.0,300.0,300.0,0.0,0.9999999999999966,0.0,300,2713,0.06049052396878484,18.086666666666666,3.7619793844316702,0.9999999999999997,0.0,0.0,0.0,0.0,0.06049052396878484,0.0,0.0,0.9999999999999997
sbm_3_s1,sbm,Louv,0.09401713075180078,15,2.328986521055608,0.8732,3.0,66.0,20.0,18.994736112934024,0.04545454545454477,0.9497368056466539,300,2713,0.06049052396878484,18.086666666666666,3.7619793844316702,0.33210468116476216,0.1998944618129879,0.7524348660815373,0.5575364667747159,0.8775510204081454,0.42412885885722085,0.2790808208992157,0.6678953188352376,0.33210468116476216
sbm_3_s1,sbm,Leid,0.024717733474695906,3,1.0794082042032374,0.6534,83.0,128.0,100.0,19.949937343260004,0.648437499999995,0.19949937343259805,300,2713,0.06049052396878484,18.086666666666666,3.7619793844316702,0.5337265020272759,0.1883167134691209,0.47487157738712266,0.41119860017497795,0.5131136516476124,0.09821389440913407,0.010905487151879063,0.46627349797272377,0.5337265020272759
sbm_3_s1,sbm,Louv,0.10765690386787434,11,2.3670926278103446,0.9032222222222223,18.0,44.0,27.272727272727273,6.929396000058001,0.4090909090908998,0.25407785333545074,300,2713,0.06049052396878484,18.086666666666666,3.7619793844316702,0.29377073350534455,0.19693557483327265,0.7123077414400968,0.6548223350253799,0.7456140350877176,0.2065492944279085,0.03536098150719689,0.7062292664946551,0.29377073350534455
sbm_3_s1,sbm,Leid,0.053099336957055376,9,2.1371963058253485,0.8750222222222223,20.0,58.0,33.333333333333336,11.775681155103795,0.3448275862068906,0.3532704346531032,300,2713,0.06049052396878484,18.086666666666666,3.7619793844316702,0.3361592333210467,0.2107838615156387,0.6804060230124451,0.5858778625954193,0.739393939393937,0.1917822298726193,0.03860165947430372,0.663840766678953,0.3361592333210467
sbm_3_s1,sbm,Louv,0.11046831334354223,18,2.846455925705761,0.9399111111111111,7.0,23.0,16.666666666666668,4.760952285695233,0.30434782608694333,0.2856571371416969,300,2713,0.06049052396878484,18.086666666666666,3.7619793844316702,0.24585329893107252,0.18591873586772617,0.763310604839273,0.7121588089330007,0.8487394957983122,0.2921717270289268,0.06368955252519719,0.7541467010689271,0.24585329893107252
sbm_3_s1,sbm,Leid,0.09404496876294648,18,2.7990765362912775,0.9354888888888889,4.0,28.0,16.666666666666668,6.691619966628243,0.14285714285713777,0.40149719799767053,300,2713,0.06049052396878484,18.086666666666666,3.7619793844316702,0.2613343162550681,0.19693774863733057,0.7565647724947536,0.6859504132231391,0.8701298701298589,0.3423938115401235,0.16291680671869854,0.7386656837449316,0.2613343162550681
sbm_3_s1,sbm,Louv,0.15665073725529383,29,3.305227650401906,0.9616,3.0,16.0,10.344827586206897,3.486682664762631,0.18749999999998831,0.3370459909270217,300,2713,0.06049052396878484,18.086666666666666,3.7619793844316702,0.21083671212679683,0.17271341966686726,0.8006900613989056,0.7379912663755427,0.9076923076922938,0.4414933725278222,0.1729006189779952,0.7891632878732028,0.21083671212679683
sbm_3_s1,sbm,Leid,0.1574268987895628,29,3.334124518107784,0.9633111111111111,4.0,17.0,10.344827586206897,2.6166029842469483,0.235294117647045,0.25293828847718053,300,2713,0.06049052396878484,18.086666666666666,3.7619793844316702,0.2137854773313674,0.17711374253111498,0.7927787178259607,0.7362637362637335,0.8749999999999891,0.4283666750198039,0.1131023133034507,0.7862145226686322,0.2137854773313674
sbm_3_s1,sbm,Louv,0.18206050515691521,43,3.716460397698324,0.9746444444444444,3.0,14.0,6.976744186046512,2.096379737625477,0.21428571428569898,0.3004810957262753,300,2713,0.06049052396878484,18.086666666666666,3.7619793844316702,0.18208625138223364,0.15703017063410815,0.8260122278885705,0.7444933920704813,0.9199999999999878,0.5687823804102383,0.14394032150800837,0.817913748617766,0.18208625138223364
sbm_3_s1,sbm,Leid,0.22229138874413945,45,3.774863401331102,0.9763555555555555,4.0,12.0,6.666666666666667,1.6865480854231356,0.33333333333330556,0.25298221281343236,300,2713,0.06049052396878484,18.086666666666666,3.7619793844316702,0.17729450792480642,0.15382897243331137,0.8280763806807104,0.7526881720430068,0.8723404255319057,0.5829469296135513,0.13266121028341332,0.8227054920751933,0.17729450792480642
sbm_3_s1,sbm,Louv,0.2692914163930119,72,4.232945831226494,0.9848888888888889,2.0,7.0,4.166666666666667,1.2360330811826103,0.2857142857142449,0.2966479394837553,300,2713,0.06049052396878484,18.086666666666666,3.7619793844316702,0.1404349428676741,0.12545362875149332,0.8678908719674542,0.7952755905511749,0.9499999999999762,0.8001322751320716,0.1558144351784292,0.8595650571323256,0.1404349428676741
sbm_3_s1,sbm,Leid,0.25899693060061896,73,4.247211842406351,0.9851111111111112,2.0,8.0,4.109589041095891,1.2113803270922818,0.24999999999996875,0.29476921292571684,300,2713,0.06049052396878484,18.086666666666666,3.7619793844316702,0.13932915591596015,0.12440089620506803,0.8689881102241498,0.7834394904458549,0.9534883720930011,0.8050554468360529,0.14853259043206254,0.8606708440840395,0.13932915591596015
sbm_3_s1,sbm,GMod,0.04799546194300787,6,1.485116029358085,0.7453777777777778,5.0,88.0,50.0,36.32262839241309,0.05681818181818118,0.7264525678482472,300,2713,0.06049052396878484,18.086666666666666,3.7619793844316702,0.4493180980464429,0.19302945273531802,0.6706950957423158,0.4909993792675354,0.9019607843137167,0.2045339295592757,0.14123413079086855,0.5506819019535568,0.4493180980464429
sbm_4_s1,sbm,Louv,0.6434404985096934,36,2.0028857058918126,0.7106172839506173,1.0,135.0,7.5,23.01629857296781,0.007407407407407353,3.068839809728632,270,4063,0.11188214236541374,30.096296296296295,11.403621305321018,0.6773320206743784,0.23243892086300852,0.9060344278938567,0.22826855123674905,0.9999999999999767,0.3395641321109282,0.41945401745343636,0.3226679793256214,0.6773320206743784
sbm_4_s1,sbm,Leid,0.8292539506401841,2,0.6869615765953234,0.49382716049382713,120.0,150.0,135.0,15.0,0.7999999999999947,0.11111111111111029,270,4063,0.11188214236541374,30.096296296296295,11.403621305321018,0.9534826482894411,0.35600136515885156,0.08329660643455264,0.08329660643455264,0.08329660643455264,0.19963002650724718,0.053971763201925066,0.04651735171055869,0.9534826482894411
sbm_4_s1,sbm,Louv,0.6407267275308337,36,2.015476630995794,0.7141838134430727,1.0,134.0,7.5,22.85886650247072,0.0074626865671641235,3.047848866995689,270,4063,0.11188214236541374,30.096296296296295,11.403621305321018,0.6719173024858478,0.2315231813192767,0.9058354280789312,0.2325988107729975,0.9999999999999767,0.3358929863083363,0.41564304160018556,0.32808269751415203,0.6719173024858478
sbm_4_s1,sbm,Leid,1.0,3,0.9698567625031291,0.5816186556927297,40.0,150.0,90.0,45.46060565661952,0.2666666666666649,0.5051178406291003,270,4063,0.11188214236541374,30.096296296296295,11.403621305321018,0.945114447452621,0.3749178048492823,0.12484511115744802,0.08329660643455264,0.20467836257309902,0.2563125732006879,0.0036961244768188174,0.05488555254737877,0.945114447452621
sbm_4_s1,sbm,Louv,1.0,3,0.9698567625031291,0.5816186556927297,40.0,150.0,90.0,45.46060565661952,0.2666666666666649,0.5051178406291003,270,4063,0.11188214236541374,30.096296296296295,11.403621305321018,0.945114447452621,0.3749178048492823,0.12484511115744805,0.08329660643455264,0.20467836257309902,0.2563125732006879,0.0036961244768188174,0.05488555254737877,0.945114447452621
sbm_4_s1,sbm,Leid,1.0,3,0.9698567625031291,0.5816186556927297,40.0,150.0,90.0,45.46060565661952,0.2666666666666649,0.5051178406291003,270,4063,0.11188214236541374,30.096296296296295,11.403621305321018,0.945114447452621,0.3749178048492823,0.12484511115744802,0.08329660643455264,0.20467836257309902,0.2563125732006879,0.0036961244768188174,0.05488555254737877,0.945114447452621
sbm_4_s1,sbm,Louv,1.0,3,0.9698567625031291,0.5816186556927297,40.0,150.0,90.0,45.46060565661952,0.2666666666666649,0.5051178406291003,270,4063,0.11188214236541374,30.096296296296295,11.403621305321018,0.945114447452621,0.3749178048492823,0.12484511115744805,0.08329660643455264,0.20467836257309902,0.2563125732006879,0.0036961244768188174,0.05488555254737877,0.945114447452621
sbm_4_s1,sbm,Leid,1.0,3,0.9698567625031291,0.5816186556927297,40.0,150.0,90.0,45.46060565661952,0.2666666666666649,0.5051178406291003,270,4063,0.11188214236541374,30.096296296296295,11.403621305321018,0.945114447452621,0.3749178048492823,0.12484511115744802,0.08329660643455264,0.20467836257309902,0.2563125732006879,0.0036961244768188174,0.05488555254737877,0.945114447452621
sbm_4_s1,sbm,Louv,0.6161598329164524,11,2.1782120037168946,0.8544855967078189,11.0,80.0,24.545454545454547,19.023256753791166,0.1374999999999983,0.7750215714507197,270,4063,0.11188214236541374,30.096296296296295,11.403621305321018,0.40265813438346043,0.29194321239638876,0.6734603977248557,0.08656036446469244,0.8414918414918395,0.4828577090966295,0.11764823313732513,0.5973418656165393,0.40265813438346043
sbm_4_s1,sbm,Leid,0.6032311181609842,12,2.245682798712874,0.859039780521262,11.0,80.0,22.5,18.710513978331363,0.1374999999999983,0.8315783990369126,270,4063,0.11188214236541374,30.096296296296295,11.403621305321018,0.3905980802362785,0.2872426644367942,0.693762399927338,0.08656036446469244,0.8482758620689635,0.5015886312330793,0.11391662018996766,0.6094019197637213,0.3905980802362785
sbm_4_s1,sbm,Louv,0.5541880162511009,19,2.530243326491196,0.8712208504801098,5.0,80.0,14.210526315789474,17.092870004365842,0.06249999999999922,1.2028315928997337,270,4063,0.11188214236541374,30.096296296296295,11.403621305321018,0.3534334235786364,0.2709276047223012,0.7834240476864803,0.08656036446469244,0.9081632653061178,0.6741671275648387,0.16196175348720268,0.6465665764213634,0.3534334235786364
sbm_4_s1,sbm,Leid,0.5501276222936184,20,2.5560769415934925,0.8718244170096022,5.0,80.0,13.5,16.880462078983502,0.06249999999999922,1.2504045984431298,270,4063,0.11188214236541374,30.096296296296295,11.403621305321018,0.3517105587004676,0.27025583825605687,0.7908482819964953,0.08656036446469244,0.9008264462809881,0.7070929703207893,0.17403375275881586,0.6482894412995323,0.3517105587004676
sbm_4_s1,sbm,Louv,0.5103089154629702,31,2.8312007268317982,0.8792592592592593,4.0,80.0,8.709677419354838,14.424874457746528,0.04999999999999938,1.6561892895929298,270,4063,0.11188214236541374,30.096296296296295,11.403621305321018,0.32020674378538017,0.25093953108344214,0.8533983334717047,0.08656036446469244,0.9289940828402312,0.8832904063405372,0.17909771845109765,0.6797932562146196,0.32020674378538017
sbm_4_s1,sbm,Leid,0.5123279744586238,31,2.8162209488389682,0.8787379972565158,2.0,80.0,8.709677419354838,14.467301392221046,0.02499999999999969,1.6610605302177812,270,4063,0.11188214236541374,30.096296296296295,11.403621305321018,0.32340634998769374,0.25347264100144595,0.8542712284256231,0.08656036446469244,0.9772727272727162,0.8784516966630737,0.1774671719154242,0.676593650012306,0.32340634998769374
sbm_4_s1,sbm,Louv,0.4118758743220415,72,3.7396046211581204,0.9575582990397805,1.0,40.0,3.75,5.376776192312845,0.024999999999999373,1.4338069846163763,270,4063,0.11188214236541374,30.096296296296295,11.403621305321018,0.15185823283288208,0.1299743475408756,0.9311720368787609,0.20467836257309902,0.9999999999999811,0.5186533872807136,0.4735430770000389,0.8481417671671178,0.15185823283288208
sbm_4_s1,sbm,Leid,0.40186029750889973,77,3.796227198609866,0.9582441700960219,1.0,40.0,3.5064935064935066,5.218905136270098,0.024999999999999373,1.4883544277506775,270,4063,0.11188214236541374,30.096296296296295,11.403621305321018,0.1474280088604479,0.12653597786620518,0.9364829973486833,0.20467836257309902,0.9999999999999811,0.5249076320503078,0.47487295429254167,0.8525719911395518,0.1474280088604479
sbm_4_s1,sbm,GMod,0.8292539506401841,2,0.6869615765953234,0.49382716049382713,120.0,150.0,135.0,15.0,0.7999999999999947,0.11111111111111029,270,4063,0.11188214236541374,30.096296296296295,11.403621305321018,0.9534826482894411,0.35600136515885156,0.08329660643455264,0.08329660643455264,0.08329660643455264,0.19963002650724718,0.053971763201925066,0.04651735171055869,0.9534826482894411
sbm_5_s1,sbm,Louv,0.4619072540223178,44,2.67540757186706,0.8448790123456791,1.0,161.0,10.227272727272727,24.684245653271933,0.006211180124223564,2.413570686097464,450,4298,0.04254392477109626,19.102222222222224,4.216712194162065,0.38925081433224745,0.22769247700565656,0.8762088553643621,0.33757556474705686,0.9999999999999767,0.401405116908022,0.3659466496168345,0.6107491856677523,0.38925081433224745
sbm_5_s1,sbm,Leid,0.0,1,-1.000088900581841e-12,0.0,450.0,450.0,450.0,0.0,0.9999999999999978,0.0,450,4298,0.04254392477109626,19.102222222222224,4.216712194162065,0.9999999999999998,0.0,0.0,0.0,0.0,0.04254392477109626,0.0,0.0,0.9999999999999998
sbm_5_s1,sbm,Louv,1.0,3,1.0986122886651097,0.6666666666666667,150.0,150.0,150.0,0.0,0.9999999999999933,0.0,450,4298,0.04254392477109626,19.102222222222224,4.216712194162065,0.7638436482084688,0.430470788300466,0.23616556597601787,0.23341523341523335,0.23960535588442558,0.0979269202087994,0.00121457259188679,0.23615635179153088,0.7638436482084688
sbm_5_s1,sbm,Leid,1.0,3,1.0986122886651097,0.6666666666666667,150.0,150.0,150.0,0.0,0.9999999999999933,0.0,450,4298,0.04254392477109626,19.102222222222224,4.216712194162065,0.7638436482084688,0.430470788300466,0.23616556597601787,0.23341523341523335,0.23960535588442558,0.0979269202087994,0.00121457259188679,0.23615635179153088,0.7638436482084688
sbm_5_s1,sbm,Louv,1.0,3,1.0986122886651097,0.6666666666666667,150.0,150.0,150.0,0.0,0.9999999999999933,0.0,450,4298,0.04254392477109626,19.102222222222224,4.216712194162065,0.7638436482084688,0.430470788300466,0.23616556597601787,0.23341523341523335,0.23960535588442558,0.0979269202087994,0.00121457259188679,0.23615635179153088,0.7638436482084688
sbm_5_s1,sbm,Leid,1.0,3,1.0986122886651097,0.6666666666666667,150.0,150.0,150.0,0.0,0.9999999999999933,0.0,450,4298,0.04254392477109626,19.102222222222224,4.216712194162065,0.7638436482084688,0.430470788300466,0.23616556597601787,0.23341523341523335,0.23960535588442558,0.0979269202087994,0.00121457259188679,0.23615635179153088,0.7638436482084688
sbm_5_s1,sbm,Louv,1.0,3,1.0986122886651097,0.6666666666666667,150.0,150.0,150.0,0.0,0.9999999999999933,0.0,450,4298,0.04254392477109626,19.102222222222224,4.216712194162065,0.7638436482084688,0.430470788300466,0.23616556597601787,0.23341523341523335,0.23960535588442558,0.0979269202087994,0.00121457259188679,0.23615635179153088,0.7638436482084688
sbm_5_s1,sbm,Leid,1.0,3,1.0986122886651097,0.6666666666666667,150.0,150.0,150.0,0.0,0.9999999999999933,0.0,450,4298,0.04254392477109626,19.102222222222224,4.216712194162065,0.7638436482084688,0.430470788300466,0.23616556597601787,0.23341523341523335,0.23960535588442558,0.0979269202087994,0.00121457259188679,0.23615635179153088,0.7638436482084688
sbm_5_s1,sbm,Louv,0.9580113122811513,3,1.0984202702857064,0.6665382716049383,147.0,154.0,150.0,2.943920288775949,0.9545454545454484,0.019626135258506195,450,4298,0.04254392477109626,19.102222222222224,4.216712194162065,0.7598883201489063,0.4265366806252045,0.2400865572737767,0.2349418809439943,0.24316845382220678,0.09751932642883633,0.0034742051015934873,0.24011167985109347,0.7598883201489063
sbm_5_s1,sbm,Leid,1.0,3,1.0986122886651097,0.6666666666666667,150.0,150.0,150.0,0.0,0.9999999999999933,0.0,450,4298,0.04254392477109626,19.102222222222224,4.216712194162065,0.7638436482084688,0.430470788300466,0.23616556597601787,0.23341523341523335,0.23960535588442558,0.0979269202087994,0.00121457259188679,0.23615635179153088,0.7638436482084688
sbm_5_s1,sbm,Louv,0.5056204515538043,19,2.8789974611347797,0.9400987654320988,12.0,44.0,23.68421052631579,8.80222837562917,0.2727272727272665,0.37164964252654925,450,4298,0.04254392477109626,19.102222222222224,4.216712194162065,0.2987436016751977,0.23820100619267115,0.718577887671437,0.6068181818181811,0.7777777777777735,0.25532794798539205,0.05642258128863816,0.7012563983248021,0.2987436016751977
sbm_5_s1,sbm,Leid,0.5534795348395509,16,2.7340298188192866,0.9326222222222222,16.0,46.0,28.125,7.857122564908861,0.3478260869565142,0.2793643578634163,450,4298,0.04254392477109626,19.102222222222224,4.216712194162065,0.3285248953001395,0.26086359168862505,0.6833967611852949,0.5967741935483863,0.750819672131145,0.23306685555665613,0.03919417338742959,0.6714751046998603,0.3285248953001395
sbm_5_s1,sbm,Louv,0.404806529466405,41,3.618284634634926,0.9711901234567901,4.0,19.0,10.975609756097562,4.672116587659741,0.21052631578946263,0.42568173354229316,450,4298,0.04254392477109626,19.102222222222224,4.216712194162065,0.22196370404839455,0.19305509872783796,0.7972811386466464,0.717579250720459,0.8787878787878656,0.45408150417209203,0.1585901953068741,0.7780362959516053,0.22196370404839455
sbm_5_s1,sbm,Leid,0.42533792306124735,40,3.6262262954233524,0.9720493827160493,4.0,19.0,11.25,3.8649062084350767,0.21052631578946263,0.34354721852753184,450,4298,0.04254392477109626,19.102222222222224,4.216712194162065,0.22312703583061885,0.19500201485383595,0.7900719704512434,0.7111111111111091,0.8780487804877942,0.43652636858323757,0.1416720904724995,0.7768729641693809,0.22312703583061885
sbm_5_s1,sbm,Louv,0.3601802979873513,73,4.232132909186587,0.9847604938271605,2.0,13.0,6.164383561643835,2.0674496143013945,0.153846153846142,0.33538627076439403,450,4298,0.04254392477109626,19.102222222222224,4.216712194162065,0.16728711028385293,0.1520903648412011,0.8433546242303664,0.7617021276595712,0.9534883720930011,0.6398044877495883,0.17150018689006233,0.8327128897161469,0.16728711028385293
sbm_5_s1,sbm,Leid,0.3753783249927091,77,4.2968064470504785,0.9858271604938271,2.0,10.0,5.8441558441558445,1.7659472647693546,0.19999999999998,0.30217319863826003,450,4298,0.04254392477109626,19.102222222222224,4.216712194162065,0.16426244765006975,0.15015543931500597,0.8436571648571509,0.7674418604651119,0.9374999999999707,0.6699237270664925,0.16457386689960754,0.83573755234993,0.16426244765006975
sbm_5_s1,sbm,GMod,0.9663429184281035,3,1.0985677444609294,0.666637037037037,148.0,151.0,150.0,1.4142135623730951,0.9801324503311194,0.009428090415820573,450,4298,0.04254392477109626,19.102222222222224,4.216712194162065,0.7610516519311306,0.42771522395842027,0.23894678544354517,0.23716381418092902,0.2401807438303788,0.09759863661471986,0.002047494070936484,0.2389483480688692,0.7610516519311306
sbm_0_s2,sbm,Louv,0.7168629671260915,12,1.9664429284207365,0.8146180555555556,1.0,80.0,20.0,22.132178684741664,0.012499999999999845,1.106608934237028,240,3066,0.10690376569037657,25.55,4.100508098597864,0.5808871493802998,0.39279028368712837,0.7032791655437797,0.062256809338521374,0.999999999999963,0.442925471308798,0.26277978022832466,0.41911285061969983,0.5808871493802998
sbm_0_s2,sbm,Leid,1.0,3,1.0986122886651097,0.6666666666666667,80.0,80.0,80.0,0.0,0.9999999999999876,0.0,240,3066,0.10690376569037657,25.55,4.100508098597864,0.940313111545988,0.6069161104111376,0.05971072427902204,0.05552873008208593,0.062256809338521374,0.3041139240506328,0.004827030037404031,0.059686888454011724,0.940313111545988
sbm_0_s2,sbm,Louv,1.0,3,1.0986122886651097,0.6666666666666667,80.0,80.0,80.0,0.0,0.9999999999999876,0.0,240,3066,0.10690376569037657,25.55,4.100508098597864,0.940313111545988,0.6069161104111376,0.05971072427902204,0.05552873008208593,0.062256809338521374,0.3041139240506328,0.004827030037404031,0.059686888454011724,0.940313111545988
sbm_0_s2,sbm,Leid,1.0,3,1.0986122886651097,0.6666666666666667,80.0,80.0,80.0,0.0,0.9999999999999876,0.0,240,3066,0.10690376569037657,25.55,4.100508098597864,0.940313111545988,0.6069161104111376,0.05971072427902204,0.05552873008208593,0.062256809338521374,0.3041139240506328,0.004827030037404031,0.059686888454011724,0.940313111545988
sbm_0_s2,sbm,Louv,1.0,3,1.0986122886651097,0.6666666666666667,80.0,80.0,80.0,0.0,0.9999999999999876,0.0,240,3066,0.10690376569037657,25.55,4.100508098597864,0.940313111545988,0.6069161104111376,0.05971072427902204,0.05552873008208593,0.062256809338521374,0.3041139240506328,0.004827030037404031,0.059686888454011724,0.940313111545988
sbm_0_s2,sbm,Leid,1.0,3,1.0986122886651097,0.6666666666666667,80.0,80.0,80.0,0.0,0.9999999999999876,0.0,240,3066,0.10690376569037657,25.55,4.100508098597864,0.940313111545988,0.6069161104111376,0.05971072427902204,0.05552873008208593,0.062256809338521374,0.3041139240506328,0.004827030037404031,0.059686888454011724,0.940313111545988
sbm_0_s2,sbm,Louv,1.0,3,1.0986122886651097,0.6666666666666667,80.0,80.0,80.0,0.0,0.9999999999999876,0.0,240,3066,0.10690376569037657,25.55,4.100508098597864,0.940313111545988,0.6069161104111376,0.05971072427902204,0.05552873008208593,0.062256809338521374,0.3041139240506328,0.004827030037404031,0.059686888454011724,0.940313111545988
sbm_0_s2,sbm,Leid,1.0,3,1.0986122886651097,0.6666666666666667,80.0,80.0,80.0,0.0,0.9999999999999876,0.0,240,3066,0.10690376569037657,25.55,4.100508098597864,0.940313111545988,0.6069161104111376,0.05971072427902204,0.05552873008208593,0.062256809338521374,0.3041139240506328,0.004827030037404031,0.059686888454011724,0.940313111545988
sbm_0_s2,sbm,Louv,1.0,3,1.0986122886651097,0.6666666666666667,80.0,80.0,80.0,0.0,0.9999999999999876,0.0,240,3066,0.10690376569037657,25.55,4.100508098597864,0.940313111545988,0.6069161104111376,0.05971072427902204,0.05552873008208593,0.062256809338521374,0.3041139240506328,0.004827030037404031,0.059686888454011724,0.940313111545988
sbm_0_s2,sbm,Leid,1.0,3,1.0986122886651097,0.6666666666666667,80.0,80.0,80.0,0.0,0.9999999999999876,0.0,240,3066,0.10690376569037657,25.55,4.100508098597864,0.940313111545988,0.6069161104111376,0.05971072427902204,0.05552873008208593,0.062256809338521374,0.3041139240506328,0.004827030037404031,0.059686888454011724,0.940313111545988
sbm_0_s2,sbm,Louv,1.0,3,1.0986122886651097,0.6666666666666667,80.0,80.0,80.0,0.0,0.9999999999999876,0.0,240,3066,0.10690376569037657,25.55,4.100508098597864,0.940313111545988,0.6069161104111376,0.05971072427902204,0.05552873008208593,0.062256809338521374,0.3041139240506328,0.004827030037404031,0.059686888454011724,0.940313111545988
sbm_0_s2,sbm,Leid,1.0,3,1.0986122886651097,0.6666666666666667,80.0,80.0,80.0,0.0,0.9999999999999876,0.0,240,3066,0.10690376569037657,25.55,4.100508098597864,0.940313111545988,0.6069161104111376,0.05971072427902204,0.05552873008208593,0.062256809338521374,0.3041139240506328,0.004827030037404031,0.059686888454011724,0.940313111545988
sbm_0_s2,sbm,Louv,0.5293044611736062,22,3.052542176292859,0.9513541666666666,4.0,16.0,10.909090909090908,2.8905660173790264,0.2499999999999844,0.26496855159305316,240,3066,0.10690376569037657,25.55,4.100508098597864,0.25212002609262874,0.20377749523528685,0.7602535686262702,0.6880222841225607,0.9082568807339366,0.6427071665707826,0.09067662758841744,0.7478799739073709,0.25212002609262874
sbm_0_s2,sbm,Leid,0.5469030548723548,19,2.9189636925789735,0.9446527777777778,8.0,19.0,12.631578947368421,2.869265930618739,0.42105263157892525,0.22715021950729886,240,3066,0.10690376569037657,25.55,4.100508098597864,0.27853881278538806,0.22321745048804534,0.7296860095220833,0.6428571428571415,0.8109452736318368,0.6105543782706787,0.07890275673107956,0.7214611872146116,0.27853881278538806
sbm_0_s2,sbm,Louv,0.4500785415697752,45,3.7575892904684767,0.9756597222222222,2.0,9.0,5.333333333333333,1.6465452046971292,0.22222222222219754,0.3087272258806538,240,3066,0.10690376569037657,25.55,4.100508098597864,0.16014350945857792,0.13611527052805233,0.8520205666957446,0.7674418604651128,0.9696969696969551,0.9022751322749797,0.10111090345752873,0.8398564905414218,0.16014350945857792
sbm_0_s2,sbm,Leid,0.45077363620008604,46,3.7757290677553987,0.9761458333333334,1.0,9.0,5.217391304347826,1.6273884584532956,0.11111111111109877,0.31191612120348855,240,3066,0.10690376569037657,25.55,4.100508098597864,0.15883887801696017,0.13497893058518204,0.8555345086972651,0.7395348837209268,0.9999999999999656,0.8758626639060079,0.15387809930229693,0.8411611219830395,0.15883887801696017
sbm_0_s2,sbm,GMod,1.0,3,1.0986122886651097,0.6666666666666667,80.0,80.0,80.0,0.0,0.9999999999999876,0.0,240,3066,0.10690376569037657,25.55,4.100508098597864,0.940313111545988,0.6069161104111376,0.05971072427902204,0.05552873008208593,0.062256809338521374,0.3041139240506328,0.004827030037404031,0.059686888454011724,0.940313111545988
sbm_1_s2,sbm,Louv,0.27263847071365716,88,3.9505922657599837,0.9591319444444444,1.0,39.0,2.727272727272727,4.394540188810927,0.02564102564102498,1.6113314025634158,240,2392,0.08340306834030684,19.933333333333334,4.341146801889514,0.13377926421404676,0.0872186832362054,0.9441057057524893,0.7078916372202583,0.9999999999999667,0.4926188444726167,0.47262222268700194,0.8662207357859528,0.13377926421404676
sbm_1_s2,sbm,Leid,0.0,1,-1.000088900581841e-12,0.0,240.0,240.0,240.0,0.0,0.9999999999999959,0.0,240,2392,0.08340306834030684,19.933333333333334,4.341146801889514,0.9999999999999997,0.0,0.0,0.0,0.0,0.08340306834030684,0.0,0.0,0.9999999999999997
sbm_1_s2,sbm,Louv,0.28400911906036586,22,1.819250201185585,0.6980555555555554,1.0,121.0,10.909090909090908,25.91403461606557,0.008264462809917288,2.3754531731391264,240,2392,0.08340306834030684,19.933333333333334,4.341146801889514,0.44021739130434767,0.13331619962304664,0.8793115039611479,0.37998303647158593,0.99999999999995,0.5313298764808452,0.42514058709481434,0.559782608695652,0.44021739130434767
sbm_1_s2,sbm,Leid,0.0,1,-1.000088900581841e-12,0.0,240.0,240.0,240.0,0.0,0.9999999999999959,0.0,240,2392,0.08340306834030684,19.933333333333334,4.341146801889514,0.9999999999999997,0.0,0.0,0.0,0.0,0.08340306834030684,0.0,0.0,0.9999999999999997
sbm_1_s2,sbm,Louv,0.6895946899327725,4,1.3275039892264773,0.7235763888888889,29.0,83.0,60.0,19.50640920313116,0.3493975903614416,0.32510682005218056,240,2392,0.08340306834030684,19.933333333333334,4.341146801889514,0.5158862876254179,0.2390773907730339,0.5138446020148278,0.39726027397260255,0.6518771331058009,0.17760993260156627,0.043005249122462015,0.48411371237458173,0.5158862876254179
sbm_1_s2,sbm,Leid,0.8955151949931884,3,1.0984039336249602,0.6665277777777778,78.0,82.0,80.0,1.632993161855452,0.9512195121951104,0.020412414523192896,240,2392,0.08340306834030684,19.933333333333334,4.341146801889514,0.5903010033444814,0.25674410451225377,0.409935563832285,0.39745916515426477,0.42418426103646806,0.1489573502283186,0.004992770986889426,0.40969899665551823,0.5903010033444814
sbm_1_s2,sbm,Louv,0.29475948921645234,8,1.915117891849636,0.8351388888888889,9.0,61.0,30.0,16.941074346097416,0.14754098360655496,0.5647024782032284,240,2392,0.08340306834030684,19.933333333333334,4.341146801889514,0.3666387959866219,0.2029760922696614,0.6854736149986126,0.5369127516778519,0.8181818181818138,0.27645185991798404,0.11740691127838805,0.6333612040133777,0.3666387959866219
sbm_1_s2,sbm,Leid,0.5069573834839128,6,1.677823259525788,0.7972916666666667,15.0,63.0,40.0,18.601075237738275,0.2380952380952343,0.46502688094344524,240,2392,0.08340306834030684,19.933333333333334,4.341146801889514,0.44356187290969884,0.2389205308106173,0.6062030157784718,0.4778404512489924,0.7536231884057943,0.2264054100109538,0.05657584424629638,0.5564381270903008,0.44356187290969884
sbm_1_s2,sbm,Louv,0.3372101649963105,15,2.6427987526951244,0.9257291666666667,4.0,23.0,16.0,5.403702434442518,0.17391304347825332,0.3377314021526363,240,2392,0.08340306834030684,19.933333333333334,4.341146801889514,0.26964882943143803,0.1945185002125256,0.7447320659197322,0.6894977168949755,0.8235294117646939,0.3887609655566164,0.17526054710264946,0.7303511705685616,0.26964882943143803
sbm_1_s2,sbm,Leid,0.35987424286030956,16,2.701014743296486,0.9281597222222222,8.0,26.0,15.0,5.798706752371601,0.3076923076922959,0.38658045015808096,240,2392,0.08340306834030684,19.933333333333334,4.341146801889514,0.2692307692307691,0.19592779303363492,0.7512098376484728,0.652650822669103,0.8364779874213785,0.3804249502404475,0.07727101446871368,0.7307692307692305,0.2692307692307691
sbm_1_s2,sbm,Louv,0.3070349760471118,24,3.1304534466285325,0.9545138888888889,3.0,18.0,10.0,3.0276503540974917,0.16666666666665741,0.3027650354097189,240,2392,0.08340306834030684,19.933333333333334,4.341146801889514,0.21279264214046814,0.16724234418518807,0.7971443184094875,0.7262569832402214,0.8928571428571269,0.4865205872558551,0.13444565694148639,0.7872073578595314,0.21279264214046814
sbm_1_s2,sbm,Leid,0.30010696141926957,25,3.1474280074871577,0.9540972222222223,4.0,21.0,9.6,3.687817782917155,0.19047619047618142,0.38414768572049696,240,2392,0.08340306834030684,19.933333333333334,4.341146801889514,0.21948160535117048,0.17303838533685312,0.7956376944177986,0.6760563380281673,0.8765432098765324,0.5244699744699463,0.15243012790152566,0.7805183946488291,0.21948160535117048
sbm_1_s2,sbm,Louv,0.26968933209686785,39,3.628329553444331,0.9725694444444445,3.0,11.0,6.153846153846154,1.625729998374088,0.27272727272724795,0.26418112473574634,240,2392,0.08340306834030684,19.933333333333334,4.341146801889514,0.16638795986622068,0.13877632450979296,0.8402524479290425,0.7672413793103415,0.9090909090908954,0.6546102046101395,0.14829131337959842,0.833612040133779,0.16638795986622068
sbm_1_s2,sbm,Leid,0.3211167360464036,41,3.667221568736196,0.9733333333333334,3.0,10.0,5.853658536585366,1.7883222224217912,0.29999999999997,0.30550504633033715,240,2392,0.08340306834030684,19.933333333333334,4.341146801889514,0.16973244147157185,0.1429961633538775,0.8398777335640373,0.7608695652173872,0.9199999999999878,0.6994773519162948,0.13750822072905086,0.8302675585284278,0.16973244147157185
sbm_1_s2,sbm,Louv,0.27528830654689734,64,4.126372089567426,0.9833333333333333,2.0,7.0,3.75,0.9682458365518543,0.2857142857142449,0.25819888974709226,240,2392,0.08340306834030684,19.933333333333334,4.341146801889514,0.12499999999999996,0.10849230223934853,0.8810411049024279,0.8059701492537253,0.9534883720930011,0.8945684523807014,0.12313480064317073,0.8749999999999997,0.12499999999999996
sbm_1_s2,sbm,Leid,0.28014055894578455,63,4.116618446174724,0.983298611111111,2.0,6.0,3.8095238095238093,0.8702698515474794,0.33333333333327775,0.22844583603115337,240,2392,0.08340306834030684,19.933333333333334,4.341146801889514,0.1295986622073578,0.11286506862339349,0.8760320780075372,0.8053097345132673,0.9512195121950987,0.9010582010579674,0.10523648584497444,0.8704013377926418,0.1295986622073578
sbm_1_s2,sbm,GMod,0.6152444303031709,3,1.0645131923568285,0.6453819444444444,52.0,99.0,80.0,20.215505600075073,0.52525252525252,0.25269382000093527,240,2392,0.08340306834030684,19.933333333333334,4.341146801889514,0.5744147157190633,0.22164959354481498,0.44567342281287176,0.38596491228070157,0.5648060548722795,0.14543439840862174,0.02106699069965034,0.4255852842809363,0.5744147157190633
sbm_2_s2,sbm,Louv,1.0,5,1.6094379124291003,0.7999999999999999,60.0,60.0,60.0,0.0,0.9999999999999833,0.0,300,2632,0.0586845039018952,17.546666666666667,3.8558815103971,0.8472644376899693,0.6471561434668934,0.15262305637756218,0.1442590775269871,0.1594470046082948,0.2519774011299434,0.004533876304573754,0.15273556231003035,0.8472644376899693
sbm_2_s2,sbm,Leid,1.0,5,1.6094379124291003,0.7999999999999999,60.0,60.0,60.0,0.0,0.9999999999999833,0.0,300,2632,0.0586845039018952,17.546666666666667,3.8558815103971,0.8472644376899693,0.6471561434668933,0.15262305637756218,0.1442590775269871,0.1594470046082948,0.2519774011299434,0.004533876304573754,0.15273556231003035,0.8472644376899693
sbm_2_s2,sbm,Louv,1.0,5,1.6094379124291003,0.7999999999999999,60.0,60.0,60.0,0.0,0.9999999999999833,0.0,300,2632,0.0586845039018952,17.546666666666667,3.8558815103971,0.8472644376899693,0.6471561434668934,0.15262305637756218,0.1442590775269871,0.1594470046082948,0.2519774011299434,0.004533876304573754,0.15273556231003035,0.8472644376899693
sbm_2_s2,sbm,Leid,1.0,5,1.6094379124291003,0.7999999999999999,60.0,60.0,60.0,0.0,0.9999999999999833,0.0,300,2632,0.0586845039018952,17.546666666666667,3.8558815103971,0.8472644376899693,0.6471561434668933,0.15262305637756218,0.1442590775269871,0.1594470046082948,0.2519774011299434,0.004533876304573754,0.15273556231003035,0.8472644376899693
sbm_2_s2,sbm,Louv,1.0,5,1.6094379124291003,0.7999999999999999,60.0,60.0,60.0,0.0,0.9999999999999833,0.0,300,2632,0.0586845039018952,17.546666666666667,3.8558815103971,0.8472644376899693,0.6471561434668934,0.15262305637756218,0.1442590775269871,0.1594470046082948,0.2519774011299434,0.004533876304573754,0.15273556231003035,0.8472644376899693
sbm_2_s2,sbm,Leid,1.0,5,1.6094379124291003,0.7999999999999999,60.0,60.0,60.0,0.0,0.9999999999999833,0.0,300,2632,0.0586845039018952,17.546666666666667,3.8558815103971,0.8472644376899693,0.6471561434668933,0.15262305637756218,0.1442590775269871,0.1594470046082948,0.2519774011299434,0.004533876304573754,0.15273556231003035,0.8472644376899693
sbm_2_s2,sbm,Louv,1.0,5,1.6094379124291003,0.7999999999999999,60.0,60.0,60.0,0.0,0.9999999999999833,0.0,300,2632,0.0586845039018952,17.546666666666667,3.8558815103971,0.8472644376899693,0.6471561434668934,0.15262305637756218,0.1442590775269871,0.1594470046082948,0.2519774011299434,0.004533876304573754,0.15273556231003035,0.8472644376899693
sbm_2_s2,sbm,Leid,1.0,5,1.6094379124291003,0.7999999999999999,60.0,60.0,60.0,0.0,0.9999999999999833,0.0,300,2632,0.0586845039018952,17.546666666666667,3.8558815103971,0.8472644376899693,0.6471561434668933,0.15262305637756218,0.1442590775269871,0.1594470046082948,0.2519774011299434,0.004533876304573754,0.15273556231003035,0.8472644376899693
sbm_2_s2,sbm,Louv,1.0,5,1.6094379124291003,0.7999999999999999,60.0,60.0,60.0,0.0,0.9999999999999833,0.0,300,2632,0.0586845039018952,17.546666666666667,3.8558815103971,0.8472644376899693,0.6471561434668934,0.15262305637756218,0.1442590775269871,0.1594470046082948,0.2519774011299434,0.004533876304573754,0.15273556231003035,0.8472644376899693
sbm_2_s2,sbm,Leid,1.0,5,1.6094379124291003,0.7999999999999999,60.0,60.0,60.0,0.0,0.9999999999999833,0.0,300,2632,0.0586845039018952,17.546666666666667,3.8558815103971,0.8472644376899693,0.6471561434668933,0.15262305637756216,0.1442590775269871,0.1594470046082948,0.25197740112994343,0.004533876304573754,0.15273556231003035,0.8472644376899693
sbm_2_s2,sbm,Louv,1.0,5,1.6094379124291003,0.7999999999999999,60.0,60.0,60.0,0.0,0.9999999999999833,0.0,300,2632,0.0586845039018952,17.546666666666667,3.8558815103971,0.8472644376899693,0.6471561434668934,0.15262305637756218,0.1442590775269871,0.1594470046082948,0.2519774011299434,0.004533876304573754,0.15273556231003035,0.8472644376899693
sbm_2_s2,sbm,Leid,1.0,5,1.6094379124291003,0.7999999999999999,60.0,60.0,60.0,0.0,0.9999999999999833,0.0,300,2632,0.0586845039018952,17.546666666666667,3.8558815103971,0.8472644376899693,0.6471561434668933,0.15262305637756216,0.1442590775269871,0.1594470046082948,0.25197740112994343,0.004533876304573754,0.15273556231003035,0.8472644376899693
sbm_2_s2,sbm,Louv,0.9619557571038375,6,1.7367407460870627,0.8177777777777777,20.0,60.0,50.0,15.275252316519467,0.33333333333332776,0.3055050463303832,300,2632,0.0586845039018952,17.546666666666667,3.8558815103971,0.792173252279635,0.6107151807078649,0.2561439729303842,0.1442590775269871,0.5807365439093468,0.28259662084372117,0.05170628030481963,0.20782674772036466,0.792173252279635
sbm_2_s2,sbm,Leid,0.9619557571038374,6,1.7367407460870627,0.8177777777777777,20.0,60.0,50.0,15.275252316519467,0.33333333333332776,0.3055050463303832,300,2632,0.0586845039018952,17.546666666666667,3.8558815103971,0.7910334346504556,0.6099221009137019,0.2545584712081464,0.1442590775269871,0.5585106382978708,0.28780774186661734,0.06805413448732935,0.208966565349544,0.7910334346504556
sbm_2_s2,sbm,Louv,0.620735336235907,36,3.545314647213457,0.9700444444444445,5.0,14.0,8.333333333333334,2.3333333333333335,0.3571428571428316,0.2799999999999664,300,2632,0.0586845039018952,17.546666666666667,3.8558815103971,0.26671732522796343,0.2368653196339649,0.7465259075512356,0.6331877729257614,0.82051282051281,0.6332949457949169,0.10774504688732899,0.7332826747720362,0.26671732522796343
sbm_2_s2,sbm,Leid,0.6352732666439239,34,3.4574773724661356,0.9671555555555555,1.0,13.0,8.823529411764707,3.0143830530162252,0.076923076923071,0.3416300793418001,300,2632,0.0586845039018952,17.546666666666667,3.8558815103971,0.28685410334346495,0.25421484234255043,0.7375399840851179,0.6380090497737528,0.9999999999999687,0.6048779651720475,0.16320361007622944,0.7131458966565347,0.28685410334346495
sbm_2_s2,sbm,GMod,1.0,5,1.6094379124291003,0.7999999999999999,60.0,60.0,60.0,0.0,0.9999999999999833,0.0,300,2632,0.0586845039018952,17.546666666666667,3.8558815103971,0.8472644376899693,0.6471561434668933,0.15262305637756218,0.1442590775269871,0.1594470046082948,0.25197740112994343,0.004533876304573754,0.15273556231003035,0.8472644376899693
sbm_3_s2,sbm,Louv,0.1544337587582199,30,1.2599404731835462,0.41346666666666687,1.0,229.0,10.0,40.73818847224309,0.0043668122270742165,4.073818847223901,300,2694,0.060066889632107025,17.96,4.12937444818623,0.6306607275426872,0.03287792333481596,0.9461367556192369,0.7055016181229768,0.9999999999999678,0.3598140846357118,0.42600277431026884,0.3693392724573124,0.6306607275426872
sbm_3_s2,sbm,Leid,0.0,1,-1.000088900581841e-12,0.0,300.0,300.0,300.0,0.0,0.9999999999999966,0.0,300,2694,0.060066889632107025,17.96,4.12937444818623,0.9999999999999997,0.0,0.0,0.0,0.0,0.060066889632107025,0.0,0.0,0.9999999999999997
sbm_3_s2,sbm,Louv,0.19887808397825993,41,2.530359633403859,0.7973111111111112,1.0,129.0,7.317073170731708,19.783510039486192,0.007751937984496064,2.703746372062743,300,2694,0.060066889632107025,17.96,4.12937444818623,0.32887899034892343,0.11703039391890142,0.8972533015764091,0.4680761099365749,0.9999999999999584,0.4297834406573792,0.3983367035460641,0.6711210096510762,0.32887899034892343
sbm_3_s2,sbm,Leid,0.0,1,-1.000088900581841e-12,0.0,300.0,300.0,300.0,0.0,0.9999999999999966,0.0,300,2694,0.060066889632107025,17.96,4.12937444818623,0.9999999999999997,0.0,0.0,0.0,0.0,0.060066889632107025,0.0,0.0,0.9999999999999997
sbm_3_s2,sbm,Louv,0.12201503342425467,16,2.3925397908111634,0.8906666666666667,1.0,59.0,18.75,16.23075783812943,0.016949152542372593,0.8656404180335235,300,2694,0.060066889632107025,17.96,4.12937444818623,0.3110616184112842,0.19973163437791588,0.7794347882724797,0.5801312089971878,0.9999999999999475,0.3830867537169439,0.2882076763375704,0.6889383815887155,0.3110616184112842
sbm_3_s2,sbm,Leid,0.08077388326178872,4,1.3782504953818782,0.7458444444444444,66.0,91.0,75.0,9.669539802906858,0.7252747252747174,0.1289271973720897,300,2694,0.060066889632107025,17.96,4.12937444818623,0.46399406087602063,0.20925243426371898,0.5404595339862293,0.487394957983193,0.5822368421052627,0.1123271750343186,0.008610832934105823,0.536005939123979,0.46399406087602063
sbm_3_s2,sbm,Louv,0.08917043936472076,9,2.1133706924722055,0.8758222222222223,4.0,46.0,33.333333333333336,11.430952132988164,0.08695652173912854,0.3429285639896346,300,2694,0.060066889632107025,17.96,4.12937444818623,0.3207126948775055,0.19569016688078597,0.6963115529261097,0.6571428571428563,0.8333333333333194,0.23692231199119945,0.21135385273558058,0.6792873051224942,0.3207126948775055
sbm_3_s2,sbm,Leid,0.07341713748001472,9,2.1724153414264245,0.8836444444444445,22.0,42.0,33.333333333333336,7.241853660800143,0.5238095238095113,0.21725560982399775,300,2694,0.060066889632107025,17.96,4.12937444818623,0.32256867112100956,0.20636457932031863,0.6832425656878915,0.641304347826086,0.7214700193423583,0.18342759509500622,0.03530365024186308,0.6774313288789902,0.32256867112100956
sbm_3_s2,sbm,Louv,0.17156152477663233,22,2.990295149681991,0.9449111111111111,4.0,34.0,13.636363636363637,6.277995152952563,0.11764705882352594,0.46038631121648754,300,2694,0.060066889632107025,17.96,4.12937444818623,0.24461766889383807,0.18892350071014857,0.7742766672932803,0.6704730831973887,0.8611111111110992,0.38214847844292793,0.1593967594486027,0.7553823311061616,0.24461766889383807
sbm_3_s2,sbm,Leid,0.14530264503973012,19,2.879027660641596,0.9409777777777778,6.0,26.0,15.789473684210526,5.5019513033145175,0.2307692307692219,0.3484569158765641,300,2694,0.060066889632107025,17.96,4.12937444818623,0.2542687453600593,0.19506799459217852,0.7598138402692852,0.7073170731707302,0.8584070796460102,0.32457634828010584,0.09641174601448295,0.7457312546399404,0.2542687453600593
sbm_3_s2,sbm,Louv,0.2123266265184245,29,3.320051290584957,0.9624222222222222,4.0,17.0,10.344827586206897,3.0992308508443203,0.235294117647045,0.29959231558158866,300,2694,0.060066889632107025,17.96,4.12937444818623,0.2119524870081662,0.17402195425617928,0.7953049621966204,0.7413793103448244,0.857142857142845,0.4277120501765357,0.12497491208359175,0.7880475129918334,0.2119524870081662
sbm_3_s2,sbm,Leid,0.18249736536686426,31,3.389466665229879,0.964911111111111,4.0,16.0,9.67741935483871,2.8667965349024365,0.2499999999999844,0.29623564193988783,300,2694,0.060066889632107025,17.96,4.12937444818623,0.21046770601336295,0.17525486260264353,0.7978444543003027,0.7399999999999974,0.8684210526315675,0.4526945276945086,0.11961793187529893,0.7895322939866367,0.21046770601336295
sbm_3_s2,sbm,Louv,0.22670334598651526,45,3.764941522619206,0.9759111111111111,3.0,12.0,6.666666666666667,1.9321835661585915,0.24999999999997916,0.28982753492374524,300,2694,0.060066889632107025,17.96,4.12937444818623,0.17928730512249438,0.1551975050829223,0.8275497929772462,0.7635467980295529,0.8799999999999824,0.5875340708673537,0.14425102008854215,0.8207126948775053,0.17928730512249438
sbm_3_s2,sbm,Leid,0.21461584072427278,45,3.758161012528903,0.9756888888888889,3.0,11.0,6.666666666666667,2.043961295567452,0.27272727272724795,0.30659419433507185,300,2694,0.060066889632107025,17.96,4.12937444818623,0.1804008908685968,0.15631308872475827,0.8278233768417527,0.751479289940824,0.8983050847457474,0.6007968574634633,0.1639743620310819,0.8195991091314029,0.1804008908685968
sbm_3_s2,sbm,Louv,0.2873274680222045,72,4.229447503088169,0.9848222222222223,2.0,7.0,4.166666666666667,1.2692955176439846,0.2857142857142449,0.3046309242344832,300,2694,0.060066889632107025,17.96,4.12937444818623,0.14476614699331844,0.1295651228581869,0.8647780612633966,0.789473684210518,0.9591836734693682,0.8121031746029548,0.1524758663974758,0.8552338530066812,0.14476614699331844
sbm_3_s2,sbm,Leid,0.2701435385700032,71,4.215936294602046,0.9845777777777778,2.0,8.0,4.225352112676056,1.3021886570508414,0.24999999999996875,0.3081846488352929,300,2694,0.060066889632107025,17.96,4.12937444818623,0.14365256124721598,0.12831623134585426,0.8652567476102356,0.7629629629629573,0.9545454545454328,0.7996981891345998,0.1567419278113165,0.8563474387527836,0.14365256124721598
sbm_3_s2,sbm,GMod,0.03019332766673674,5,1.453994473600667,0.7456222222222222,20.0,91.0,60.0,31.285779517218362,0.2197802197802174,0.5214296586202973,300,2694,0.060066889632107025,17.96,4.12937444818623,0.4435783221974757,0.18869112476845076,0.6246025950586709,0.4938725490196076,0.8241758241758219,0.13547875948223062,0.04251703416377235,0.5564216778025239,0.4435783221974757
sbm_4_s2,sbm,Louv,0.6444274465221271,37,2.040122926373885,0.7325102880658436,1.0,121.0,7.297297297297297,21.76640712616312,0.008264462809917288,2.9828039395108337,270,3968,0.10926614346688696,29.392592592592592,11.757800434445272,0.6159274193548385,0.2361724567711043,0.9046850091490389,0.22905027932960878,0.9999999999999796,0.32330895539836135,0.41026504957787124,0.3840725806451612,0.6159274193548385
sbm_4_s2,sbm,Leid,1.0,3,0.9698567625031291,0.5816186556927297,40.0,150.0,90.0,45.46060565661952,0.2666666666666649,0.5051178406291003,270,3968,0.10926614346688696,29.392592592592592,11.757800434445272,0.946572580645161,0.36519007528981856,0.11820020196905397,0.0857409133271202,0.17303370786516814,0.24335986892311745,0.006095272540048412,0.0534274193548387,0.946572580645161
sbm_4_s2,sbm,Louv,0.6424189806950189,37,2.049533360260721,0.7355555555555556,1.0,120.0,7.297297297297297,21.628140909053755,0.008333333333333264,2.963856346795849,270,3968,0.10926614346688696,29.392592592592592,11.757800434445272,0.6098790322580644,0.23579252721367708,0.9044350820539467,0.22905027932960878,0.9999999999999796,0.3230155374578847,0.410138406581559,0.3901209677419354,0.6098790322580644
sbm_4_s2,sbm,Leid,1.0,3,0.9698567625031291,0.5816186556927297,40.0,150.0,90.0,45.46060565661952,0.2666666666666649,0.5051178406291003,270,3968,0.10926614346688696,29.392592592592592,11.757800434445272,0.946572580645161,0.36519007528981856,0.11820020196905397,0.0857409133271202,0.17303370786516814,0.24335986892311745,0.006095272540048412,0.0534274193548387,0.946572580645161
sbm_4_s2,sbm,Louv,1.0,3,0.9698567625031291,0.5816186556927297,40.0,150.0,90.0,45.46060565661952,0.2666666666666649,0.5051178406291003,270,3968,0.10926614346688696,29.392592592592592,11.757800434445272,0.946572580645161,0.36519007528981856,0.11820020196905397,0.0857409133271202,0.17303370786516814,0.24335986892311745,0.006095272540048412,0.0534274193548387,0.946572580645161
sbm_4_s2,sbm,Leid,1.0,3,0.9698567625031291,0.5816186556927297,40.0,150.0,90.0,45.46060565661952,0.2666666666666649,0.5051178406291003,270,3968,0.10926614346688696,29.392592592592592,11.757800434445272,0.946572580645161,0.36519007528981856,0.11820020196905397,0.0857409133271202,0.17303370786516814,0.24335986892311745,0.006095272540048412,0.0534274193548387,0.946572580645161
sbm_4_s2,sbm,Louv,1.0,3,0.9698567625031291,0.5816186556927297,40.0,150.0,90.0,45.46060565661952,0.2666666666666649,0.5051178406291003,270,3968,0.10926614346688696,29.392592592592592,11.757800434445272,0.946572580645161,0.3651900752898185,0.11820020196905397,0.0857409133271202,0.17303370786516814,0.24335986892311745,0.006095272540048412,0.0534274193548387,0.946572580645161
sbm_4_s2,sbm,Leid,1.0,3,0.9698567625031291,0.5816186556927297,40.0,150.0,90.0,45.46060565661952,0.2666666666666649,0.5051178406291003,270,3968,0.10926614346688696,29.392592592592592,11.757800434445272,0.946572580645161,0.36519007528981856,0.11820020196905397,0.0857409133271202,0.17303370786516814,0.24335986892311745,0.006095272540048412,0.0534274193548387,0.946572580645161
sbm_4_s2,sbm,Louv,0.6072791630921612,12,2.2242484248483696,0.8567352537722908,8.0,80.0,22.5,19.080967830100583,0.09999999999999876,0.8480430146710994,270,3968,0.10926614346688696,29.392592592592592,11.757800434445272,0.3891129032258064,0.28221303441646073,0.6950325186861744,0.09582598471487355,0.8713826366559457,0.5021348071510213,0.13784106660061743,0.6108870967741934,0.3891129032258064
sbm_4_s2,sbm,Leid,0.6115142361160157,12,2.2021274865031124,0.8548148148148148,4.0,80.0,22.5,19.384271974980127,0.04999999999999938,0.8615231988879675,270,3968,0.10926614346688696,29.392592592592592,11.757800434445272,0.3956653225806451,0.28542766908453104,0.6954070949752601,0.09582598471487355,0.9270072992700663,0.5228235616506755,0.16848345159770714,0.6043346774193546,0.3956653225806451
sbm_4_s2,sbm,Louv,0.5557044510863997,19,2.52069207367751,0.870644718792867,4.0,80.0,14.210526315789474,17.157410390322283,0.04999999999999938,1.2073733237633348,270,3968,0.10926614346688696,29.392592592592592,11.757800434445272,0.35030241935483863,0.26729752841278615,0.7816691813987594,0.09582598471487355,0.9245283018867867,0.680418003419305,0.18337088738018043,0.6496975806451611,0.35030241935483863
sbm_4_s2,sbm,Leid,0.5560548437574586,19,2.518492537527596,0.8703978052126201,5.0,80.0,14.210526315789474,17.184996355047378,0.06249999999999922,1.2093145583180636,270,3968,0.10926614346688696,29.392592592592592,11.757800434445272,0.3485383064516128,0.2653055975017885,0.7841730604014951,0.09582598471487355,0.9086294416243609,0.6689131340197018,0.1807674905468609,0.6514616935483869,0.3485383064516128
sbm_4_s2,sbm,Louv,0.5045517316454637,34,2.874572665313363,0.8799725651577504,1.0,80.0,7.9411764705882355,13.938818365967984,0.012499999999999845,1.7552586090475992,270,3968,0.10926614346688696,29.392592592592592,11.757800434445272,0.30871975806451607,0.2420423112724375,0.8662527521971005,0.09582598471487355,0.9999999999999803,0.8628351389240034,0.23168067503928336,0.6912802419354838,0.30871975806451607
sbm_4_s2,sbm,Leid,0.504511767930936,34,2.874877192759387,0.88,1.0,80.0,7.9411764705882355,13.936708144681607,0.012499999999999845,1.7549928774782035,270,3968,0.10926614346688696,29.392592592592592,11.757800434445272,0.3099798387096773,0.24317933716709486,0.8648589354541916,0.09582598471487355,0.9999999999999796,0.8750200128735799,0.23416658456338896,0.6900201612903224,0.3099798387096773
sbm_4_s2,sbm,Louv,0.402770871161403,77,3.810947668890225,0.9593141289437586,1.0,40.0,3.5064935064935066,5.120935833263232,0.024999999999999373,1.4604150339302089,270,3968,0.10926614346688696,29.392592592592592,11.757800434445272,0.14012096774193544,0.12058438272307485,0.9354116257835117,0.17303370786516814,0.9999999999999815,0.5237080379935937,0.47531241178694844,0.8598790322580643,0.14012096774193544
sbm_4_s2,sbm,Leid,0.4078120575107459,78,3.7865340534504064,0.9578875171467764,1.0,40.0,3.4615384615384617,5.232277308998854,0.024999999999999373,1.5115467781547878,270,3968,0.10926614346688696,29.392592592592592,11.757800434445272,0.14490927419354835,0.12459739661241545,0.9373816076541684,0.17303370786516814,0.9999999999999815,0.4777163677614885,0.47573858012747616,0.8550907258064514,0.14490927419354835
sbm_4_s2,sbm,GMod,1.0,3,0.9698567625031291,0.5816186556927297,40.0,150.0,90.0,45.46060565661952,0.2666666666666649,0.5051178406291003,270,3968,0.10926614346688696,29.392592592592592,11.757800434445272,0.946572580645161,0.36519007528981856,0.11820020196905397,0.0857409133271202,0.17303370786516814,0.24335986892311745,0.006095272540048412,0.0534274193548387,0.946572580645161
sbm_5_s2,sbm,Louv,0.41025242523123256,73,3.1059470867098766,0.8680098765432098,1.0,151.0,6.164383561643835,18.114562142273964,0.006622516556291347,2.9385845253017444,450,4341,0.04296956198960653,19.293333333333333,4.143342719217045,0.34738539507026023,0.20998445098542098,0.9102231182097773,0.3261600537995964,0.9999999999999616,0.5368532684241683,0.41392606761121215,0.6526146049297396,0.34738539507026023
sbm_5_s2,sbm,Leid,0.0,1,-1.000088900581841e-12,0.0,450.0,450.0,450.0,0.0,0.9999999999999978,0.0,450,4341,0.04296956198960653,19.293333333333333,4.143342719217045,0.9999999999999998,0.0,0.0,0.0,0.0,0.04296956198960653,0.0,0.0,0.9999999999999998
sbm_5_s2,sbm,Louv,0.7439051215501481,23,1.6990932961533698,0.7460641975308642,1.0,154.0,19.565217391304348,43.045805822005285,0.0064935064935064514,2.2001189642357133,450,4341,0.04296956198960653,19.293333333333333,4.143342719217045,0.6088458880442293,0.3537154057509544,0.866896165406175,0.22958500669344037,0.9999999999999714,0.2961322697657489,0.34236615336051807,0.3911541119557705,0.6088458880442293
sbm_5_s2,sbm,Leid,1.0,3,1.0986122886651097,0.6666666666666667,150.0,150.0,150.0,0.0,0.9999999999999933,0.0,450,4341,0.04296956198960653,19.293333333333333,4.143342719217045,0.7712508638562542,0.43791156054189595,0.22873881196623622,0.22056269538034032,0.23911541119557697,0.09986577181208052,0.0009554432440296496,0.22874913614374565,0.7712508638562542
sbm_5_s2,sbm,Louv,1.0,3,1.0986122886651097,0.6666666666666667,150.0,150.0,150.0,0.0,0.9999999999999933,0.0,450,4341,0.04296956198960653,19.293333333333333,4.143342719217045,0.7712508638562542,0.43791156054189595,0.22873881196623622,0.22056269538034032,0.23911541119557697,0.09986577181208052,0.0009554432440296496,0.22874913614374565,0.7712508638562542
sbm_5_s2,sbm,Leid,1.0,3,1.0986122886651097,0.6666666666666667,150.0,150.0,150.0,0.0,0.9999999999999933,0.0,450,4341,0.04296956198960653,19.293333333333333,4.143342719217045,0.7712508638562542,0.43791156054189595,0.22873881196623622,0.22056269538034032,0.23911541119557697,0.09986577181208052,0.0009554432440296496,0.22874913614374565,0.7712508638562542
sbm_5_s2,sbm,Louv,1.0,3,1.0986122886651097,0.6666666666666667,150.0,150.0,150.0,0.0,0.9999999999999933,0.0,450,4341,0.04296956198960653,19.293333333333333,4.143342719217045,0.7712508638562542,0.43791156054189595,0.22873881196623622,0.22056269538034032,0.23911541119557697,0.09986577181208052,0.0009554432440296496,0.22874913614374565,0.7712508638562542
sbm_5_s2,sbm,Leid,1.0,3,1.0986122886651097,0.6666666666666667,150.0,150.0,150.0,0.0,0.9999999999999933,0.0,450,4341,0.04296956198960653,19.293333333333333,4.143342719217045,0.7712508638562542,0.43791156054189595,0.22873881196623622,0.22056269538034032,0.23911541119557697,0.09986577181208052,0.0009554432440296496,0.22874913614374565,0.7712508638562542
sbm_5_s2,sbm,Louv,0.8845667285157263,4,1.2298952218193906,0.6925728395061729,20.0,154.0,112.5,53.91892061234164,0.12987012987012903,0.4792792943319214,450,4341,0.04296956198960653,19.293333333333333,4.143342719217045,0.7260999769638331,0.4171789573717352,0.37617908019934765,0.22932078009414922,0.7403314917127051,0.1379772195856002,0.06322755561771749,0.27390002303616673,0.7260999769638331
sbm_5_s2,sbm,Leid,0.9181173664502895,5,1.2349950943915944,0.6920592592592593,1.0,148.0,90.0,66.11807619705824,0.006756756756756711,0.7346452910784168,450,4341,0.04296956198960653,19.293333333333333,4.143342719217045,0.7355448053443905,0.4266992993789468,0.5009331931061972,0.22503516174402244,0.9999999999999376,0.11119746827510495,0.07925923379860679,0.26445519465560924,0.7355448053443905
sbm_5_s2,sbm,Louv,0.5084226019989552,18,2.7400215757815953,0.928474074074074,6.0,50.0,25.0,13.403979508588733,0.1199999999999976,0.5361591803435279,450,4341,0.04296956198960653,19.293333333333333,4.143342719217045,0.3229670582815019,0.25076899988914403,0.7189403648462398,0.5825545171339558,0.8625954198473217,0.2837828956476581,0.1234965633912093,0.6770329417184979,0.3229670582815019
sbm_5_s2,sbm,Leid,0.5449169659316293,16,2.705604468233256,0.9293530864197531,7.0,52.0,28.125,10.154278654833144,0.13461538461538203,0.361041018838499,450,4341,0.04296956198960653,19.293333333333333,4.143342719217045,0.335636950011518,0.2648472234095851,0.6860301126039601,0.576119402985074,0.852941176470582,0.24472671368034912,0.06825172556638043,0.6643630499884817,0.335636950011518
sbm_5_s2,sbm,Louv,0.4025391813852021,44,3.693470468544563,0.9730666666666666,2.0,23.0,10.227272727272727,4.399708855882277,0.08695652173912666,0.4301937547973361,450,4341,0.04296956198960653,19.293333333333333,4.143342719217045,0.21216309606081543,0.1853436859702952,0.8070237101032339,0.7006802721088419,0.9499999999999762,0.46403821691105274,0.1516787983102193,0.7878369039391844,0.21216309606081543
sbm_5_s2,sbm,Leid,0.425678297032375,36,3.5334590006210096,0.9695407407407407,4.0,21.0,12.5,3.8837267325770144,0.19047619047618142,0.3106981386061363,450,4341,0.04296956198960653,19.293333333333333,4.143342719217045,0.2326652844966597,0.20210664975755774,0.7787909921152091,0.677419354838708,0.8765432098765324,0.40320548498436715,0.11847806085423472,0.7673347155033401,0.2326652844966597
sbm_5_s2,sbm,Louv,0.35545639626633574,78,4.307894233098729,0.9859456790123456,2.0,10.0,5.769230769230769,1.7897362427297587,0.19999999999998,0.3102209487397711,450,4341,0.04296956198960653,19.293333333333333,4.143342719217045,0.16263533747984332,0.14850646198706124,0.8462062888320773,0.7791411042944738,0.9555555555555343,0.6721611721610787,0.15671316014309367,0.8373646625201565,0.16263533747984332
sbm_5_s2,sbm,Leid,0.36430301404912807,72,4.226380776280246,0.9847802469135802,2.0,11.0,6.25,1.9346977943739831,0.18181818181816528,0.3095516470997878,450,4341,0.04296956198960653,19.293333333333333,4.143342719217045,0.170237272517853,0.15509121839140488,0.8396174330356875,0.7611940298507425,0.9499999999999762,0.6459205146704283,0.17446430002596633,0.8297627274821467,0.170237272517853
sbm_5_s2,sbm,GMod,0.951400875120059,3,1.0985679420049637,0.6666370370370369,149.0,152.0,150.0,1.4142135623730951,0.9802631578947304,0.009428090415820573,450,4341,0.04296956198960653,19.293333333333333,4.143342719217045,0.767795438838977,0.4344560559248718,0.2322289365119485,0.22237569060773474,0.2432244614315496,0.09942702052760743,0.0014177306368001418,0.23220456116102275,0.767795438838977
