dataset_id,algo,hyperparams_json,run_id,ami,silhouette,calinski_harabasz,davies_bouldin,n_clusters_found,noise_fraction,runtime_sec
synth_blobs_easy_2d,SpectralClustering,"{""n_clusters"": 2, ""affinity"": ""nearest_neighbors""}",c5dfd3221b79,0.7323841712091005,0.4969443408327607,421.30013362153613,0.8107593599977776,2,0.0,0
synth_blobs_easy_2d,SpectralClustering,"{""n_clusters"": 3, ""affinity"": ""nearest_neighbors""}",e3ae029f4d54,0.7184706805547937,0.5397428020349121,713.0469226621683,0.6090445790930789,3,0.0,0
synth_blobs_easy_2d,SpectralClustering,"{""n_clusters"": 5, ""affinity"": ""nearest_neighbors""}",98d2a79e4c00,0.6461954788269482,0.46101810322116954,779.0259052006786,0.6847869122722366,5,0.0,0
synth_blobs_easy_2d,SpectralClustering,"{""n_clusters"": 7, ""affinity"": ""nearest_neighbors""}",0481ef8f35a2,0.5811273053667713,0.4048266298204394,748.6582152929784,0.6898929583066684,7,0.0,0
synth_blobs_easy_2d,SpectralClustering,"{""n_clusters"": 10, ""affinity"": ""nearest_neighbors""}",9a585386bc6d,0.5866327406537802,0.41699827840463977,861.5797392906902,0.7356761621077069,10,0.0,0
synth_blobs_easy_2d,SpectralClustering,"{""n_clusters"": 15, ""affinity"": ""nearest_neighbors""}",971471268792,0.5287559545476817,0.380115351449942,884.9120025637018,0.7947167346028967,15,0.0,0
synth_blobs_overlap_2d,SpectralClustering,"{""n_clusters"": 2, ""affinity"": ""nearest_neighbors""}",c5dfd3221b79,0.4723284454204041,0.4248622013049351,256.2231490959348,0.7547253453577364,2,0.0,0
synth_blobs_overlap_2d,SpectralClustering,"{""n_clusters"": 3, ""affinity"": ""nearest_neighbors""}",e3ae029f4d54,0.6105517392215573,0.49665251392903204,565.6651716706801,0.7150613606867086,3,0.0,0
synth_blobs_overlap_2d,SpectralClustering,"{""n_clusters"": 5, ""affinity"": ""nearest_neighbors""}",98d2a79e4c00,0.747746227028921,0.498355113787739,964.6307758524185,0.6649727085560824,5,0.0,0
synth_blobs_overlap_2d,SpectralClustering,"{""n_clusters"": 7, ""affinity"": ""nearest_neighbors""}",0481ef8f35a2,0.6805434698885373,0.41466191058626223,877.7466216295308,0.8197314458076743,7,0.0,0
synth_blobs_overlap_2d,SpectralClustering,"{""n_clusters"": 10, ""affinity"": ""nearest_neighbors""}",9a585386bc6d,0.621244083241815,0.35740936147651214,814.500852044689,0.8799987457459457,10,0.0,0
synth_blobs_overlap_2d,SpectralClustering,"{""n_clusters"": 15, ""affinity"": ""nearest_neighbors""}",971471268792,0.5661634513493162,0.33073526727208635,787.4441600123712,0.9087897331087039,15,0.0,0
synth_blobs_many_2d,SpectralClustering,"{""n_clusters"": 2, ""affinity"": ""nearest_neighbors""}",c5dfd3221b79,0.35280640446600287,0.25739490637857143,69.0497930372217,2.1677869221643657,2,0.0,0
synth_blobs_many_2d,SpectralClustering,"{""n_clusters"": 3, ""affinity"": ""nearest_neighbors""}",e3ae029f4d54,0.5106974014435566,0.0022357770951331323,37.52014390108354,1.9950548910983004,3,0.0,0
synth_blobs_many_2d,SpectralClustering,"{""n_clusters"": 5, ""affinity"": ""nearest_neighbors""}",98d2a79e4c00,0.775125555409539,0.4108097479404802,463.2614535023916,0.9846102133627287,5,0.0,0
synth_blobs_many_2d,SpectralClustering,"{""n_clusters"": 7, ""affinity"": ""nearest_neighbors""}",0481ef8f35a2,0.8475311094523937,0.2778900523751688,94.95158468951647,3.132432316701078,7,0.0,0
synth_blobs_many_2d,SpectralClustering,"{""n_clusters"": 10, ""affinity"": ""nearest_neighbors""}",9a585386bc6d,0.9487931332190171,0.4899566155872398,681.1670438488479,0.7691034983849612,10,0.0,0
synth_blobs_many_2d,SpectralClustering,"{""n_clusters"": 15, ""affinity"": ""nearest_neighbors""}",971471268792,0.9090395005050046,0.5326934182380952,4314.62422710094,0.7946568834946295,15,0.0,0
synth_blobs_easy_10d,SpectralClustering,"{""n_clusters"": 2, ""affinity"": ""nearest_neighbors""}",c5dfd3221b79,0.7332037453413731,0.4759299198019733,836.5017592792134,0.8431635394125905,2,0.0,0
synth_blobs_easy_10d,SpectralClustering,"{""n_clusters"": 3, ""affinity"": ""nearest_neighbors""}",e3ae029f4d54,1.0,0.673495295343274,2925.1188631955274,0.48911481855536065,3,0.0,0
synth_blobs_easy_10d,SpectralClustering,"{""n_clusters"": 5, ""affinity"": ""nearest_neighbors""}",98d2a79e4c00,0.82814138269411,0.4098652903312962,1949.4563754469718,1.1477585327743118,5,0.0,0
synth_blobs_easy_10d,SpectralClustering,"{""n_clusters"": 7, ""affinity"": ""nearest_neighbors""}",0481ef8f35a2,0.7356677387367296,0.24466664376367125,1622.2047371886226,1.4157925812755219,7,0.0,0
synth_blobs_easy_10d,SpectralClustering,"{""n_clusters"": 10, ""affinity"": ""nearest_neighbors""}",9a585386bc6d,0.6638163305391719,0.1683162714790484,1200.692525639124,1.6487301460582386,10,0.0,0
synth_blobs_easy_10d,SpectralClustering,"{""n_clusters"": 15, ""affinity"": ""nearest_neighbors""}",971471268792,0.5886411739936801,0.12664108451791273,865.1719043719826,1.8571018388407485,15,0.0,0
synth_blobs_overlap_10d,SpectralClustering,"{""n_clusters"": 2, ""affinity"": ""nearest_neighbors""}",c5dfd3221b79,0.4692040611643501,0.2421394012371183,264.3338148062114,1.6546729017969588,2,0.0,0
synth_blobs_overlap_10d,SpectralClustering,"{""n_clusters"": 3, ""affinity"": ""nearest_neighbors""}",e3ae029f4d54,0.7121842697892679,0.2275140455384268,226.45546693883972,1.8815979272396877,3,0.0,0
synth_blobs_overlap_10d,SpectralClustering,"{""n_clusters"": 5, ""affinity"": ""nearest_neighbors""}",98d2a79e4c00,0.8857771281585495,0.3170802292473413,271.46566463495344,1.515325345823403,5,0.0,0
synth_blobs_overlap_10d,SpectralClustering,"{""n_clusters"": 7, ""affinity"": ""nearest_neighbors""}",0481ef8f35a2,0.8656262594269565,0.27185114564065693,302.5423572808156,1.2277574344770934,7,0.0,0
synth_blobs_overlap_10d,SpectralClustering,"{""n_clusters"": 10, ""affinity"": ""nearest_neighbors""}",9a585386bc6d,0.9304950657612531,0.35376546424207467,783.092762378479,2.016107173537754,10,0.0,0
synth_blobs_overlap_10d,SpectralClustering,"{""n_clusters"": 15, ""affinity"": ""nearest_neighbors""}",971471268792,0.8452501579267824,0.14007485117574026,536.5417569345615,2.7617222901817104,15,0.0,0
synth_blobs_highd_50,SpectralClustering,"{""n_clusters"": 2, ""affinity"": ""nearest_neighbors""}",c5dfd3221b79,0.5890049560182014,0.2867686832250506,249.76377655028492,1.921077552194611,2,0.0,0
synth_blobs_highd_50,SpectralClustering,"{""n_clusters"": 3, ""affinity"": ""nearest_neighbors""}",e3ae029f4d54,0.741671671616667,0.45255493488279375,422.6887181104019,0.9485998076454806,3,0.0,0
synth_blobs_highd_50,SpectralClustering,"{""n_clusters"": 5, ""affinity"": ""nearest_neighbors""}",98d2a79e4c00,1.0,0.7781999242403126,4406.025405198777,0.3198364163642812,5,0.0,0
synth_blobs_highd_50,SpectralClustering,"{""n_clusters"": 7, ""affinity"": ""nearest_neighbors""}",0481ef8f35a2,0.8159560659002935,0.2365128995549681,483.38866064438093,2.183403186508023,7,0.0,0
synth_blobs_highd_50,SpectralClustering,"{""n_clusters"": 10, ""affinity"": ""nearest_neighbors""}",9a585386bc6d,0.8264219204802544,0.06788782833635998,2118.4788329577705,3.3785595517433626,10,0.0,0
synth_blobs_highd_50,SpectralClustering,"{""n_clusters"": 15, ""affinity"": ""nearest_neighbors""}",971471268792,0.7460385888903089,0.05288560163832757,1424.4371723227337,3.2555613168715003,15,0.0,0
synth_blobs_highd_100,SpectralClustering,"{""n_clusters"": 2, ""affinity"": ""nearest_neighbors""}",c5dfd3221b79,0.3560103947102382,0.14243655836263042,227.0551926143931,2.187236694292759,2,0.0,0
synth_blobs_highd_100,SpectralClustering,"{""n_clusters"": 3, ""affinity"": ""nearest_neighbors""}",e3ae029f4d54,0.5598771388903785,0.20489901991994106,254.20458833614805,2.1703636134516913,3,0.0,0
synth_blobs_highd_100,SpectralClustering,"{""n_clusters"": 5, ""affinity"": ""nearest_neighbors""}",98d2a79e4c00,0.7612420469166182,0.32830447182938094,341.21215103610064,1.5708512554522918,5,0.0,0
synth_blobs_highd_100,SpectralClustering,"{""n_clusters"": 7, ""affinity"": ""nearest_neighbors""}",0481ef8f35a2,0.8860715147530089,0.4870494492377163,552.3015378744683,1.265118618318514,7,0.0,0
synth_blobs_highd_100,SpectralClustering,"{""n_clusters"": 10, ""affinity"": ""nearest_neighbors""}",9a585386bc6d,1.0,0.7125031204863838,2619.528700731959,0.421478341731573,10,0.0,0
synth_blobs_highd_100,SpectralClustering,"{""n_clusters"": 15, ""affinity"": ""nearest_neighbors""}",971471268792,0.9309845906603761,0.36305255497251687,1695.085086481858,5.147925336016638,15,0.0,0
synth_blobs_large_2d,SpectralClustering,"{""n_clusters"": 2, ""affinity"": ""nearest_neighbors""}",c5dfd3221b79,0.3113249674049142,0.3779215035249538,2259.586314169715,0.7925477840519426,2,0.0,0
synth_blobs_large_2d,SpectralClustering,"{""n_clusters"": 3, ""affinity"": ""nearest_neighbors""}",e3ae029f4d54,0.542489588739876,0.516267444257178,4971.238513901874,0.6530434402377968,3,0.0,0
synth_blobs_large_2d,SpectralClustering,"{""n_clusters"": 5, ""affinity"": ""nearest_neighbors""}",98d2a79e4c00,0.7039296884752058,0.41605132991149596,3862.277536108606,0.8517376270660056,5,0.0,0
synth_blobs_large_2d,SpectralClustering,"{""n_clusters"": 7, ""affinity"": ""nearest_neighbors""}",0481ef8f35a2,0.7642368322970169,0.38540185900768964,4934.452225880756,0.7873271989783129,7,0.0,0
synth_blobs_large_2d,SpectralClustering,"{""n_clusters"": 10, ""affinity"": ""nearest_neighbors""}",9a585386bc6d,0.8757840123649309,0.5060120252451932,11256.808567626955,0.6083699402637108,10,0.0,0
synth_blobs_large_2d,SpectralClustering,"{""n_clusters"": 15, ""affinity"": ""nearest_neighbors""}",971471268792,0.9512526268044436,0.568251359329483,24582.221465720097,0.6076898773575892,15,0.0,0
synth_blobs_large_20d,SpectralClustering,"{""n_clusters"": 2, ""affinity"": ""nearest_neighbors""}",c5dfd3221b79,0.3729472873237997,0.07727219540114824,237.7874678689914,4.551580208235637,2,0.0,0
synth_blobs_large_20d,SpectralClustering,"{""n_clusters"": 3, ""affinity"": ""nearest_neighbors""}",e3ae029f4d54,0.4389463443206476,0.029492854632760076,199.44270600654477,3.9524706760197232,3,0.0,0
synth_blobs_large_20d,SpectralClustering,"{""n_clusters"": 5, ""affinity"": ""nearest_neighbors""}",98d2a79e4c00,0.5831802596400651,0.12390121336101824,342.0925850579175,2.167889679442577,5,0.0,0
synth_blobs_large_20d,SpectralClustering,"{""n_clusters"": 7, ""affinity"": ""nearest_neighbors""}",0481ef8f35a2,0.697071001245905,0.13106698296848954,334.742973626106,2.0940962274094868,7,0.0,0
synth_blobs_large_20d,SpectralClustering,"{""n_clusters"": 10, ""affinity"": ""nearest_neighbors""}",9a585386bc6d,0.7968001334620408,0.19661875889968825,329.1824010652596,2.5535227010376853,10,0.0,0
synth_blobs_large_20d,SpectralClustering,"{""n_clusters"": 15, ""affinity"": ""nearest_neighbors""}",971471268792,0.8573493243566082,0.29674005343754634,475.6734503158549,2.100805358380046,15,0.0,0
synth_blobs_high_overlap,SpectralClustering,"{""n_clusters"": 2, ""affinity"": ""nearest_neighbors""}",c5dfd3221b79,0.6749820213655938,0.46091379830261664,228.70867645352126,0.9409684136172274,2,0.0,0
synth_blobs_high_overlap,SpectralClustering,"{""n_clusters"": 3, ""affinity"": ""nearest_neighbors""}",e3ae029f4d54,0.5368473607646668,0.4070781575954525,245.7294805568884,0.7951851009911385,3,0.0,0
synth_blobs_high_overlap,SpectralClustering,"{""n_clusters"": 5, ""affinity"": ""nearest_neighbors""}",98d2a79e4c00,0.4385987201801705,0.3890602256039345,300.1555533416415,0.8066919678937385,5,0.0,0
synth_blobs_high_overlap,SpectralClustering,"{""n_clusters"": 7, ""affinity"": ""nearest_neighbors""}",0481ef8f35a2,0.39122667435327424,0.3658933533668765,265.56690885451576,0.813439206299952,7,0.0,0
synth_blobs_high_overlap,SpectralClustering,"{""n_clusters"": 10, ""affinity"": ""nearest_neighbors""}",9a585386bc6d,0.34800648266300777,0.34050882381420794,283.29947953883845,0.8564017291017244,10,0.0,0
synth_blobs_high_overlap,SpectralClustering,"{""n_clusters"": 15, ""affinity"": ""nearest_neighbors""}",971471268792,0.308603077211286,0.3547747558201947,278.9312952668741,0.8298694781789074,15,0.0,0
synth_blobs_well_separated,SpectralClustering,"{""n_clusters"": 2, ""affinity"": ""nearest_neighbors""}",c5dfd3221b79,0.5758440058424192,0.24290023930759944,79.29570879436372,1.3361465287500975,2,0.0,0
synth_blobs_well_separated,SpectralClustering,"{""n_clusters"": 3, ""affinity"": ""nearest_neighbors""}",e3ae029f4d54,0.8564272624229416,0.5854555089575482,326.2530144261905,0.7972682814806857,3,0.0,0
synth_blobs_well_separated,SpectralClustering,"{""n_clusters"": 5, ""affinity"": ""nearest_neighbors""}",98d2a79e4c00,0.9420598780919085,0.757869362248331,20287.234963571605,0.5641074351660172,5,0.0,0
synth_blobs_well_separated,SpectralClustering,"{""n_clusters"": 7, ""affinity"": ""nearest_neighbors""}",0481ef8f35a2,0.8434252847478504,0.43432016706818694,16359.903385372438,1.1430101930568466,7,0.0,0
synth_blobs_well_separated,SpectralClustering,"{""n_clusters"": 10, ""affinity"": ""nearest_neighbors""}",9a585386bc6d,0.7694435330726095,0.24507894438963643,13235.241804334286,1.3457686851340793,10,0.0,0
synth_blobs_well_separated,SpectralClustering,"{""n_clusters"": 15, ""affinity"": ""nearest_neighbors""}",971471268792,0.6858157140090609,0.195733373015884,9976.461537896792,1.408085873985195,15,0.0,0
synth_blobs_varying_std,SpectralClustering,"{""n_clusters"": 2, ""affinity"": ""nearest_neighbors""}",c5dfd3221b79,0.4842895650822739,0.5285576447387229,1370.9109531323024,0.7891605971857731,2,0.0,0
synth_blobs_varying_std,SpectralClustering,"{""n_clusters"": 3, ""affinity"": ""nearest_neighbors""}",e3ae029f4d54,0.6384861374798969,0.3221643927151409,419.00953580048537,0.7933242322980331,3,0.0,0
synth_blobs_varying_std,SpectralClustering,"{""n_clusters"": 5, ""affinity"": ""nearest_neighbors""}",98d2a79e4c00,0.7467647009858754,0.48430547708780575,1507.3390740018615,0.7102584921945112,5,0.0,0
synth_blobs_varying_std,SpectralClustering,"{""n_clusters"": 7, ""affinity"": ""nearest_neighbors""}",0481ef8f35a2,0.726638804667966,0.42284746027653886,1686.7004824261146,0.9806761712878347,7,0.0,0
synth_blobs_varying_std,SpectralClustering,"{""n_clusters"": 10, ""affinity"": ""nearest_neighbors""}",9a585386bc6d,0.665411604461745,0.39677117247178273,1490.3993085045734,0.911323717327346,10,0.0,0
synth_blobs_varying_std,SpectralClustering,"{""n_clusters"": 15, ""affinity"": ""nearest_neighbors""}",971471268792,0.6035586983309531,0.28799809376019014,1352.7099760044125,0.9763105633598569,15,0.0,0
synth_moons_noise0.05,SpectralClustering,"{""n_clusters"": 2, ""affinity"": ""nearest_neighbors""}",c5dfd3221b79,1.0,0.3875501064624733,858.6408705115141,1.0272178780283032,2,0.0,0
synth_moons_noise0.05,SpectralClustering,"{""n_clusters"": 3, ""affinity"": ""nearest_neighbors""}",e3ae029f4d54,0.8017921128281659,0.341587881705511,738.4777480224159,1.0106674774302544,3,0.0,0
synth_moons_noise0.05,SpectralClustering,"{""n_clusters"": 5, ""affinity"": ""nearest_neighbors""}",98d2a79e4c00,0.616861737502007,0.41666885167339734,1028.6233706193773,0.7660691328596446,5,0.0,0
synth_moons_noise0.05,SpectralClustering,"{""n_clusters"": 7, ""affinity"": ""nearest_neighbors""}",0481ef8f35a2,0.5413402777467282,0.4818536264083896,1437.4295407009427,0.6218983706484045,7,0.0,0
synth_moons_noise0.05,SpectralClustering,"{""n_clusters"": 10, ""affinity"": ""nearest_neighbors""}",9a585386bc6d,0.46836748760409175,0.4865658331212479,2000.6472311919865,0.5720605717322605,10,0.0,0
synth_moons_noise0.05,SpectralClustering,"{""n_clusters"": 15, ""affinity"": ""nearest_neighbors""}",971471268792,0.41038329994974254,0.5009384848831362,2932.105370903029,0.568056556349371,15,0.0,0
synth_moons_noise0.15,SpectralClustering,"{""n_clusters"": 2, ""affinity"": ""nearest_neighbors""}",c5dfd3221b79,0.4543529481674637,0.4496486682061867,1113.3100893459793,0.8479221329392046,2,0.0,0
synth_moons_noise0.15,SpectralClustering,"{""n_clusters"": 3, ""affinity"": ""nearest_neighbors""}",e3ae029f4d54,0.40339777446758546,0.38921252881116014,913.5823805131618,0.9300671089323016,3,0.0,0
synth_moons_noise0.15,SpectralClustering,"{""n_clusters"": 5, ""affinity"": ""nearest_neighbors""}",98d2a79e4c00,0.4158078228536917,0.42249638889766833,1215.7072359279493,0.7647009666100167,5,0.0,0
synth_moons_noise0.15,SpectralClustering,"{""n_clusters"": 7, ""affinity"": ""nearest_neighbors""}",0481ef8f35a2,0.48463225157949547,0.40871515201223063,1194.5905467696957,0.7748797684960987,7,0.0,0
synth_moons_noise0.15,SpectralClustering,"{""n_clusters"": 10, ""affinity"": ""nearest_neighbors""}",9a585386bc6d,0.43827604021156147,0.40777544802166993,1380.1045575547269,0.7502131075008959,10,0.0,0
synth_moons_noise0.15,SpectralClustering,"{""n_clusters"": 15, ""affinity"": ""nearest_neighbors""}",971471268792,0.36522397550500224,0.37780991778264833,1440.9435494122288,0.7722929079105821,15,0.0,0
synth_moons_noise0.30,SpectralClustering,"{""n_clusters"": 2, ""affinity"": ""nearest_neighbors""}",c5dfd3221b79,0.28164532775845036,0.43567130256265246,1027.156241992022,0.8976030590016068,2,0.0,0
synth_moons_noise0.30,SpectralClustering,"{""n_clusters"": 3, ""affinity"": ""nearest_neighbors""}",e3ae029f4d54,0.18494016552345696,0.3472420277171793,751.5013957996518,0.9894919258775122,3,0.0,0
synth_moons_noise0.30,SpectralClustering,"{""n_clusters"": 5, ""affinity"": ""nearest_neighbors""}",98d2a79e4c00,0.2752056353602474,0.35019499528280323,832.8349417340131,0.8529994580566079,5,0.0,0
synth_moons_noise0.30,SpectralClustering,"{""n_clusters"": 7, ""affinity"": ""nearest_neighbors""}",0481ef8f35a2,0.27408392205352194,0.34337731793255294,858.7767073064985,0.8389220999039283,7,0.0,0
synth_moons_noise0.30,SpectralClustering,"{""n_clusters"": 10, ""affinity"": ""nearest_neighbors""}",9a585386bc6d,0.25256345891605314,0.32603442603918625,820.6663937699101,0.893530600225968,10,0.0,0
synth_moons_noise0.30,SpectralClustering,"{""n_clusters"": 15, ""affinity"": ""nearest_neighbors""}",971471268792,0.24704133560453453,0.32550139646724585,814.0505082432164,0.8744963791646281,15,0.0,0
synth_circles_n0.05_f0.5,SpectralClustering,"{""n_clusters"": 2, ""affinity"": ""nearest_neighbors""}",c5dfd3221b79,1.0,0.11153377836789873,0.005856779806157016,391.49063730892794,2,0.0,0
synth_circles_n0.05_f0.5,SpectralClustering,"{""n_clusters"": 3, ""affinity"": ""nearest_neighbors""}",e3ae029f4d54,0.8000809960311441,0.18313042799628468,236.2036245461706,1.9859675323324908,3,0.0,0
synth_circles_n0.05_f0.5,SpectralClustering,"{""n_clusters"": 5, ""affinity"": ""nearest_neighbors""}",98d2a79e4c00,0.6069499500769486,0.2633317983461242,412.43904854971606,1.4198821066237355,5,0.0,0
synth_circles_n0.05_f0.5,SpectralClustering,"{""n_clusters"": 7, ""affinity"": ""nearest_neighbors""}",0481ef8f35a2,0.5267875371378122,0.3369408908962479,585.9903680750288,1.1190588175352902,7,0.0,0
synth_circles_n0.05_f0.5,SpectralClustering,"{""n_clusters"": 10, ""affinity"": ""nearest_neighbors""}",9a585386bc6d,0.46196502143687107,0.3729735964439277,716.4824533424506,0.944671185013295,10,0.0,0
synth_circles_n0.05_f0.5,SpectralClustering,"{""n_clusters"": 15, ""affinity"": ""nearest_neighbors""}",971471268792,0.40648587012546233,0.4491621118992606,1155.0578456850503,0.6374977972244462,15,0.0,0
synth_circles_n0.10_f0.3,SpectralClustering,"{""n_clusters"": 2, ""affinity"": ""nearest_neighbors""}",c5dfd3221b79,1.0,0.19490666301162649,0.04013073137352518,138.47099253181383,2,0.0,0
synth_circles_n0.10_f0.3,SpectralClustering,"{""n_clusters"": 3, ""affinity"": ""nearest_neighbors""}",e3ae029f4d54,0.7921899542159991,0.30733712318617357,285.4041733998454,1.6940289101209112,3,0.0,0
synth_circles_n0.10_f0.3,SpectralClustering,"{""n_clusters"": 5, ""affinity"": ""nearest_neighbors""}",98d2a79e4c00,0.6016461617461675,0.2870020840487823,435.5163958684395,1.117441009795311,5,0.0,0
synth_circles_n0.10_f0.3,SpectralClustering,"{""n_clusters"": 7, ""affinity"": ""nearest_neighbors""}",0481ef8f35a2,0.5283232620245789,0.3477940341084178,586.8773250959104,0.8463762324288998,7,0.0,0
synth_circles_n0.10_f0.3,SpectralClustering,"{""n_clusters"": 10, ""affinity"": ""nearest_neighbors""}",9a585386bc6d,0.4764620359764461,0.4129055063276643,917.7933742776311,0.6899868134649427,10,0.0,0
synth_circles_n0.10_f0.3,SpectralClustering,"{""n_clusters"": 15, ""affinity"": ""nearest_neighbors""}",971471268792,0.4084129404791952,0.41062269849106237,1091.8649050532006,0.681446102972333,15,0.0,0
synth_circles_n0.15_f0.7,SpectralClustering,"{""n_clusters"": 2, ""affinity"": ""nearest_neighbors""}",c5dfd3221b79,-0.0007249941446971195,0.368373279387062,603.4604840403593,1.1733800122745077,2,0.0,0
synth_circles_n0.15_f0.7,SpectralClustering,"{""n_clusters"": 3, ""affinity"": ""nearest_neighbors""}",e3ae029f4d54,-0.0010323297357456513,0.4267558923044803,935.3882078769756,0.7720598814424244,3,0.0,0
synth_circles_n0.15_f0.7,SpectralClustering,"{""n_clusters"": 5, ""affinity"": ""nearest_neighbors""}",98d2a79e4c00,-0.0015720163269404646,0.41176146429187394,1216.4024713653305,0.7136024424845002,5,0.0,0
synth_circles_n0.15_f0.7,SpectralClustering,"{""n_clusters"": 7, ""affinity"": ""nearest_neighbors""}",0481ef8f35a2,-0.00037014720788652584,0.3607560010176679,1204.710984761382,0.7921932233119735,7,0.0,0
synth_circles_n0.15_f0.7,SpectralClustering,"{""n_clusters"": 10, ""affinity"": ""nearest_neighbors""}",9a585386bc6d,0.0755146804318533,0.3368229930565558,1083.74879396142,0.9743336133600022,10,0.0,0
synth_circles_n0.15_f0.7,SpectralClustering,"{""n_clusters"": 15, ""affinity"": ""nearest_neighbors""}",971471268792,0.11793241000358026,0.3228527558074131,1039.4200593164696,0.9093188318055013,15,0.0,0
synth_imb_1_1_5_2d,SpectralClustering,"{""n_clusters"": 2, ""affinity"": ""nearest_neighbors""}",c5dfd3221b79,0.8576982111294384,0.5766684264341833,613.6722520224265,0.9345172957335127,2,0.0,0
synth_imb_1_1_5_2d,SpectralClustering,"{""n_clusters"": 3, ""affinity"": ""nearest_neighbors""}",e3ae029f4d54,0.9640234734360437,0.6339203827227503,965.3035374510237,0.4889677251015326,3,0.0,0
synth_imb_1_1_5_2d,SpectralClustering,"{""n_clusters"": 5, ""affinity"": ""nearest_neighbors""}",98d2a79e4c00,0.6604426168345946,0.442702392874386,1101.7995784293182,0.6721887367276392,5,0.0,0
synth_imb_1_1_5_2d,SpectralClustering,"{""n_clusters"": 7, ""affinity"": ""nearest_neighbors""}",0481ef8f35a2,0.5383708068088935,0.36021625633376686,963.0927525514193,0.882780978999465,7,0.0,0
synth_imb_1_1_5_2d,SpectralClustering,"{""n_clusters"": 10, ""affinity"": ""nearest_neighbors""}",9a585386bc6d,0.5112598117447233,0.35709661749328886,1080.900285786069,0.8320364722440686,10,0.0,0
synth_imb_1_1_5_2d,SpectralClustering,"{""n_clusters"": 15, ""affinity"": ""nearest_neighbors""}",971471268792,0.4374668653430452,0.3410694702235779,1026.4372628650733,0.8672829745362329,15,0.0,0
synth_imb_extreme_5d,SpectralClustering,"{""n_clusters"": 2, ""affinity"": ""nearest_neighbors""}",c5dfd3221b79,0.5134776941587987,0.5344535336749965,981.4259021602861,0.6035669964152086,2,0.0,0
synth_imb_extreme_5d,SpectralClustering,"{""n_clusters"": 3, ""affinity"": ""nearest_neighbors""}",e3ae029f4d54,0.8678954261726171,0.5417156871783827,811.3993382165864,0.9449002719268643,3,0.0,0
synth_imb_extreme_5d,SpectralClustering,"{""n_clusters"": 5, ""affinity"": ""nearest_neighbors""}",98d2a79e4c00,0.7400456697599803,0.24967344109557693,1930.2611984803505,1.652914299659304,5,0.0,0
synth_imb_extreme_5d,SpectralClustering,"{""n_clusters"": 7, ""affinity"": ""nearest_neighbors""}",0481ef8f35a2,0.7163749863164657,0.2701931929274792,2569.772161855866,1.2798844923861683,7,0.0,0
synth_imb_extreme_5d,SpectralClustering,"{""n_clusters"": 10, ""affinity"": ""nearest_neighbors""}",9a585386bc6d,0.6335634273001487,0.18657323410651425,1990.1153014631393,1.4988948777215092,10,0.0,0
synth_imb_extreme_5d,SpectralClustering,"{""n_clusters"": 15, ""affinity"": ""nearest_neighbors""}",971471268792,0.5550163967662021,0.16634295005851574,1479.561074549176,1.5420354478180394,15,0.0,0
synth_imb_one_large_10d,SpectralClustering,"{""n_clusters"": 2, ""affinity"": ""nearest_neighbors""}",c5dfd3221b79,0.4097749996007293,0.4025263818129286,246.0804418059766,0.810854238381218,2,0.0,0
synth_imb_one_large_10d,SpectralClustering,"{""n_clusters"": 3, ""affinity"": ""nearest_neighbors""}",e3ae029f4d54,0.6760078886730573,0.49077482484579477,441.15655004671515,0.662712959914152,3,0.0,0
synth_imb_one_large_10d,SpectralClustering,"{""n_clusters"": 5, ""affinity"": ""nearest_neighbors""}",98d2a79e4c00,0.7502650848247413,0.17635555545538126,501.79458800668203,1.8887909236095148,5,0.0,0
synth_imb_one_large_10d,SpectralClustering,"{""n_clusters"": 7, ""affinity"": ""nearest_neighbors""}",0481ef8f35a2,0.7157813985937652,0.24999854466154464,1220.9447754656464,1.3658569056943268,7,0.0,0
synth_imb_one_large_10d,SpectralClustering,"{""n_clusters"": 10, ""affinity"": ""nearest_neighbors""}",9a585386bc6d,0.6056338620614,0.2392304143039236,897.1927667106286,1.5462979477755165,10,0.0,0
synth_imb_one_large_10d,SpectralClustering,"{""n_clusters"": 15, ""affinity"": ""nearest_neighbors""}",971471268792,0.5456351267318968,0.1155072628469108,621.9296106758694,2.2282808394622085,15,0.0,0
synth_imb_many_small_3d,SpectralClustering,"{""n_clusters"": 2, ""affinity"": ""nearest_neighbors""}",c5dfd3221b79,0.7103405854352214,0.6874320910236232,480.7510607854416,0.5836803956591471,2,0.0,0
synth_imb_many_small_3d,SpectralClustering,"{""n_clusters"": 3, ""affinity"": ""nearest_neighbors""}",e3ae029f4d54,0.8010418931648858,0.6735135097528755,297.5349975784523,0.44544888993748105,3,0.0,0
synth_imb_many_small_3d,SpectralClustering,"{""n_clusters"": 5, ""affinity"": ""nearest_neighbors""}",98d2a79e4c00,0.4459662340381386,0.14361490315183176,251.866875822525,0.9491937062740856,5,0.0,0
synth_imb_many_small_3d,SpectralClustering,"{""n_clusters"": 7, ""affinity"": ""nearest_neighbors""}",0481ef8f35a2,0.49982706984024844,0.28135217897744014,944.8253133635849,0.9116998271292373,7,0.0,0
synth_imb_many_small_3d,SpectralClustering,"{""n_clusters"": 10, ""affinity"": ""nearest_neighbors""}",9a585386bc6d,0.4120974401840127,0.29274458224309524,835.8907130709605,0.9458949110525714,10,0.0,0
synth_imb_many_small_3d,SpectralClustering,"{""n_clusters"": 15, ""affinity"": ""nearest_neighbors""}",971471268792,0.3533298070220119,0.2643648046064419,681.4505113122111,1.0195353652985863,15,0.0,0
synth_noisy_10pct,SpectralClustering,"{""n_clusters"": 2, ""affinity"": ""nearest_neighbors""}",c5dfd3221b79,0.5879131853253038,0.6097049404632776,911.7042434331378,0.5086180569555471,2,0.0,0
synth_noisy_10pct,SpectralClustering,"{""n_clusters"": 3, ""affinity"": ""nearest_neighbors""}",e3ae029f4d54,0.8236892707551614,0.6592922809778072,1310.11003202503,0.4940993037208996,3,0.0,0
synth_noisy_10pct,SpectralClustering,"{""n_clusters"": 5, ""affinity"": ""nearest_neighbors""}",98d2a79e4c00,0.6970622670063844,0.41179405822099535,816.0591822302647,1.0862828295523204,5,0.0,0
synth_noisy_10pct,SpectralClustering,"{""n_clusters"": 7, ""affinity"": ""nearest_neighbors""}",0481ef8f35a2,0.6273416181727847,0.21960920180403953,579.5797997575318,1.2147249140049179,7,0.0,0
synth_noisy_10pct,SpectralClustering,"{""n_clusters"": 10, ""affinity"": ""nearest_neighbors""}",9a585386bc6d,0.5976860697183799,0.31082624465864456,980.9728025496918,0.9193730581497975,10,0.0,0
synth_noisy_10pct,SpectralClustering,"{""n_clusters"": 15, ""affinity"": ""nearest_neighbors""}",971471268792,0.5338661056856481,0.2273505068400588,770.0121746366034,0.9853438943796877,15,0.0,0
synth_noisy_30pct,SpectralClustering,"{""n_clusters"": 2, ""affinity"": ""nearest_neighbors""}",c5dfd3221b79,0.45450013922858185,0.4218727466986398,285.5720968197542,0.8684880167894669,2,0.0,0
synth_noisy_30pct,SpectralClustering,"{""n_clusters"": 3, ""affinity"": ""nearest_neighbors""}",e3ae029f4d54,0.6317229692263735,0.631217715499436,935.280438780474,0.4782425184577807,3,0.0,0
synth_noisy_30pct,SpectralClustering,"{""n_clusters"": 5, ""affinity"": ""nearest_neighbors""}",98d2a79e4c00,0.5862475844188706,0.4931708208897476,619.6040732675776,0.8868207037873874,5,0.0,0
synth_noisy_30pct,SpectralClustering,"{""n_clusters"": 7, ""affinity"": ""nearest_neighbors""}",0481ef8f35a2,0.5748143304459034,0.3738451094739135,729.0083437416937,1.0378137094080377,7,0.0,0
synth_noisy_30pct,SpectralClustering,"{""n_clusters"": 10, ""affinity"": ""nearest_neighbors""}",9a585386bc6d,0.5038992722510482,0.2707953044318935,631.6267636632767,1.012627150968639,10,0.0,0
synth_noisy_30pct,SpectralClustering,"{""n_clusters"": 15, ""affinity"": ""nearest_neighbors""}",971471268792,0.5059681543470415,0.25747857582789413,502.09229194589034,0.8872944830941407,15,0.0,0
synth_noisy_20pct_5d,SpectralClustering,"{""n_clusters"": 2, ""affinity"": ""nearest_neighbors""}",c5dfd3221b79,0.4364708004896532,0.28866713217255185,297.6166639418283,1.741320319851381,2,0.0,0
synth_noisy_20pct_5d,SpectralClustering,"{""n_clusters"": 3, ""affinity"": ""nearest_neighbors""}",e3ae029f4d54,0.6012702195773484,0.3698214710689906,388.5087966426269,1.2768684357989466,3,0.0,0
synth_noisy_20pct_5d,SpectralClustering,"{""n_clusters"": 5, ""affinity"": ""nearest_neighbors""}",98d2a79e4c00,0.7640071814757874,0.5759699898441843,749.1819434528047,0.6849611620622311,5,0.0,0
synth_noisy_20pct_5d,SpectralClustering,"{""n_clusters"": 7, ""affinity"": ""nearest_neighbors""}",0481ef8f35a2,0.7747225492740278,0.5090804645650763,576.7163320983425,1.2936298551405037,7,0.0,0
synth_noisy_20pct_5d,SpectralClustering,"{""n_clusters"": 10, ""affinity"": ""nearest_neighbors""}",9a585386bc6d,0.7028741260564437,0.24548271338239303,423.2766187225884,1.586653010706638,10,0.0,0
synth_noisy_20pct_5d,SpectralClustering,"{""n_clusters"": 15, ""affinity"": ""nearest_neighbors""}",971471268792,0.6816291328964701,0.13140213998726963,349.51931189198757,1.6500298218039204,15,0.0,0
synth_subspace_2of20,SpectralClustering,"{""n_clusters"": 2, ""affinity"": ""nearest_neighbors""}",c5dfd3221b79,0.7172173831293761,0.09214417604690073,45.67816916163941,3.0624595890218624,2,0.0,0
synth_subspace_2of20,SpectralClustering,"{""n_clusters"": 3, ""affinity"": ""nearest_neighbors""}",e3ae029f4d54,0.5461548659439611,0.051934821493279146,29.733096238937485,4.000157835398381,3,0.0,0
synth_subspace_2of20,SpectralClustering,"{""n_clusters"": 5, ""affinity"": ""nearest_neighbors""}",98d2a79e4c00,0.4149475442167217,0.038643819840429826,20.737214913718876,3.6510124655638143,5,0.0,0
synth_subspace_2of20,SpectralClustering,"{""n_clusters"": 7, ""affinity"": ""nearest_neighbors""}",0481ef8f35a2,0.2994821069441584,0.02704757261787394,15.307889080443749,3.5167972073546516,7,0.0,0
synth_subspace_2of20,SpectralClustering,"{""n_clusters"": 10, ""affinity"": ""nearest_neighbors""}",9a585386bc6d,0.28816911212245744,0.031095361969691666,13.490219190183083,3.4008395470218553,10,0.0,0
synth_subspace_2of20,SpectralClustering,"{""n_clusters"": 15, ""affinity"": ""nearest_neighbors""}",971471268792,0.25828421469501256,0.032598466484533045,11.19151502065307,3.0098350117462656,15,0.0,0
synth_subspace_5of50,SpectralClustering,"{""n_clusters"": 2, ""affinity"": ""nearest_neighbors""}",c5dfd3221b79,0.4733471884437461,0.07087593886557178,57.78020190090373,3.26903031560006,2,0.0,0
synth_subspace_5of50,SpectralClustering,"{""n_clusters"": 3, ""affinity"": ""nearest_neighbors""}",e3ae029f4d54,0.7178939567687278,0.04715951115748098,44.84012520518734,4.485094770092931,3,0.0,0
synth_subspace_5of50,SpectralClustering,"{""n_clusters"": 5, ""affinity"": ""nearest_neighbors""}",98d2a79e4c00,0.5737730512281456,0.02335743200799759,24.895118582713355,5.373244978663157,5,0.0,0
synth_subspace_5of50,SpectralClustering,"{""n_clusters"": 7, ""affinity"": ""nearest_neighbors""}",0481ef8f35a2,0.5054865090844365,0.007822511320025781,18.54293968236837,6.4718098015886705,7,0.0,0
synth_subspace_5of50,SpectralClustering,"{""n_clusters"": 10, ""affinity"": ""nearest_neighbors""}",9a585386bc6d,0.42660537149595074,0.006428101565701116,13.960924828724783,5.6888627203286255,10,0.0,0
synth_subspace_5of50,SpectralClustering,"{""n_clusters"": 15, ""affinity"": ""nearest_neighbors""}",971471268792,0.37192986302392916,0.005615520777764266,10.46252335880582,5.247952239037613,15,0.0,0
synth_elongated_2d,SpectralClustering,"{""n_clusters"": 2, ""affinity"": ""nearest_neighbors""}",c5dfd3221b79,0.6097087966683966,0.5411549399732696,1528.6990172113874,0.6391646609260941,2,0.0,0
synth_elongated_2d,SpectralClustering,"{""n_clusters"": 3, ""affinity"": ""nearest_neighbors""}",e3ae029f4d54,0.8223782189958028,0.5496219108640458,1988.0860740560565,0.6336433193629144,3,0.0,0
synth_elongated_2d,SpectralClustering,"{""n_clusters"": 5, ""affinity"": ""nearest_neighbors""}",98d2a79e4c00,0.6079974029288528,0.3560907732761302,1477.8174159438818,0.9128184530503219,5,0.0,0
synth_elongated_2d,SpectralClustering,"{""n_clusters"": 7, ""affinity"": ""nearest_neighbors""}",0481ef8f35a2,0.618146597098744,0.36076806614867013,1529.0195400341358,0.8556794918136521,7,0.0,0
synth_elongated_2d,SpectralClustering,"{""n_clusters"": 10, ""affinity"": ""nearest_neighbors""}",9a585386bc6d,0.5631762679828561,0.320002594474329,1508.9566145917229,0.9396170813800933,10,0.0,0
synth_elongated_2d,SpectralClustering,"{""n_clusters"": 15, ""affinity"": ""nearest_neighbors""}",971471268792,0.5268546788722539,0.3175612488464731,1452.6954547123153,0.8716420052666647,15,0.0,0
synth_elongated_10d,SpectralClustering,"{""n_clusters"": 2, ""affinity"": ""nearest_neighbors""}",c5dfd3221b79,0.4733471884437461,0.11512431616459173,105.00696379613788,1.6843804987139768,2,0.0,0
synth_elongated_10d,SpectralClustering,"{""n_clusters"": 3, ""affinity"": ""nearest_neighbors""}",e3ae029f4d54,0.741671671616667,0.29967640297881515,249.25391337225537,1.3561969003772638,3,0.0,0
synth_elongated_10d,SpectralClustering,"{""n_clusters"": 5, ""affinity"": ""nearest_neighbors""}",98d2a79e4c00,1.0,0.7023966195852404,3137.4386866734803,0.43385608609682247,5,0.0,0
synth_elongated_10d,SpectralClustering,"{""n_clusters"": 7, ""affinity"": ""nearest_neighbors""}",0481ef8f35a2,0.817304428690598,0.2164775801364379,280.92458890103234,1.3916798388253468,7,0.0,0
synth_elongated_10d,SpectralClustering,"{""n_clusters"": 10, ""affinity"": ""nearest_neighbors""}",9a585386bc6d,0.8278516222485868,0.2067680966183339,1844.2037255630855,1.6801484409373248,10,0.0,0
synth_elongated_10d,SpectralClustering,"{""n_clusters"": 15, ""affinity"": ""nearest_neighbors""}",971471268792,0.7479536631975198,0.1711013492949175,1381.6966612497547,1.7208366027148962,15,0.0,0
openml_15,SpectralClustering,"{""n_clusters"": 2, ""affinity"": ""nearest_neighbors""}",c5dfd3221b79,0.7914921562464408,0.5664578741492435,848.794309248534,0.8264603893304721,2,0.0,0
openml_15,SpectralClustering,"{""n_clusters"": 3, ""affinity"": ""nearest_neighbors""}",e3ae029f4d54,0.7062417050034253,0.0975259737490516,429.8335345246056,1.0997482710243003,3,0.0,0
openml_15,SpectralClustering,"{""n_clusters"": 5, ""affinity"": ""nearest_neighbors""}",98d2a79e4c00,0.5063620845476596,0.12480257626034928,234.02130570790035,1.5521486672095004,5,0.0,0
openml_15,SpectralClustering,"{""n_clusters"": 7, ""affinity"": ""nearest_neighbors""}",0481ef8f35a2,0.48899152534993806,0.041344344907449274,155.66982137293834,1.233615596396262,7,0.0,0
openml_15,SpectralClustering,"{""n_clusters"": 10, ""affinity"": ""nearest_neighbors""}",9a585386bc6d,0.4182143151144149,0.10042539081491343,103.61969211517419,1.4745478438775146,10,0.0,0
openml_15,SpectralClustering,"{""n_clusters"": 15, ""affinity"": ""nearest_neighbors""}",971471268792,0.3569104954169934,0.12288388318584015,93.37544619772113,1.596789141611773,15,0.0,0
openml_37,SpectralClustering,"{""n_clusters"": 2, ""affinity"": ""nearest_neighbors""}",c5dfd3221b79,0.0012615751857999863,0.33724695865231497,77.6861912189952,1.198833184390959,2,0.0,0
openml_37,SpectralClustering,"{""n_clusters"": 3, ""affinity"": ""nearest_neighbors""}",e3ae029f4d54,0.0011842488073396682,0.16355602361745827,102.98290989609318,1.7169699200805526,3,0.0,0
openml_37,SpectralClustering,"{""n_clusters"": 5, ""affinity"": ""nearest_neighbors""}",98d2a79e4c00,0.07010748433654829,0.15396720216543536,123.02320233041087,1.6789908311938988,5,0.0,0
openml_37,SpectralClustering,"{""n_clusters"": 7, ""affinity"": ""nearest_neighbors""}",0481ef8f35a2,0.05551598173962513,0.12279264687088698,105.99340792272321,1.6550774572494256,7,0.0,0
openml_37,SpectralClustering,"{""n_clusters"": 10, ""affinity"": ""nearest_neighbors""}",9a585386bc6d,0.048899443506872926,0.11885535940851986,93.02642167218268,1.6164837319439076,10,0.0,0
openml_37,SpectralClustering,"{""n_clusters"": 15, ""affinity"": ""nearest_neighbors""}",971471268792,0.057883037998413246,0.11198759829082512,79.7684601081315,1.6041874395273008,15,0.0,0
openml_54,SpectralClustering,"{""n_clusters"": 2, ""affinity"": ""nearest_neighbors""}",c5dfd3221b79,0.1449802029466069,0.3821239556460008,574.9318683951333,1.027551051367987,2,0.0,0
openml_54,SpectralClustering,"{""n_clusters"": 3, ""affinity"": ""nearest_neighbors""}",e3ae029f4d54,0.12048698481130438,0.28150314822318434,438.3798500362226,1.2796921549673594,3,0.0,0
openml_54,SpectralClustering,"{""n_clusters"": 5, ""affinity"": ""nearest_neighbors""}",98d2a79e4c00,0.18096407071556653,0.23761528329426446,285.51136392044606,1.5758239050701452,5,0.0,0
openml_54,SpectralClustering,"{""n_clusters"": 7, ""affinity"": ""nearest_neighbors""}",0481ef8f35a2,0.27760406157586026,0.19156303724708895,228.26984046448732,1.646146210818267,7,0.0,0
openml_54,SpectralClustering,"{""n_clusters"": 10, ""affinity"": ""nearest_neighbors""}",9a585386bc6d,0.29092870396038645,0.15971983406040713,234.340715464531,1.562400023516526,10,0.0,0
openml_54,SpectralClustering,"{""n_clusters"": 15, ""affinity"": ""nearest_neighbors""}",971471268792,0.2725471599131112,0.1480632607163221,190.6430401501448,1.5025892583621392,15,0.0,0
openml_181,SpectralClustering,"{""n_clusters"": 2, ""affinity"": ""nearest_neighbors""}",c5dfd3221b79,0.017692952821336233,0.6986222699586507,214.1421349418841,0.462619647314684,2,0.0,0
openml_181,SpectralClustering,"{""n_clusters"": 3, ""affinity"": ""nearest_neighbors""}",e3ae029f4d54,0.04860402068394623,0.6889294444833528,242.59666111545928,0.46868381340866844,3,0.0,0
openml_181,SpectralClustering,"{""n_clusters"": 5, ""affinity"": ""nearest_neighbors""}",98d2a79e4c00,0.23383281006122972,0.22712977625945127,292.7471124563947,1.136053541764127,5,0.0,0
openml_181,SpectralClustering,"{""n_clusters"": 7, ""affinity"": ""nearest_neighbors""}",0481ef8f35a2,0.30137752927935857,0.19863167934358741,230.08632487408136,1.233605703757333,7,0.0,0
openml_181,SpectralClustering,"{""n_clusters"": 10, ""affinity"": ""nearest_neighbors""}",9a585386bc6d,0.28134750012507964,0.1818167210347971,297.5701528515974,1.2130247978210085,10,0.0,0
openml_181,SpectralClustering,"{""n_clusters"": 15, ""affinity"": ""nearest_neighbors""}",971471268792,0.2618548249704886,0.15160675471534008,241.59633308454144,1.3533158816348458,15,0.0,0
openml_307,SpectralClustering,"{""n_clusters"": 2, ""affinity"": ""nearest_neighbors""}",c5dfd3221b79,0.10117336351227396,0.2040137993398943,186.626523969486,1.5908484663029774,2,0.0,0
openml_307,SpectralClustering,"{""n_clusters"": 3, ""affinity"": ""nearest_neighbors""}",e3ae029f4d54,0.23042750782474852,0.16557138098588442,183.0659128434154,1.8533525415046697,3,0.0,0
openml_307,SpectralClustering,"{""n_clusters"": 5, ""affinity"": ""nearest_neighbors""}",98d2a79e4c00,0.2715204374905821,0.13071633123687726,124.47418514578412,1.4134812238752268,5,0.0,0
openml_307,SpectralClustering,"{""n_clusters"": 7, ""affinity"": ""nearest_neighbors""}",0481ef8f35a2,0.22018848690719992,0.05592846176077321,82.69829872144459,1.3523025260295305,7,0.0,0
openml_307,SpectralClustering,"{""n_clusters"": 10, ""affinity"": ""nearest_neighbors""}",9a585386bc6d,0.24523549605622239,0.09765632182512118,87.0672715537132,1.607374683781804,10,0.0,0
openml_307,SpectralClustering,"{""n_clusters"": 15, ""affinity"": ""nearest_neighbors""}",971471268792,0.3510594032601904,0.137134497477544,97.61099214222426,1.5159228098124393,15,0.0,0
openml_458,SpectralClustering,"{""n_clusters"": 2, ""affinity"": ""nearest_neighbors""}",c5dfd3221b79,0.32465044561291523,0.12761700220766659,46.13229883138595,1.913774123347053,2,0.0,0
openml_458,SpectralClustering,"{""n_clusters"": 3, ""affinity"": ""nearest_neighbors""}",e3ae029f4d54,0.7432066077374652,0.10414480226039156,67.7500485138383,2.199432858495401,3,0.0,0
openml_458,SpectralClustering,"{""n_clusters"": 5, ""affinity"": ""nearest_neighbors""}",98d2a79e4c00,0.8882318571628657,0.1247013444653721,80.43815854112786,2.2871101147375734,5,0.0,0
openml_458,SpectralClustering,"{""n_clusters"": 7, ""affinity"": ""nearest_neighbors""}",0481ef8f35a2,0.7818066609483337,0.10488081703375465,65.82399043209374,2.564893180522268,7,0.0,0
openml_458,SpectralClustering,"{""n_clusters"": 10, ""affinity"": ""nearest_neighbors""}",9a585386bc6d,0.7212611277047168,0.07660315961199486,48.80458761322649,2.97363570903656,10,0.0,0
openml_458,SpectralClustering,"{""n_clusters"": 15, ""affinity"": ""nearest_neighbors""}",971471268792,0.6522940012551572,0.051912445869963984,34.46766010006128,3.24260943233814,15,0.0,0
openml_1462,SpectralClustering,"{""n_clusters"": 2, ""affinity"": ""nearest_neighbors""}",c5dfd3221b79,0.015230306824020599,0.17732987088260577,19.977119071824344,0.7058581320673943,2,0.0,0
openml_1462,SpectralClustering,"{""n_clusters"": 3, ""affinity"": ""nearest_neighbors""}",e3ae029f4d54,0.08280755658242965,0.16199551576975,89.9196281046311,0.7472411426544209,3,0.0,0
openml_1462,SpectralClustering,"{""n_clusters"": 5, ""affinity"": ""nearest_neighbors""}",98d2a79e4c00,0.11063730760564698,0.12108506826042978,111.45971559766778,0.6499555860110424,5,0.0,0
openml_1462,SpectralClustering,"{""n_clusters"": 7, ""affinity"": ""nearest_neighbors""}",0481ef8f35a2,0.6218395189515913,0.14095922385387527,295.2419746553227,1.1021103579595417,7,0.0,0
openml_1462,SpectralClustering,"{""n_clusters"": 10, ""affinity"": ""nearest_neighbors""}",9a585386bc6d,0.5600471448429226,0.18075129953867589,320.51705517621144,0.9402957712242183,10,0.0,0
openml_1462,SpectralClustering,"{""n_clusters"": 15, ""affinity"": ""nearest_neighbors""}",971471268792,0.4363946692638276,0.2666078663351762,520.3329161417324,0.9868029863986064,15,0.0,0
openml_1049,SpectralClustering,"{""n_clusters"": 2, ""affinity"": ""nearest_neighbors""}",c5dfd3221b79,0.015853569840193732,0.15910306250649722,51.30476516613515,0.9816137208983142,2,0.0,0
openml_1049,SpectralClustering,"{""n_clusters"": 3, ""affinity"": ""nearest_neighbors""}",e3ae029f4d54,0.012849682552136825,0.12223386151382346,53.324375872441706,1.479415881660838,3,0.0,0
openml_1049,SpectralClustering,"{""n_clusters"": 5, ""affinity"": ""nearest_neighbors""}",98d2a79e4c00,0.06172265121147813,0.09500451166745932,98.01028166170518,1.6293977096812422,5,0.0,0
openml_1049,SpectralClustering,"{""n_clusters"": 7, ""affinity"": ""nearest_neighbors""}",0481ef8f35a2,0.053464555307014154,0.06523456803983689,72.5640827163961,1.504054731860616,7,0.0,0
openml_1049,SpectralClustering,"{""n_clusters"": 10, ""affinity"": ""nearest_neighbors""}",9a585386bc6d,0.0486347052890678,0.10465290343691594,97.08276779851074,1.4862968320973564,10,0.0,0
openml_1049,SpectralClustering,"{""n_clusters"": 15, ""affinity"": ""nearest_neighbors""}",971471268792,0.051202208616908856,0.04323595734221961,75.33968885447193,1.5858201182872258,15,0.0,0
openml_1050,SpectralClustering,"{""n_clusters"": 2, ""affinity"": ""nearest_neighbors""}",c5dfd3221b79,0.013982680077643491,0.2897602361876312,67.1800127578871,0.8257580256737168,2,0.0,0
openml_1050,SpectralClustering,"{""n_clusters"": 3, ""affinity"": ""nearest_neighbors""}",e3ae029f4d54,0.023685645331090584,0.14942471183899178,120.11655985241512,1.2398202327552588,3,0.0,0
openml_1050,SpectralClustering,"{""n_clusters"": 5, ""affinity"": ""nearest_neighbors""}",98d2a79e4c00,0.015918932550790663,0.14455862572873168,110.48254588205901,1.4286309598352769,5,0.0,0
openml_1050,SpectralClustering,"{""n_clusters"": 7, ""affinity"": ""nearest_neighbors""}",0481ef8f35a2,0.04278215544735559,0.14065537597109368,104.05152410270229,1.3833832068463612,7,0.0,0
openml_1050,SpectralClustering,"{""n_clusters"": 10, ""affinity"": ""nearest_neighbors""}",9a585386bc6d,0.03171014201752233,0.1415750947261909,115.45911105874553,1.3468561615252943,10,0.0,0
openml_1050,SpectralClustering,"{""n_clusters"": 15, ""affinity"": ""nearest_neighbors""}",971471268792,0.03662977286977749,0.09981908295567364,81.16831707344625,1.4821957132342949,15,0.0,0
openml_1063,SpectralClustering,"{""n_clusters"": 2, ""affinity"": ""nearest_neighbors""}",c5dfd3221b79,0.0741694840618234,0.20716090887087768,62.3092104610535,0.9180550658620106,2,0.0,0
openml_1063,SpectralClustering,"{""n_clusters"": 3, ""affinity"": ""nearest_neighbors""}",e3ae029f4d54,0.07575622507586745,0.14246171668270366,37.64883689337059,0.9527084615756348,3,0.0,0
openml_1063,SpectralClustering,"{""n_clusters"": 5, ""affinity"": ""nearest_neighbors""}",98d2a79e4c00,0.10573243593136603,0.1282760800998907,42.59834350321179,1.6760933961757747,5,0.0,0
openml_1063,SpectralClustering,"{""n_clusters"": 7, ""affinity"": ""nearest_neighbors""}",0481ef8f35a2,0.10195985719207519,0.15228082733384424,35.82139929951183,1.2570470257522843,7,0.0,0
openml_1063,SpectralClustering,"{""n_clusters"": 10, ""affinity"": ""nearest_neighbors""}",9a585386bc6d,0.10275735862410375,0.18954341470242977,40.881134732247645,1.1766108387540986,10,0.0,0
openml_1063,SpectralClustering,"{""n_clusters"": 15, ""affinity"": ""nearest_neighbors""}",971471268792,0.08880841307194354,0.19671927056131233,33.55176579797618,1.224260202820061,15,0.0,0
openml_1067,SpectralClustering,"{""n_clusters"": 2, ""affinity"": ""nearest_neighbors""}",c5dfd3221b79,0.02320943169102106,-0.2947701160867099,40.00616480738166,1.245203367149829,2,0.0,0
openml_1067,SpectralClustering,"{""n_clusters"": 3, ""affinity"": ""nearest_neighbors""}",e3ae029f4d54,0.028862120092693226,-0.2588998422930342,39.438769873363796,1.2339977147984647,3,0.0,0
openml_1067,SpectralClustering,"{""n_clusters"": 5, ""affinity"": ""nearest_neighbors""}",98d2a79e4c00,0.03845314244679198,-0.27261414182891214,32.68705867001364,1.2276026503244788,5,0.0,0
openml_1067,SpectralClustering,"{""n_clusters"": 7, ""affinity"": ""nearest_neighbors""}",0481ef8f35a2,0.030828330988073856,-0.2877918184502003,16.716748249452735,1.1795510220842575,7,0.0,0
openml_1067,SpectralClustering,"{""n_clusters"": 10, ""affinity"": ""nearest_neighbors""}",9a585386bc6d,0.045767801863475274,-0.036140670291186706,67.85966666864141,1.1294165301601653,10,0.0,0
openml_1067,SpectralClustering,"{""n_clusters"": 15, ""affinity"": ""nearest_neighbors""}",971471268792,0.05346528788920517,0.024116879953030097,140.25959304070355,1.3774373445221586,15,0.0,0
openml_1068,SpectralClustering,"{""n_clusters"": 2, ""affinity"": ""nearest_neighbors""}",c5dfd3221b79,0.010574185822211766,-0.10522042887043181,17.57088991141056,0.9423739765127592,2,0.0,0
openml_1068,SpectralClustering,"{""n_clusters"": 3, ""affinity"": ""nearest_neighbors""}",e3ae029f4d54,0.013941500482848142,-0.05963650078721577,33.642221505345375,0.8966076256346551,3,0.0,0
openml_1068,SpectralClustering,"{""n_clusters"": 5, ""affinity"": ""nearest_neighbors""}",98d2a79e4c00,0.015747484233381365,-0.09438834273092424,19.216363146251577,0.8942540292272069,5,0.0,0
openml_1068,SpectralClustering,"{""n_clusters"": 7, ""affinity"": ""nearest_neighbors""}",0481ef8f35a2,0.029017775430577035,0.1332190408674463,88.77709929753523,0.9229598881314303,7,0.0,0
openml_1068,SpectralClustering,"{""n_clusters"": 10, ""affinity"": ""nearest_neighbors""}",9a585386bc6d,0.025323313883036293,0.13190499612681286,72.87133122535792,0.9483769479297977,10,0.0,0
openml_1068,SpectralClustering,"{""n_clusters"": 15, ""affinity"": ""nearest_neighbors""}",971471268792,0.03560049695562682,0.10223661818517558,75.30356681898796,1.1412756617670408,15,0.0,0
openml_11,SpectralClustering,"{""n_clusters"": 2, ""affinity"": ""nearest_neighbors""}",c5dfd3221b79,0.004721653308854726,0.16428028127766714,124.95336442158741,2.097010402931309,2,0.0,0
openml_11,SpectralClustering,"{""n_clusters"": 3, ""affinity"": ""nearest_neighbors""}",e3ae029f4d54,0.1287993001374772,0.16815984645096962,132.09717772879065,1.7300043510975593,3,0.0,0
openml_11,SpectralClustering,"{""n_clusters"": 5, ""affinity"": ""nearest_neighbors""}",98d2a79e4c00,0.12441924365613855,0.17866721305896466,128.4791649734502,1.490915722375436,5,0.0,0
openml_11,SpectralClustering,"{""n_clusters"": 7, ""affinity"": ""nearest_neighbors""}",0481ef8f35a2,0.14591325361776986,0.17488727525155146,120.64338522626495,1.3560880162799211,7,0.0,0
openml_11,SpectralClustering,"{""n_clusters"": 10, ""affinity"": ""nearest_neighbors""}",9a585386bc6d,0.17504136891490155,0.18331021370149123,119.94570346539611,1.271074710795228,10,0.0,0
openml_11,SpectralClustering,"{""n_clusters"": 15, ""affinity"": ""nearest_neighbors""}",971471268792,0.18957981115168696,0.17820389464031264,116.82946254259825,1.1450829285613946,15,0.0,0
openml_12,SpectralClustering,"{""n_clusters"": 2, ""affinity"": ""nearest_neighbors""}",c5dfd3221b79,0.39535453896642625,0.1543141749420387,367.8069624616932,2.260309779659052,2,0.0,0
openml_12,SpectralClustering,"{""n_clusters"": 3, ""affinity"": ""nearest_neighbors""}",e3ae029f4d54,0.5389391146925412,0.14437038148218834,327.58189485739973,1.761198336077533,3,0.0,0
openml_12,SpectralClustering,"{""n_clusters"": 5, ""affinity"": ""nearest_neighbors""}",98d2a79e4c00,0.7313057078990499,0.13574031305933418,257.1378060190897,2.148329684698013,5,0.0,0
openml_12,SpectralClustering,"{""n_clusters"": 7, ""affinity"": ""nearest_neighbors""}",0481ef8f35a2,0.7909541022999529,0.17648950267041416,249.37447640257403,1.8777788147416905,7,0.0,0
openml_12,SpectralClustering,"{""n_clusters"": 10, ""affinity"": ""nearest_neighbors""}",9a585386bc6d,0.8724415419203477,0.17006966054190878,226.50912228197578,1.8682670335186493,10,0.0,0
openml_12,SpectralClustering,"{""n_clusters"": 15, ""affinity"": ""nearest_neighbors""}",971471268792,0.8210466089672055,0.15403269632600558,180.26035070901816,1.811444521308163,15,0.0,0
openml_14,SpectralClustering,"{""n_clusters"": 2, ""affinity"": ""nearest_neighbors""}",c5dfd3221b79,0.2403796110052146,0.08453418655668071,150.40467798000228,1.849984097264937,2,0.0,0
openml_14,SpectralClustering,"{""n_clusters"": 3, ""affinity"": ""nearest_neighbors""}",e3ae029f4d54,0.40412218382014503,0.03399414058543008,110.41540981957405,3.4633443985654098,3,0.0,0
openml_14,SpectralClustering,"{""n_clusters"": 5, ""affinity"": ""nearest_neighbors""}",98d2a79e4c00,0.5831488040197655,0.02309980612051948,111.8293313818857,2.8469240851020223,5,0.0,0
openml_14,SpectralClustering,"{""n_clusters"": 7, ""affinity"": ""nearest_neighbors""}",0481ef8f35a2,0.6027561624012968,0.03908832024255155,96.65720052113241,2.938378575975263,7,0.0,0
openml_14,SpectralClustering,"{""n_clusters"": 10, ""affinity"": ""nearest_neighbors""}",9a585386bc6d,0.6409652836856518,0.04434891727089604,79.66490355936197,2.96785365845198,10,0.0,0
openml_14,SpectralClustering,"{""n_clusters"": 15, ""affinity"": ""nearest_neighbors""}",971471268792,0.5804864121664473,0.04044269881961736,63.278405950054065,2.613752116240039,15,0.0,0
openml_1464,SpectralClustering,"{""n_clusters"": 2, ""affinity"": ""nearest_neighbors""}",c5dfd3221b79,0.003619676061316145,-0.03322213310414377,38.81341597526017,1.3154449937440051,2,0.0,0
openml_1464,SpectralClustering,"{""n_clusters"": 3, ""affinity"": ""nearest_neighbors""}",e3ae029f4d54,0.011221639539898182,-0.18020855025949997,23.059252185331587,0.9729497239058958,3,0.0,0
openml_1464,SpectralClustering,"{""n_clusters"": 5, ""affinity"": ""nearest_neighbors""}",98d2a79e4c00,0.004362596071037923,-0.049131272388337845,67.22575891553404,1.0645434788434784,5,0.0,0
openml_1464,SpectralClustering,"{""n_clusters"": 7, ""affinity"": ""nearest_neighbors""}",0481ef8f35a2,0.025592118849247527,0.1175182718250321,114.58454826173761,0.8787576916377472,7,0.0,0
openml_1464,SpectralClustering,"{""n_clusters"": 10, ""affinity"": ""nearest_neighbors""}",9a585386bc6d,0.03869712955026204,0.2029713045190842,138.80539754070563,0.8226577239529101,10,0.0,0
openml_1464,SpectralClustering,"{""n_clusters"": 15, ""affinity"": ""nearest_neighbors""}",971471268792,0.04529559693242663,0.19001961560654002,83.80123981713943,0.9376618458973632,15,0.0,0
openml_1480,SpectralClustering,"{""n_clusters"": 2, ""affinity"": ""nearest_neighbors""}",c5dfd3221b79,0.021440370277604277,0.19197335990217834,126.71406134110931,1.5524043324400072,2,0.0,0
openml_1480,SpectralClustering,"{""n_clusters"": 3, ""affinity"": ""nearest_neighbors""}",e3ae029f4d54,0.05143070167493929,0.23909137199816574,150.45004153636722,1.4672691467448307,3,0.0,0
openml_1480,SpectralClustering,"{""n_clusters"": 5, ""affinity"": ""nearest_neighbors""}",98d2a79e4c00,0.041920006546193905,0.15036323234989823,98.1518059957646,1.6786637100834796,5,0.0,0
openml_1480,SpectralClustering,"{""n_clusters"": 7, ""affinity"": ""nearest_neighbors""}",0481ef8f35a2,0.05040629152109133,0.15948634757488397,113.1888701774263,1.3585050902343592,7,0.0,0
openml_1480,SpectralClustering,"{""n_clusters"": 10, ""affinity"": ""nearest_neighbors""}",9a585386bc6d,0.039106474503779146,0.16612151582140242,101.36050618329648,1.3605056407114033,10,0.0,0
openml_1480,SpectralClustering,"{""n_clusters"": 15, ""affinity"": ""nearest_neighbors""}",971471268792,0.03947311095605079,0.0999297598503785,76.40068931851096,1.3737346728634636,15,0.0,0
openml_1485,SpectralClustering,"{""n_clusters"": 2, ""affinity"": ""nearest_neighbors""}",c5dfd3221b79,0.008079031012345778,0.006622024993348148,18.320414441789072,11.853225048006557,2,0.0,0
openml_1485,SpectralClustering,"{""n_clusters"": 3, ""affinity"": ""nearest_neighbors""}",e3ae029f4d54,0.00852530325050749,0.00438932143359121,13.814177045008782,11.629249130531372,3,0.0,0
openml_1485,SpectralClustering,"{""n_clusters"": 5, ""affinity"": ""nearest_neighbors""}",98d2a79e4c00,0.0072682949533472594,0.0018203456652334015,8.573663258816502,13.387030668857568,5,0.0,0
openml_1485,SpectralClustering,"{""n_clusters"": 7, ""affinity"": ""nearest_neighbors""}",0481ef8f35a2,0.0030962658074713246,0.00015930573999004956,6.050999015835584,14.134772990651296,7,0.0,0
openml_1485,SpectralClustering,"{""n_clusters"": 10, ""affinity"": ""nearest_neighbors""}",9a585386bc6d,0.006492360950580585,-0.000877694052874532,4.418383086893952,13.7332267738939,10,0.0,0
openml_1485,SpectralClustering,"{""n_clusters"": 15, ""affinity"": ""nearest_neighbors""}",971471268792,0.0019117368776384303,-0.002871404662250899,3.2892694689024173,12.806478821744374,15,0.0,0
openml_1487,SpectralClustering,"{""n_clusters"": 2, ""affinity"": ""nearest_neighbors""}",c5dfd3221b79,0.03532688920321594,0.2050176484514385,864.3921476955944,1.515767965118477,2,0.0,0
openml_1487,SpectralClustering,"{""n_clusters"": 3, ""affinity"": ""nearest_neighbors""}",e3ae029f4d54,0.03140589487651314,0.17263764289139352,744.574754620849,1.7351354339226956,3,0.0,0
openml_1487,SpectralClustering,"{""n_clusters"": 5, ""affinity"": ""nearest_neighbors""}",98d2a79e4c00,0.03045974184327856,0.09489483526846473,501.68673095956626,1.7894024283265342,5,0.0,0
openml_1487,SpectralClustering,"{""n_clusters"": 7, ""affinity"": ""nearest_neighbors""}",0481ef8f35a2,0.02996020722409945,0.058597805897199144,405.70209445012995,1.8286113645865163,7,0.0,0
openml_1487,SpectralClustering,"{""n_clusters"": 10, ""affinity"": ""nearest_neighbors""}",9a585386bc6d,0.02601267161348357,0.06098831755402094,338.3464094866,1.9386048319853502,10,0.0,0
openml_1487,SpectralClustering,"{""n_clusters"": 15, ""affinity"": ""nearest_neighbors""}",971471268792,0.025961822803937582,0.051232136947980955,249.37229941611776,2.10994443712831,15,0.0,0
openml_1494,SpectralClustering,"{""n_clusters"": 2, ""affinity"": ""nearest_neighbors""}",c5dfd3221b79,0.022894131883316692,0.06805936370179054,29.80476948082107,1.539596354823193,2,0.0,0
openml_1494,SpectralClustering,"{""n_clusters"": 3, ""affinity"": ""nearest_neighbors""}",e3ae029f4d54,0.039684725185915246,0.08342056802047287,31.88909532275978,1.381846916671187,3,0.0,0
openml_1494,SpectralClustering,"{""n_clusters"": 5, ""affinity"": ""nearest_neighbors""}",98d2a79e4c00,0.05333135423070147,-0.032153255397763286,39.73395621528871,1.460550925004414,5,0.0,0
openml_1494,SpectralClustering,"{""n_clusters"": 7, ""affinity"": ""nearest_neighbors""}",0481ef8f35a2,0.09564318174594155,0.0017615234619384995,43.024991500676855,1.4591638542771435,7,0.0,0
openml_1494,SpectralClustering,"{""n_clusters"": 10, ""affinity"": ""nearest_neighbors""}",9a585386bc6d,0.12319870867542507,0.05543969764337261,47.49270748043514,1.5806300655325785,10,0.0,0
openml_1494,SpectralClustering,"{""n_clusters"": 15, ""affinity"": ""nearest_neighbors""}",971471268792,0.08307516834555521,0.09834656361670184,59.58929902938056,1.5877011576934756,15,0.0,0
openml_1501,SpectralClustering,"{""n_clusters"": 2, ""affinity"": ""nearest_neighbors""}",c5dfd3221b79,0.22889640000322425,0.0495315616794248,70.96458591515257,2.6345252543975723,2,0.0,0
openml_1501,SpectralClustering,"{""n_clusters"": 3, ""affinity"": ""nearest_neighbors""}",e3ae029f4d54,0.37820249942486533,0.04525127116744177,71.65207194593839,3.8333219257555307,3,0.0,0
openml_1501,SpectralClustering,"{""n_clusters"": 5, ""affinity"": ""nearest_neighbors""}",98d2a79e4c00,0.5580280463398752,0.05379320235229498,62.87411979507799,3.4077884259966624,5,0.0,0
openml_1501,SpectralClustering,"{""n_clusters"": 7, ""affinity"": ""nearest_neighbors""}",0481ef8f35a2,0.6654315884705649,0.055731358177156264,53.68078218047441,3.483927580140828,7,0.0,0
openml_1501,SpectralClustering,"{""n_clusters"": 10, ""affinity"": ""nearest_neighbors""}",9a585386bc6d,0.6425695605540579,0.046882131231097315,44.43958982608343,3.06760366575958,10,0.0,0
openml_1501,SpectralClustering,"{""n_clusters"": 15, ""affinity"": ""nearest_neighbors""}",971471268792,0.6726976192035887,0.05438266357312345,37.4743176066045,2.982290795834705,15,0.0,0
openml_1510,SpectralClustering,"{""n_clusters"": 2, ""affinity"": ""nearest_neighbors""}",c5dfd3221b79,0.6622356894318955,0.3366526968118902,259.6633741474896,1.3160681862282089,2,0.0,0
openml_1510,SpectralClustering,"{""n_clusters"": 3, ""affinity"": ""nearest_neighbors""}",e3ae029f4d54,0.45210495049785354,0.28620548178569255,192.03683024530457,1.5720928555066396,3,0.0,0
openml_1510,SpectralClustering,"{""n_clusters"": 5, ""affinity"": ""nearest_neighbors""}",98d2a79e4c00,0.4106711417702395,0.10489888484543691,117.62558749359273,1.7541843339279442,5,0.0,0
openml_1510,SpectralClustering,"{""n_clusters"": 7, ""affinity"": ""nearest_neighbors""}",0481ef8f35a2,0.3578887044073476,0.10488757621960576,102.3127902914091,1.6035068740629312,7,0.0,0
openml_1510,SpectralClustering,"{""n_clusters"": 10, ""affinity"": ""nearest_neighbors""}",9a585386bc6d,0.3405995509676985,0.08280275507478928,83.85637042106501,1.9317588181004308,10,0.0,0
openml_1510,SpectralClustering,"{""n_clusters"": 15, ""affinity"": ""nearest_neighbors""}",971471268792,0.3018739077636742,0.06991711124563527,67.09935890821555,1.7858303823301211,15,0.0,0
openml_16,SpectralClustering,"{""n_clusters"": 2, ""affinity"": ""nearest_neighbors""}",c5dfd3221b79,0.22614471641963937,0.08752919889962366,85.39831425359306,2.906346185262084,2,0.0,0
openml_16,SpectralClustering,"{""n_clusters"": 3, ""affinity"": ""nearest_neighbors""}",e3ae029f4d54,0.40077961544598484,0.05566802241125288,83.29643259572454,2.9226758616010002,3,0.0,0
openml_16,SpectralClustering,"{""n_clusters"": 5, ""affinity"": ""nearest_neighbors""}",98d2a79e4c00,0.7181713520296099,0.06910010299304876,90.83932931271357,3.095877059034316,5,0.0,0
openml_16,SpectralClustering,"{""n_clusters"": 7, ""affinity"": ""nearest_neighbors""}",0481ef8f35a2,0.7969068610721105,0.07436517199933444,83.23255758359193,2.980714635116789,7,0.0,0
openml_16,SpectralClustering,"{""n_clusters"": 10, ""affinity"": ""nearest_neighbors""}",9a585386bc6d,0.7881112706620657,0.07137879721382397,73.18430640225051,2.700741463888594,10,0.0,0
openml_16,SpectralClustering,"{""n_clusters"": 15, ""affinity"": ""nearest_neighbors""}",971471268792,0.7635000757359572,0.0718697762876971,59.77477401961424,2.8047775869596987,15,0.0,0
openml_18,SpectralClustering,"{""n_clusters"": 2, ""affinity"": ""nearest_neighbors""}",c5dfd3221b79,0.235117225180074,0.14883502022858705,196.7870045831223,2.9699470913541073,2,0.0,0
openml_18,SpectralClustering,"{""n_clusters"": 3, ""affinity"": ""nearest_neighbors""}",e3ae029f4d54,0.5064223064915676,0.3262724749576533,1016.6147773260592,1.3448211469272298,3,0.0,0
openml_18,SpectralClustering,"{""n_clusters"": 5, ""affinity"": ""nearest_neighbors""}",98d2a79e4c00,0.5225496487414054,0.2360038065352569,373.8774168717032,1.5108017386761265,5,0.0,0
openml_18,SpectralClustering,"{""n_clusters"": 7, ""affinity"": ""nearest_neighbors""}",0481ef8f35a2,0.6079655490607544,0.38373702223181305,1078.4452291498144,1.1643593909799992,7,0.0,0
openml_18,SpectralClustering,"{""n_clusters"": 10, ""affinity"": ""nearest_neighbors""}",9a585386bc6d,0.622751992284696,0.3483258010617617,332.33989899394925,1.919153458270867,10,0.0,0
openml_18,SpectralClustering,"{""n_clusters"": 15, ""affinity"": ""nearest_neighbors""}",971471268792,0.6209269136660234,0.42602840073285225,2597.948211885262,0.8202260895095911,15,0.0,0
openml_188,SpectralClustering,"{""n_clusters"": 2, ""affinity"": ""nearest_neighbors""}",c5dfd3221b79,0.14139684110400288,0.09611060201007172,56.703776769006744,1.365377738341015,2,0.0,0
openml_188,SpectralClustering,"{""n_clusters"": 3, ""affinity"": ""nearest_neighbors""}",e3ae029f4d54,0.1285157817945865,0.1148956318633366,63.34505458412606,1.785282447416724,3,0.0,0
openml_188,SpectralClustering,"{""n_clusters"": 5, ""affinity"": ""nearest_neighbors""}",98d2a79e4c00,0.12347213455576421,0.08747467850463019,59.90940492509789,1.8551247823478145,5,0.0,0
openml_188,SpectralClustering,"{""n_clusters"": 7, ""affinity"": ""nearest_neighbors""}",0481ef8f35a2,0.11661641097424429,0.12169632945617984,53.8818081317163,1.8623897784749734,7,0.0,0
openml_188,SpectralClustering,"{""n_clusters"": 10, ""affinity"": ""nearest_neighbors""}",9a585386bc6d,0.15986681896904373,0.13065618839513973,48.22268139294572,1.7212152217776278,10,0.0,0
openml_188,SpectralClustering,"{""n_clusters"": 15, ""affinity"": ""nearest_neighbors""}",971471268792,0.2104372831875311,0.17006467195612332,52.89626294173865,1.5702795752969776,15,0.0,0
openml_22,SpectralClustering,"{""n_clusters"": 2, ""affinity"": ""nearest_neighbors""}",c5dfd3221b79,0.28363985536866426,0.11442398652810733,289.78861934887664,1.7462093521573863,2,0.0,0
openml_22,SpectralClustering,"{""n_clusters"": 3, ""affinity"": ""nearest_neighbors""}",e3ae029f4d54,0.3556029565032401,0.09315071467195846,208.55969616551,1.8150382751719878,3,0.0,0
openml_22,SpectralClustering,"{""n_clusters"": 5, ""affinity"": ""nearest_neighbors""}",98d2a79e4c00,0.5620180462869251,0.10388891283196093,234.36572977273002,2.031645667768179,5,0.0,0
openml_22,SpectralClustering,"{""n_clusters"": 7, ""affinity"": ""nearest_neighbors""}",0481ef8f35a2,0.6458222941890813,0.11633631165516387,223.92735996260373,1.9971006648207417,7,0.0,0
openml_22,SpectralClustering,"{""n_clusters"": 10, ""affinity"": ""nearest_neighbors""}",9a585386bc6d,0.6296586732562318,0.1039366452825229,182.53338561272793,1.8463209153139726,10,0.0,0
openml_22,SpectralClustering,"{""n_clusters"": 15, ""affinity"": ""nearest_neighbors""}",971471268792,0.6449079650832075,0.11782136520729627,160.0806290621795,1.9214330071396157,15,0.0,0
openml_23,SpectralClustering,"{""n_clusters"": 2, ""affinity"": ""nearest_neighbors""}",c5dfd3221b79,0.003778546318382218,0.27780381065561965,148.567692068475,2.2560987012550124,2,0.0,0
openml_23,SpectralClustering,"{""n_clusters"": 3, ""affinity"": ""nearest_neighbors""}",e3ae029f4d54,0.018074461296077857,0.233638553856829,266.6676429053579,1.4306457891506665,3,0.0,0
openml_23,SpectralClustering,"{""n_clusters"": 5, ""affinity"": ""nearest_neighbors""}",98d2a79e4c00,0.015086941102862602,0.210758789329541,216.00410434332775,1.6049038284028025,5,0.0,0
openml_23,SpectralClustering,"{""n_clusters"": 7, ""affinity"": ""nearest_neighbors""}",0481ef8f35a2,0.021507787298316927,0.11046454478148848,207.18449476935487,1.5496704425692254,7,0.0,0
openml_23,SpectralClustering,"{""n_clusters"": 10, ""affinity"": ""nearest_neighbors""}",9a585386bc6d,0.023809129661137296,0.12389558536004938,188.69204999857178,1.5175053952939188,10,0.0,0
openml_23,SpectralClustering,"{""n_clusters"": 15, ""affinity"": ""nearest_neighbors""}",971471268792,0.023820165144935845,0.08045541337619419,139.80701167214153,1.5471744703408608,15,0.0,0
openml_23381,SpectralClustering,"{""n_clusters"": 2, ""affinity"": ""nearest_neighbors""}",c5dfd3221b79,-0.0010489066634901756,0.38879496405885744,304.37428117076126,0.9681669419113083,2,0.0,0
openml_23381,SpectralClustering,"{""n_clusters"": 3, ""affinity"": ""nearest_neighbors""}",e3ae029f4d54,-0.002271240609876732,-0.1879592294376613,69.68045975209397,1.2836521614000975,3,0.0,0
openml_23381,SpectralClustering,"{""n_clusters"": 5, ""affinity"": ""nearest_neighbors""}",98d2a79e4c00,-0.0018504655843196403,0.18266258779328007,156.1660642129773,1.926205932913795,5,0.0,0
openml_23381,SpectralClustering,"{""n_clusters"": 7, ""affinity"": ""nearest_neighbors""}",0481ef8f35a2,0.0025016096765891277,0.5116882298809636,71.78084707095461,0.8594281417054308,7,0.0,0
openml_23381,SpectralClustering,"{""n_clusters"": 10, ""affinity"": ""nearest_neighbors""}",9a585386bc6d,-0.0002620724427739417,0.9565325945526651,44674.544666247435,0.34367534394394295,10,0.0,0
openml_23381,SpectralClustering,"{""n_clusters"": 15, ""affinity"": ""nearest_neighbors""}",971471268792,0.0016240908524057206,0.7512916666895223,204431.66929112904,0.2042718067954899,15,0.0,0
openml_29,SpectralClustering,"{""n_clusters"": 2, ""affinity"": ""nearest_neighbors""}",c5dfd3221b79,-0.00019659310709979353,0.16208843985954263,68.73793276757732,1.7305478747242862,2,0.0,0
openml_29,SpectralClustering,"{""n_clusters"": 3, ""affinity"": ""nearest_neighbors""}",e3ae029f4d54,0.041085847379216715,0.10530316740291912,79.01632045023679,1.6897765789899715,3,0.0,0
openml_29,SpectralClustering,"{""n_clusters"": 5, ""affinity"": ""nearest_neighbors""}",98d2a79e4c00,0.06741551623455869,0.13767620955891338,95.20707830517094,1.427455101623707,5,0.0,0
openml_29,SpectralClustering,"{""n_clusters"": 7, ""affinity"": ""nearest_neighbors""}",0481ef8f35a2,0.08123626415265123,0.0879509073502478,85.16610569413017,1.4377471417367969,7,0.0,0
openml_29,SpectralClustering,"{""n_clusters"": 10, ""affinity"": ""nearest_neighbors""}",9a585386bc6d,0.08568699265362863,0.0989062650538269,69.71524764159797,1.5248252846051868,10,0.0,0
openml_29,SpectralClustering,"{""n_clusters"": 15, ""affinity"": ""nearest_neighbors""}",971471268792,0.08496468240250295,0.06880499951743624,52.73204969435126,1.4425172177260548,15,0.0,0
openml_31,SpectralClustering,"{""n_clusters"": 2, ""affinity"": ""nearest_neighbors""}",c5dfd3221b79,-0.0009557807213308458,0.25779663561934635,172.9195659167163,1.6514752835548983,2,0.0,0
openml_31,SpectralClustering,"{""n_clusters"": 3, ""affinity"": ""nearest_neighbors""}",e3ae029f4d54,0.0001664518971833085,0.17096102097651744,161.5463551497785,1.9993809721372768,3,0.0,0
openml_31,SpectralClustering,"{""n_clusters"": 5, ""affinity"": ""nearest_neighbors""}",98d2a79e4c00,0.001356681849178427,0.0390901206678121,122.41893210575157,1.8312709138636276,5,0.0,0
openml_31,SpectralClustering,"{""n_clusters"": 7, ""affinity"": ""nearest_neighbors""}",0481ef8f35a2,0.0016426256854295534,0.04183646497688102,99.96289105214991,1.845599822968053,7,0.0,0
openml_31,SpectralClustering,"{""n_clusters"": 10, ""affinity"": ""nearest_neighbors""}",9a585386bc6d,0.011326793293423126,0.09824045948776723,118.82872384159857,1.6157353258821427,10,0.0,0
openml_31,SpectralClustering,"{""n_clusters"": 15, ""affinity"": ""nearest_neighbors""}",971471268792,0.010603479910164372,0.10665465920126764,93.81134970084305,1.426190543044075,15,0.0,0
openml_38,SpectralClustering,"{""n_clusters"": 2, ""affinity"": ""nearest_neighbors""}",c5dfd3221b79,0.019262259651349253,0.2701199601289132,878.4206140846136,1.5949587751544738,2,0.0,0
openml_38,SpectralClustering,"{""n_clusters"": 3, ""affinity"": ""nearest_neighbors""}",e3ae029f4d54,0.027272153373847856,0.22886339297153974,750.8375048948833,1.4325800344218518,3,0.0,0
openml_38,SpectralClustering,"{""n_clusters"": 5, ""affinity"": ""nearest_neighbors""}",98d2a79e4c00,0.023484583469133714,0.2100444628860348,797.6436824445099,1.2331764858313277,5,0.0,0
openml_38,SpectralClustering,"{""n_clusters"": 7, ""affinity"": ""nearest_neighbors""}",0481ef8f35a2,0.05764757668574287,0.00019663534790612369,660.3980897329153,1.426997047312222,7,0.0,0
openml_38,SpectralClustering,"{""n_clusters"": 10, ""affinity"": ""nearest_neighbors""}",9a585386bc6d,0.06046525537853007,-0.10171494539416219,533.3948315562247,1.7706995588648486,10,0.0,0
openml_38,SpectralClustering,"{""n_clusters"": 15, ""affinity"": ""nearest_neighbors""}",971471268792,0.07024173360438556,-0.00019848077310468884,468.1959102525443,1.3927108347932455,15,0.0,0
openml_40670,SpectralClustering,"{""n_clusters"": 2, ""affinity"": ""nearest_neighbors""}",c5dfd3221b79,0.008753162452298393,0.019389164031558714,10.465887017686924,1.3176688768065772,2,0.0,0
openml_40670,SpectralClustering,"{""n_clusters"": 3, ""affinity"": ""nearest_neighbors""}",e3ae029f4d54,0.014007714445750401,-0.002952494033324299,9.528326642186762,1.4260046478166177,3,0.0,0
openml_40670,SpectralClustering,"{""n_clusters"": 5, ""affinity"": ""nearest_neighbors""}",98d2a79e4c00,0.03387409260821539,-0.022081073937933952,9.555707950176071,1.822342140465763,5,0.0,0
openml_40670,SpectralClustering,"{""n_clusters"": 7, ""affinity"": ""nearest_neighbors""}",0481ef8f35a2,0.04905065163774563,-0.03779817655752716,9.404225819152712,1.9465302875223003,7,0.0,0
openml_40670,SpectralClustering,"{""n_clusters"": 10, ""affinity"": ""nearest_neighbors""}",9a585386bc6d,0.06865227759169912,-0.04068557955572722,8.597792371444335,2.081279469648121,10,0.0,0
openml_40670,SpectralClustering,"{""n_clusters"": 15, ""affinity"": ""nearest_neighbors""}",971471268792,0.16679149853421624,-0.03521573213796008,9.949673666625165,2.8616727898995244,15,0.0,0
openml_40701,SpectralClustering,"{""n_clusters"": 2, ""affinity"": ""nearest_neighbors""}",c5dfd3221b79,0.00023612438824921483,0.10959317581018811,431.8065111982335,3.1897101436003257,2,0.0,0
openml_40701,SpectralClustering,"{""n_clusters"": 3, ""affinity"": ""nearest_neighbors""}",e3ae029f4d54,0.052497683809893766,0.12503376715853123,394.6682565601948,2.505974020748841,3,0.0,0
openml_40701,SpectralClustering,"{""n_clusters"": 5, ""affinity"": ""nearest_neighbors""}",98d2a79e4c00,0.039201230578151176,0.08608153869489359,270.13744274109905,2.8697290763076033,5,0.0,0
openml_40701,SpectralClustering,"{""n_clusters"": 7, ""affinity"": ""nearest_neighbors""}",0481ef8f35a2,0.030802937152993717,0.07244150161801181,236.34547487656224,3.0774605088029747,7,0.0,0
openml_40701,SpectralClustering,"{""n_clusters"": 10, ""affinity"": ""nearest_neighbors""}",9a585386bc6d,0.028310077696751666,0.05589457949781346,210.8270901734883,2.700666410062488,10,0.0,0
openml_40701,SpectralClustering,"{""n_clusters"": 15, ""affinity"": ""nearest_neighbors""}",971471268792,0.02582716002876022,0.05680154829664224,161.14860784125125,2.8066945833616823,15,0.0,0
openml_40966,SpectralClustering,"{""n_clusters"": 2, ""affinity"": ""nearest_neighbors""}",c5dfd3221b79,0.3585635819483124,0.09833285561814728,112.3390383526463,2.8470032920630923,2,0.0,0
openml_40966,SpectralClustering,"{""n_clusters"": 3, ""affinity"": ""nearest_neighbors""}",e3ae029f4d54,0.36572594375771283,0.1065336145131364,85.38608323308057,2.223324193208596,3,0.0,0
openml_40966,SpectralClustering,"{""n_clusters"": 5, ""affinity"": ""nearest_neighbors""}",98d2a79e4c00,0.34339598534121235,0.07884645500165006,55.651599719460386,1.7711189868516883,5,0.0,0
openml_40966,SpectralClustering,"{""n_clusters"": 7, ""affinity"": ""nearest_neighbors""}",0481ef8f35a2,0.41107689300157013,0.0790331121670332,54.608292422897314,2.066561418880906,7,0.0,0
openml_40966,SpectralClustering,"{""n_clusters"": 10, ""affinity"": ""nearest_neighbors""}",9a585386bc6d,0.4511144325663948,0.08179198743603809,57.01363627618279,2.0632203815001544,10,0.0,0
openml_40966,SpectralClustering,"{""n_clusters"": 15, ""affinity"": ""nearest_neighbors""}",971471268792,0.45635164542225753,0.07452665953366991,53.05895767617717,2.0104318697789485,15,0.0,0
openml_40975,SpectralClustering,"{""n_clusters"": 2, ""affinity"": ""nearest_neighbors""}",c5dfd3221b79,-0.0003716560926898797,0.1074251685307675,119.6237613984949,2.7650546368378843,2,0.0,0
openml_40975,SpectralClustering,"{""n_clusters"": 3, ""affinity"": ""nearest_neighbors""}",e3ae029f4d54,0.044748647072711194,0.1872964361890474,247.66759146026422,1.8538834270542541,3,0.0,0
openml_40975,SpectralClustering,"{""n_clusters"": 5, ""affinity"": ""nearest_neighbors""}",98d2a79e4c00,0.033666436601131514,0.4282769435799735,461.73920485403477,1.4760354768288735,5,0.0,0
openml_40975,SpectralClustering,"{""n_clusters"": 7, ""affinity"": ""nearest_neighbors""}",0481ef8f35a2,0.06304367206483018,0.7662054706455201,2772.722058517536,0.4518402226712599,7,0.0,0
openml_40975,SpectralClustering,"{""n_clusters"": 10, ""affinity"": ""nearest_neighbors""}",9a585386bc6d,0.09327577363427214,0.9212962962962963,9518.106648888299,2.2468502221470046,10,0.0,0
openml_40975,SpectralClustering,"{""n_clusters"": 15, ""affinity"": ""nearest_neighbors""}",971471268792,0.09479954025797942,0.9305555555555556,7774.305099689777,3.1359688978884246,15,0.0,0
openml_40979,SpectralClustering,"{""n_clusters"": 2, ""affinity"": ""nearest_neighbors""}",c5dfd3221b79,0.3684935384851384,0.10398400315947687,221.49916852166658,2.7015645333952047,2,0.0,0
openml_40979,SpectralClustering,"{""n_clusters"": 3, ""affinity"": ""nearest_neighbors""}",e3ae029f4d54,0.543451097172576,0.095903296653269,195.4829796165794,2.899469427213413,3,0.0,0
openml_40979,SpectralClustering,"{""n_clusters"": 5, ""affinity"": ""nearest_neighbors""}",98d2a79e4c00,0.7399771196850865,0.07719668469730695,137.93478907525702,2.8401482642243137,5,0.0,0
openml_40979,SpectralClustering,"{""n_clusters"": 7, ""affinity"": ""nearest_neighbors""}",0481ef8f35a2,0.8387038597784574,0.10947173121465655,144.62823174697667,2.464984932807865,7,0.0,0
openml_40979,SpectralClustering,"{""n_clusters"": 10, ""affinity"": ""nearest_neighbors""}",9a585386bc6d,0.8648048120224803,0.1303298461805048,133.00040843371542,2.2412554591288605,10,0.0,0
openml_40979,SpectralClustering,"{""n_clusters"": 15, ""affinity"": ""nearest_neighbors""}",971471268792,0.8446070673541379,0.12342898633948016,109.94258994015392,2.2017884977181668,15,0.0,0
openml_40982,SpectralClustering,"{""n_clusters"": 2, ""affinity"": ""nearest_neighbors""}",c5dfd3221b79,0.2792348168668866,0.2973792483838534,498.5299031390109,1.1599215485321601,2,0.0,0
openml_40982,SpectralClustering,"{""n_clusters"": 3, ""affinity"": ""nearest_neighbors""}",e3ae029f4d54,0.2804834609210043,0.20452257833088533,302.3231437982496,1.0412416990231865,3,0.0,0
openml_40982,SpectralClustering,"{""n_clusters"": 5, ""affinity"": ""nearest_neighbors""}",98d2a79e4c00,0.29583549033012535,0.16516973995031822,236.2028205248221,1.5432227881084248,5,0.0,0
openml_40982,SpectralClustering,"{""n_clusters"": 7, ""affinity"": ""nearest_neighbors""}",0481ef8f35a2,0.2987265269446846,0.13712478824143365,167.91721331880692,1.7157501078677981,7,0.0,0
openml_40982,SpectralClustering,"{""n_clusters"": 10, ""affinity"": ""nearest_neighbors""}",9a585386bc6d,0.30509768481568245,0.1558735302664285,148.290749747406,1.442046733196,10,0.0,0
openml_40982,SpectralClustering,"{""n_clusters"": 15, ""affinity"": ""nearest_neighbors""}",971471268792,0.33644830348151045,0.1181736674274504,142.88679044222152,1.6256113525453162,15,0.0,0
openml_40983,SpectralClustering,"{""n_clusters"": 2, ""affinity"": ""nearest_neighbors""}",c5dfd3221b79,0.026200489082567054,0.17155864489169864,870.984423399905,1.518467832809702,2,0.0,0
openml_40983,SpectralClustering,"{""n_clusters"": 3, ""affinity"": ""nearest_neighbors""}",e3ae029f4d54,0.02279270210431146,0.22442785757031727,1472.1872412701407,1.3051194395726518,3,0.0,0
openml_40983,SpectralClustering,"{""n_clusters"": 5, ""affinity"": ""nearest_neighbors""}",98d2a79e4c00,0.018918651890854787,0.19907616465838504,1194.0557585846723,1.3220022872390065,5,0.0,0
openml_40983,SpectralClustering,"{""n_clusters"": 7, ""affinity"": ""nearest_neighbors""}",0481ef8f35a2,0.02076071557426079,0.1705893865849934,1002.0799208332015,1.2899680515221503,7,0.0,0
openml_40983,SpectralClustering,"{""n_clusters"": 10, ""affinity"": ""nearest_neighbors""}",9a585386bc6d,0.01658452486676583,0.18018754368496287,910.1299055246947,1.2023366040734806,10,0.0,0
openml_40983,SpectralClustering,"{""n_clusters"": 15, ""affinity"": ""nearest_neighbors""}",971471268792,0.0185534474513154,0.178293588835293,871.1840524401586,1.1221993586922672,15,0.0,0
openml_40984,SpectralClustering,"{""n_clusters"": 2, ""affinity"": ""nearest_neighbors""}",c5dfd3221b79,0.0307895368770963,-0.005178362653844143,40.323638474344676,0.9286993253286352,2,0.0,0
openml_40984,SpectralClustering,"{""n_clusters"": 3, ""affinity"": ""nearest_neighbors""}",e3ae029f4d54,0.20929130039076246,0.12268973649506884,182.13419064567776,2.032941759863119,3,0.0,0
openml_40984,SpectralClustering,"{""n_clusters"": 5, ""affinity"": ""nearest_neighbors""}",98d2a79e4c00,0.1752938297225836,-0.07145624692977716,88.64921278637107,1.3606181408977787,5,0.0,0
openml_40984,SpectralClustering,"{""n_clusters"": 7, ""affinity"": ""nearest_neighbors""}",0481ef8f35a2,0.35540928420180723,-0.151061847071741,112.64175511981804,1.4057694894839368,7,0.0,0
openml_40984,SpectralClustering,"{""n_clusters"": 10, ""affinity"": ""nearest_neighbors""}",9a585386bc6d,0.6272636467740313,0.24510420931715424,402.34161919933115,1.00836760013418,10,0.0,0
openml_40984,SpectralClustering,"{""n_clusters"": 15, ""affinity"": ""nearest_neighbors""}",971471268792,0.5633386826435617,0.2827375583082762,316.2983960965012,1.1673646272638967,15,0.0,0
openml_40994,SpectralClustering,"{""n_clusters"": 2, ""affinity"": ""nearest_neighbors""}",c5dfd3221b79,0.019802059473933372,0.026447270058354993,15.658707346606413,4.842994182697779,2,0.0,0
openml_40994,SpectralClustering,"{""n_clusters"": 3, ""affinity"": ""nearest_neighbors""}",e3ae029f4d54,0.012595320524148084,0.021836770340665532,14.531838169263343,4.900497195797166,3,0.0,0
openml_40994,SpectralClustering,"{""n_clusters"": 5, ""affinity"": ""nearest_neighbors""}",98d2a79e4c00,0.011966964880127395,0.02591883841535116,14.079060987084697,4.072220586845544,5,0.0,0
openml_40994,SpectralClustering,"{""n_clusters"": 7, ""affinity"": ""nearest_neighbors""}",0481ef8f35a2,0.01642786458139063,0.0211097324837772,12.68284668758427,3.680145294360144,7,0.0,0
openml_40994,SpectralClustering,"{""n_clusters"": 10, ""affinity"": ""nearest_neighbors""}",9a585386bc6d,0.008527776169349355,0.022641400744496262,11.674504134479282,3.248226927500314,10,0.0,0
openml_40994,SpectralClustering,"{""n_clusters"": 15, ""affinity"": ""nearest_neighbors""}",971471268792,0.02265592659799674,0.029628838929546958,10.660535448196699,2.8313444632316327,15,0.0,0
openml_44,SpectralClustering,"{""n_clusters"": 2, ""affinity"": ""nearest_neighbors""}",c5dfd3221b79,0.003156134491667717,0.40449705098257394,33.776064792492235,0.4553206045366878,2,0.0,0
openml_44,SpectralClustering,"{""n_clusters"": 3, ""affinity"": ""nearest_neighbors""}",e3ae029f4d54,0.029826757900467408,0.07794124822598382,36.18907359736281,1.5192927548580428,3,0.0,0
openml_44,SpectralClustering,"{""n_clusters"": 5, ""affinity"": ""nearest_neighbors""}",98d2a79e4c00,0.033290981625864344,0.013696051513358742,32.00448886806176,0.7746251987742416,5,0.0,0
openml_44,SpectralClustering,"{""n_clusters"": 7, ""affinity"": ""nearest_neighbors""}",0481ef8f35a2,0.043078809279163154,0.03194390515401655,50.025796342764664,0.6936816127046214,7,0.0,0
openml_44,SpectralClustering,"{""n_clusters"": 10, ""affinity"": ""nearest_neighbors""}",9a585386bc6d,0.059188175924897175,-0.21193797575859832,82.83164014526548,1.0719904817161203,10,0.0,0
openml_44,SpectralClustering,"{""n_clusters"": 15, ""affinity"": ""nearest_neighbors""}",971471268792,0.10657552745728807,-0.2640765045701366,71.20450722779592,1.155958868629736,15,0.0,0
openml_469,SpectralClustering,"{""n_clusters"": 2, ""affinity"": ""nearest_neighbors""}",c5dfd3221b79,-6.053109735646391e-05,0.06729061574113361,36.437503543326265,3.2870383991531615,2,0.0,0
openml_469,SpectralClustering,"{""n_clusters"": 3, ""affinity"": ""nearest_neighbors""}",e3ae029f4d54,0.009588065235096232,0.041224548462369205,63.18870196976363,3.283495665952552,3,0.0,0
openml_469,SpectralClustering,"{""n_clusters"": 5, ""affinity"": ""nearest_neighbors""}",98d2a79e4c00,-8.340194209587368e-06,-0.28598482887761756,25.617995727592792,2.1411232941933793,5,0.0,0
openml_469,SpectralClustering,"{""n_clusters"": 7, ""affinity"": ""nearest_neighbors""}",0481ef8f35a2,0.0031547095318082636,-0.2973394221700893,20.9527139823766,2.388922138856856,7,0.0,0
openml_469,SpectralClustering,"{""n_clusters"": 10, ""affinity"": ""nearest_neighbors""}",9a585386bc6d,0.008341896215412129,-0.18458950742681074,42.82734745905072,3.1811882323237497,10,0.0,0
openml_469,SpectralClustering,"{""n_clusters"": 15, ""affinity"": ""nearest_neighbors""}",971471268792,0.01204769048593819,-0.22226400048789832,32.01037019301968,1.7751967196571858,15,0.0,0
openml_6332,SpectralClustering,"{""n_clusters"": 2, ""affinity"": ""nearest_neighbors""}",c5dfd3221b79,0.002135017551659897,0.2179839485406099,21.977054752791652,1.3955731518903245,2,0.0,0
openml_6332,SpectralClustering,"{""n_clusters"": 3, ""affinity"": ""nearest_neighbors""}",e3ae029f4d54,0.015370614920774772,0.21290122895044136,20.063613657738085,1.3848894744252764,3,0.0,0
openml_6332,SpectralClustering,"{""n_clusters"": 5, ""affinity"": ""nearest_neighbors""}",98d2a79e4c00,0.0343877274569596,0.1032538263721486,27.045999324940784,1.851147496997374,5,0.0,0
openml_6332,SpectralClustering,"{""n_clusters"": 7, ""affinity"": ""nearest_neighbors""}",0481ef8f35a2,0.026798600338616595,0.08021795650124144,29.444694895803178,2.244456985093653,7,0.0,0
openml_6332,SpectralClustering,"{""n_clusters"": 10, ""affinity"": ""nearest_neighbors""}",9a585386bc6d,0.03493984900741285,0.07261987889719511,25.399999049437827,2.3216450833668376,10,0.0,0
openml_6332,SpectralClustering,"{""n_clusters"": 15, ""affinity"": ""nearest_neighbors""}",971471268792,0.057523565351714455,0.06932307564163731,21.52434107666743,2.2541076334030308,15,0.0,0
synth_aniso_10d_6k,SpectralClustering,"{""n_clusters"": 2, ""affinity"": ""nearest_neighbors""}",c5dfd3221b79,0.40075006720051454,0.18613034390531236,203.30627491700398,1.2548387164451253,2,0.0,0
synth_aniso_10d_6k,SpectralClustering,"{""n_clusters"": 3, ""affinity"": ""nearest_neighbors""}",e3ae029f4d54,0.7207820884833896,0.2396588680321,199.9173452500696,2.08512445169278,3,0.0,0
synth_aniso_10d_6k,SpectralClustering,"{""n_clusters"": 5, ""affinity"": ""nearest_neighbors""}",98d2a79e4c00,0.9307343690151829,0.43626297305884215,440.29335009652317,1.1884887899709846,5,0.0,0
synth_aniso_10d_6k,SpectralClustering,"{""n_clusters"": 7, ""affinity"": ""nearest_neighbors""}",0481ef8f35a2,0.815649466016296,0.19265495453266895,215.15544665579245,1.537092212128819,7,0.0,0
synth_aniso_10d_6k,SpectralClustering,"{""n_clusters"": 10, ""affinity"": ""nearest_neighbors""}",9a585386bc6d,0.8925211404628887,0.40241800719809295,932.5597028203206,1.2018564642941878,10,0.0,0
synth_aniso_10d_6k,SpectralClustering,"{""n_clusters"": 15, ""affinity"": ""nearest_neighbors""}",971471268792,0.8144987325738307,0.25468272644003714,705.7286906640402,1.5657835376025757,15,0.0,0
synth_aniso_2d_4k,SpectralClustering,"{""n_clusters"": 2, ""affinity"": ""nearest_neighbors""}",c5dfd3221b79,0.576340606205858,0.41080293861095546,348.40279271147426,0.7488815831002674,2,0.0,0
synth_aniso_2d_4k,SpectralClustering,"{""n_clusters"": 3, ""affinity"": ""nearest_neighbors""}",e3ae029f4d54,0.856697738452556,0.434052463555481,515.5714202839023,2.8533513955955123,3,0.0,0
synth_aniso_2d_4k,SpectralClustering,"{""n_clusters"": 5, ""affinity"": ""nearest_neighbors""}",98d2a79e4c00,0.9167832520466351,0.7601160650415776,6228.031105524119,0.3875057894520733,5,0.0,0
synth_aniso_2d_4k,SpectralClustering,"{""n_clusters"": 7, ""affinity"": ""nearest_neighbors""}",0481ef8f35a2,0.7310470614523938,0.21484622817177576,1770.5508455430033,1.0196681496522102,7,0.0,0
synth_aniso_2d_4k,SpectralClustering,"{""n_clusters"": 10, ""affinity"": ""nearest_neighbors""}",9a585386bc6d,0.7573824850500692,0.35735185806298475,17071.372878902177,1.0043005694549976,10,0.0,0
synth_aniso_2d_4k,SpectralClustering,"{""n_clusters"": 15, ""affinity"": ""nearest_neighbors""}",971471268792,0.6833045564883046,0.3215015783026328,14427.622190837232,0.9199300955145738,15,0.0,0
synth_aniso_5d_3k,SpectralClustering,"{""n_clusters"": 2, ""affinity"": ""nearest_neighbors""}",c5dfd3221b79,0.7331658161470661,0.49024821933677326,614.6241338912413,0.7471106779680796,2,0.0,0
synth_aniso_5d_3k,SpectralClustering,"{""n_clusters"": 3, ""affinity"": ""nearest_neighbors""}",e3ae029f4d54,1.0,0.5295640163347427,762.6043321969029,0.8156809024617143,3,0.0,0
synth_aniso_5d_3k,SpectralClustering,"{""n_clusters"": 5, ""affinity"": ""nearest_neighbors""}",98d2a79e4c00,0.8284722339552092,0.460638789638449,714.9673990782868,0.8908186505002395,5,0.0,0
synth_aniso_5d_3k,SpectralClustering,"{""n_clusters"": 7, ""affinity"": ""nearest_neighbors""}",0481ef8f35a2,0.7268795778737694,0.33507931411950054,569.0933945762199,1.0409463346883534,7,0.0,0
synth_aniso_5d_3k,SpectralClustering,"{""n_clusters"": 10, ""affinity"": ""nearest_neighbors""}",9a585386bc6d,0.6509416117400758,0.3038667810620302,558.6726763742372,1.0295889960275453,10,0.0,0
synth_aniso_5d_3k,SpectralClustering,"{""n_clusters"": 15, ""affinity"": ""nearest_neighbors""}",971471268792,0.5772999497655651,0.2546253617497625,453.5077864398201,1.167330067613262,15,0.0,0
synth_blobs_20d_15k,SpectralClustering,"{""n_clusters"": 2, ""affinity"": ""nearest_neighbors""}",c5dfd3221b79,0.3968533598670647,0.07737188886663304,102.72290484465151,4.251509343313019,2,0.0,0
synth_blobs_20d_15k,SpectralClustering,"{""n_clusters"": 3, ""affinity"": ""nearest_neighbors""}",e3ae029f4d54,0.4893252210945441,0.0925155533775821,136.35153933847872,2.917080463722455,3,0.0,0
synth_blobs_20d_15k,SpectralClustering,"{""n_clusters"": 5, ""affinity"": ""nearest_neighbors""}",98d2a79e4c00,0.6800757472832251,0.18316232837516078,173.9082006596235,2.258184577346616,5,0.0,0
synth_blobs_20d_15k,SpectralClustering,"{""n_clusters"": 7, ""affinity"": ""nearest_neighbors""}",0481ef8f35a2,0.7629364145050549,0.21877084470982355,196.3397521898666,1.9519386906682115,7,0.0,0
synth_blobs_20d_15k,SpectralClustering,"{""n_clusters"": 10, ""affinity"": ""nearest_neighbors""}",9a585386bc6d,0.8896275258758997,0.34329771233751893,246.5364282709744,1.5640853761025575,10,0.0,0
synth_blobs_20d_15k,SpectralClustering,"{""n_clusters"": 15, ""affinity"": ""nearest_neighbors""}",971471268792,0.8131066176682594,0.1489648837999129,178.12372340870016,1.8815256607788564,15,0.0,0
synth_blobs_30d_10k,SpectralClustering,"{""n_clusters"": 2, ""affinity"": ""nearest_neighbors""}",c5dfd3221b79,0.4184395534553164,0.16987971051712494,254.54989830166488,2.53752379354237,2,0.0,0
synth_blobs_30d_10k,SpectralClustering,"{""n_clusters"": 3, ""affinity"": ""nearest_neighbors""}",e3ae029f4d54,0.6169558104089601,0.17308171702564124,229.9475664184542,2.843696596739934,3,0.0,0
synth_blobs_30d_10k,SpectralClustering,"{""n_clusters"": 5, ""affinity"": ""nearest_neighbors""}",98d2a79e4c00,0.7612420469166183,0.29406819457474975,284.5283107904539,2.052839698105734,5,0.0,0
synth_blobs_30d_10k,SpectralClustering,"{""n_clusters"": 7, ""affinity"": ""nearest_neighbors""}",0481ef8f35a2,0.8860715147530089,0.4636018601645668,568.1677529058746,1.2468068141911919,7,0.0,0
synth_blobs_30d_10k,SpectralClustering,"{""n_clusters"": 10, ""affinity"": ""nearest_neighbors""}",9a585386bc6d,0.9610575796081583,0.5704180338368018,1277.400414688574,0.8675967686026871,10,0.0,0
synth_blobs_30d_10k,SpectralClustering,"{""n_clusters"": 15, ""affinity"": ""nearest_neighbors""}",971471268792,0.9383003583326737,0.435096207979918,1793.1099192840163,2.803241898652681,15,0.0,0
synth_blobs_50d_20k,SpectralClustering,"{""n_clusters"": 2, ""affinity"": ""nearest_neighbors""}",c5dfd3221b79,0.3652364897298657,0.05921466933561119,73.73597952717094,5.0704082629239275,2,0.0,0
synth_blobs_50d_20k,SpectralClustering,"{""n_clusters"": 3, ""affinity"": ""nearest_neighbors""}",e3ae029f4d54,0.474193925967436,0.07412030847367912,103.35061158354127,3.62161947996735,3,0.0,0
synth_blobs_50d_20k,SpectralClustering,"{""n_clusters"": 5, ""affinity"": ""nearest_neighbors""}",98d2a79e4c00,0.6284415922088378,0.1200207194764919,106.07533428823434,2.778601490396801,5,0.0,0
synth_blobs_50d_20k,SpectralClustering,"{""n_clusters"": 7, ""affinity"": ""nearest_neighbors""}",0481ef8f35a2,0.6535800363139455,0.17096023906223642,126.0541424554652,1.9772884754876998,7,0.0,0
synth_blobs_50d_20k,SpectralClustering,"{""n_clusters"": 10, ""affinity"": ""nearest_neighbors""}",9a585386bc6d,0.7929182904203995,0.22282824627203285,138.60923743895597,1.7343919752606198,10,0.0,0
synth_blobs_50d_20k,SpectralClustering,"{""n_clusters"": 15, ""affinity"": ""nearest_neighbors""}",971471268792,0.8988584625842764,0.49330482381586443,311.60765291370745,1.1384115622858813,15,0.0,0
synth_blobs_5d_k12,SpectralClustering,"{""n_clusters"": 2, ""affinity"": ""nearest_neighbors""}",c5dfd3221b79,0.4060807907510039,0.1604335279597034,123.24250857322359,2.788282264049529,2,0.0,0
synth_blobs_5d_k12,SpectralClustering,"{""n_clusters"": 3, ""affinity"": ""nearest_neighbors""}",e3ae029f4d54,0.36718610599261303,0.05743750362344734,93.93120854072752,1.3586412390236404,3,0.0,0
synth_blobs_5d_k12,SpectralClustering,"{""n_clusters"": 5, ""affinity"": ""nearest_neighbors""}",98d2a79e4c00,0.7018980629962059,0.12300858671409606,109.29198869581427,2.160408551291043,5,0.0,0
synth_blobs_5d_k12,SpectralClustering,"{""n_clusters"": 7, ""affinity"": ""nearest_neighbors""}",0481ef8f35a2,0.7494113530504616,0.11177601553832583,112.35272700008203,1.85970277966552,7,0.0,0
synth_blobs_5d_k12,SpectralClustering,"{""n_clusters"": 10, ""affinity"": ""nearest_neighbors""}",9a585386bc6d,0.8430771028541548,0.22606768320834145,138.55639390079435,1.9406103829472374,10,0.0,0
synth_blobs_5d_k12,SpectralClustering,"{""n_clusters"": 15, ""affinity"": ""nearest_neighbors""}",971471268792,0.9654174963900201,0.5470623266055609,2694.6076314630595,0.9788114126703601,15,0.0,0
synth_blobs_5d_k2,SpectralClustering,"{""n_clusters"": 2, ""affinity"": ""nearest_neighbors""}",c5dfd3221b79,1.0,0.609783209564925,1140.3196521911743,0.5998969441182219,2,0.0,0
synth_blobs_5d_k2,SpectralClustering,"{""n_clusters"": 3, ""affinity"": ""nearest_neighbors""}",e3ae029f4d54,0.8072712349195817,0.4453791463683435,744.166928960659,0.9704880086016657,3,0.0,0
synth_blobs_5d_k2,SpectralClustering,"{""n_clusters"": 5, ""affinity"": ""nearest_neighbors""}",98d2a79e4c00,0.6102698697965492,0.27337126105204823,579.6025689480696,1.225066457684294,5,0.0,0
synth_blobs_5d_k2,SpectralClustering,"{""n_clusters"": 7, ""affinity"": ""nearest_neighbors""}",0481ef8f35a2,0.5297826041562468,0.25161637689675204,489.2440188308862,1.2219107014380166,7,0.0,0
synth_blobs_5d_k2,SpectralClustering,"{""n_clusters"": 10, ""affinity"": ""nearest_neighbors""}",9a585386bc6d,0.4776083652750453,0.2372796254659149,420.1141563760006,1.2107067748847622,10,0.0,0
synth_blobs_5d_k2,SpectralClustering,"{""n_clusters"": 15, ""affinity"": ""nearest_neighbors""}",971471268792,0.4126201136859207,0.2121587752616943,351.94776125186723,1.2020325321565621,15,0.0,0
synth_blobs_5d_k20,SpectralClustering,"{""n_clusters"": 2, ""affinity"": ""nearest_neighbors""}",c5dfd3221b79,0.35373410062394456,0.1670870477850227,299.04190966221444,2.4137389649191676,2,0.0,0
synth_blobs_5d_k20,SpectralClustering,"{""n_clusters"": 3, ""affinity"": ""nearest_neighbors""}",e3ae029f4d54,0.33607067777141797,-0.02452972628838615,78.8300037720509,2.7188621227912697,3,0.0,0
synth_blobs_5d_k20,SpectralClustering,"{""n_clusters"": 5, ""affinity"": ""nearest_neighbors""}",98d2a79e4c00,0.607546228570857,0.02921731980497843,192.86253898593807,2.2976275122987575,5,0.0,0
synth_blobs_5d_k20,SpectralClustering,"{""n_clusters"": 7, ""affinity"": ""nearest_neighbors""}",0481ef8f35a2,0.5860960223102425,0.06007558046358973,168.20270319457833,1.5619136056000429,7,0.0,0
synth_blobs_5d_k20,SpectralClustering,"{""n_clusters"": 10, ""affinity"": ""nearest_neighbors""}",9a585386bc6d,0.7996664011851974,0.12717032909341225,244.19058671762593,1.5413106015835005,10,0.0,0
synth_blobs_5d_k20,SpectralClustering,"{""n_clusters"": 15, ""affinity"": ""nearest_neighbors""}",971471268792,0.8482999050622396,0.2720392868520756,296.62748007452234,1.2702425028717448,15,0.0,0
synth_blobs_5d_k4,SpectralClustering,"{""n_clusters"": 2, ""affinity"": ""nearest_neighbors""}",c5dfd3221b79,0.5758440058424192,0.32660941588700315,194.61988468388373,1.001936361795602,2,0.0,0
synth_blobs_5d_k4,SpectralClustering,"{""n_clusters"": 3, ""affinity"": ""nearest_neighbors""}",e3ae029f4d54,0.8564272624229416,0.4898936099590947,336.9597265524233,0.8986342837638689,3,0.0,0
synth_blobs_5d_k4,SpectralClustering,"{""n_clusters"": 5, ""affinity"": ""nearest_neighbors""}",98d2a79e4c00,0.786086442773171,0.32051510281833623,236.2626063305734,1.1767784333445355,5,0.0,0
synth_blobs_5d_k4,SpectralClustering,"{""n_clusters"": 7, ""affinity"": ""nearest_neighbors""}",0481ef8f35a2,0.8417836662503286,0.37780806736008876,1155.317673119767,1.2566635073113894,7,0.0,0
synth_blobs_5d_k4,SpectralClustering,"{""n_clusters"": 10, ""affinity"": ""nearest_neighbors""}",9a585386bc6d,0.7526233248229757,0.24402734053939903,960.6585485168955,1.3816623789709552,10,0.0,0
synth_blobs_5d_k4,SpectralClustering,"{""n_clusters"": 15, ""affinity"": ""nearest_neighbors""}",971471268792,0.6814091806915815,0.2207997584041284,761.2672239373551,1.3472704821962247,15,0.0,0
synth_blobs_5d_k8,SpectralClustering,"{""n_clusters"": 2, ""affinity"": ""nearest_neighbors""}",c5dfd3221b79,0.42380057110809277,0.10434779943932979,41.85559437939023,3.4607015437663775,2,0.0,0
synth_blobs_5d_k8,SpectralClustering,"{""n_clusters"": 3, ""affinity"": ""nearest_neighbors""}",e3ae029f4d54,0.6359990153124909,0.328887054106377,317.611800038785,1.2955134566258077,3,0.0,0
synth_blobs_5d_k8,SpectralClustering,"{""n_clusters"": 5, ""affinity"": ""nearest_neighbors""}",98d2a79e4c00,0.7979254705103661,0.43407710011889294,364.56433437124286,0.8883829184635044,5,0.0,0
synth_blobs_5d_k8,SpectralClustering,"{""n_clusters"": 7, ""affinity"": ""nearest_neighbors""}",0481ef8f35a2,0.7956625601020484,0.29511401769863577,132.47239680627504,1.77183978758483,7,0.0,0
synth_blobs_5d_k8,SpectralClustering,"{""n_clusters"": 10, ""affinity"": ""nearest_neighbors""}",9a585386bc6d,0.6896786701890042,-0.018529579985418154,121.93236507081721,2.880263841561212,10,0.0,0
synth_blobs_5d_k8,SpectralClustering,"{""n_clusters"": 15, ""affinity"": ""nearest_neighbors""}",971471268792,0.8546560324508155,0.25984194105829106,1255.7446274272318,1.4718052598937368,15,0.0,0
synth_elongated_aspect10_3d,SpectralClustering,"{""n_clusters"": 2, ""affinity"": ""nearest_neighbors""}",c5dfd3221b79,0.576340606205858,0.30257721168743723,260.71430547225367,0.9776966714435437,2,0.0,0
synth_elongated_aspect10_3d,SpectralClustering,"{""n_clusters"": 3, ""affinity"": ""nearest_neighbors""}",e3ae029f4d54,0.856697738452556,0.4994777589052288,654.5100091541669,0.8156704947441046,3,0.0,0
synth_elongated_aspect10_3d,SpectralClustering,"{""n_clusters"": 5, ""affinity"": ""nearest_neighbors""}",98d2a79e4c00,0.9419060701746128,0.6225202455993663,6463.26458317933,0.7289273646932911,5,0.0,0
synth_elongated_aspect10_3d,SpectralClustering,"{""n_clusters"": 7, ""affinity"": ""nearest_neighbors""}",0481ef8f35a2,0.8438390224268136,0.3835549208869762,5253.461959464714,1.1712107145964625,7,0.0,0
synth_elongated_aspect10_3d,SpectralClustering,"{""n_clusters"": 10, ""affinity"": ""nearest_neighbors""}",9a585386bc6d,0.755506165857113,0.26945298876818385,4345.386032293681,1.2585775560740329,10,0.0,0
synth_elongated_aspect10_3d,SpectralClustering,"{""n_clusters"": 15, ""affinity"": ""nearest_neighbors""}",971471268792,0.6778321708760647,0.22670094862881715,3362.48907122687,1.2991363575649655,15,0.0,0
synth_elongated_aspect20_3d,SpectralClustering,"{""n_clusters"": 2, ""affinity"": ""nearest_neighbors""}",c5dfd3221b79,0.576340606205858,0.5112763344884189,682.6536237650587,0.6274996758732277,2,0.0,0
synth_elongated_aspect20_3d,SpectralClustering,"{""n_clusters"": 3, ""affinity"": ""nearest_neighbors""}",e3ae029f4d54,0.856697738452556,0.7288247709171018,3092.6348785454666,0.37911781018939167,3,0.0,0
synth_elongated_aspect20_3d,SpectralClustering,"{""n_clusters"": 5, ""affinity"": ""nearest_neighbors""}",98d2a79e4c00,0.7882666847693576,0.23506921817467571,462.4777282974017,1.0111367487033696,5,0.0,0
synth_elongated_aspect20_3d,SpectralClustering,"{""n_clusters"": 7, ""affinity"": ""nearest_neighbors""}",0481ef8f35a2,0.7215786846653666,0.05404097437994702,436.24221500088714,1.2412209708235362,7,0.0,0
synth_elongated_aspect20_3d,SpectralClustering,"{""n_clusters"": 10, ""affinity"": ""nearest_neighbors""}",9a585386bc6d,0.7566271535439993,0.2705844112114858,3999.3524333288897,1.285284077922824,10,0.0,0
synth_elongated_aspect20_3d,SpectralClustering,"{""n_clusters"": 15, ""affinity"": ""nearest_neighbors""}",971471268792,0.6878632145555547,0.2385399934583792,3165.508495791403,1.1797908304347038,15,0.0,0
synth_elongated_aspect5_3d,SpectralClustering,"{""n_clusters"": 2, ""affinity"": ""nearest_neighbors""}",c5dfd3221b79,0.576340606205858,0.33425854910773084,251.09673401967353,1.0604105205972538,2,0.0,0
synth_elongated_aspect5_3d,SpectralClustering,"{""n_clusters"": 3, ""affinity"": ""nearest_neighbors""}",e3ae029f4d54,0.856697738452556,0.6358095400480305,1045.0092975113248,0.6268344278960166,3,0.0,0
synth_elongated_aspect5_3d,SpectralClustering,"{""n_clusters"": 5, ""affinity"": ""nearest_neighbors""}",98d2a79e4c00,0.941780403615906,0.6767745767911267,3953.011922969846,0.6039488840333999,5,0.0,0
synth_elongated_aspect5_3d,SpectralClustering,"{""n_clusters"": 7, ""affinity"": ""nearest_neighbors""}",0481ef8f35a2,0.7366726825165754,0.2008167028908949,559.0130154088517,1.1539943114338793,7,0.0,0
synth_elongated_aspect5_3d,SpectralClustering,"{""n_clusters"": 10, ""affinity"": ""nearest_neighbors""}",9a585386bc6d,0.7547261861814437,0.3087936152196521,3028.662983748008,1.1312818107367975,10,0.0,0
synth_elongated_aspect5_3d,SpectralClustering,"{""n_clusters"": 15, ""affinity"": ""nearest_neighbors""}",971471268792,0.67879913129767,0.2836152672253398,2613.2387018123113,1.0963178510393543,15,0.0,0
synth_moons_plus_blob,SpectralClustering,"{""n_clusters"": 2, ""affinity"": ""nearest_neighbors""}",c5dfd3221b79,0.5085838889714833,0.4437083413406084,589.1566215256164,0.8651874297226386,2,0.0,0
synth_moons_plus_blob,SpectralClustering,"{""n_clusters"": 3, ""affinity"": ""nearest_neighbors""}",e3ae029f4d54,0.6057867993228505,0.39999052804220153,556.4737739396941,0.9401098538565403,3,0.0,0
synth_moons_plus_blob,SpectralClustering,"{""n_clusters"": 5, ""affinity"": ""nearest_neighbors""}",98d2a79e4c00,0.5594486233264413,0.39827110024944007,608.3678322528442,0.7969353297894,5,0.0,0
synth_moons_plus_blob,SpectralClustering,"{""n_clusters"": 7, ""affinity"": ""nearest_neighbors""}",0481ef8f35a2,0.62036724675956,0.3940764840734506,583.7950720806296,0.8013782448198862,7,0.0,0
synth_moons_plus_blob,SpectralClustering,"{""n_clusters"": 10, ""affinity"": ""nearest_neighbors""}",9a585386bc6d,0.579783921727227,0.39481389112001514,591.302622726124,0.8297614917149432,10,0.0,0
synth_moons_plus_blob,SpectralClustering,"{""n_clusters"": 15, ""affinity"": ""nearest_neighbors""}",971471268792,0.5282101974581395,0.392303402770983,612.6622115683698,0.721218371030189,15,0.0,0
synth_nested_rings_3,SpectralClustering,"{""n_clusters"": 2, ""affinity"": ""nearest_neighbors""}",c5dfd3221b79,0.7333380258885642,0.00812469901751303,1.6877852049848643,19.52353109127673,2,0.0,0
synth_nested_rings_3,SpectralClustering,"{""n_clusters"": 3, ""affinity"": ""nearest_neighbors""}",e3ae029f4d54,0.6468181681169255,0.24664877224339876,177.86142975701128,1.8487192226524911,3,0.0,0
synth_nested_rings_3,SpectralClustering,"{""n_clusters"": 5, ""affinity"": ""nearest_neighbors""}",98d2a79e4c00,0.6112248739336809,0.2150037506619295,264.39053584218743,1.228767192877921,5,0.0,0
synth_nested_rings_3,SpectralClustering,"{""n_clusters"": 7, ""affinity"": ""nearest_neighbors""}",0481ef8f35a2,0.7501913541566622,0.21715824061184424,264.5927470838967,2.5133136251777706,7,0.0,0
synth_nested_rings_3,SpectralClustering,"{""n_clusters"": 10, ""affinity"": ""nearest_neighbors""}",9a585386bc6d,0.6469006676944584,0.2628011108965106,330.92121801533983,1.3903184873425325,10,0.0,0
synth_nested_rings_3,SpectralClustering,"{""n_clusters"": 15, ""affinity"": ""nearest_neighbors""}",971471268792,0.578253036035491,0.37334221435337983,526.6433430387913,1.0749113754164734,15,0.0,0
synth_nested_rings_5,SpectralClustering,"{""n_clusters"": 2, ""affinity"": ""nearest_neighbors""}",c5dfd3221b79,0.4736834123189838,-0.10414864778780951,0.2013419800222582,52.34920356203999,2,0.0,0
synth_nested_rings_5,SpectralClustering,"{""n_clusters"": 3, ""affinity"": ""nearest_neighbors""}",e3ae029f4d54,0.7419438062750517,-0.11152917050201316,1.0003411274429075,154.42775712203056,3,0.0,0
synth_nested_rings_5,SpectralClustering,"{""n_clusters"": 5, ""affinity"": ""nearest_neighbors""}",98d2a79e4c00,1.0,-0.05974810188841161,1.5273847262283202,35.7649661913864,5,0.0,0
synth_nested_rings_5,SpectralClustering,"{""n_clusters"": 7, ""affinity"": ""nearest_neighbors""}",0481ef8f35a2,0.7996557169331684,0.08842766502527216,203.32486202690646,7.993058081599655,7,0.0,0
synth_nested_rings_5,SpectralClustering,"{""n_clusters"": 10, ""affinity"": ""nearest_neighbors""}",9a585386bc6d,0.7581963683377854,0.1256846049233008,265.530685289681,2.228254449254993,10,0.0,0
synth_nested_rings_5,SpectralClustering,"{""n_clusters"": 15, ""affinity"": ""nearest_neighbors""}",971471268792,0.7447040395002948,0.10386718673435806,227.06158430710533,2.8866545814157707,15,0.0,0
synth_spirals_2arms_n0.10,SpectralClustering,"{""n_clusters"": 2, ""affinity"": ""nearest_neighbors""}",c5dfd3221b79,0.044703001992520516,0.16527597735635433,16.437316465427372,6.228606581285253,2,0.0,0
synth_spirals_2arms_n0.10,SpectralClustering,"{""n_clusters"": 3, ""affinity"": ""nearest_neighbors""}",e3ae029f4d54,0.06245571439082811,0.05560100124716695,22.63040288705713,4.523959318739724,3,0.0,0
synth_spirals_2arms_n0.10,SpectralClustering,"{""n_clusters"": 5, ""affinity"": ""nearest_neighbors""}",98d2a79e4c00,0.09880033311689534,0.1309216272628816,121.17526648881474,4.24398490758429,5,0.0,0
synth_spirals_2arms_n0.10,SpectralClustering,"{""n_clusters"": 7, ""affinity"": ""nearest_neighbors""}",0481ef8f35a2,0.11682516911689379,0.27146312439340253,243.03809325530867,1.8805658807694172,7,0.0,0
synth_spirals_2arms_n0.10,SpectralClustering,"{""n_clusters"": 10, ""affinity"": ""nearest_neighbors""}",9a585386bc6d,0.0818044074161684,0.3523595403226253,338.63337932322105,1.1503856133482677,10,0.0,0
synth_spirals_2arms_n0.10,SpectralClustering,"{""n_clusters"": 15, ""affinity"": ""nearest_neighbors""}",971471268792,0.09419018275807836,0.4237700478497068,470.5061279873287,0.822640975756988,15,0.0,0
synth_spirals_3arms_n0.05,SpectralClustering,"{""n_clusters"": 2, ""affinity"": ""nearest_neighbors""}",c5dfd3221b79,0.04070493176246947,0.13126872194982553,17.069291567048314,5.888983777968615,2,0.0,0
synth_spirals_3arms_n0.05,SpectralClustering,"{""n_clusters"": 3, ""affinity"": ""nearest_neighbors""}",e3ae029f4d54,0.05883260045824099,0.024712587982544536,21.32860340490221,6.727173458220477,3,0.0,0
synth_spirals_3arms_n0.05,SpectralClustering,"{""n_clusters"": 5, ""affinity"": ""nearest_neighbors""}",98d2a79e4c00,0.072737827300718,0.09923190475241364,71.07089681342538,3.3398164297282626,5,0.0,0
synth_spirals_3arms_n0.05,SpectralClustering,"{""n_clusters"": 7, ""affinity"": ""nearest_neighbors""}",0481ef8f35a2,0.08281443535183912,0.24293065349700127,177.63467207558412,6.81876713899681,7,0.0,0
synth_spirals_3arms_n0.05,SpectralClustering,"{""n_clusters"": 10, ""affinity"": ""nearest_neighbors""}",9a585386bc6d,0.08740001294905542,0.3014700474902303,221.0966515932749,1.8221949294753497,10,0.0,0
synth_spirals_3arms_n0.05,SpectralClustering,"{""n_clusters"": 15, ""affinity"": ""nearest_neighbors""}",971471268792,0.09026008123040603,0.41010585984460596,397.3796019228795,0.9670657224913254,15,0.0,0
synth_spirals_3arms_n0.20,SpectralClustering,"{""n_clusters"": 2, ""affinity"": ""nearest_neighbors""}",c5dfd3221b79,0.03954523810225551,0.13580667353705858,16.92569561826393,5.973609444086586,2,0.0,0
synth_spirals_3arms_n0.20,SpectralClustering,"{""n_clusters"": 3, ""affinity"": ""nearest_neighbors""}",e3ae029f4d54,0.059702870660885275,0.015217916229253965,19.681450439955807,6.517946942903561,3,0.0,0
synth_spirals_3arms_n0.20,SpectralClustering,"{""n_clusters"": 5, ""affinity"": ""nearest_neighbors""}",98d2a79e4c00,0.07292799376540708,0.08765657506446801,72.07055891243432,3.6286629580389205,5,0.0,0
synth_spirals_3arms_n0.20,SpectralClustering,"{""n_clusters"": 7, ""affinity"": ""nearest_neighbors""}",0481ef8f35a2,0.08535977201935394,0.24121289686636652,178.8179127241382,4.479228863150601,7,0.0,0
synth_spirals_3arms_n0.20,SpectralClustering,"{""n_clusters"": 10, ""affinity"": ""nearest_neighbors""}",9a585386bc6d,0.07874319208014803,0.307925517183944,225.06039046239454,2.0311319199252704,10,0.0,0
synth_spirals_3arms_n0.20,SpectralClustering,"{""n_clusters"": 15, ""affinity"": ""nearest_neighbors""}",971471268792,0.09241510820816375,0.41166559554395754,412.0168821977336,0.9955955242203751,15,0.0,0
synth_uniform_noise_10d,SpectralClustering,"{""n_clusters"": 2, ""affinity"": ""nearest_neighbors""}",c5dfd3221b79,0.1592231674137615,0.06543090657155148,35.33433591440108,3.662207157754644,2,0.0,0
synth_uniform_noise_10d,SpectralClustering,"{""n_clusters"": 3, ""affinity"": ""nearest_neighbors""}",e3ae029f4d54,0.14625496802228746,0.05139812131952935,31.817169007887028,3.171264143783656,3,0.0,0
synth_uniform_noise_10d,SpectralClustering,"{""n_clusters"": 5, ""affinity"": ""nearest_neighbors""}",98d2a79e4c00,0.13736923144642904,0.0553049364998708,28.574550291741296,2.723300645786655,5,0.0,0
synth_uniform_noise_10d,SpectralClustering,"{""n_clusters"": 7, ""affinity"": ""nearest_neighbors""}",0481ef8f35a2,0.12847040801203727,0.053943080800553884,25.577188755117614,2.5339383078510713,7,0.0,0
synth_uniform_noise_10d,SpectralClustering,"{""n_clusters"": 10, ""affinity"": ""nearest_neighbors""}",9a585386bc6d,0.13093836814735477,0.0677757350757437,23.93400087720616,2.205414741160839,10,0.0,0
synth_uniform_noise_10d,SpectralClustering,"{""n_clusters"": 15, ""affinity"": ""nearest_neighbors""}",971471268792,0.16249663285177618,0.07185577977817992,20.553576956799148,2.1228922859604453,15,0.0,0
synth_uniform_noise_2d,SpectralClustering,"{""n_clusters"": 2, ""affinity"": ""nearest_neighbors""}",c5dfd3221b79,0.4262375263968717,0.3257005089777868,266.9734387122704,1.2174615095447407,2,0.0,0
synth_uniform_noise_2d,SpectralClustering,"{""n_clusters"": 3, ""affinity"": ""nearest_neighbors""}",e3ae029f4d54,0.8373213409600248,0.37030816956548757,370.430915138571,0.8722140763278642,3,0.0,0
synth_uniform_noise_2d,SpectralClustering,"{""n_clusters"": 5, ""affinity"": ""nearest_neighbors""}",98d2a79e4c00,0.5241797818677958,0.36343409854102776,425.8583533137905,0.8845344421882084,5,0.0,0
synth_uniform_noise_2d,SpectralClustering,"{""n_clusters"": 7, ""affinity"": ""nearest_neighbors""}",0481ef8f35a2,0.4409456510001133,0.3518580900399321,405.48475742890804,0.7684304126323992,7,0.0,0
synth_uniform_noise_2d,SpectralClustering,"{""n_clusters"": 10, ""affinity"": ""nearest_neighbors""}",9a585386bc6d,0.46535636522849094,0.34759163286239536,429.07738240921447,0.7844866855781694,10,0.0,0
synth_uniform_noise_2d,SpectralClustering,"{""n_clusters"": 15, ""affinity"": ""nearest_neighbors""}",971471268792,0.4464640638990923,0.36353076466703826,477.7393619255182,0.7726634153806006,15,0.0,0
synth_varying_density_15d,SpectralClustering,"{""n_clusters"": 2, ""affinity"": ""nearest_neighbors""}",c5dfd3221b79,0.6162278411645666,0.30092113867659714,394.4719567109351,1.854376513449597,2,0.0,0
synth_varying_density_15d,SpectralClustering,"{""n_clusters"": 3, ""affinity"": ""nearest_neighbors""}",e3ae029f4d54,0.764333649122138,0.3943885608023473,508.88021887106044,1.2835458113680047,3,0.0,0
synth_varying_density_15d,SpectralClustering,"{""n_clusters"": 5, ""affinity"": ""nearest_neighbors""}",98d2a79e4c00,1.0,0.6551280078707443,2220.7942776803666,0.5160151164538268,5,0.0,0
synth_varying_density_15d,SpectralClustering,"{""n_clusters"": 7, ""affinity"": ""nearest_neighbors""}",0481ef8f35a2,0.8920722811570004,0.33356972130314083,1563.3669135135085,1.86987620859075,7,0.0,0
synth_varying_density_15d,SpectralClustering,"{""n_clusters"": 10, ""affinity"": ""nearest_neighbors""}",9a585386bc6d,0.8035320713056998,0.22051643053401698,1126.6165228779896,2.2497617282096924,10,0.0,0
synth_varying_density_15d,SpectralClustering,"{""n_clusters"": 15, ""affinity"": ""nearest_neighbors""}",971471268792,0.7261021615800186,0.08116789916143483,781.9184385391505,2.654117829517759,15,0.0,0
synth_varying_density_2d,SpectralClustering,"{""n_clusters"": 2, ""affinity"": ""nearest_neighbors""}",c5dfd3221b79,0.48113486381824006,0.6656877698493987,3718.52413253625,0.4937474155890329,2,0.0,0
synth_varying_density_2d,SpectralClustering,"{""n_clusters"": 3, ""affinity"": ""nearest_neighbors""}",e3ae029f4d54,0.7559050505900834,0.45384180800266827,2850.5209982159845,0.7182216352245115,3,0.0,0
synth_varying_density_2d,SpectralClustering,"{""n_clusters"": 5, ""affinity"": ""nearest_neighbors""}",98d2a79e4c00,0.7773041161642817,0.5212015586025288,3261.7557305493165,0.6752663709303479,5,0.0,0
synth_varying_density_2d,SpectralClustering,"{""n_clusters"": 7, ""affinity"": ""nearest_neighbors""}",0481ef8f35a2,0.7091018786286695,0.3880873809250205,3112.25548320216,0.9162707397583508,7,0.0,0
synth_varying_density_2d,SpectralClustering,"{""n_clusters"": 10, ""affinity"": ""nearest_neighbors""}",9a585386bc6d,0.6582623205814704,0.3387455205439382,2959.604650094676,0.9568847622774757,10,0.0,0
synth_varying_density_2d,SpectralClustering,"{""n_clusters"": 15, ""affinity"": ""nearest_neighbors""}",971471268792,0.6089231511586725,0.3095011738370624,2365.6150122416293,0.997394355050494,15,0.0,0
synth_varying_density_5d,SpectralClustering,"{""n_clusters"": 2, ""affinity"": ""nearest_neighbors""}",c5dfd3221b79,0.6104375451185515,0.34222845826997694,313.43367009610745,1.436555022979745,2,0.0,0
synth_varying_density_5d,SpectralClustering,"{""n_clusters"": 3, ""affinity"": ""nearest_neighbors""}",e3ae029f4d54,0.7845207429832037,0.28533117791491597,249.66149062643134,1.363543794009176,3,0.0,0
synth_varying_density_5d,SpectralClustering,"{""n_clusters"": 5, ""affinity"": ""nearest_neighbors""}",98d2a79e4c00,0.8485624896851564,0.3850696190095074,343.8761502862287,0.9738215946232931,5,0.0,0
synth_varying_density_5d,SpectralClustering,"{""n_clusters"": 7, ""affinity"": ""nearest_neighbors""}",0481ef8f35a2,0.7937100033382531,0.2580233009421814,334.11338434682307,1.0629789450661629,7,0.0,0
synth_varying_density_5d,SpectralClustering,"{""n_clusters"": 10, ""affinity"": ""nearest_neighbors""}",9a585386bc6d,0.7642184403348375,0.25743673486533863,442.07423866758865,1.094832254328614,10,0.0,0
synth_varying_density_5d,SpectralClustering,"{""n_clusters"": 15, ""affinity"": ""nearest_neighbors""}",971471268792,0.7037002210195441,0.1371100234668915,269.65985673313264,1.1166514543361623,15,0.0,0
openml_61,SpectralClustering,"{""n_clusters"": 2, ""affinity"": ""nearest_neighbors""}",c5dfd3221b79,0.7315847607219574,0.5801844633618002,248.90342853005208,0.5975546641525435,2,0.0,0
openml_61,SpectralClustering,"{""n_clusters"": 3, ""affinity"": ""nearest_neighbors""}",e3ae029f4d54,0.503306961151372,0.37685652617434545,150.4564425943413,0.9210491651516399,3,0.0,0
openml_61,SpectralClustering,"{""n_clusters"": 5, ""affinity"": ""nearest_neighbors""}",98d2a79e4c00,0.6182074854932272,0.35217709345617826,199.85813198482595,0.9274125358591748,5,0.0,0
openml_61,SpectralClustering,"{""n_clusters"": 7, ""affinity"": ""nearest_neighbors""}",0481ef8f35a2,0.6054705911725827,0.3401266434777703,172.6670618994839,0.9666273678928067,7,0.0,0
openml_61,SpectralClustering,"{""n_clusters"": 10, ""affinity"": ""nearest_neighbors""}",9a585386bc6d,0.5585466692800759,0.32339927228060616,163.59165414901798,0.9883861835377703,10,0.0,0
openml_61,SpectralClustering,"{""n_clusters"": 15, ""affinity"": ""nearest_neighbors""}",971471268792,0.4773697003228987,0.2865822108322474,131.01932608486646,0.9806607034154146,15,0.0,0
openml_40496,SpectralClustering,"{""n_clusters"": 2, ""affinity"": ""nearest_neighbors""}",c5dfd3221b79,0.09322176128526388,-0.012785947311892911,19.853207583202604,1.2301501434725828,2,0.0,0
openml_40496,SpectralClustering,"{""n_clusters"": 3, ""affinity"": ""nearest_neighbors""}",e3ae029f4d54,0.20239808994099182,0.024773228329566854,31.996624802234937,1.7317915762972405,3,0.0,0
openml_40496,SpectralClustering,"{""n_clusters"": 5, ""affinity"": ""nearest_neighbors""}",98d2a79e4c00,0.2849089209169985,0.07707022070794335,32.660219614722656,1.5675671132365057,5,0.0,0
openml_40496,SpectralClustering,"{""n_clusters"": 7, ""affinity"": ""nearest_neighbors""}",0481ef8f35a2,0.32803986424578513,0.15716099333785166,32.46358101756215,1.3853211011613291,7,0.0,0
openml_40496,SpectralClustering,"{""n_clusters"": 10, ""affinity"": ""nearest_neighbors""}",9a585386bc6d,0.44376510188458534,0.32463011214599835,57.69451258952688,1.3404154969703463,10,0.0,0
openml_40496,SpectralClustering,"{""n_clusters"": 15, ""affinity"": ""nearest_neighbors""}",971471268792,0.47086053529497907,0.4599490524141258,70.9726590808185,1.411257137552536,15,0.0,0
openml_1515,SpectralClustering,"{""n_clusters"": 2, ""affinity"": ""nearest_neighbors""}",c5dfd3221b79,0.044537816938786945,0.0730613525279049,10.165830688644029,1.3065151485495707,2,0.0,0
openml_1515,SpectralClustering,"{""n_clusters"": 3, ""affinity"": ""nearest_neighbors""}",e3ae029f4d54,0.2008737498330882,0.01937940534933699,9.128895183953162,2.9717687366258994,3,0.0,0
openml_1515,SpectralClustering,"{""n_clusters"": 5, ""affinity"": ""nearest_neighbors""}",98d2a79e4c00,0.44014392665461083,-0.02122113434632624,8.225245662270964,3.8978426582562675,5,0.0,0
openml_1515,SpectralClustering,"{""n_clusters"": 7, ""affinity"": ""nearest_neighbors""}",0481ef8f35a2,0.4770962368203208,0.01508724621357958,8.51364646214638,3.135779151426505,7,0.0,0
openml_1515,SpectralClustering,"{""n_clusters"": 10, ""affinity"": ""nearest_neighbors""}",9a585386bc6d,0.5554881181284009,-0.05204851459529543,8.645693202180421,2.783244342650163,10,0.0,0
openml_1515,SpectralClustering,"{""n_clusters"": 15, ""affinity"": ""nearest_neighbors""}",971471268792,0.5777611449251918,-0.00878323766267232,8.767586128906045,2.641038191733478,15,0.0,0
synth_ellipsoidal_d20_k3,SpectralClustering,"{""n_clusters"": 2, ""affinity"": ""nearest_neighbors""}",c5dfd3221b79,0.7331658161470661,0.3595022351148819,358.06938615885247,1.1565660060010898,2,0.0,0
synth_ellipsoidal_d20_k3,SpectralClustering,"{""n_clusters"": 3, ""affinity"": ""nearest_neighbors""}",e3ae029f4d54,1.0,0.37702311069976074,386.21244556718307,1.0875917595969837,3,0.0,0
synth_ellipsoidal_d20_k3,SpectralClustering,"{""n_clusters"": 5, ""affinity"": ""nearest_neighbors""}",98d2a79e4c00,0.8268792360891969,0.1966181470803565,229.47309581660284,2.1367037729751823,5,0.0,0
synth_ellipsoidal_d20_k3,SpectralClustering,"{""n_clusters"": 7, ""affinity"": ""nearest_neighbors""}",0481ef8f35a2,0.7322267109009751,0.12088850730712658,171.38330298702851,2.3087957303515823,7,0.0,0
synth_ellipsoidal_d20_k3,SpectralClustering,"{""n_clusters"": 10, ""affinity"": ""nearest_neighbors""}",9a585386bc6d,0.6468342939226814,0.10538692388420823,129.44330868552845,2.232739258242571,10,0.0,0
synth_ellipsoidal_d20_k3,SpectralClustering,"{""n_clusters"": 15, ""affinity"": ""nearest_neighbors""}",971471268792,0.5766642027139063,0.091648234830462,94.40798406436366,2.20344216657039,15,0.0,0
synth_ellipsoidal_d10_k3,SpectralClustering,"{""n_clusters"": 2, ""affinity"": ""nearest_neighbors""}",c5dfd3221b79,0.7331658161470661,0.40684227400711465,402.54471119374483,0.9925448969956709,2,0.0,0
synth_ellipsoidal_d10_k3,SpectralClustering,"{""n_clusters"": 3, ""affinity"": ""nearest_neighbors""}",e3ae029f4d54,1.0,0.5682153612215955,872.3969832460403,0.6638944072463442,3,0.0,0
synth_ellipsoidal_d10_k3,SpectralClustering,"{""n_clusters"": 5, ""affinity"": ""nearest_neighbors""}",98d2a79e4c00,0.8305584587666875,0.34725040827989695,570.0891373960047,1.3286235848566723,5,0.0,0
synth_ellipsoidal_d10_k3,SpectralClustering,"{""n_clusters"": 7, ""affinity"": ""nearest_neighbors""}",0481ef8f35a2,0.7295897833571451,0.21518848061135917,448.7938203276271,1.568255885354185,7,0.0,0
synth_ellipsoidal_d10_k3,SpectralClustering,"{""n_clusters"": 10, ""affinity"": ""nearest_neighbors""}",9a585386bc6d,0.6492513032489249,0.16892199908076863,343.3309144020051,1.743856442690933,10,0.0,0
synth_ellipsoidal_d10_k3,SpectralClustering,"{""n_clusters"": 15, ""affinity"": ""nearest_neighbors""}",971471268792,0.5788482356792771,0.15117714114465466,262.2410104129447,1.5863602310704032,15,0.0,0
synth_ellipsoidal_d3_k3,SpectralClustering,"{""n_clusters"": 2, ""affinity"": ""nearest_neighbors""}",c5dfd3221b79,0.7201892509964459,0.4316302498364491,496.1717141195566,0.7857790144388799,2,0.0,0
synth_ellipsoidal_d3_k3,SpectralClustering,"{""n_clusters"": 3, ""affinity"": ""nearest_neighbors""}",e3ae029f4d54,0.9733643630555139,0.5628458725730051,1224.0398504811753,0.6987249793726035,3,0.0,0
synth_ellipsoidal_d3_k3,SpectralClustering,"{""n_clusters"": 5, ""affinity"": ""nearest_neighbors""}",98d2a79e4c00,0.8273071604781193,0.46283658070107114,1105.6019152691276,0.8379705131163725,5,0.0,0
synth_ellipsoidal_d3_k3,SpectralClustering,"{""n_clusters"": 7, ""affinity"": ""nearest_neighbors""}",0481ef8f35a2,0.7215196957639113,0.3369417836651279,992.658867815893,1.0221523861851696,7,0.0,0
synth_ellipsoidal_d3_k3,SpectralClustering,"{""n_clusters"": 10, ""affinity"": ""nearest_neighbors""}",9a585386bc6d,0.6425940462129495,0.3152724458393927,885.7000238167776,1.0420343987271827,10,0.0,0
synth_ellipsoidal_d3_k3,SpectralClustering,"{""n_clusters"": 15, ""affinity"": ""nearest_neighbors""}",971471268792,0.5648793761826741,0.29194690594447903,774.3013707215293,0.9941794397767356,15,0.0,0
synth_grid_d30_k3_highoverlap,SpectralClustering,"{""n_clusters"": 2, ""affinity"": ""nearest_neighbors""}",c5dfd3221b79,0.7331658161470661,0.27389977951596955,222.4939137971403,1.4143605614478183,2,0.0,0
synth_grid_d30_k3_highoverlap,SpectralClustering,"{""n_clusters"": 3, ""affinity"": ""nearest_neighbors""}",e3ae029f4d54,1.0,0.43354301136550777,473.3237910862588,0.9649755746970392,3,0.0,0
synth_grid_d30_k3_highoverlap,SpectralClustering,"{""n_clusters"": 5, ""affinity"": ""nearest_neighbors""}",98d2a79e4c00,0.845911234733313,0.1887466070432876,250.70182802899663,3.0630754866591112,5,0.0,0
synth_grid_d30_k3_highoverlap,SpectralClustering,"{""n_clusters"": 7, ""affinity"": ""nearest_neighbors""}",0481ef8f35a2,0.7388332659419595,0.05189687914836863,177.2697953065263,3.5812610089639803,7,0.0,0
synth_grid_d30_k3_highoverlap,SpectralClustering,"{""n_clusters"": 10, ""affinity"": ""nearest_neighbors""}",9a585386bc6d,0.6489160967555558,0.04768991704211298,126.50565883441398,3.3874435843652164,10,0.0,0
synth_grid_d30_k3_highoverlap,SpectralClustering,"{""n_clusters"": 15, ""affinity"": ""nearest_neighbors""}",971471268792,0.580985716011255,0.04422931534862468,87.1813888432636,3.065886294346634,15,0.0,0
synth_grid_d30_k3_medoverlap,SpectralClustering,"{""n_clusters"": 2, ""affinity"": ""nearest_neighbors""}",c5dfd3221b79,0.7331658161470661,0.3520720448774613,280.3178880000847,1.1783217897738623,2,0.0,0
synth_grid_d30_k3_medoverlap,SpectralClustering,"{""n_clusters"": 3, ""affinity"": ""nearest_neighbors""}",e3ae029f4d54,1.0,0.5827339648507768,1031.2942849118085,0.6450535362200521,3,0.0,0
synth_grid_d30_k3_medoverlap,SpectralClustering,"{""n_clusters"": 5, ""affinity"": ""nearest_neighbors""}",98d2a79e4c00,0.8314206047154932,0.24742185146212742,553.1040611960146,2.6414795068801054,5,0.0,0
synth_grid_d30_k3_medoverlap,SpectralClustering,"{""n_clusters"": 7, ""affinity"": ""nearest_neighbors""}",0481ef8f35a2,0.7338757575703447,0.06949427917965276,389.27917213199464,3.0783997606703903,7,0.0,0
synth_grid_d30_k3_medoverlap,SpectralClustering,"{""n_clusters"": 10, ""affinity"": ""nearest_neighbors""}",9a585386bc6d,0.6497335140780834,0.06518750724795751,278.96919365804195,2.796793996755361,10,0.0,0
synth_grid_d30_k3_medoverlap,SpectralClustering,"{""n_clusters"": 15, ""affinity"": ""nearest_neighbors""}",971471268792,0.5758627438370989,0.06091257127309376,194.18607752487327,2.6503421438623866,15,0.0,0
synth_grid_d15_k3_lowoverlap,SpectralClustering,"{""n_clusters"": 2, ""affinity"": ""nearest_neighbors""}",c5dfd3221b79,0.7331658161470661,0.5658058295282542,553.4568655886891,0.7157293523396207,2,0.0,0
synth_grid_d15_k3_lowoverlap,SpectralClustering,"{""n_clusters"": 3, ""affinity"": ""nearest_neighbors""}",e3ae029f4d54,1.0,0.8498126748568195,8103.7748321994195,0.21333986146823591,3,0.0,0
synth_grid_d15_k3_lowoverlap,SpectralClustering,"{""n_clusters"": 5, ""affinity"": ""nearest_neighbors""}",98d2a79e4c00,0.8277995722147532,0.433065584434083,5001.881736112139,1.2718103759835002,5,0.0,0
synth_grid_d15_k3_lowoverlap,SpectralClustering,"{""n_clusters"": 7, ""affinity"": ""nearest_neighbors""}",0481ef8f35a2,0.7294405797320225,0.20257149830000173,3889.5617421748307,1.6048030397000468,7,0.0,0
synth_grid_d15_k3_lowoverlap,SpectralClustering,"{""n_clusters"": 10, ""affinity"": ""nearest_neighbors""}",9a585386bc6d,0.6538339148554807,0.15400307063687932,2899.5710510989043,1.7410463187509246,10,0.0,0
synth_grid_d15_k3_lowoverlap,SpectralClustering,"{""n_clusters"": 15, ""affinity"": ""nearest_neighbors""}",971471268792,0.5872260055961618,0.1396458592271946,2134.3433477327703,1.6990123473785903,15,0.0,0
synth_grid_d2_k3_medoverlap,SpectralClustering,"{""n_clusters"": 2, ""affinity"": ""nearest_neighbors""}",c5dfd3221b79,0.7331658161470661,0.7126997214369144,2272.793421283721,0.3987061658511763,2,0.0,0
synth_grid_d2_k3_medoverlap,SpectralClustering,"{""n_clusters"": 3, ""affinity"": ""nearest_neighbors""}",e3ae029f4d54,0.9904158006879529,0.6689480652964341,3364.393813281838,0.47661042841180573,3,0.0,0
synth_grid_d2_k3_medoverlap,SpectralClustering,"{""n_clusters"": 5, ""affinity"": ""nearest_neighbors""}",98d2a79e4c00,0.8289373393055124,0.441819969372712,2417.650523887091,0.8690261215968711,5,0.0,0
synth_grid_d2_k3_medoverlap,SpectralClustering,"{""n_clusters"": 7, ""affinity"": ""nearest_neighbors""}",0481ef8f35a2,0.7235907930341257,0.3431825405025335,2156.839662761895,1.0298449548804773,7,0.0,0
synth_grid_d2_k3_medoverlap,SpectralClustering,"{""n_clusters"": 10, ""affinity"": ""nearest_neighbors""}",9a585386bc6d,0.6230386578700918,0.31004710194924784,1830.409545050168,0.9805786587561889,10,0.0,0
synth_grid_d2_k3_medoverlap,SpectralClustering,"{""n_clusters"": 15, ""affinity"": ""nearest_neighbors""}",971471268792,0.5722477843646026,0.3316626861273235,1893.135408877235,0.9020631268089846,15,0.0,0
synth_grid_d2_k3_highoverlap,SpectralClustering,"{""n_clusters"": 2, ""affinity"": ""nearest_neighbors""}",c5dfd3221b79,0.38729605066299255,0.38600939511005083,468.67543986574765,0.922628838527579,2,0.0,0
synth_grid_d2_k3_highoverlap,SpectralClustering,"{""n_clusters"": 3, ""affinity"": ""nearest_neighbors""}",e3ae029f4d54,0.625106369540346,0.43452609178331947,649.5725264415354,0.8032115407980555,3,0.0,0
synth_grid_d2_k3_highoverlap,SpectralClustering,"{""n_clusters"": 5, ""affinity"": ""nearest_neighbors""}",98d2a79e4c00,0.5101178371978287,0.335977882338196,558.3494060801116,0.916064412401694,5,0.0,0
synth_grid_d2_k3_highoverlap,SpectralClustering,"{""n_clusters"": 7, ""affinity"": ""nearest_neighbors""}",0481ef8f35a2,0.45122551402521344,0.3360333256305854,521.0900507264528,0.8903989507009528,7,0.0,0
synth_grid_d2_k3_highoverlap,SpectralClustering,"{""n_clusters"": 10, ""affinity"": ""nearest_neighbors""}",9a585386bc6d,0.43356720486962946,0.28949878555437786,477.5477677055608,0.9376506262520596,10,0.0,0
synth_grid_d2_k3_highoverlap,SpectralClustering,"{""n_clusters"": 15, ""affinity"": ""nearest_neighbors""}",971471268792,0.3982856512556686,0.3071594101418309,471.4882403912854,0.9094324391704506,15,0.0,0
synth_grid_d30_k3_lowoverlap,SpectralClustering,"{""n_clusters"": 2, ""affinity"": ""nearest_neighbors""}",c5dfd3221b79,0.7331658161470661,0.5718450124236112,569.6258890919938,0.7012445115323658,2,0.0,0
synth_grid_d30_k3_lowoverlap,SpectralClustering,"{""n_clusters"": 3, ""affinity"": ""nearest_neighbors""}",e3ae029f4d54,1.0,0.8515053916932875,7599.505612091754,0.213976701367633,3,0.0,0
synth_grid_d30_k3_lowoverlap,SpectralClustering,"{""n_clusters"": 5, ""affinity"": ""nearest_neighbors""}",98d2a79e4c00,0.8289701267006871,0.5232454424897051,5627.316665871449,0.8533713743412876,5,0.0,0
synth_grid_d30_k3_lowoverlap,SpectralClustering,"{""n_clusters"": 7, ""affinity"": ""nearest_neighbors""}",0481ef8f35a2,0.752555264665961,0.31293928532999665,4794.487650676774,1.0386564377232028,7,0.0,0
synth_grid_d30_k3_lowoverlap,SpectralClustering,"{""n_clusters"": 10, ""affinity"": ""nearest_neighbors""}",9a585386bc6d,0.6661386919222021,0.20523899695810185,3415.1594233363294,1.4879488841098634,10,0.0,0
synth_grid_d30_k3_lowoverlap,SpectralClustering,"{""n_clusters"": 15, ""affinity"": ""nearest_neighbors""}",971471268792,0.5939549013100286,0.1571734138493806,3015.94571573002,1.5908168109906893,15,0.0,0
synth_grid_d15_k3_highoverlap,SpectralClustering,"{""n_clusters"": 2, ""affinity"": ""nearest_neighbors""}",c5dfd3221b79,0.7331658161470661,0.2982429044590236,261.4311065533243,1.2830062889700966,2,0.0,0
synth_grid_d15_k3_highoverlap,SpectralClustering,"{""n_clusters"": 3, ""affinity"": ""nearest_neighbors""}",e3ae029f4d54,1.0,0.44001889352067847,544.2982794844813,0.9466846064543458,3,0.0,0
synth_grid_d15_k3_highoverlap,SpectralClustering,"{""n_clusters"": 5, ""affinity"": ""nearest_neighbors""}",98d2a79e4c00,0.8285615061866854,0.2013699396160338,304.3356716193795,2.4028716875061886,5,0.0,0
synth_grid_d15_k3_highoverlap,SpectralClustering,"{""n_clusters"": 7, ""affinity"": ""nearest_neighbors""}",0481ef8f35a2,0.7338460684327571,0.09657441460136326,222.13676881762163,2.631927476858365,7,0.0,0
synth_grid_d15_k3_highoverlap,SpectralClustering,"{""n_clusters"": 10, ""affinity"": ""nearest_neighbors""}",9a585386bc6d,0.6525138203452086,0.08295970229125255,162.20369812573122,2.563706401006171,10,0.0,0
synth_grid_d15_k3_highoverlap,SpectralClustering,"{""n_clusters"": 15, ""affinity"": ""nearest_neighbors""}",971471268792,0.5787891621111311,0.07663016861985592,114.78871407411621,2.472208435347371,15,0.0,0
synth_grid_d15_k3_medoverlap,SpectralClustering,"{""n_clusters"": 2, ""affinity"": ""nearest_neighbors""}",c5dfd3221b79,0.7331658161470661,0.5918584155900897,1031.6507885182236,0.6166379125198942,2,0.0,0
synth_grid_d15_k3_medoverlap,SpectralClustering,"{""n_clusters"": 3, ""affinity"": ""nearest_neighbors""}",e3ae029f4d54,1.0,0.6640308949906819,2138.5726480132953,0.49902577082814065,3,0.0,0
synth_grid_d15_k3_medoverlap,SpectralClustering,"{""n_clusters"": 5, ""affinity"": ""nearest_neighbors""}",98d2a79e4c00,0.8285319164233631,0.33038325618059144,1277.4071652605878,1.5674145102602426,5,0.0,0
synth_grid_d15_k3_medoverlap,SpectralClustering,"{""n_clusters"": 7, ""affinity"": ""nearest_neighbors""}",0481ef8f35a2,0.7399724999389297,0.1597504026717143,946.4454893060205,1.9215571397847253,7,0.0,0
synth_grid_d15_k3_medoverlap,SpectralClustering,"{""n_clusters"": 10, ""affinity"": ""nearest_neighbors""}",9a585386bc6d,0.6723975593798964,0.10552571722043923,671.8381788327584,2.079938367043419,10,0.0,0
synth_grid_d15_k3_medoverlap,SpectralClustering,"{""n_clusters"": 15, ""affinity"": ""nearest_neighbors""}",971471268792,0.584689101843449,0.08512578574612609,470.335301350872,2.2851693682438876,15,0.0,0
synth_grid_d5_k3_highoverlap,SpectralClustering,"{""n_clusters"": 2, ""affinity"": ""nearest_neighbors""}",c5dfd3221b79,0.6976753121130376,0.3105631239746193,278.6291073983572,1.2325334798077394,2,0.0,0
synth_grid_d5_k3_highoverlap,SpectralClustering,"{""n_clusters"": 3, ""affinity"": ""nearest_neighbors""}",e3ae029f4d54,0.9339428874854735,0.3960110321059172,416.91980488405966,0.9751066147699801,3,0.0,0
synth_grid_d5_k3_highoverlap,SpectralClustering,"{""n_clusters"": 5, ""affinity"": ""nearest_neighbors""}",98d2a79e4c00,0.789143560317198,0.2450426912420518,266.74455058669315,1.5359958943469272,5,0.0,0
synth_grid_d5_k3_highoverlap,SpectralClustering,"{""n_clusters"": 7, ""affinity"": ""nearest_neighbors""}",0481ef8f35a2,0.6860807035748314,0.17428701842331676,212.9575397723209,1.7369106986171166,7,0.0,0
synth_grid_d5_k3_highoverlap,SpectralClustering,"{""n_clusters"": 10, ""affinity"": ""nearest_neighbors""}",9a585386bc6d,0.6171582497321714,0.15158767326392766,168.31609059222748,1.682003823597593,10,0.0,0
synth_grid_d5_k3_highoverlap,SpectralClustering,"{""n_clusters"": 15, ""affinity"": ""nearest_neighbors""}",971471268792,0.5519949519278863,0.1392845263344907,126.54022977634573,1.6484292043679147,15,0.0,0
synth_grid_d5_k3_medoverlap,SpectralClustering,"{""n_clusters"": 2, ""affinity"": ""nearest_neighbors""}",c5dfd3221b79,0.7331658161470661,0.5392719041202895,651.1544895175876,0.7141693222382193,2,0.0,0
synth_grid_d5_k3_medoverlap,SpectralClustering,"{""n_clusters"": 3, ""affinity"": ""nearest_neighbors""}",e3ae029f4d54,0.7208808002957101,0.4209195957102196,580.6088092678536,0.7703919898886485,3,0.0,0
synth_grid_d5_k3_medoverlap,SpectralClustering,"{""n_clusters"": 5, ""affinity"": ""nearest_neighbors""}",98d2a79e4c00,0.8298961285241597,0.4511276035430651,1769.4303868828333,1.0323107973794605,5,0.0,0
synth_grid_d5_k3_medoverlap,SpectralClustering,"{""n_clusters"": 7, ""affinity"": ""nearest_neighbors""}",0481ef8f35a2,0.7330389024875636,0.27070727746343437,1454.598268689016,1.3420166693050226,7,0.0,0
synth_grid_d5_k3_medoverlap,SpectralClustering,"{""n_clusters"": 10, ""affinity"": ""nearest_neighbors""}",9a585386bc6d,0.6584648734720661,0.19695495278705333,1111.771747431326,1.4789195827691888,10,0.0,0
synth_grid_d5_k3_medoverlap,SpectralClustering,"{""n_clusters"": 15, ""affinity"": ""nearest_neighbors""}",971471268792,0.5781580882826666,0.1653974430108785,821.3237296386075,1.6765476220278046,15,0.0,0
synth_grid_d2_k3_lowoverlap,SpectralClustering,"{""n_clusters"": 2, ""affinity"": ""nearest_neighbors""}",c5dfd3221b79,0.7331658161470661,0.7088636475791334,1246.927243568942,0.43481212490374516,2,0.0,0
synth_grid_d2_k3_lowoverlap,SpectralClustering,"{""n_clusters"": 3, ""affinity"": ""nearest_neighbors""}",e3ae029f4d54,1.0,0.9376971675701178,58967.02313522221,0.0876776794972491,3,0.0,0
synth_grid_d2_k3_lowoverlap,SpectralClustering,"{""n_clusters"": 5, ""affinity"": ""nearest_neighbors""}",98d2a79e4c00,0.829353580390704,0.5211240728118283,38154.61184261801,0.9557047043640203,5,0.0,0
synth_grid_d2_k3_lowoverlap,SpectralClustering,"{""n_clusters"": 7, ""affinity"": ""nearest_neighbors""}",0481ef8f35a2,0.727657172273012,0.33265908609126155,33241.82109249594,1.071785421380607,7,0.0,0
synth_grid_d2_k3_lowoverlap,SpectralClustering,"{""n_clusters"": 10, ""affinity"": ""nearest_neighbors""}",9a585386bc6d,0.6495838947337165,0.3306358315276234,31209.794192451795,0.9355329495893722,10,0.0,0
synth_grid_d2_k3_lowoverlap,SpectralClustering,"{""n_clusters"": 15, ""affinity"": ""nearest_neighbors""}",971471268792,0.5751213278814197,0.3123580011082652,28445.05341156477,0.9020613964780968,15,0.0,0
synth_grid_d5_k3_lowoverlap,SpectralClustering,"{""n_clusters"": 2, ""affinity"": ""nearest_neighbors""}",c5dfd3221b79,0.7331658161470661,0.6408626214941503,1015.9515334023464,0.5352755416635527,2,0.0,0
synth_grid_d5_k3_lowoverlap,SpectralClustering,"{""n_clusters"": 3, ""affinity"": ""nearest_neighbors""}",e3ae029f4d54,1.0,0.831460513668171,7420.313865998486,0.2410212109118333,3,0.0,0
synth_grid_d5_k3_lowoverlap,SpectralClustering,"{""n_clusters"": 5, ""affinity"": ""nearest_neighbors""}",98d2a79e4c00,0.8300980033183096,0.5291627707240879,5466.394461279538,0.7907160362549448,5,0.0,0
synth_grid_d5_k3_lowoverlap,SpectralClustering,"{""n_clusters"": 7, ""affinity"": ""nearest_neighbors""}",0481ef8f35a2,0.7286595019210119,0.34224358464777577,5125.751337276504,1.0336410467836035,7,0.0,0
synth_grid_d5_k3_lowoverlap,SpectralClustering,"{""n_clusters"": 10, ""affinity"": ""nearest_neighbors""}",9a585386bc6d,0.662121021794173,0.28908562475282146,4420.652270574075,1.1305752011466805,10,0.0,0
synth_grid_d5_k3_lowoverlap,SpectralClustering,"{""n_clusters"": 15, ""affinity"": ""nearest_neighbors""}",971471268792,0.5860848503120735,0.2064563495177736,3292.826869044595,1.325955586077749,15,0.0,0
synth_mixed_shapes_2d,SpectralClustering,"{""n_clusters"": 2, ""affinity"": ""nearest_neighbors""}",c5dfd3221b79,0.4963952234106418,0.2838572156751892,329.60245719304197,1.011577695282996,2,0.0,0
synth_mixed_shapes_2d,SpectralClustering,"{""n_clusters"": 3, ""affinity"": ""nearest_neighbors""}",e3ae029f4d54,0.7660748013110534,0.25476897184886993,347.7910542523513,1.2194864977789406,3,0.0,0
synth_mixed_shapes_2d,SpectralClustering,"{""n_clusters"": 5, ""affinity"": ""nearest_neighbors""}",98d2a79e4c00,0.683650229941175,0.2201188776161512,209.21906731103834,1.1825985739143672,5,0.0,0
synth_mixed_shapes_2d,SpectralClustering,"{""n_clusters"": 7, ""affinity"": ""nearest_neighbors""}",0481ef8f35a2,0.9299047491499292,0.33476221091642905,1836.2444449509994,266.5929400758895,7,0.0,0
synth_mixed_shapes_2d,SpectralClustering,"{""n_clusters"": 10, ""affinity"": ""nearest_neighbors""}",9a585386bc6d,0.75071098132878,0.30960618117849437,278.95262125079756,1.2696983061090763,10,0.0,0
synth_mixed_shapes_2d,SpectralClustering,"{""n_clusters"": 15, ""affinity"": ""nearest_neighbors""}",971471268792,0.7619504788117094,0.48837802489727117,2741.5298838126723,0.9972036163897476,15,0.0,0
synth_imb_many_small_d5,SpectralClustering,"{""n_clusters"": 2, ""affinity"": ""nearest_neighbors""}",c5dfd3221b79,0.3327213845349933,0.6514725945448555,277.5829211077742,0.37638554447289374,2,0.0,0
synth_imb_many_small_d5,SpectralClustering,"{""n_clusters"": 3, ""affinity"": ""nearest_neighbors""}",e3ae029f4d54,0.853311335103627,0.6976394817060002,816.9598136449108,0.9010036651783068,3,0.0,0
synth_imb_many_small_d5,SpectralClustering,"{""n_clusters"": 5, ""affinity"": ""nearest_neighbors""}",98d2a79e4c00,0.8886810581880638,0.6881051793482498,620.7240605879458,0.43028776278248443,5,0.0,0
synth_imb_many_small_d5,SpectralClustering,"{""n_clusters"": 7, ""affinity"": ""nearest_neighbors""}",0481ef8f35a2,0.47305529976277993,0.17062232501332733,501.3376443918003,1.3945663814462137,7,0.0,0
synth_imb_many_small_d5,SpectralClustering,"{""n_clusters"": 10, ""affinity"": ""nearest_neighbors""}",9a585386bc6d,0.4953350479379464,0.21428696345309511,909.7107507468787,1.1214615189132977,10,0.0,0
synth_imb_many_small_d5,SpectralClustering,"{""n_clusters"": 15, ""affinity"": ""nearest_neighbors""}",971471268792,0.37281553899338,0.1780139916875719,364.69136025219603,1.3478133246875426,15,0.0,0
synth_imb_many_small_d15,SpectralClustering,"{""n_clusters"": 2, ""affinity"": ""nearest_neighbors""}",c5dfd3221b79,0.5056480777844188,0.5313873522049718,197.32831221073394,1.2670005590421978,2,0.0,0
synth_imb_many_small_d15,SpectralClustering,"{""n_clusters"": 3, ""affinity"": ""nearest_neighbors""}",e3ae029f4d54,0.6989804865318412,0.4807455388979137,171.80759287819572,1.1199389972224842,3,0.0,0
synth_imb_many_small_d15,SpectralClustering,"{""n_clusters"": 5, ""affinity"": ""nearest_neighbors""}",98d2a79e4c00,0.3569026844874624,0.003877825549077898,117.76778428982195,2.3579882493844067,5,0.0,0
synth_imb_many_small_d15,SpectralClustering,"{""n_clusters"": 7, ""affinity"": ""nearest_neighbors""}",0481ef8f35a2,0.5657125177724646,0.12167859492406186,266.33707986251125,1.9121432077620872,7,0.0,0
synth_imb_many_small_d15,SpectralClustering,"{""n_clusters"": 10, ""affinity"": ""nearest_neighbors""}",9a585386bc6d,0.42632326829001166,0.0802236297449988,151.65211228773217,1.8935578725092412,10,0.0,0
synth_imb_many_small_d15,SpectralClustering,"{""n_clusters"": 15, ""affinity"": ""nearest_neighbors""}",971471268792,0.37120131731901473,0.10364617386493717,111.50578352543141,2.1625185538291096,15,0.0,0
synth_imb_extreme_d15,SpectralClustering,"{""n_clusters"": 2, ""affinity"": ""nearest_neighbors""}",c5dfd3221b79,0.47567457752576087,0.6068292636815654,267.92930369451767,0.555808659269328,2,0.0,0
synth_imb_extreme_d15,SpectralClustering,"{""n_clusters"": 3, ""affinity"": ""nearest_neighbors""}",e3ae029f4d54,0.8151400459608205,0.5200909001483227,211.5851801528887,0.6810240171374374,3,0.0,0
synth_imb_extreme_d15,SpectralClustering,"{""n_clusters"": 5, ""affinity"": ""nearest_neighbors""}",98d2a79e4c00,0.3255064334758893,0.05566489822128497,166.70567518063285,2.0501231444091124,5,0.0,0
synth_imb_extreme_d15,SpectralClustering,"{""n_clusters"": 7, ""affinity"": ""nearest_neighbors""}",0481ef8f35a2,0.4039203173200031,0.10899731224763806,231.86027851891762,1.9335524047395023,7,0.0,0
synth_imb_extreme_d15,SpectralClustering,"{""n_clusters"": 10, ""affinity"": ""nearest_neighbors""}",9a585386bc6d,0.322715284178772,0.10100561901854292,170.19498630787913,2.135559134510908,10,0.0,0
synth_imb_extreme_d15,SpectralClustering,"{""n_clusters"": 15, ""affinity"": ""nearest_neighbors""}",971471268792,0.2719411889237945,0.07260642004617276,118.0743194161375,2.472051525591834,15,0.0,0
synth_density_varying_d2,SpectralClustering,"{""n_clusters"": 2, ""affinity"": ""nearest_neighbors""}",c5dfd3221b79,0.3807850788209123,0.5582607067304552,1579.2432673139876,0.6282388780956889,2,0.0,0
synth_density_varying_d2,SpectralClustering,"{""n_clusters"": 3, ""affinity"": ""nearest_neighbors""}",e3ae029f4d54,0.6657270656288747,0.3791402271741647,1100.9867847489895,0.7005049519648515,3,0.0,0
synth_density_varying_d2,SpectralClustering,"{""n_clusters"": 5, ""affinity"": ""nearest_neighbors""}",98d2a79e4c00,0.8318309744987907,0.5129625206493542,1702.0458227122708,0.7043613858947368,5,0.0,0
synth_density_varying_d2,SpectralClustering,"{""n_clusters"": 7, ""affinity"": ""nearest_neighbors""}",0481ef8f35a2,0.7645717887559828,0.46880951760493256,1414.6917744508296,0.9261527200692462,7,0.0,0
synth_density_varying_d2,SpectralClustering,"{""n_clusters"": 10, ""affinity"": ""nearest_neighbors""}",9a585386bc6d,0.6876591648167479,0.29044799550275097,1321.522148551315,1.0177973410224608,10,0.0,0
synth_density_varying_d2,SpectralClustering,"{""n_clusters"": 15, ""affinity"": ""nearest_neighbors""}",971471268792,0.632728940483104,0.2679126690388012,1171.8142702750692,0.9902165716816287,15,0.0,0
synth_subspace_5of200,SpectralClustering,"{""n_clusters"": 2, ""affinity"": ""nearest_neighbors""}",c5dfd3221b79,0.4238133314374486,0.010884311823500312,11.523050884496737,8.168991599294932,2,0.0,0
synth_subspace_5of200,SpectralClustering,"{""n_clusters"": 3, ""affinity"": ""nearest_neighbors""}",e3ae029f4d54,0.3779689765413609,0.007328300144159867,7.8156848141304955,11.520066052270932,3,0.0,0
synth_subspace_5of200,SpectralClustering,"{""n_clusters"": 5, ""affinity"": ""nearest_neighbors""}",98d2a79e4c00,0.28441881306360295,0.0034789732884433133,4.8182469626416635,11.273233328771429,5,0.0,0
synth_subspace_5of200,SpectralClustering,"{""n_clusters"": 7, ""affinity"": ""nearest_neighbors""}",0481ef8f35a2,0.21755745765492604,0.000311346729102355,3.8109821973843805,10.627638049121613,7,0.0,0
synth_subspace_5of200,SpectralClustering,"{""n_clusters"": 10, ""affinity"": ""nearest_neighbors""}",9a585386bc6d,0.18012777548030545,-0.0006425396219868084,3.0810444800842265,9.51910624414165,10,0.0,0
synth_subspace_5of200,SpectralClustering,"{""n_clusters"": 15, ""affinity"": ""nearest_neighbors""}",971471268792,0.18160944255028408,-0.0008976237881095164,2.7883856593894274,8.03715307686619,15,0.0,0
synth_subspace_3of100,SpectralClustering,"{""n_clusters"": 2, ""affinity"": ""nearest_neighbors""}",c5dfd3221b79,0.4110988954375008,0.021769919579655156,18.24631525884066,6.583491185024856,2,0.0,0
synth_subspace_3of100,SpectralClustering,"{""n_clusters"": 3, ""affinity"": ""nearest_neighbors""}",e3ae029f4d54,0.29974964563313544,0.008174010003976237,11.1271744800825,10.192901303495894,3,0.0,0
synth_subspace_3of100,SpectralClustering,"{""n_clusters"": 5, ""affinity"": ""nearest_neighbors""}",98d2a79e4c00,0.19249808332165785,0.0038421777529329955,6.803604860341781,9.335727003113552,5,0.0,0
synth_subspace_3of100,SpectralClustering,"{""n_clusters"": 7, ""affinity"": ""nearest_neighbors""}",0481ef8f35a2,0.17969948679493514,0.001783413278130945,5.633696233453764,8.826628720940766,7,0.0,0
synth_subspace_3of100,SpectralClustering,"{""n_clusters"": 10, ""affinity"": ""nearest_neighbors""}",9a585386bc6d,0.13793359190526228,-4.109715740582598e-05,4.504243862297703,7.840049490491465,10,0.0,0
synth_subspace_3of100,SpectralClustering,"{""n_clusters"": 15, ""affinity"": ""nearest_neighbors""}",971471268792,0.13641395522660557,-0.0022382589391082837,3.7169890303608835,6.853953595564297,15,0.0,0
synth_subspace_2of50,SpectralClustering,"{""n_clusters"": 2, ""affinity"": ""nearest_neighbors""}",c5dfd3221b79,0.4866441805817248,0.02831588556759585,29.94274813861909,5.7322697995458025,2,0.0,0
synth_subspace_2of50,SpectralClustering,"{""n_clusters"": 3, ""affinity"": ""nearest_neighbors""}",e3ae029f4d54,0.3363207506111051,0.01702331611020464,18.15967963503509,6.685697517277359,3,0.0,0
synth_subspace_2of50,SpectralClustering,"{""n_clusters"": 5, ""affinity"": ""nearest_neighbors""}",98d2a79e4c00,0.22900314132821517,0.010953517626115945,12.917902628348989,6.535196691312954,5,0.0,0
synth_subspace_2of50,SpectralClustering,"{""n_clusters"": 7, ""affinity"": ""nearest_neighbors""}",0481ef8f35a2,0.20069513282741866,0.008323225523306924,10.397936244604985,6.079811974144754,7,0.0,0
synth_subspace_2of50,SpectralClustering,"{""n_clusters"": 10, ""affinity"": ""nearest_neighbors""}",9a585386bc6d,0.16259780383459732,0.0069322471041554845,8.349400769439525,5.670558014204043,10,0.0,0
synth_subspace_2of50,SpectralClustering,"{""n_clusters"": 15, ""affinity"": ""nearest_neighbors""}",971471268792,0.13934569519857323,0.00462414992660597,7.095671007715249,5.193620539989324,15,0.0,0
synth_noisy_25pct_d10,SpectralClustering,"{""n_clusters"": 2, ""affinity"": ""nearest_neighbors""}",c5dfd3221b79,0.4067241366518503,0.2859118245146127,278.2748755328789,1.1253799785546132,2,0.0,0
synth_noisy_25pct_d10,SpectralClustering,"{""n_clusters"": 3, ""affinity"": ""nearest_neighbors""}",e3ae029f4d54,0.6169553433490852,0.39633508368170667,369.372965421958,1.0431267117718803,3,0.0,0
synth_noisy_25pct_d10,SpectralClustering,"{""n_clusters"": 5, ""affinity"": ""nearest_neighbors""}",98d2a79e4c00,0.8246668353937164,0.4749652213224073,306.48361890460706,1.981491515197772,5,0.0,0
synth_noisy_25pct_d10,SpectralClustering,"{""n_clusters"": 7, ""affinity"": ""nearest_neighbors""}",0481ef8f35a2,0.7372156080935619,0.25990821819648774,214.93675137050815,2.3327317537430337,7,0.0,0
synth_noisy_25pct_d10,SpectralClustering,"{""n_clusters"": 10, ""affinity"": ""nearest_neighbors""}",9a585386bc6d,0.6353023792516468,0.03187095969965189,162.54475002895185,2.4644293118774208,10,0.0,0
synth_noisy_25pct_d10,SpectralClustering,"{""n_clusters"": 15, ""affinity"": ""nearest_neighbors""}",971471268792,0.5710942206246179,-0.05124000095868569,108.73359272426316,2.2920051979372817,15,0.0,0
synth_noisy_25pct_d2,SpectralClustering,"{""n_clusters"": 2, ""affinity"": ""nearest_neighbors""}",c5dfd3221b79,0.44550139101153546,0.4618416013330097,928.0563982439924,0.8620047536930205,2,0.0,0
synth_noisy_25pct_d2,SpectralClustering,"{""n_clusters"": 3, ""affinity"": ""nearest_neighbors""}",e3ae029f4d54,0.507284978116268,0.4341521716521436,971.7340481315541,0.8352616701737229,3,0.0,0
synth_noisy_25pct_d2,SpectralClustering,"{""n_clusters"": 5, ""affinity"": ""nearest_neighbors""}",98d2a79e4c00,0.7030039962672973,0.5161072020891286,1273.594837885949,0.6423459815439969,5,0.0,0
synth_noisy_25pct_d2,SpectralClustering,"{""n_clusters"": 7, ""affinity"": ""nearest_neighbors""}",0481ef8f35a2,0.6914005001584267,0.45846908297897826,1110.6531715309459,0.8670854687485184,7,0.0,0
synth_noisy_25pct_d2,SpectralClustering,"{""n_clusters"": 10, ""affinity"": ""nearest_neighbors""}",9a585386bc6d,0.5577110603145631,0.28231183947425736,885.4593880421514,1.0122493027349757,10,0.0,0
synth_noisy_25pct_d2,SpectralClustering,"{""n_clusters"": 15, ""affinity"": ""nearest_neighbors""}",971471268792,0.5725377259813644,0.2610096295442819,778.5440909190918,1.01445511106799,15,0.0,0
synth_noisy_15pct_d10,SpectralClustering,"{""n_clusters"": 2, ""affinity"": ""nearest_neighbors""}",c5dfd3221b79,0.4567891599762989,0.34908919522325677,390.68346140402406,0.9359511318937381,2,0.0,0
synth_noisy_15pct_d10,SpectralClustering,"{""n_clusters"": 3, ""affinity"": ""nearest_neighbors""}",e3ae029f4d54,0.6835551984575158,0.420984628556207,507.5445598338092,0.98603726171871,3,0.0,0
synth_noisy_15pct_d10,SpectralClustering,"{""n_clusters"": 5, ""affinity"": ""nearest_neighbors""}",98d2a79e4c00,0.7796574634883285,0.5176512687699785,575.6589339202596,1.4029637161870607,5,0.0,0
synth_noisy_15pct_d10,SpectralClustering,"{""n_clusters"": 7, ""affinity"": ""nearest_neighbors""}",0481ef8f35a2,0.7058840072818835,0.2605008501575961,397.0912899075243,2.159369017684498,7,0.0,0
synth_noisy_15pct_d10,SpectralClustering,"{""n_clusters"": 10, ""affinity"": ""nearest_neighbors""}",9a585386bc6d,0.703469252842481,0.08865825752292862,296.21114249420447,2.230704980279653,10,0.0,0
synth_noisy_15pct_d10,SpectralClustering,"{""n_clusters"": 15, ""affinity"": ""nearest_neighbors""}",971471268792,0.6224485726416017,0.008933040737311536,202.05498285980377,2.2947198898184644,15,0.0,0
synth_noisy_15pct_d2,SpectralClustering,"{""n_clusters"": 2, ""affinity"": ""nearest_neighbors""}",c5dfd3221b79,0.45541653867823245,0.5054732138634562,1056.7881872069863,0.8506175338481867,2,0.0,0
synth_noisy_15pct_d2,SpectralClustering,"{""n_clusters"": 3, ""affinity"": ""nearest_neighbors""}",e3ae029f4d54,0.6695845169494462,0.6262027458310203,1808.6517576978408,0.49973063295988845,3,0.0,0
synth_noisy_15pct_d2,SpectralClustering,"{""n_clusters"": 5, ""affinity"": ""nearest_neighbors""}",98d2a79e4c00,0.7542744654243734,0.5532879953846069,1730.8734298966656,0.8176099755213654,5,0.0,0
synth_noisy_15pct_d2,SpectralClustering,"{""n_clusters"": 7, ""affinity"": ""nearest_neighbors""}",0481ef8f35a2,0.6684259926220231,0.37198214962987186,1289.8038889238983,1.148896951129258,7,0.0,0
synth_noisy_15pct_d2,SpectralClustering,"{""n_clusters"": 10, ""affinity"": ""nearest_neighbors""}",9a585386bc6d,0.5822098915609256,0.24177705452119905,1007.4437540969226,1.1191143468357674,10,0.0,0
synth_noisy_15pct_d2,SpectralClustering,"{""n_clusters"": 15, ""affinity"": ""nearest_neighbors""}",971471268792,0.5795696293784035,0.20508676419285035,1120.6814086385934,1.010213525004188,15,0.0,0
synth_noisy_5pct_d10,SpectralClustering,"{""n_clusters"": 2, ""affinity"": ""nearest_neighbors""}",c5dfd3221b79,0.5179079728984528,0.4540584486623113,612.0776873997819,0.7644236930778698,2,0.0,0
synth_noisy_5pct_d10,SpectralClustering,"{""n_clusters"": 3, ""affinity"": ""nearest_neighbors""}",e3ae029f4d54,0.7775622103531085,0.5078872442037151,827.6049942122306,0.7859547742150189,3,0.0,0
synth_noisy_5pct_d10,SpectralClustering,"{""n_clusters"": 5, ""affinity"": ""nearest_neighbors""}",98d2a79e4c00,0.8580646501832953,0.5533910968844726,1634.1710702033286,1.1829405042964258,5,0.0,0
synth_noisy_5pct_d10,SpectralClustering,"{""n_clusters"": 7, ""affinity"": ""nearest_neighbors""}",0481ef8f35a2,0.7760696861466683,0.2488830824543455,1146.6835939033706,2.002717293951981,7,0.0,0
synth_noisy_5pct_d10,SpectralClustering,"{""n_clusters"": 10, ""affinity"": ""nearest_neighbors""}",9a585386bc6d,0.6958039257659556,0.10621599506294115,810.2156304740689,2.196553843387295,10,0.0,0
synth_noisy_5pct_d10,SpectralClustering,"{""n_clusters"": 15, ""affinity"": ""nearest_neighbors""}",971471268792,0.6333972810805105,0.06876921275969351,547.188504651598,2.086820019575987,15,0.0,0
synth_ellipsoidal_d3_k5,SpectralClustering,"{""n_clusters"": 2, ""affinity"": ""nearest_neighbors""}",c5dfd3221b79,0.5890049560182014,0.15934853653432993,15.284420193259226,7.498138693146693,2,0.0,0
synth_ellipsoidal_d3_k5,SpectralClustering,"{""n_clusters"": 3, ""affinity"": ""nearest_neighbors""}",e3ae029f4d54,0.7912460061687129,0.31792161049586076,229.69499074245743,2.512312228741562,3,0.0,0
synth_ellipsoidal_d3_k5,SpectralClustering,"{""n_clusters"": 5, ""affinity"": ""nearest_neighbors""}",98d2a79e4c00,0.8643165104927996,0.4233362322994485,379.0166064048868,1.0712443677173615,5,0.0,0
synth_ellipsoidal_d3_k5,SpectralClustering,"{""n_clusters"": 7, ""affinity"": ""nearest_neighbors""}",0481ef8f35a2,0.7210659200826888,0.02205553001871577,144.5511681513399,1.8023810825799844,7,0.0,0
synth_ellipsoidal_d3_k5,SpectralClustering,"{""n_clusters"": 10, ""affinity"": ""nearest_neighbors""}",9a585386bc6d,0.7021260804899863,0.12087470073708459,260.36254911422805,1.5157259640381215,10,0.0,0
synth_ellipsoidal_d3_k5,SpectralClustering,"{""n_clusters"": 15, ""affinity"": ""nearest_neighbors""}",971471268792,0.6990299824824143,0.1663831948867786,364.5863169030802,1.1814238327786664,15,0.0,0
synth_noisy_5pct_d2,SpectralClustering,"{""n_clusters"": 2, ""affinity"": ""nearest_neighbors""}",c5dfd3221b79,0.5919439834424709,0.5652737522903806,1391.3875635432858,0.7397092787097599,2,0.0,0
synth_noisy_5pct_d2,SpectralClustering,"{""n_clusters"": 3, ""affinity"": ""nearest_neighbors""}",e3ae029f4d54,0.764663569960868,0.7203578157350718,4579.426588502375,0.36052858377663527,3,0.0,0
synth_noisy_5pct_d2,SpectralClustering,"{""n_clusters"": 5, ""affinity"": ""nearest_neighbors""}",98d2a79e4c00,0.8284263696936736,0.5541049338891817,4019.744848420878,0.745642384343913,5,0.0,0
synth_noisy_5pct_d2,SpectralClustering,"{""n_clusters"": 7, ""affinity"": ""nearest_neighbors""}",0481ef8f35a2,0.7453470945219841,0.4495620238625412,3143.7820562398915,0.9824462395076894,7,0.0,0
synth_noisy_5pct_d2,SpectralClustering,"{""n_clusters"": 10, ""affinity"": ""nearest_neighbors""}",9a585386bc6d,0.6589299798954008,0.30001611771102066,2361.2576754089464,1.0196211309778214,10,0.0,0
synth_noisy_5pct_d2,SpectralClustering,"{""n_clusters"": 15, ""affinity"": ""nearest_neighbors""}",971471268792,0.6217407513983281,0.25675863903719554,1688.2415279625895,1.0506786717414713,15,0.0,0
synth_ellipsoidal_d10_k5,SpectralClustering,"{""n_clusters"": 2, ""affinity"": ""nearest_neighbors""}",c5dfd3221b79,0.5890049560182014,0.3245727821161715,459.08712240981595,1.4079137172169716,2,0.0,0
synth_ellipsoidal_d10_k5,SpectralClustering,"{""n_clusters"": 3, ""affinity"": ""nearest_neighbors""}",e3ae029f4d54,0.7912460061687129,0.3660234873524475,467.32106923515084,1.1526293274613504,3,0.0,0
synth_ellipsoidal_d10_k5,SpectralClustering,"{""n_clusters"": 5, ""affinity"": ""nearest_neighbors""}",98d2a79e4c00,0.7762906552451794,0.2531111166105513,334.6505178762694,1.2902866654682243,5,0.0,0
synth_ellipsoidal_d10_k5,SpectralClustering,"{""n_clusters"": 7, ""affinity"": ""nearest_neighbors""}",0481ef8f35a2,0.9205723780704046,0.4126051672906392,691.971017666708,1.1130106567444782,7,0.0,0
synth_ellipsoidal_d10_k5,SpectralClustering,"{""n_clusters"": 10, ""affinity"": ""nearest_neighbors""}",9a585386bc6d,0.7520196460745263,0.11818370333572299,296.87257811624664,1.6052931777717157,10,0.0,0
synth_ellipsoidal_d10_k5,SpectralClustering,"{""n_clusters"": 15, ""affinity"": ""nearest_neighbors""}",971471268792,0.7513888607840613,0.17473545172772428,416.142282864162,1.6584214658236605,15,0.0,0
synth_ellipsoidal_d20_k5,SpectralClustering,"{""n_clusters"": 2, ""affinity"": ""nearest_neighbors""}",c5dfd3221b79,0.4733471884437461,0.23615476899002166,252.32155331586503,1.2833840251547355,2,0.0,0
synth_ellipsoidal_d20_k5,SpectralClustering,"{""n_clusters"": 3, ""affinity"": ""nearest_neighbors""}",e3ae029f4d54,0.741671671616667,0.3302968302117154,337.2256081217565,1.1460060754937327,3,0.0,0
synth_ellipsoidal_d20_k5,SpectralClustering,"{""n_clusters"": 5, ""affinity"": ""nearest_neighbors""}",98d2a79e4c00,1.0,0.5378465998823463,895.8299417392113,0.7261555836941715,5,0.0,0
synth_ellipsoidal_d20_k5,SpectralClustering,"{""n_clusters"": 7, ""affinity"": ""nearest_neighbors""}",0481ef8f35a2,0.9282604036524418,0.37350582826225626,638.1318472938264,1.662220180403894,7,0.0,0
synth_ellipsoidal_d20_k5,SpectralClustering,"{""n_clusters"": 10, ""affinity"": ""nearest_neighbors""}",9a585386bc6d,0.8309307509705973,0.10508351121604895,461.29783131288775,2.5804832661662003,10,0.0,0
synth_ellipsoidal_d20_k5,SpectralClustering,"{""n_clusters"": 15, ""affinity"": ""nearest_neighbors""}",971471268792,0.7471508574149598,0.08642853788247748,324.1633213996441,2.4962760211908344,15,0.0,0
synth_imb_mild_d5,SpectralClustering,"{""n_clusters"": 2, ""affinity"": ""nearest_neighbors""}",c5dfd3221b79,0.744409037117271,0.5493846720690736,1357.240308765611,0.6593653668282402,2,0.0,0
synth_imb_mild_d5,SpectralClustering,"{""n_clusters"": 3, ""affinity"": ""nearest_neighbors""}",e3ae029f4d54,0.9673036782528772,0.5691186112852087,1912.6610088012203,0.6423808722013945,3,0.0,0
synth_imb_mild_d5,SpectralClustering,"{""n_clusters"": 5, ""affinity"": ""nearest_neighbors""}",98d2a79e4c00,0.7550303509317952,0.383831845695617,1223.8645890991097,1.1302267193252602,5,0.0,0
synth_imb_mild_d5,SpectralClustering,"{""n_clusters"": 7, ""affinity"": ""nearest_neighbors""}",0481ef8f35a2,0.6734865140914336,0.24747346031661213,949.8882822235387,1.4149942868024463,7,0.0,0
synth_imb_mild_d5,SpectralClustering,"{""n_clusters"": 10, ""affinity"": ""nearest_neighbors""}",9a585386bc6d,0.5949511053432218,0.1759788886645786,746.0470267124376,1.5627092459405716,10,0.0,0
synth_imb_mild_d5,SpectralClustering,"{""n_clusters"": 15, ""affinity"": ""nearest_neighbors""}",971471268792,0.5359932035289363,0.16344085725996757,574.446017010399,1.515374670243951,15,0.0,0
synth_imb_mild_d15,SpectralClustering,"{""n_clusters"": 2, ""affinity"": ""nearest_neighbors""}",c5dfd3221b79,0.744409037117271,0.4266133559295311,660.3932130650996,0.934887097677773,2,0.0,0
synth_imb_mild_d15,SpectralClustering,"{""n_clusters"": 3, ""affinity"": ""nearest_neighbors""}",e3ae029f4d54,1.0,0.5885546359166798,1660.520276414462,0.6244225929563277,3,0.0,0
synth_imb_mild_d15,SpectralClustering,"{""n_clusters"": 5, ""affinity"": ""nearest_neighbors""}",98d2a79e4c00,0.7951938702720177,0.2399395001340609,992.4843815938518,1.8010123208930242,5,0.0,0
synth_imb_mild_d15,SpectralClustering,"{""n_clusters"": 7, ""affinity"": ""nearest_neighbors""}",0481ef8f35a2,0.7185149739954231,0.12012419769588867,722.4324598434296,2.187347638561511,7,0.0,0
synth_imb_mild_d15,SpectralClustering,"{""n_clusters"": 10, ""affinity"": ""nearest_neighbors""}",9a585386bc6d,0.6225265643183878,0.0941860102110804,511.1338455056396,2.4796473713582388,10,0.0,0
synth_imb_mild_d15,SpectralClustering,"{""n_clusters"": 15, ""affinity"": ""nearest_neighbors""}",971471268792,0.5559884164922321,0.07909358479282247,360.9000264769908,2.36836137490335,15,0.0,0
synth_imb_moderate_d15,SpectralClustering,"{""n_clusters"": 2, ""affinity"": ""nearest_neighbors""}",c5dfd3221b79,0.8987920161963201,0.6230378777246129,1413.0396065316072,0.7376932750358974,2,0.0,0
synth_imb_moderate_d15,SpectralClustering,"{""n_clusters"": 3, ""affinity"": ""nearest_neighbors""}",e3ae029f4d54,1.0,0.6545864569793138,1282.0251762589855,0.521248320884919,3,0.0,0
synth_imb_moderate_d15,SpectralClustering,"{""n_clusters"": 5, ""affinity"": ""nearest_neighbors""}",98d2a79e4c00,0.5900775785804021,0.19537970232333451,788.013259859639,1.8061198036832802,5,0.0,0
synth_imb_moderate_d15,SpectralClustering,"{""n_clusters"": 7, ""affinity"": ""nearest_neighbors""}",0481ef8f35a2,0.5073939839188525,0.10188175221766836,559.6408892732929,2.357546088329286,7,0.0,0
synth_imb_moderate_d15,SpectralClustering,"{""n_clusters"": 10, ""affinity"": ""nearest_neighbors""}",9a585386bc6d,0.4268640157583249,0.09419922598436432,408.459223260573,2.3613227946351527,10,0.0,0
synth_imb_moderate_d15,SpectralClustering,"{""n_clusters"": 15, ""affinity"": ""nearest_neighbors""}",971471268792,0.38069301781608084,0.06107618274826859,281.9413917520628,2.4410611311878436,15,0.0,0
synth_imb_extreme_d5,SpectralClustering,"{""n_clusters"": 2, ""affinity"": ""nearest_neighbors""}",c5dfd3221b79,0.47567457752576087,0.5841738932854219,208.144736628899,0.5644330993737985,2,0.0,0
synth_imb_extreme_d5,SpectralClustering,"{""n_clusters"": 3, ""affinity"": ""nearest_neighbors""}",e3ae029f4d54,0.27885933376476124,0.13258225303900958,196.63274886017302,1.477298464226002,3,0.0,0
synth_imb_extreme_d5,SpectralClustering,"{""n_clusters"": 5, ""affinity"": ""nearest_neighbors""}",98d2a79e4c00,0.574750141928702,0.23762975844929815,538.910686184867,1.1029725730837492,5,0.0,0
synth_imb_extreme_d5,SpectralClustering,"{""n_clusters"": 7, ""affinity"": ""nearest_neighbors""}",0481ef8f35a2,0.4030532058517078,0.20361041279167671,467.74106909091165,1.2208495933882577,7,0.0,0
synth_imb_extreme_d5,SpectralClustering,"{""n_clusters"": 10, ""affinity"": ""nearest_neighbors""}",9a585386bc6d,0.3252971187861737,0.19530440440155064,404.42999171791735,1.2729398001643555,10,0.0,0
synth_imb_extreme_d5,SpectralClustering,"{""n_clusters"": 15, ""affinity"": ""nearest_neighbors""}",971471268792,0.27041615055164486,0.1835093419759151,322.6112024060286,1.35551874237014,15,0.0,0
synth_imb_moderate_d5,SpectralClustering,"{""n_clusters"": 2, ""affinity"": ""nearest_neighbors""}",c5dfd3221b79,0.48797381009466023,0.42833845254769065,123.08633135462091,0.7903670967089658,2,0.0,0
synth_imb_moderate_d5,SpectralClustering,"{""n_clusters"": 3, ""affinity"": ""nearest_neighbors""}",e3ae029f4d54,0.37995172627764906,0.16154395658801304,186.80170691477005,1.2987458602727182,3,0.0,0
synth_imb_moderate_d5,SpectralClustering,"{""n_clusters"": 5, ""affinity"": ""nearest_neighbors""}",98d2a79e4c00,0.6132953547276775,0.34222541988173244,1602.7887667343125,0.8588005169501678,5,0.0,0
synth_imb_moderate_d5,SpectralClustering,"{""n_clusters"": 7, ""affinity"": ""nearest_neighbors""}",0481ef8f35a2,0.5068417639771097,0.2694553323388011,1388.4598923998738,1.1406186886534362,7,0.0,0
synth_imb_moderate_d5,SpectralClustering,"{""n_clusters"": 10, ""affinity"": ""nearest_neighbors""}",9a585386bc6d,0.44173363829600926,0.22221943994476864,1133.490449064138,1.2794867490923756,10,0.0,0
synth_imb_moderate_d5,SpectralClustering,"{""n_clusters"": 15, ""affinity"": ""nearest_neighbors""}",971471268792,0.3830336302208753,0.18259806564346479,891.298049853772,1.311753057114694,15,0.0,0
synth_density_varying_d5,SpectralClustering,"{""n_clusters"": 2, ""affinity"": ""nearest_neighbors""}",c5dfd3221b79,0.4733471884437461,0.2362877633969052,213.23817595314907,1.067684851502766,2,0.0,0
synth_density_varying_d5,SpectralClustering,"{""n_clusters"": 3, ""affinity"": ""nearest_neighbors""}",e3ae029f4d54,0.7339764336729955,0.32603303973004427,312.1743961852965,1.0150821742746847,3,0.0,0
synth_density_varying_d5,SpectralClustering,"{""n_clusters"": 5, ""affinity"": ""nearest_neighbors""}",98d2a79e4c00,0.9664274901417451,0.5414045725182643,707.7942572111724,0.9327561488405731,5,0.0,0
synth_density_varying_d5,SpectralClustering,"{""n_clusters"": 7, ""affinity"": ""nearest_neighbors""}",0481ef8f35a2,0.8898906021728233,0.45046605366278675,614.1005428288693,1.1560704490348737,7,0.0,0
synth_density_varying_d5,SpectralClustering,"{""n_clusters"": 10, ""affinity"": ""nearest_neighbors""}",9a585386bc6d,0.7982270240595435,0.19357905727514724,476.1293092721281,1.4989044229686084,10,0.0,0
synth_density_varying_d5,SpectralClustering,"{""n_clusters"": 15, ""affinity"": ""nearest_neighbors""}",971471268792,0.7246625618918652,0.1517076078315772,355.41597640380803,1.5992527941920485,15,0.0,0
openml_679,SpectralClustering,"{""n_clusters"": 2, ""affinity"": ""nearest_neighbors""}",c5dfd3221b79,0.0015081972629938261,-0.09445690014373898,11.46033839798213,0.8925078468148119,2,0.0,0
openml_679,SpectralClustering,"{""n_clusters"": 3, ""affinity"": ""nearest_neighbors""}",e3ae029f4d54,0.013233016449814209,-0.2339115175008758,9.35275218721622,1.8015826981901428,3,0.0,0
openml_679,SpectralClustering,"{""n_clusters"": 5, ""affinity"": ""nearest_neighbors""}",98d2a79e4c00,0.023215875366454464,-0.133287360653825,153.2094932327438,3.0849964726606656,5,0.0,0
openml_679,SpectralClustering,"{""n_clusters"": 7, ""affinity"": ""nearest_neighbors""}",0481ef8f35a2,0.027593557278139655,-0.25055534698867854,131.46819898871195,2.731935205710165,7,0.0,0
openml_679,SpectralClustering,"{""n_clusters"": 10, ""affinity"": ""nearest_neighbors""}",9a585386bc6d,0.053950030527516506,-0.11243211269616471,177.74398961595608,1.3811826504564437,10,0.0,0
openml_679,SpectralClustering,"{""n_clusters"": 15, ""affinity"": ""nearest_neighbors""}",971471268792,0.06427253158455477,0.09026784926571761,249.30356246146528,1.6752204527748458,15,0.0,0
openml_1468,SpectralClustering,"{""n_clusters"": 2, ""affinity"": ""nearest_neighbors""}",c5dfd3221b79,0.2429214330599426,0.03979695403591248,19.563205017368247,4.126766616235542,2,0.0,0
openml_1468,SpectralClustering,"{""n_clusters"": 3, ""affinity"": ""nearest_neighbors""}",e3ae029f4d54,0.3935307044716974,0.001133844238477499,19.330927174785348,4.030658177614904,3,0.0,0
openml_1468,SpectralClustering,"{""n_clusters"": 5, ""affinity"": ""nearest_neighbors""}",98d2a79e4c00,0.43433924221324854,0.02275662064839639,19.723925984164826,3.3400938487058722,5,0.0,0
openml_1468,SpectralClustering,"{""n_clusters"": 7, ""affinity"": ""nearest_neighbors""}",0481ef8f35a2,0.5345421956783991,0.035668630518577,19.38660927618685,3.6317495426999087,7,0.0,0
openml_1468,SpectralClustering,"{""n_clusters"": 10, ""affinity"": ""nearest_neighbors""}",9a585386bc6d,0.6515811100869245,0.06450071038988323,20.071978753303597,3.124261080198025,10,0.0,0
openml_1468,SpectralClustering,"{""n_clusters"": 15, ""affinity"": ""nearest_neighbors""}",971471268792,0.5954937348687067,0.047522657049685446,19.193438397620632,2.7902554456568236,15,0.0,0
synth_grid_d15_k6_highoverlap,SpectralClustering,"{""n_clusters"": 2, ""affinity"": ""nearest_neighbors""}",c5dfd3221b79,0.5234318746552044,0.2275550296076104,338.9291081552786,1.7311346556491738,2,0.0,0
synth_grid_d15_k6_highoverlap,SpectralClustering,"{""n_clusters"": 3, ""affinity"": ""nearest_neighbors""}",e3ae029f4d54,0.7594913913671869,0.26346222897164917,402.76320558250615,1.5685405199165627,3,0.0,0
synth_grid_d15_k6_highoverlap,SpectralClustering,"{""n_clusters"": 5, ""affinity"": ""nearest_neighbors""}",98d2a79e4c00,0.9307343690151829,0.3242376740695112,426.0583391535696,1.2743132158426402,5,0.0,0
synth_grid_d15_k6_highoverlap,SpectralClustering,"{""n_clusters"": 7, ""affinity"": ""nearest_neighbors""}",0481ef8f35a2,0.9731892085283624,0.3138743389037026,443.8400757232634,1.592590247592787,7,0.0,0
synth_grid_d15_k6_highoverlap,SpectralClustering,"{""n_clusters"": 10, ""affinity"": ""nearest_neighbors""}",9a585386bc6d,0.8900935508858142,0.17660815258901838,319.41223402451016,2.4797230093541858,10,0.0,0
synth_grid_d15_k6_highoverlap,SpectralClustering,"{""n_clusters"": 15, ""affinity"": ""nearest_neighbors""}",971471268792,0.8008731270920414,0.0820076036786798,224.40915440435722,2.887181707304882,15,0.0,0
synth_grid_d5_k6_lowoverlap,SpectralClustering,"{""n_clusters"": 2, ""affinity"": ""nearest_neighbors""}",c5dfd3221b79,0.5234318746552044,0.2579873987731121,221.01303526638043,1.9851367728271736,2,0.0,0
synth_grid_d5_k6_lowoverlap,SpectralClustering,"{""n_clusters"": 3, ""affinity"": ""nearest_neighbors""}",e3ae029f4d54,0.6513700536902268,0.28441651740947305,271.03118700989637,0.9948254312950464,3,0.0,0
synth_grid_d5_k6_lowoverlap,SpectralClustering,"{""n_clusters"": 5, ""affinity"": ""nearest_neighbors""}",98d2a79e4c00,0.9307343690151829,0.654143102362015,778.0967889059417,0.8322721928405962,5,0.0,0
synth_grid_d5_k6_lowoverlap,SpectralClustering,"{""n_clusters"": 7, ""affinity"": ""nearest_neighbors""}",0481ef8f35a2,0.7345590055897312,0.02965440055343714,138.07452326697464,1.8789408863550168,7,0.0,0
synth_grid_d5_k6_lowoverlap,SpectralClustering,"{""n_clusters"": 10, ""affinity"": ""nearest_neighbors""}",9a585386bc6d,0.8860028760240001,0.4017292130792026,17350.68720554843,1.6376886956762444,10,0.0,0
synth_grid_d5_k6_lowoverlap,SpectralClustering,"{""n_clusters"": 15, ""affinity"": ""nearest_neighbors""}",971471268792,0.8013835717562638,0.15374193725636331,12604.294189218805,1.9126612925347488,15,0.0,0
synth_grid_d5_k6_medoverlap,SpectralClustering,"{""n_clusters"": 2, ""affinity"": ""nearest_neighbors""}",c5dfd3221b79,0.5234318746552044,0.24140412516590554,272.71551146065104,1.930461436907943,2,0.0,0
synth_grid_d5_k6_medoverlap,SpectralClustering,"{""n_clusters"": 3, ""affinity"": ""nearest_neighbors""}",e3ae029f4d54,0.7207820884833896,0.37949776982748334,593.6267930959518,1.037663360993781,3,0.0,0
synth_grid_d5_k6_medoverlap,SpectralClustering,"{""n_clusters"": 5, ""affinity"": ""nearest_neighbors""}",98d2a79e4c00,0.9307343690151829,0.5155192085894006,879.7723443258901,0.8385811987896954,5,0.0,0
synth_grid_d5_k6_medoverlap,SpectralClustering,"{""n_clusters"": 7, ""affinity"": ""nearest_neighbors""}",0481ef8f35a2,0.8716420403100629,0.2932380185355989,494.50352615909105,1.417280509127625,7,0.0,0
synth_grid_d5_k6_medoverlap,SpectralClustering,"{""n_clusters"": 10, ""affinity"": ""nearest_neighbors""}",9a585386bc6d,0.8892233750676767,0.33655437537688165,2520.613436758827,1.5998511370972723,10,0.0,0
synth_grid_d5_k6_medoverlap,SpectralClustering,"{""n_clusters"": 15, ""affinity"": ""nearest_neighbors""}",971471268792,0.8017375041781056,0.17113844485745208,1887.1095550033879,1.7964960403544643,15,0.0,0
synth_grid_d5_k6_highoverlap,SpectralClustering,"{""n_clusters"": 2, ""affinity"": ""nearest_neighbors""}",c5dfd3221b79,0.5124573174149347,0.3449276257964096,679.458807782091,1.1329367815683185,2,0.0,0
synth_grid_d5_k6_highoverlap,SpectralClustering,"{""n_clusters"": 3, ""affinity"": ""nearest_neighbors""}",e3ae029f4d54,0.7242694895829619,0.36758487064895196,739.5109024797555,1.1437562167182385,3,0.0,0
synth_grid_d5_k6_highoverlap,SpectralClustering,"{""n_clusters"": 5, ""affinity"": ""nearest_neighbors""}",98d2a79e4c00,0.8129624278124188,0.3416505299947076,614.301378516001,1.1439376503601628,5,0.0,0
synth_grid_d5_k6_highoverlap,SpectralClustering,"{""n_clusters"": 7, ""affinity"": ""nearest_neighbors""}",0481ef8f35a2,0.79204225687448,0.27058316143887395,518.3259840686198,1.380754763356728,7,0.0,0
synth_grid_d5_k6_highoverlap,SpectralClustering,"{""n_clusters"": 10, ""affinity"": ""nearest_neighbors""}",9a585386bc6d,0.6943043973365624,0.19134273153339662,378.06119923986034,1.651174933725904,10,0.0,0
synth_grid_d5_k6_highoverlap,SpectralClustering,"{""n_clusters"": 15, ""affinity"": ""nearest_neighbors""}",971471268792,0.6385051093443134,0.1410127818024821,289.5715606905022,1.7550591689114396,15,0.0,0
synth_grid_d30_k6_highoverlap,SpectralClustering,"{""n_clusters"": 2, ""affinity"": ""nearest_neighbors""}",c5dfd3221b79,0.5234318746552044,0.1285836258200868,130.63913622376975,2.7895418506252474,2,0.0,0
synth_grid_d30_k6_highoverlap,SpectralClustering,"{""n_clusters"": 3, ""affinity"": ""nearest_neighbors""}",e3ae029f4d54,0.6513700536902268,0.23187143823164733,269.109104291683,1.39849368517816,3,0.0,0
synth_grid_d30_k6_highoverlap,SpectralClustering,"{""n_clusters"": 5, ""affinity"": ""nearest_neighbors""}",98d2a79e4c00,0.9307343690151829,0.3703303801069615,403.56502825033715,1.281526078512715,5,0.0,0
synth_grid_d30_k6_highoverlap,SpectralClustering,"{""n_clusters"": 7, ""affinity"": ""nearest_neighbors""}",0481ef8f35a2,0.8005009884542368,0.18908731624721395,251.3789423151987,2.1125602950954834,7,0.0,0
synth_grid_d30_k6_highoverlap,SpectralClustering,"{""n_clusters"": 10, ""affinity"": ""nearest_neighbors""}",9a585386bc6d,0.858535372628116,0.1731317286480669,335.1499412580382,3.031971873689404,10,0.0,0
synth_grid_d30_k6_highoverlap,SpectralClustering,"{""n_clusters"": 15, ""affinity"": ""nearest_neighbors""}",971471268792,0.8037257750681112,0.04926714693270315,259.03132498236306,3.8293203787213983,15,0.0,0
synth_grid_d30_k6_medoverlap,SpectralClustering,"{""n_clusters"": 2, ""affinity"": ""nearest_neighbors""}",c5dfd3221b79,0.5234318746552044,0.23584469179849796,274.70230795530927,1.8719570929277094,2,0.0,0
synth_grid_d30_k6_medoverlap,SpectralClustering,"{""n_clusters"": 3, ""affinity"": ""nearest_neighbors""}",e3ae029f4d54,0.7207820884833896,0.3244144367687792,349.46757466761903,1.4226996496628892,3,0.0,0
synth_grid_d30_k6_medoverlap,SpectralClustering,"{""n_clusters"": 5, ""affinity"": ""nearest_neighbors""}",98d2a79e4c00,0.9307343690151829,0.5419542249989481,712.6762049267327,0.9101030156604866,5,0.0,0
synth_grid_d30_k6_medoverlap,SpectralClustering,"{""n_clusters"": 7, ""affinity"": ""nearest_neighbors""}",0481ef8f35a2,0.9688718823322475,0.5824744686463961,1917.0849833574891,1.3012729814097728,7,0.0,0
synth_grid_d30_k6_medoverlap,SpectralClustering,"{""n_clusters"": 10, ""affinity"": ""nearest_neighbors""}",9a585386bc6d,0.8906760058063914,0.2734409952607564,1331.9727426092254,2.7053923900824857,10,0.0,0
synth_grid_d30_k6_medoverlap,SpectralClustering,"{""n_clusters"": 15, ""affinity"": ""nearest_neighbors""}",971471268792,0.7970437129536897,0.0535188101065032,834.9326374792377,3.3682044364777743,15,0.0,0
synth_grid_d2_k6_highoverlap,SpectralClustering,"{""n_clusters"": 2, ""affinity"": ""nearest_neighbors""}",c5dfd3221b79,0.41633281023739926,0.4917270826003539,1553.2583570768354,0.7991386389837029,2,0.0,0
synth_grid_d2_k6_highoverlap,SpectralClustering,"{""n_clusters"": 3, ""affinity"": ""nearest_neighbors""}",e3ae029f4d54,0.4881139301293078,0.3784557711556694,990.9846972280881,0.9903135704910477,3,0.0,0
synth_grid_d2_k6_highoverlap,SpectralClustering,"{""n_clusters"": 5, ""affinity"": ""nearest_neighbors""}",98d2a79e4c00,0.5746968095496048,0.37782732086689225,1409.7247467427412,0.8594800184428856,5,0.0,0
synth_grid_d2_k6_highoverlap,SpectralClustering,"{""n_clusters"": 7, ""affinity"": ""nearest_neighbors""}",0481ef8f35a2,0.5252476702566652,0.3397141310656013,1214.1604735324406,0.8882658880182558,7,0.0,0
synth_grid_d2_k6_highoverlap,SpectralClustering,"{""n_clusters"": 10, ""affinity"": ""nearest_neighbors""}",9a585386bc6d,0.5069750870154371,0.313434744742227,1160.9181719553533,0.9377915704325719,10,0.0,0
synth_grid_d2_k6_highoverlap,SpectralClustering,"{""n_clusters"": 15, ""affinity"": ""nearest_neighbors""}",971471268792,0.4825242554738655,0.30947521611368,1130.6805615720484,0.8543039340885422,15,0.0,0
synth_grid_d2_k6_medoverlap,SpectralClustering,"{""n_clusters"": 2, ""affinity"": ""nearest_neighbors""}",c5dfd3221b79,0.40075006720051454,0.598850593929448,1542.5458052501372,0.4591823101388139,2,0.0,0
synth_grid_d2_k6_medoverlap,SpectralClustering,"{""n_clusters"": 3, ""affinity"": ""nearest_neighbors""}",e3ae029f4d54,0.6700979848389526,0.5373169760510486,2369.097811406763,0.6519440516410929,3,0.0,0
synth_grid_d2_k6_medoverlap,SpectralClustering,"{""n_clusters"": 5, ""affinity"": ""nearest_neighbors""}",98d2a79e4c00,0.7604235732411537,0.4831148640025786,2652.7605262831516,0.724878693064426,5,0.0,0
synth_grid_d2_k6_medoverlap,SpectralClustering,"{""n_clusters"": 7, ""affinity"": ""nearest_neighbors""}",0481ef8f35a2,0.743557793709063,0.4379886161038841,2472.865566772275,0.8231473933610093,7,0.0,0
synth_grid_d2_k6_medoverlap,SpectralClustering,"{""n_clusters"": 10, ""affinity"": ""nearest_neighbors""}",9a585386bc6d,0.669977776371388,0.331051985202234,2187.789196378494,1.0354769503264463,10,0.0,0
synth_grid_d2_k6_medoverlap,SpectralClustering,"{""n_clusters"": 15, ""affinity"": ""nearest_neighbors""}",971471268792,0.6341693729450609,0.32616912459651426,2155.505631763468,0.9295959448821047,15,0.0,0
synth_grid_d15_k6_lowoverlap,SpectralClustering,"{""n_clusters"": 2, ""affinity"": ""nearest_neighbors""}",c5dfd3221b79,0.5234318746552044,0.35697660962761907,388.5338246067508,1.6755014267253485,2,0.0,0
synth_grid_d15_k6_lowoverlap,SpectralClustering,"{""n_clusters"": 3, ""affinity"": ""nearest_neighbors""}",e3ae029f4d54,0.7207820884833896,0.427391309934578,396.03968327664876,1.3116977471834887,3,0.0,0
synth_grid_d15_k6_lowoverlap,SpectralClustering,"{""n_clusters"": 5, ""affinity"": ""nearest_neighbors""}",98d2a79e4c00,0.7950899175730941,0.4160371571461612,382.32384336808195,1.4470787676146297,5,0.0,0
synth_grid_d15_k6_lowoverlap,SpectralClustering,"{""n_clusters"": 7, ""affinity"": ""nearest_neighbors""}",0481ef8f35a2,0.9761998910085279,0.767079321721579,19999.827800527484,0.7716308552086335,7,0.0,0
synth_grid_d15_k6_lowoverlap,SpectralClustering,"{""n_clusters"": 10, ""affinity"": ""nearest_neighbors""}",9a585386bc6d,0.8280210198746979,0.15473702231567163,624.3448657747103,2.1596359021076603,10,0.0,0
synth_grid_d15_k6_lowoverlap,SpectralClustering,"{""n_clusters"": 15, ""affinity"": ""nearest_neighbors""}",971471268792,0.8076856492106901,0.09048211648556012,9621.794776452549,2.674291025763528,15,0.0,0
synth_grid_d15_k6_medoverlap,SpectralClustering,"{""n_clusters"": 2, ""affinity"": ""nearest_neighbors""}",c5dfd3221b79,0.5234318746552044,0.2678393495216271,367.2734917922611,1.5461755730136588,2,0.0,0
synth_grid_d15_k6_medoverlap,SpectralClustering,"{""n_clusters"": 3, ""affinity"": ""nearest_neighbors""}",e3ae029f4d54,0.7207820884833896,0.27584356412437866,232.68301238067255,1.8649945097281686,3,0.0,0
synth_grid_d15_k6_medoverlap,SpectralClustering,"{""n_clusters"": 5, ""affinity"": ""nearest_neighbors""}",98d2a79e4c00,0.9307343690151829,0.49639676947748496,510.914632541483,1.1399198233362586,5,0.0,0
synth_grid_d15_k6_medoverlap,SpectralClustering,"{""n_clusters"": 7, ""affinity"": ""nearest_neighbors""}",0481ef8f35a2,0.968821098676628,0.5823784211272294,2074.6532479154553,0.9821056839261472,7,0.0,0
synth_grid_d15_k6_medoverlap,SpectralClustering,"{""n_clusters"": 10, ""affinity"": ""nearest_neighbors""}",9a585386bc6d,0.8869223227405069,0.30269839342540034,1492.9834182672882,1.979884292929181,10,0.0,0
synth_grid_d15_k6_medoverlap,SpectralClustering,"{""n_clusters"": 15, ""affinity"": ""nearest_neighbors""}",971471268792,0.7990174438095439,0.09768601559220375,1032.0061126436563,2.6808928425744116,15,0.0,0
synth_grid_d30_k6_lowoverlap,SpectralClustering,"{""n_clusters"": 2, ""affinity"": ""nearest_neighbors""}",c5dfd3221b79,0.5234318746552044,0.3049188376778609,325.31774039092164,1.6953094343718902,2,0.0,0
synth_grid_d30_k6_lowoverlap,SpectralClustering,"{""n_clusters"": 3, ""affinity"": ""nearest_neighbors""}",e3ae029f4d54,0.7207820884833896,0.44078615657789083,403.90852767100984,1.3891439872763478,3,0.0,0
synth_grid_d30_k6_lowoverlap,SpectralClustering,"{""n_clusters"": 5, ""affinity"": ""nearest_neighbors""}",98d2a79e4c00,0.9307343690151829,0.7455874456288406,1457.0485120574476,0.6079178521033475,5,0.0,0
synth_grid_d30_k6_lowoverlap,SpectralClustering,"{""n_clusters"": 7, ""affinity"": ""nearest_neighbors""}",0481ef8f35a2,0.9693532361581093,0.7533684724998871,17462.80432171136,1.2848237411480874,7,0.0,0
synth_grid_d30_k6_lowoverlap,SpectralClustering,"{""n_clusters"": 10, ""affinity"": ""nearest_neighbors""}",9a585386bc6d,0.8879313362004223,0.32942295513127473,11940.713580966933,3.2847932139236375,10,0.0,0
synth_grid_d30_k6_lowoverlap,SpectralClustering,"{""n_clusters"": 15, ""affinity"": ""nearest_neighbors""}",971471268792,0.8064611653832424,0.04204193640040727,7892.581516552724,4.133301263925532,15,0.0,0
synth_grid_d2_k6_lowoverlap,SpectralClustering,"{""n_clusters"": 2, ""affinity"": ""nearest_neighbors""}",c5dfd3221b79,0.5571411315940128,0.41633659875208856,738.4658597217419,1.163655002985464,2,0.0,0
synth_grid_d2_k6_lowoverlap,SpectralClustering,"{""n_clusters"": 3, ""affinity"": ""nearest_neighbors""}",e3ae029f4d54,0.7172912783781947,0.38743511625670446,796.841190970288,0.8093131469838654,3,0.0,0
synth_grid_d2_k6_lowoverlap,SpectralClustering,"{""n_clusters"": 5, ""affinity"": ""nearest_neighbors""}",98d2a79e4c00,0.8061953377553495,0.4037033102958749,718.2902698253167,0.8215336233240951,5,0.0,0
synth_grid_d2_k6_lowoverlap,SpectralClustering,"{""n_clusters"": 7, ""affinity"": ""nearest_neighbors""}",0481ef8f35a2,0.8660667633653991,0.5967676957519356,7136.482499997878,0.5771565254297907,7,0.0,0
synth_grid_d2_k6_lowoverlap,SpectralClustering,"{""n_clusters"": 10, ""affinity"": ""nearest_neighbors""}",9a585386bc6d,0.7936991452284565,0.42314075792210093,6363.903241566314,0.8109016522610639,10,0.0,0
synth_grid_d2_k6_lowoverlap,SpectralClustering,"{""n_clusters"": 15, ""affinity"": ""nearest_neighbors""}",971471268792,0.7251631830796321,0.3532947998970472,6532.388840297167,0.9580959710058653,15,0.0,0
synth_swiss_roll_k3,SpectralClustering,"{""n_clusters"": 2, ""affinity"": ""nearest_neighbors""}",c5dfd3221b79,0.5186983966265974,0.09417025734267812,86.72065868364619,4.041345879689425,2,0.0,0
synth_swiss_roll_k3,SpectralClustering,"{""n_clusters"": 3, ""affinity"": ""nearest_neighbors""}",e3ae029f4d54,0.7805432228214293,0.12123140442055987,288.5982626916658,2.601743609026901,3,0.0,0
synth_swiss_roll_k3,SpectralClustering,"{""n_clusters"": 5, ""affinity"": ""nearest_neighbors""}",98d2a79e4c00,0.6025979930595095,0.14665103611887745,358.9188852178136,1.3963940714875915,5,0.0,0
synth_swiss_roll_k3,SpectralClustering,"{""n_clusters"": 7, ""affinity"": ""nearest_neighbors""}",0481ef8f35a2,0.5785224691990601,0.16846152831456995,376.9026074283303,1.4705359270232257,7,0.0,0
synth_swiss_roll_k3,SpectralClustering,"{""n_clusters"": 10, ""affinity"": ""nearest_neighbors""}",9a585386bc6d,0.49876116749987576,0.24003024487624366,477.618729979399,1.2619762074548047,10,0.0,0
synth_swiss_roll_k3,SpectralClustering,"{""n_clusters"": 15, ""affinity"": ""nearest_neighbors""}",971471268792,0.4887793776643877,0.2673070324338839,500.00531597369684,1.1421127956980732,15,0.0,0
openml_1457,SpectralClustering,"{""n_clusters"": 2, ""affinity"": ""nearest_neighbors""}",c5dfd3221b79,0.015509751643842171,0.16002232922943346,17.069204960090627,1.843855491268966,2,0.0,0
openml_1457,SpectralClustering,"{""n_clusters"": 3, ""affinity"": ""nearest_neighbors""}",e3ae029f4d54,0.0244933569583221,0.15739442609062362,15.583244096701524,1.7737338057567298,3,0.0,0
openml_1457,SpectralClustering,"{""n_clusters"": 5, ""affinity"": ""nearest_neighbors""}",98d2a79e4c00,0.06169669520033233,0.02636297368342028,12.762656460955986,3.1806966528069376,5,0.0,0
openml_1457,SpectralClustering,"{""n_clusters"": 7, ""affinity"": ""nearest_neighbors""}",0481ef8f35a2,0.05560591265009495,0.027479012229933687,10.591939232704647,2.785547379344621,7,0.0,0
openml_1457,SpectralClustering,"{""n_clusters"": 10, ""affinity"": ""nearest_neighbors""}",9a585386bc6d,0.06826632077699743,0.008398285326593641,9.159725080053235,2.50218216690845,10,0.0,0
openml_1457,SpectralClustering,"{""n_clusters"": 15, ""affinity"": ""nearest_neighbors""}",971471268792,0.1475246767876775,-0.017607537144772256,9.382726696781276,3.7940703146051153,15,0.0,0
synth_s_curve_k3,SpectralClustering,"{""n_clusters"": 2, ""affinity"": ""nearest_neighbors""}",c5dfd3221b79,0.5161699432087686,0.27569405207919667,581.8804106941268,1.5416742174458524,2,0.0,0
synth_s_curve_k3,SpectralClustering,"{""n_clusters"": 3, ""affinity"": ""nearest_neighbors""}",e3ae029f4d54,0.5832894763139989,0.18274383433897637,300.4985367887542,2.038550019443913,3,0.0,0
synth_s_curve_k3,SpectralClustering,"{""n_clusters"": 5, ""affinity"": ""nearest_neighbors""}",98d2a79e4c00,0.4884573406926982,0.3121466102505359,619.0484162122608,1.0691770900813542,5,0.0,0
synth_s_curve_k3,SpectralClustering,"{""n_clusters"": 7, ""affinity"": ""nearest_neighbors""}",0481ef8f35a2,0.4674971085427759,0.30813512272949944,611.1906771053101,0.9574930970102642,7,0.0,0
synth_s_curve_k3,SpectralClustering,"{""n_clusters"": 10, ""affinity"": ""nearest_neighbors""}",9a585386bc6d,0.4970078794148817,0.31256292354047804,644.3320952451662,1.0720965002278275,10,0.0,0
synth_s_curve_k3,SpectralClustering,"{""n_clusters"": 15, ""affinity"": ""nearest_neighbors""}",971471268792,0.42838334118752397,0.2915832448476628,595.3935576332616,0.9816127897715881,15,0.0,0
synth_s_curve_k4,SpectralClustering,"{""n_clusters"": 2, ""affinity"": ""nearest_neighbors""}",c5dfd3221b79,0.5971176741285628,0.27960112496639994,590.0538601253991,1.5302261188652797,2,0.0,0
synth_s_curve_k4,SpectralClustering,"{""n_clusters"": 3, ""affinity"": ""nearest_neighbors""}",e3ae029f4d54,0.7495906448070168,0.17945371684433215,301.74977972525323,2.097952131336219,3,0.0,0
synth_s_curve_k4,SpectralClustering,"{""n_clusters"": 5, ""affinity"": ""nearest_neighbors""}",98d2a79e4c00,0.6664658513018189,0.3205623996729483,630.6735394470569,1.0656041788916453,5,0.0,0
synth_s_curve_k4,SpectralClustering,"{""n_clusters"": 7, ""affinity"": ""nearest_neighbors""}",0481ef8f35a2,0.5439335080876371,0.3252851799220965,675.3315885799457,0.9282237458815292,7,0.0,0
synth_s_curve_k4,SpectralClustering,"{""n_clusters"": 10, ""affinity"": ""nearest_neighbors""}",9a585386bc6d,0.5948610347049755,0.3347161569282607,704.09688379666,1.0181821783710805,10,0.0,0
synth_s_curve_k4,SpectralClustering,"{""n_clusters"": 15, ""affinity"": ""nearest_neighbors""}",971471268792,0.5559820784844909,0.3227759973860828,663.3636081535482,0.9913947734130562,15,0.0,0
synth_swiss_roll_k5,SpectralClustering,"{""n_clusters"": 2, ""affinity"": ""nearest_neighbors""}",c5dfd3221b79,0.4853449209798769,0.0963216984853147,97.39648125974107,3.8097805280686483,2,0.0,0
synth_swiss_roll_k5,SpectralClustering,"{""n_clusters"": 3, ""affinity"": ""nearest_neighbors""}",e3ae029f4d54,0.622664752712497,0.12249891825677307,297.85944624233065,2.5464378571698654,3,0.0,0
synth_swiss_roll_k5,SpectralClustering,"{""n_clusters"": 5, ""affinity"": ""nearest_neighbors""}",98d2a79e4c00,0.6776478926008063,0.14740944601785608,372.4134603936244,1.3542079733322538,5,0.0,0
synth_swiss_roll_k5,SpectralClustering,"{""n_clusters"": 7, ""affinity"": ""nearest_neighbors""}",0481ef8f35a2,0.6991990099180034,0.17402226519476116,399.6700274868881,1.474076256791872,7,0.0,0
synth_swiss_roll_k5,SpectralClustering,"{""n_clusters"": 10, ""affinity"": ""nearest_neighbors""}",9a585386bc6d,0.6337702374234863,0.24041062954636427,487.5553762763392,1.3491737002229645,10,0.0,0
synth_swiss_roll_k5,SpectralClustering,"{""n_clusters"": 15, ""affinity"": ""nearest_neighbors""}",971471268792,0.6159918378208634,0.2736573575136633,515.9792978404793,1.1391963325461942,15,0.0,0
synth_ellipsoidal_d20_k8,SpectralClustering,"{""n_clusters"": 2, ""affinity"": ""nearest_neighbors""}",c5dfd3221b79,0.4247684138564089,0.16190570221816658,205.56272119252395,2.3576877021041303,2,0.0,0
synth_ellipsoidal_d20_k8,SpectralClustering,"{""n_clusters"": 3, ""affinity"": ""nearest_neighbors""}",e3ae029f4d54,0.6370632801525161,0.20354205338291398,261.1626781712263,2.0673188637127335,3,0.0,0
synth_ellipsoidal_d20_k8,SpectralClustering,"{""n_clusters"": 5, ""affinity"": ""nearest_neighbors""}",98d2a79e4c00,0.8354139996113104,0.2856455231137187,365.78333664831337,1.6479136602895772,5,0.0,0
synth_ellipsoidal_d20_k8,SpectralClustering,"{""n_clusters"": 7, ""affinity"": ""nearest_neighbors""}",0481ef8f35a2,0.9562310958955037,0.38162240232399003,540.8602887614848,1.294162748758976,7,0.0,0
synth_ellipsoidal_d20_k8,SpectralClustering,"{""n_clusters"": 10, ""affinity"": ""nearest_neighbors""}",9a585386bc6d,0.8113209835659889,0.1524937055193439,251.4955306372185,2.1084053218581214,10,0.0,0
synth_ellipsoidal_d20_k8,SpectralClustering,"{""n_clusters"": 15, ""affinity"": ""nearest_neighbors""}",971471268792,0.8749451038482976,0.1500345291034259,412.3466004416104,2.4622476178085924,15,0.0,0
synth_ellipsoidal_d10_k8,SpectralClustering,"{""n_clusters"": 2, ""affinity"": ""nearest_neighbors""}",c5dfd3221b79,0.4992075398568545,0.14834258923050325,178.54108755802935,2.8978233195428293,2,0.0,0
synth_ellipsoidal_d10_k8,SpectralClustering,"{""n_clusters"": 3, ""affinity"": ""nearest_neighbors""}",e3ae029f4d54,0.6837003915820995,0.23134736868532202,298.06113817562635,2.078244786993943,3,0.0,0
synth_ellipsoidal_d10_k8,SpectralClustering,"{""n_clusters"": 5, ""affinity"": ""nearest_neighbors""}",98d2a79e4c00,0.8564480365333752,0.3118119156900248,479.07653036034486,2.036185754555229,5,0.0,0
synth_ellipsoidal_d10_k8,SpectralClustering,"{""n_clusters"": 7, ""affinity"": ""nearest_neighbors""}",0481ef8f35a2,0.8099143684350816,0.23809282382236246,444.4601604574019,1.3419508928859851,7,0.0,0
synth_ellipsoidal_d10_k8,SpectralClustering,"{""n_clusters"": 10, ""affinity"": ""nearest_neighbors""}",9a585386bc6d,0.8542258804345485,0.2379276056204712,477.4770566843069,1.4179321736644126,10,0.0,0
synth_ellipsoidal_d10_k8,SpectralClustering,"{""n_clusters"": 15, ""affinity"": ""nearest_neighbors""}",971471268792,0.7843376862766829,0.13347739235680112,412.200568109375,1.577640133918787,15,0.0,0
synth_ellipsoidal_d3_k8,SpectralClustering,"{""n_clusters"": 2, ""affinity"": ""nearest_neighbors""}",c5dfd3221b79,0.30554292856401555,0.3016923023561135,367.97138806270937,0.8251350112420621,2,0.0,0
synth_ellipsoidal_d3_k8,SpectralClustering,"{""n_clusters"": 3, ""affinity"": ""nearest_neighbors""}",e3ae029f4d54,0.5211323526966282,0.47381749348816465,925.0277188045516,0.5931494433901269,3,0.0,0
synth_ellipsoidal_d3_k8,SpectralClustering,"{""n_clusters"": 5, ""affinity"": ""nearest_neighbors""}",98d2a79e4c00,0.8334254796594055,0.5630145567825661,2643.108958215456,0.5691130314341492,5,0.0,0
synth_ellipsoidal_d3_k8,SpectralClustering,"{""n_clusters"": 7, ""affinity"": ""nearest_neighbors""}",0481ef8f35a2,0.8119292588243258,0.4336150846053131,1478.5440098909532,0.8477773076972894,7,0.0,0
synth_ellipsoidal_d3_k8,SpectralClustering,"{""n_clusters"": 10, ""affinity"": ""nearest_neighbors""}",9a585386bc6d,0.8297886236614501,0.45695773914700155,2797.3155275668855,0.8492317772362068,10,0.0,0
synth_ellipsoidal_d3_k8,SpectralClustering,"{""n_clusters"": 15, ""affinity"": ""nearest_neighbors""}",971471268792,0.7745241674530412,0.32058760194793207,2448.2604629711973,1.0396388801367,15,0.0,0
openml_1504,SpectralClustering,"{""n_clusters"": 2, ""affinity"": ""nearest_neighbors""}",c5dfd3221b79,0.005679505586875112,0.026387480223849534,10.831603758650926,0.9575984635089436,2,0.0,0
openml_1504,SpectralClustering,"{""n_clusters"": 3, ""affinity"": ""nearest_neighbors""}",e3ae029f4d54,0.04297137926869034,0.0025298077716296168,57.63693179745246,1.0507142272351482,3,0.0,0
openml_1504,SpectralClustering,"{""n_clusters"": 5, ""affinity"": ""nearest_neighbors""}",98d2a79e4c00,0.14065470838582178,0.11622461228397427,186.43486811584975,1.1277316690762957,5,0.0,0
openml_1504,SpectralClustering,"{""n_clusters"": 7, ""affinity"": ""nearest_neighbors""}",0481ef8f35a2,0.17017834520089636,0.1416593334658641,176.7906192495711,1.1961703537817001,7,0.0,0
openml_1504,SpectralClustering,"{""n_clusters"": 10, ""affinity"": ""nearest_neighbors""}",9a585386bc6d,0.2108039462862213,0.1508526274583441,152.20683177847897,1.2135343630317228,10,0.0,0
openml_1504,SpectralClustering,"{""n_clusters"": 15, ""affinity"": ""nearest_neighbors""}",971471268792,0.17407172700504467,0.19279490867926394,141.80519264998,1.4701935715922303,15,0.0,0
img_mnist_digits_2k,SpectralClustering,"{""n_clusters"": 2, ""affinity"": ""nearest_neighbors""}",c5dfd3221b79,0.28584151973938693,0.03828080690269957,27.97312086747609,6.845401090016443,2,0.0,0
img_mnist_digits_2k,SpectralClustering,"{""n_clusters"": 3, ""affinity"": ""nearest_neighbors""}",e3ae029f4d54,0.42542893583965424,0.012032243109326797,29.097122651305103,6.646787493974336,3,0.0,0
img_mnist_digits_2k,SpectralClustering,"{""n_clusters"": 5, ""affinity"": ""nearest_neighbors""}",98d2a79e4c00,0.46401631403855875,-0.04965257608181353,27.20015818812114,5.215897832431924,5,0.0,0
img_mnist_digits_2k,SpectralClustering,"{""n_clusters"": 7, ""affinity"": ""nearest_neighbors""}",0481ef8f35a2,0.5106965965406656,-0.03792052350666259,24.40235389664854,4.663373511142084,7,0.0,0
img_mnist_digits_2k,SpectralClustering,"{""n_clusters"": 10, ""affinity"": ""nearest_neighbors""}",9a585386bc6d,0.555696141927355,-0.019194362261940476,24.786712422737782,4.275776582315173,10,0.0,0
img_mnist_digits_2k,SpectralClustering,"{""n_clusters"": 15, ""affinity"": ""nearest_neighbors""}",971471268792,0.5672214635531917,-0.004221351841381198,24.393734185722227,3.7816947999603383,15,0.0,0
synth_grid_d2_k10_highoverlap,SpectralClustering,"{""n_clusters"": 2, ""affinity"": ""nearest_neighbors""}",c5dfd3221b79,0.24425482330434292,0.36164508540185014,1299.2617816517795,1.1102229822744105,2,0.0,0
synth_grid_d2_k10_highoverlap,SpectralClustering,"{""n_clusters"": 3, ""affinity"": ""nearest_neighbors""}",e3ae029f4d54,0.3857121766592055,0.3780801017990669,1583.600376304484,0.8761440079738655,3,0.0,0
synth_grid_d2_k10_highoverlap,SpectralClustering,"{""n_clusters"": 5, ""affinity"": ""nearest_neighbors""}",98d2a79e4c00,0.3859820895942332,0.32876395767499905,1383.0713513899527,0.9367559330538537,5,0.0,0
synth_grid_d2_k10_highoverlap,SpectralClustering,"{""n_clusters"": 7, ""affinity"": ""nearest_neighbors""}",0481ef8f35a2,0.40324899414752036,0.32915101900871974,1538.5864894094996,0.8980565567566681,7,0.0,0
synth_grid_d2_k10_highoverlap,SpectralClustering,"{""n_clusters"": 10, ""affinity"": ""nearest_neighbors""}",9a585386bc6d,0.3881333903272313,0.3259600700692867,1485.6452757655265,0.848623998479758,10,0.0,0
synth_grid_d2_k10_highoverlap,SpectralClustering,"{""n_clusters"": 15, ""affinity"": ""nearest_neighbors""}",971471268792,0.38021338239000824,0.3034869655265654,1384.987257503886,0.8769829069708707,15,0.0,0
img_fashion_mnist_2k,SpectralClustering,"{""n_clusters"": 2, ""affinity"": ""nearest_neighbors""}",c5dfd3221b79,0.2180428688088894,0.001417945442235243,34.20262184535489,4.309422986116494,2,0.0,0
img_fashion_mnist_2k,SpectralClustering,"{""n_clusters"": 3, ""affinity"": ""nearest_neighbors""}",e3ae029f4d54,0.4970875889261987,0.005490482052539223,35.67923016328241,5.87531914175225,3,0.0,0
img_fashion_mnist_2k,SpectralClustering,"{""n_clusters"": 5, ""affinity"": ""nearest_neighbors""}",98d2a79e4c00,0.5403321212997675,0.015465634513606698,33.11698571665563,4.827245022022954,5,0.0,0
img_fashion_mnist_2k,SpectralClustering,"{""n_clusters"": 7, ""affinity"": ""nearest_neighbors""}",0481ef8f35a2,0.5954957989138681,0.03033960228198311,32.41402516564826,4.394203761525045,7,0.0,0
img_fashion_mnist_2k,SpectralClustering,"{""n_clusters"": 10, ""affinity"": ""nearest_neighbors""}",9a585386bc6d,0.5502986201297639,0.025035446361225178,29.256358445046214,3.493847210181489,10,0.0,0
img_fashion_mnist_2k,SpectralClustering,"{""n_clusters"": 15, ""affinity"": ""nearest_neighbors""}",971471268792,0.5751466551864393,0.05182690848765945,28.213410922662256,3.2964007984810935,15,0.0,0
synth_grid_d2_k10_medoverlap,SpectralClustering,"{""n_clusters"": 2, ""affinity"": ""nearest_neighbors""}",c5dfd3221b79,0.4373465535934429,0.43171478499522226,1425.3655169355332,1.037350386584158,2,0.0,0
synth_grid_d2_k10_medoverlap,SpectralClustering,"{""n_clusters"": 3, ""affinity"": ""nearest_neighbors""}",e3ae029f4d54,0.5610440444844621,0.4739891085217439,1935.1427214574446,0.7460197273829392,3,0.0,0
synth_grid_d2_k10_medoverlap,SpectralClustering,"{""n_clusters"": 5, ""affinity"": ""nearest_neighbors""}",98d2a79e4c00,0.6522260014986099,0.4359064725689256,2630.673492115256,0.7661621615790228,5,0.0,0
synth_grid_d2_k10_medoverlap,SpectralClustering,"{""n_clusters"": 7, ""affinity"": ""nearest_neighbors""}",0481ef8f35a2,0.7028147892234704,0.4273986175860948,3091.404942560196,0.7617351666681501,7,0.0,0
synth_grid_d2_k10_medoverlap,SpectralClustering,"{""n_clusters"": 10, ""affinity"": ""nearest_neighbors""}",9a585386bc6d,0.7159886090469644,0.39619847257882906,3212.4026929644074,0.8435391803753041,10,0.0,0
synth_grid_d2_k10_medoverlap,SpectralClustering,"{""n_clusters"": 15, ""affinity"": ""nearest_neighbors""}",971471268792,0.6443493567322364,0.33297001982025926,2767.2340360670514,0.8902455734995486,15,0.0,0
text_20ng_politics,SpectralClustering,"{""n_clusters"": 2, ""affinity"": ""nearest_neighbors""}",c5dfd3221b79,0.018995892062251628,0.20624317094860628,33.39931046155472,1.4353136429970734,2,0.0,0
text_20ng_politics,SpectralClustering,"{""n_clusters"": 3, ""affinity"": ""nearest_neighbors""}",e3ae029f4d54,0.03487028842850118,0.2123957464871831,40.52010281011243,1.3924795066352917,3,0.0,0
text_20ng_politics,SpectralClustering,"{""n_clusters"": 5, ""affinity"": ""nearest_neighbors""}",98d2a79e4c00,0.056327007253534164,0.18573743474052593,36.62674826682694,1.32910012812572,5,0.0,0
text_20ng_politics,SpectralClustering,"{""n_clusters"": 7, ""affinity"": ""nearest_neighbors""}",0481ef8f35a2,0.10294713558224279,0.15355852968295342,36.34832528828184,1.6143394321431142,7,0.0,0
text_20ng_politics,SpectralClustering,"{""n_clusters"": 10, ""affinity"": ""nearest_neighbors""}",9a585386bc6d,0.12313910797385741,0.1529939550207018,35.17549375535111,1.5042175087109604,10,0.0,0
text_20ng_politics,SpectralClustering,"{""n_clusters"": 15, ""affinity"": ""nearest_neighbors""}",971471268792,0.14446427707985163,0.14496287881257167,33.10817944430334,1.442398346941204,15,0.0,0
synth_grid_d5_k10_lowoverlap,SpectralClustering,"{""n_clusters"": 2, ""affinity"": ""nearest_neighbors""}",c5dfd3221b79,0.4515221910103961,0.09783889070254416,58.80026025367008,5.606807889065344,2,0.0,0
synth_grid_d5_k10_lowoverlap,SpectralClustering,"{""n_clusters"": 3, ""affinity"": ""nearest_neighbors""}",e3ae029f4d54,0.5151525740283884,0.194927104857752,229.13132390067668,2.559888115472361,3,0.0,0
synth_grid_d5_k10_lowoverlap,SpectralClustering,"{""n_clusters"": 5, ""affinity"": ""nearest_neighbors""}",98d2a79e4c00,0.7410991972089174,0.22540482198103728,259.9157264250323,1.6519821669821493,5,0.0,0
synth_grid_d5_k10_lowoverlap,SpectralClustering,"{""n_clusters"": 7, ""affinity"": ""nearest_neighbors""}",0481ef8f35a2,0.8078113057055408,0.3249037705650004,449.18007656449333,1.5749658171457666,7,0.0,0
synth_grid_d5_k10_lowoverlap,SpectralClustering,"{""n_clusters"": 10, ""affinity"": ""nearest_neighbors""}",9a585386bc6d,0.7893213491517895,0.15001595169606163,382.3864256079013,1.7422736818345321,10,0.0,0
synth_grid_d5_k10_lowoverlap,SpectralClustering,"{""n_clusters"": 15, ""affinity"": ""nearest_neighbors""}",971471268792,0.9308329682863845,0.4892161015168703,18018.3058845047,1.5195474464229046,15,0.0,0
synth_grid_d5_k10_medoverlap,SpectralClustering,"{""n_clusters"": 2, ""affinity"": ""nearest_neighbors""}",c5dfd3221b79,0.3560103947102382,0.37040004356000544,909.1401984844275,1.0600404208623528,2,0.0,0
synth_grid_d5_k10_medoverlap,SpectralClustering,"{""n_clusters"": 3, ""affinity"": ""nearest_neighbors""}",e3ae029f4d54,0.43272416797349256,0.3499259899601354,611.543893156693,0.7889178242964866,3,0.0,0
synth_grid_d5_k10_medoverlap,SpectralClustering,"{""n_clusters"": 5, ""affinity"": ""nearest_neighbors""}",98d2a79e4c00,0.6871071383459688,0.37110122148625946,818.619055445851,0.79507166374795,5,0.0,0
synth_grid_d5_k10_medoverlap,SpectralClustering,"{""n_clusters"": 7, ""affinity"": ""nearest_neighbors""}",0481ef8f35a2,0.8494559296764401,0.46342242378579207,1507.9844687304835,0.6966426922682638,7,0.0,0
synth_grid_d5_k10_medoverlap,SpectralClustering,"{""n_clusters"": 10, ""affinity"": ""nearest_neighbors""}",9a585386bc6d,0.9429696523179508,0.45824266228743926,1741.0728481834258,0.8779808196551965,10,0.0,0
synth_grid_d5_k10_medoverlap,SpectralClustering,"{""n_clusters"": 15, ""affinity"": ""nearest_neighbors""}",971471268792,0.8669765607453527,0.32362963870908606,1258.957225070778,1.5123715725514457,15,0.0,0
synth_grid_d5_k10_highoverlap,SpectralClustering,"{""n_clusters"": 2, ""affinity"": ""nearest_neighbors""}",c5dfd3221b79,0.24612723646059761,0.2497989147965642,375.15086000017993,1.0570493356552177,2,0.0,0
synth_grid_d5_k10_highoverlap,SpectralClustering,"{""n_clusters"": 3, ""affinity"": ""nearest_neighbors""}",e3ae029f4d54,0.4268405533859704,0.21250176364817708,373.1930789057299,1.1523714211483969,3,0.0,0
synth_grid_d5_k10_highoverlap,SpectralClustering,"{""n_clusters"": 5, ""affinity"": ""nearest_neighbors""}",98d2a79e4c00,0.7144079930585133,0.2880724623826869,535.553082510094,1.1470204048750339,5,0.0,0
synth_grid_d5_k10_highoverlap,SpectralClustering,"{""n_clusters"": 7, ""affinity"": ""nearest_neighbors""}",0481ef8f35a2,0.8216374653015989,0.34235739452975517,690.6957866720561,1.0489301478416648,7,0.0,0
synth_grid_d5_k10_highoverlap,SpectralClustering,"{""n_clusters"": 10, ""affinity"": ""nearest_neighbors""}",9a585386bc6d,0.8911782402313194,0.34225605931443587,699.9159114228528,1.0686976624354028,10,0.0,0
synth_grid_d5_k10_highoverlap,SpectralClustering,"{""n_clusters"": 15, ""affinity"": ""nearest_neighbors""}",971471268792,0.8289399394337962,0.23043651688815356,508.6700109490954,1.6292487263866626,15,0.0,0
synth_grid_d2_k10_lowoverlap,SpectralClustering,"{""n_clusters"": 2, ""affinity"": ""nearest_neighbors""}",c5dfd3221b79,0.4515221910103962,0.45868000061130854,1457.8610613138433,1.0369086908811258,2,0.0,0
synth_grid_d2_k10_lowoverlap,SpectralClustering,"{""n_clusters"": 3, ""affinity"": ""nearest_neighbors""}",e3ae029f4d54,0.43272416797349256,0.04312303772838537,162.5960484975477,1.3817486745001126,3,0.0,0
synth_grid_d2_k10_lowoverlap,SpectralClustering,"{""n_clusters"": 5, ""affinity"": ""nearest_neighbors""}",98d2a79e4c00,0.6919016846595168,0.15112821404180585,833.2262043316172,0.875792082971061,5,0.0,0
synth_grid_d2_k10_lowoverlap,SpectralClustering,"{""n_clusters"": 7, ""affinity"": ""nearest_neighbors""}",0481ef8f35a2,0.8504860184454509,0.30183187219899443,1481.3894588475914,2.4236669165054647,7,0.0,0
synth_grid_d2_k10_lowoverlap,SpectralClustering,"{""n_clusters"": 10, ""affinity"": ""nearest_neighbors""}",9a585386bc6d,0.8660058529894505,0.46670531361430845,7108.075194250167,0.7751680696121094,10,0.0,0
synth_grid_d2_k10_lowoverlap,SpectralClustering,"{""n_clusters"": 15, ""affinity"": ""nearest_neighbors""}",971471268792,0.8113175364684425,0.314422005008925,1284.9662309618004,1.9484057457199704,15,0.0,0
text_20ng_science,SpectralClustering,"{""n_clusters"": 2, ""affinity"": ""nearest_neighbors""}",c5dfd3221b79,0.029118550364496617,0.1443996767391015,38.333641099389865,1.2845940408240049,2,0.0,0
text_20ng_science,SpectralClustering,"{""n_clusters"": 3, ""affinity"": ""nearest_neighbors""}",e3ae029f4d54,0.04453455834847256,0.14993944323309374,36.940795169202744,1.2155092346865677,3,0.0,0
text_20ng_science,SpectralClustering,"{""n_clusters"": 5, ""affinity"": ""nearest_neighbors""}",98d2a79e4c00,0.06156720492717527,0.15949076004815074,34.676359959942815,1.1329698903111116,5,0.0,0
text_20ng_science,SpectralClustering,"{""n_clusters"": 7, ""affinity"": ""nearest_neighbors""}",0481ef8f35a2,0.07807519160496679,0.16358804104705849,33.55136167212067,1.1438148205811607,7,0.0,0
text_20ng_science,SpectralClustering,"{""n_clusters"": 10, ""affinity"": ""nearest_neighbors""}",9a585386bc6d,0.09071324051243274,0.17383369892162912,32.46990301946943,1.30694522221533,10,0.0,0
text_20ng_science,SpectralClustering,"{""n_clusters"": 15, ""affinity"": ""nearest_neighbors""}",971471268792,0.21307019775044436,0.09045740575130044,31.0028456015785,1.8694765845744574,15,0.0,0
synth_grid_d15_k10_medoverlap,SpectralClustering,"{""n_clusters"": 2, ""affinity"": ""nearest_neighbors""}",c5dfd3221b79,0.4515221910103962,0.1657072406439491,318.8319229484034,2.4134464573993837,2,0.0,0
synth_grid_d15_k10_medoverlap,SpectralClustering,"{""n_clusters"": 3, ""affinity"": ""nearest_neighbors""}",e3ae029f4d54,0.6273922662063515,0.2166878641994057,377.7976579408654,2.0442603190528907,3,0.0,0
synth_grid_d15_k10_medoverlap,SpectralClustering,"{""n_clusters"": 5, ""affinity"": ""nearest_neighbors""}",98d2a79e4c00,0.7785035334400018,0.27727523922579883,415.813388519614,1.486458794168144,5,0.0,0
synth_grid_d15_k10_medoverlap,SpectralClustering,"{""n_clusters"": 7, ""affinity"": ""nearest_neighbors""}",0481ef8f35a2,0.8621764038950034,0.40014503565896703,630.0030887446769,1.0347463184882775,7,0.0,0
synth_grid_d15_k10_medoverlap,SpectralClustering,"{""n_clusters"": 10, ""affinity"": ""nearest_neighbors""}",9a585386bc6d,0.906934463134103,0.3508244023508654,612.9548744829526,1.9933230371313708,10,0.0,0
synth_grid_d15_k10_medoverlap,SpectralClustering,"{""n_clusters"": 15, ""affinity"": ""nearest_neighbors""}",971471268792,0.8868666869629114,0.2071210047617604,627.8465297853343,2.834372427546549,15,0.0,0
synth_grid_d15_k10_lowoverlap,SpectralClustering,"{""n_clusters"": 2, ""affinity"": ""nearest_neighbors""}",c5dfd3221b79,0.46194595922010473,0.2390637736299224,453.3392517156499,2.072694939107471,2,0.0,0
synth_grid_d15_k10_lowoverlap,SpectralClustering,"{""n_clusters"": 3, ""affinity"": ""nearest_neighbors""}",e3ae029f4d54,0.5800775905856524,0.2934827643881891,457.6548636815767,1.4722637074081633,3,0.0,0
synth_grid_d15_k10_lowoverlap,SpectralClustering,"{""n_clusters"": 5, ""affinity"": ""nearest_neighbors""}",98d2a79e4c00,0.7612420469166185,0.42402317985838067,502.92701292801246,1.21261691710137,5,0.0,0
synth_grid_d15_k10_lowoverlap,SpectralClustering,"{""n_clusters"": 7, ""affinity"": ""nearest_neighbors""}",0481ef8f35a2,0.8621764038950034,0.5220342810891714,553.5645848893142,0.9022209262181435,7,0.0,0
synth_grid_d15_k10_lowoverlap,SpectralClustering,"{""n_clusters"": 10, ""affinity"": ""nearest_neighbors""}",9a585386bc6d,0.8711511150941399,0.4902998665729135,1001.0463685029276,1.3542236646849968,10,0.0,0
synth_grid_d15_k10_lowoverlap,SpectralClustering,"{""n_clusters"": 15, ""affinity"": ""nearest_neighbors""}",971471268792,0.9315763871365135,0.5081000149475429,12461.344462661282,1.4498119068451378,15,0.0,0
text_20ng_rec,SpectralClustering,"{""n_clusters"": 2, ""affinity"": ""nearest_neighbors""}",c5dfd3221b79,0.008664452131826558,0.35316040539562715,29.154874026500536,0.9291791977187814,2,0.0,0
text_20ng_rec,SpectralClustering,"{""n_clusters"": 3, ""affinity"": ""nearest_neighbors""}",e3ae029f4d54,0.018046251504484117,0.26233192622857754,25.879183913403615,1.0269559944593778,3,0.0,0
text_20ng_rec,SpectralClustering,"{""n_clusters"": 5, ""affinity"": ""nearest_neighbors""}",98d2a79e4c00,0.0361093977248926,0.22762516926767662,27.530197558732148,1.4150384414116555,5,0.0,0
text_20ng_rec,SpectralClustering,"{""n_clusters"": 7, ""affinity"": ""nearest_neighbors""}",0481ef8f35a2,0.03901213038394276,0.23215155116960812,30.461694035663754,1.4264000322307768,7,0.0,0
text_20ng_rec,SpectralClustering,"{""n_clusters"": 10, ""affinity"": ""nearest_neighbors""}",9a585386bc6d,0.05655583079534168,0.15080063382942915,28.497409214282445,1.289516487535003,10,0.0,0
text_20ng_rec,SpectralClustering,"{""n_clusters"": 15, ""affinity"": ""nearest_neighbors""}",971471268792,0.10520365320839856,0.10231402920193339,29.462073946216833,1.413572492697386,15,0.0,0
text_20ng_comp,SpectralClustering,"{""n_clusters"": 2, ""affinity"": ""nearest_neighbors""}",c5dfd3221b79,0.011087763940346272,0.2368112741863089,28.37891370925562,1.0951170303905469,2,0.0,0
text_20ng_comp,SpectralClustering,"{""n_clusters"": 3, ""affinity"": ""nearest_neighbors""}",e3ae029f4d54,0.021049824304218243,0.1838210812921513,23.64298219148504,1.3211362934476378,3,0.0,0
text_20ng_comp,SpectralClustering,"{""n_clusters"": 5, ""affinity"": ""nearest_neighbors""}",98d2a79e4c00,0.030428655257185102,0.14845074625131793,26.419198710053,2.068534314878803,5,0.0,0
text_20ng_comp,SpectralClustering,"{""n_clusters"": 7, ""affinity"": ""nearest_neighbors""}",0481ef8f35a2,0.04797684799284777,0.14750709427007758,27.236698922574934,1.6900051673206469,7,0.0,0
text_20ng_comp,SpectralClustering,"{""n_clusters"": 10, ""affinity"": ""nearest_neighbors""}",9a585386bc6d,0.11664044535258576,0.07696658540296522,28.94720574783023,2.3687864101185454,10,0.0,0
text_20ng_comp,SpectralClustering,"{""n_clusters"": 15, ""affinity"": ""nearest_neighbors""}",971471268792,0.13230475052645155,0.08092267617466896,27.107197558920923,1.9938858968754951,15,0.0,0
synth_grid_d30_k10_medoverlap,SpectralClustering,"{""n_clusters"": 2, ""affinity"": ""nearest_neighbors""}",c5dfd3221b79,0.24612723646059761,0.11555667306575115,194.99913550863465,1.2769984543624735,2,0.0,0
synth_grid_d30_k10_medoverlap,SpectralClustering,"{""n_clusters"": 3, ""affinity"": ""nearest_neighbors""}",e3ae029f4d54,0.5598771388903787,0.20207015667549608,276.7062191536969,1.9442434377598008,3,0.0,0
synth_grid_d30_k10_medoverlap,SpectralClustering,"{""n_clusters"": 5, ""affinity"": ""nearest_neighbors""}",98d2a79e4c00,0.7410991972089173,0.28315514671931463,386.27861832463276,1.4590952746510228,5,0.0,0
synth_grid_d30_k10_medoverlap,SpectralClustering,"{""n_clusters"": 7, ""affinity"": ""nearest_neighbors""}",0481ef8f35a2,0.8621764038950034,0.41401745022706954,433.6675789864867,1.2242027755289449,7,0.0,0
synth_grid_d30_k10_medoverlap,SpectralClustering,"{""n_clusters"": 10, ""affinity"": ""nearest_neighbors""}",9a585386bc6d,0.7749030401184147,0.11571002911414183,263.96031247151444,1.9924651162365639,10,0.0,0
synth_grid_d30_k10_medoverlap,SpectralClustering,"{""n_clusters"": 15, ""affinity"": ""nearest_neighbors""}",971471268792,0.9309057713951661,0.3484153684704491,1714.4084955944966,2.793999272623507,15,0.0,0
synth_grid_d30_k10_highoverlap,SpectralClustering,"{""n_clusters"": 2, ""affinity"": ""nearest_neighbors""}",c5dfd3221b79,0.24612723646059761,0.09153533034348735,171.2656873591542,1.5865418661039086,2,0.0,0
synth_grid_d30_k10_highoverlap,SpectralClustering,"{""n_clusters"": 3, ""affinity"": ""nearest_neighbors""}",e3ae029f4d54,0.5598771388903786,0.12165272532448024,197.07087396076713,2.4401077620233806,3,0.0,0
synth_grid_d30_k10_highoverlap,SpectralClustering,"{""n_clusters"": 5, ""affinity"": ""nearest_neighbors""}",98d2a79e4c00,0.6938854631281152,0.1675732160238495,207.82168234098566,1.6508216503368225,5,0.0,0
synth_grid_d30_k10_highoverlap,SpectralClustering,"{""n_clusters"": 7, ""affinity"": ""nearest_neighbors""}",0481ef8f35a2,0.9000761035721504,0.3156900497198134,355.91499668000455,1.5304389033814307,7,0.0,0
synth_grid_d30_k10_highoverlap,SpectralClustering,"{""n_clusters"": 10, ""affinity"": ""nearest_neighbors""}",9a585386bc6d,0.9551452747200573,0.3694459153167808,497.38223849987446,1.7608237694543294,10,0.0,0
synth_grid_d30_k10_highoverlap,SpectralClustering,"{""n_clusters"": 15, ""affinity"": ""nearest_neighbors""}",971471268792,0.9320921046272292,0.23749557917450123,449.0503039626725,3.540464349781563,15,0.0,0
synth_grid_d15_k10_highoverlap,SpectralClustering,"{""n_clusters"": 2, ""affinity"": ""nearest_neighbors""}",c5dfd3221b79,0.4184395534553164,0.09533199769886279,167.30214204222185,3.0437312667920935,2,0.0,0
synth_grid_d15_k10_highoverlap,SpectralClustering,"{""n_clusters"": 3, ""affinity"": ""nearest_neighbors""}",e3ae029f4d54,0.6273922662063515,0.13308063281273305,187.17883922032507,2.7522072236831563,3,0.0,0
synth_grid_d15_k10_highoverlap,SpectralClustering,"{""n_clusters"": 5, ""affinity"": ""nearest_neighbors""}",98d2a79e4c00,0.7410991972089174,0.24311823842428276,343.72953202371053,1.5475366629697092,5,0.0,0
synth_grid_d15_k10_highoverlap,SpectralClustering,"{""n_clusters"": 7, ""affinity"": ""nearest_neighbors""}",0481ef8f35a2,0.8845389002980442,0.22387259735420229,248.7133697856325,1.9251458177338985,7,0.0,0
synth_grid_d15_k10_highoverlap,SpectralClustering,"{""n_clusters"": 10, ""affinity"": ""nearest_neighbors""}",9a585386bc6d,0.9605696703382423,0.34711975078531726,490.32903602849126,1.2103794431482933,10,0.0,0
synth_grid_d15_k10_highoverlap,SpectralClustering,"{""n_clusters"": 15, ""affinity"": ""nearest_neighbors""}",971471268792,0.9372486921400253,0.2776978988768723,448.99026252977353,2.4310550340633656,15,0.0,0
synth_grid_d30_k10_lowoverlap,SpectralClustering,"{""n_clusters"": 2, ""affinity"": ""nearest_neighbors""}",c5dfd3221b79,0.3560103947102382,0.1969831458732127,296.97863432524815,1.8720799513099349,2,0.0,0
synth_grid_d30_k10_lowoverlap,SpectralClustering,"{""n_clusters"": 3, ""affinity"": ""nearest_neighbors""}",e3ae029f4d54,0.43272416797349256,0.1860371137288188,248.69728329554957,1.1098687796881566,3,0.0,0
synth_grid_d30_k10_lowoverlap,SpectralClustering,"{""n_clusters"": 5, ""affinity"": ""nearest_neighbors""}",98d2a79e4c00,0.8059466275245086,0.41430523223444904,370.5444355779654,1.5610718160223986,5,0.0,0
synth_grid_d30_k10_lowoverlap,SpectralClustering,"{""n_clusters"": 7, ""affinity"": ""nearest_neighbors""}",0481ef8f35a2,0.8621764038950034,0.5917675497724612,679.4659530885464,0.874184677654733,7,0.0,0
synth_grid_d30_k10_lowoverlap,SpectralClustering,"{""n_clusters"": 10, ""affinity"": ""nearest_neighbors""}",9a585386bc6d,1.0,0.894046398786262,22912.65054171454,0.15029828755993646,10,0.0,0
synth_grid_d30_k10_lowoverlap,SpectralClustering,"{""n_clusters"": 15, ""affinity"": ""nearest_neighbors""}",971471268792,0.8166994498767423,0.04590065547425317,503.6068085960611,2.9882955455546925,15,0.0,0
openml_1466,SpectralClustering,"{""n_clusters"": 2, ""affinity"": ""nearest_neighbors""}",c5dfd3221b79,0.21410459256208472,0.17775380915903996,110.31525583265882,2.090862366822748,2,0.0,0
openml_1466,SpectralClustering,"{""n_clusters"": 3, ""affinity"": ""nearest_neighbors""}",e3ae029f4d54,0.22791198784652414,0.14573223218065634,81.61837927087488,1.3555901369752987,3,0.0,0
openml_1466,SpectralClustering,"{""n_clusters"": 5, ""affinity"": ""nearest_neighbors""}",98d2a79e4c00,0.6761200171854643,0.09567742465059431,142.9389413184033,1.7830902559557615,5,0.0,0
openml_1466,SpectralClustering,"{""n_clusters"": 7, ""affinity"": ""nearest_neighbors""}",0481ef8f35a2,0.8510164736425637,0.14110674519584882,160.7528176080656,1.812805553692536,7,0.0,0
openml_1466,SpectralClustering,"{""n_clusters"": 10, ""affinity"": ""nearest_neighbors""}",9a585386bc6d,0.9803199497631138,0.23357649272144745,226.62443892894694,1.4418741478435053,10,0.0,0
openml_1466,SpectralClustering,"{""n_clusters"": 15, ""affinity"": ""nearest_neighbors""}",971471268792,0.8705037482723887,0.19909492721652144,203.5022744423809,1.5013624569644923,15,0.0,0
openml_36,SpectralClustering,"{""n_clusters"": 2, ""affinity"": ""nearest_neighbors""}",c5dfd3221b79,0.3474199079639467,0.41052603324092907,957.7490851702277,0.7608657821252494,2,0.0,0
openml_36,SpectralClustering,"{""n_clusters"": 3, ""affinity"": ""nearest_neighbors""}",e3ae029f4d54,0.46253886761608753,0.2559202089390953,683.5626267473818,1.5970335942454363,3,0.0,0
openml_36,SpectralClustering,"{""n_clusters"": 5, ""affinity"": ""nearest_neighbors""}",98d2a79e4c00,0.4747762964289626,0.20772181927492392,440.3041560764881,1.674976280419573,5,0.0,0
openml_36,SpectralClustering,"{""n_clusters"": 7, ""affinity"": ""nearest_neighbors""}",0481ef8f35a2,0.5323181677200751,0.23892003456205804,465.57091882895344,1.4618691994422615,7,0.0,0
openml_36,SpectralClustering,"{""n_clusters"": 10, ""affinity"": ""nearest_neighbors""}",9a585386bc6d,0.6009918421198526,0.10476305213106728,346.49371340142176,1.3719307392142226,10,0.0,0
openml_36,SpectralClustering,"{""n_clusters"": 15, ""affinity"": ""nearest_neighbors""}",971471268792,0.5860729406939055,0.16037980532582027,285.9065532769233,1.2626235067672704,15,0.0,0
openml_40478,SpectralClustering,"{""n_clusters"": 2, ""affinity"": ""nearest_neighbors""}",c5dfd3221b79,0.009142341931638402,0.5969006952722071,112.83572766550476,0.4930634792544313,2,0.0,0
openml_40478,SpectralClustering,"{""n_clusters"": 3, ""affinity"": ""nearest_neighbors""}",e3ae029f4d54,0.013191694964762751,0.4545504049550966,115.82149044477751,1.5047121494196671,3,0.0,0
openml_40478,SpectralClustering,"{""n_clusters"": 5, ""affinity"": ""nearest_neighbors""}",98d2a79e4c00,0.061485687423571786,0.2678571038578706,157.4531120746691,2.0397379208822666,5,0.0,0
openml_40478,SpectralClustering,"{""n_clusters"": 7, ""affinity"": ""nearest_neighbors""}",0481ef8f35a2,0.11944975826947248,0.1638739144584163,169.77235903557212,2.006822761207527,7,0.0,0
openml_40478,SpectralClustering,"{""n_clusters"": 10, ""affinity"": ""nearest_neighbors""}",9a585386bc6d,0.15247226516254728,0.11346698654197833,177.4952646005715,1.902482875572047,10,0.0,0
openml_40478,SpectralClustering,"{""n_clusters"": 15, ""affinity"": ""nearest_neighbors""}",971471268792,0.15078899875022564,0.19298699000531347,201.95231630246153,1.508301093710826,15,0.0,0
openml_41143,SpectralClustering,"{""n_clusters"": 2, ""affinity"": ""nearest_neighbors""}",c5dfd3221b79,0.002314764245976035,0.16470116127883355,20.025185228637717,1.8441528968089365,2,0.0,0
openml_41143,SpectralClustering,"{""n_clusters"": 3, ""affinity"": ""nearest_neighbors""}",e3ae029f4d54,0.2955947448069615,0.029859390773142702,110.25658294029446,2.5121879026506435,3,0.0,0
openml_41143,SpectralClustering,"{""n_clusters"": 5, ""affinity"": ""nearest_neighbors""}",98d2a79e4c00,0.23087757331102557,0.03891414208830422,96.61182888915968,2.633192300020666,5,0.0,0
openml_41143,SpectralClustering,"{""n_clusters"": 7, ""affinity"": ""nearest_neighbors""}",0481ef8f35a2,0.21291052622407083,0.04235877413947541,76.00659022356051,2.5121896163105433,7,0.0,0
openml_41143,SpectralClustering,"{""n_clusters"": 10, ""affinity"": ""nearest_neighbors""}",9a585386bc6d,0.1794096220162749,0.03685597620708553,59.452757349603495,2.70116438088336,10,0.0,0
openml_41143,SpectralClustering,"{""n_clusters"": 15, ""affinity"": ""nearest_neighbors""}",971471268792,0.15638340962817363,0.028100511179087594,51.20227784586627,2.733023388577867,15,0.0,0
openml_1038,SpectralClustering,"{""n_clusters"": 2, ""affinity"": ""nearest_neighbors""}",c5dfd3221b79,0.004575342435983499,0.03467411928939045,41.940834084055396,5.635181705162843,2,0.0,0
openml_1038,SpectralClustering,"{""n_clusters"": 3, ""affinity"": ""nearest_neighbors""}",e3ae029f4d54,0.06103896902672362,0.030721130692528995,43.1930686804357,4.619694200163262,3,0.0,0
openml_1038,SpectralClustering,"{""n_clusters"": 5, ""affinity"": ""nearest_neighbors""}",98d2a79e4c00,0.0993467199181693,0.016459140725519673,41.274829612800595,5.370657275101237,5,0.0,0
openml_1038,SpectralClustering,"{""n_clusters"": 7, ""affinity"": ""nearest_neighbors""}",0481ef8f35a2,0.07520832688306447,0.01781288718914798,38.19296574890064,5.600246979982401,7,0.0,0
openml_1038,SpectralClustering,"{""n_clusters"": 10, ""affinity"": ""nearest_neighbors""}",9a585386bc6d,0.06755932546445972,0.01551434513259098,32.665141764789084,5.190319454630575,10,0.0,0
openml_1038,SpectralClustering,"{""n_clusters"": 15, ""affinity"": ""nearest_neighbors""}",971471268792,0.07975265592454746,0.011384046095682903,31.040889899357946,4.489279935755837,15,0.0,0
openml_1558,SpectralClustering,"{""n_clusters"": 2, ""affinity"": ""nearest_neighbors""}",c5dfd3221b79,0.023086796009931177,0.3295763601726417,984.2853665625008,1.5186627515730118,2,0.0,0
openml_1558,SpectralClustering,"{""n_clusters"": 3, ""affinity"": ""nearest_neighbors""}",e3ae029f4d54,0.014944419860899262,0.1520709214905875,810.6645660890425,1.815764247661119,3,0.0,0
openml_1558,SpectralClustering,"{""n_clusters"": 5, ""affinity"": ""nearest_neighbors""}",98d2a79e4c00,0.018298878238813033,0.13714012952736138,723.0036234590334,1.5178798616464353,5,0.0,0
openml_1558,SpectralClustering,"{""n_clusters"": 7, ""affinity"": ""nearest_neighbors""}",0481ef8f35a2,0.04524881695627825,0.19133946240617103,822.3829241810386,1.155708313759405,7,0.0,0
openml_1558,SpectralClustering,"{""n_clusters"": 10, ""affinity"": ""nearest_neighbors""}",9a585386bc6d,0.03901081400783716,0.14390976710915707,708.9610309245083,1.237823788711848,10,0.0,0
openml_1558,SpectralClustering,"{""n_clusters"": 15, ""affinity"": ""nearest_neighbors""}",971471268792,0.038200474531831605,0.11526397006254072,585.8175730314201,1.3833210886534637,15,0.0,0
openml_60,SpectralClustering,"{""n_clusters"": 2, ""affinity"": ""nearest_neighbors""}",c5dfd3221b79,0.32629344436477953,0.12936175502135758,837.050741612123,2.4182967740109125,2,0.0,0
openml_60,SpectralClustering,"{""n_clusters"": 3, ""affinity"": ""nearest_neighbors""}",e3ae029f4d54,0.3661915307058431,0.10634347625547312,657.8103452253432,2.5454703460486576,3,0.0,0
openml_60,SpectralClustering,"{""n_clusters"": 5, ""affinity"": ""nearest_neighbors""}",98d2a79e4c00,0.4467423584392502,0.05605051779618834,382.182521819247,3.307217162166944,5,0.0,0
openml_60,SpectralClustering,"{""n_clusters"": 7, ""affinity"": ""nearest_neighbors""}",0481ef8f35a2,0.4093255700119301,0.03329193734988981,271.44621984165747,4.449115228223733,7,0.0,0
openml_60,SpectralClustering,"{""n_clusters"": 10, ""affinity"": ""nearest_neighbors""}",9a585386bc6d,0.354644180272021,0.021540831409749224,188.57114527921362,5.087794503426131,10,0.0,0
openml_60,SpectralClustering,"{""n_clusters"": 15, ""affinity"": ""nearest_neighbors""}",971471268792,0.3177404372248589,0.014427892122814015,129.37161040824904,5.421892637234851,15,0.0,0
img_mnist_digits_5k,SpectralClustering,"{""n_clusters"": 2, ""affinity"": ""nearest_neighbors""}",c5dfd3221b79,0.30015446075853847,0.04041346742235819,68.07039556678195,6.868805618637881,2,0.0,0
img_mnist_digits_5k,SpectralClustering,"{""n_clusters"": 3, ""affinity"": ""nearest_neighbors""}",e3ae029f4d54,0.4865113456116527,0.011457124077850746,72.43956182153774,6.707097826601317,3,0.0,0
img_mnist_digits_5k,SpectralClustering,"{""n_clusters"": 5, ""affinity"": ""nearest_neighbors""}",98d2a79e4c00,0.5343024607356848,-0.04310610147248215,68.97128343018396,5.215305984155336,5,0.0,0
img_mnist_digits_5k,SpectralClustering,"{""n_clusters"": 7, ""affinity"": ""nearest_neighbors""}",0481ef8f35a2,0.6056082831728614,-0.029613162664172007,65.34209598387531,5.078887119700217,7,0.0,0
img_mnist_digits_5k,SpectralClustering,"{""n_clusters"": 10, ""affinity"": ""nearest_neighbors""}",9a585386bc6d,0.6167775957399542,-0.04967729410601371,57.99430616845661,4.292567429709594,10,0.0,0
img_mnist_digits_5k,SpectralClustering,"{""n_clusters"": 15, ""affinity"": ""nearest_neighbors""}",971471268792,0.6250548229399645,-0.027094247307462387,58.72657632625027,3.800576874577056,15,0.0,0
img_fashion_mnist_5k,SpectralClustering,"{""n_clusters"": 2, ""affinity"": ""nearest_neighbors""}",c5dfd3221b79,0.21261609660563718,0.006295813580136588,87.5543876929481,4.063008183126546,2,0.0,0
img_fashion_mnist_5k,SpectralClustering,"{""n_clusters"": 3, ""affinity"": ""nearest_neighbors""}",e3ae029f4d54,0.494246508321809,0.015636224365339135,89.12431974582812,5.86584289246185,3,0.0,0
img_fashion_mnist_5k,SpectralClustering,"{""n_clusters"": 5, ""affinity"": ""nearest_neighbors""}",98d2a79e4c00,0.5555550456871278,0.02808636122819771,82.66320590710588,4.911565037965142,5,0.0,0
img_fashion_mnist_5k,SpectralClustering,"{""n_clusters"": 7, ""affinity"": ""nearest_neighbors""}",0481ef8f35a2,0.6180686746600369,0.02544201549724624,78.46038559904208,4.310840108680551,7,0.0,0
img_fashion_mnist_5k,SpectralClustering,"{""n_clusters"": 10, ""affinity"": ""nearest_neighbors""}",9a585386bc6d,0.5987976976529175,0.03649336480673454,76.52262076516185,3.801778715152468,10,0.0,0
img_fashion_mnist_5k,SpectralClustering,"{""n_clusters"": 15, ""affinity"": ""nearest_neighbors""}",971471268792,0.6129421591190556,0.03254663874388655,68.41140432688346,3.254365729131977,15,0.0,0
text_20ng_all,SpectralClustering,"{""n_clusters"": 2, ""affinity"": ""nearest_neighbors""}",c5dfd3221b79,0.007314021146662945,0.45213130280230435,102.44631581455647,0.7152223439411176,2,0.0,0
text_20ng_all,SpectralClustering,"{""n_clusters"": 3, ""affinity"": ""nearest_neighbors""}",e3ae029f4d54,0.023922970372841214,0.209265215135402,83.96944529661187,1.1604966112078428,3,0.0,0
text_20ng_all,SpectralClustering,"{""n_clusters"": 5, ""affinity"": ""nearest_neighbors""}",98d2a79e4c00,0.07960274092077657,0.14073643067298872,81.77530603819973,1.692020977677751,5,0.0,0
text_20ng_all,SpectralClustering,"{""n_clusters"": 7, ""affinity"": ""nearest_neighbors""}",0481ef8f35a2,0.13397099955344716,0.07820816104476055,75.94093490145781,1.890992534945656,7,0.0,0
text_20ng_all,SpectralClustering,"{""n_clusters"": 10, ""affinity"": ""nearest_neighbors""}",9a585386bc6d,0.17221690197821699,0.08826952199373689,74.65288024465836,1.7944634810980287,10,0.0,0
text_20ng_all,SpectralClustering,"{""n_clusters"": 15, ""affinity"": ""nearest_neighbors""}",971471268792,0.19901418321190484,0.07681124214071842,69.94949468334147,1.728984943780638,15,0.0,0
